district,LOR,street,LOR_2021,year,month,hour,weekday,category,accident_kind,accident_type,light_condition,car,pedestrian,motorcycle,goods_vehicle,others,road_condition,LINREFX,LINREFY,XGCSWGS84,YGCSWGS84
3,3020209.0,Niederschönhausen,3200206.0,2018,1,15,4,3,6,7,1,0,1,0,0,0,1,798261.3849,5835047.26,13.40322797,52.58347154
3,3071639.0,Bötzowstraße,3701660.0,2018,1,11,5,3,5,2,0,1,0,0,0,0,1,800551.721,5829808.492,13.43218628,52.53525526
2,2050602.0,Samariterviertel,2500729.0,2018,1,8,2,3,5,2,0,1,0,0,0,0,0,803320.7292,5827627.446,13.47089659,52.51417313
1,1011204.0,Leipziger Straße                                                                                    ,1100207.0,2018,1,19,4,3,5,7,2,1,0,0,0,0,1,798174.6913,5826939.978,13.39467345,52.51084845
9,9020601.0,Schnellerstraße                                                                                     ,9200613.0,2018,1,18,4,2,5,3,2,1,0,0,0,0,1,806109.6297,5821644.404,13.50637217,52.45899296
2,2040703.0,Wriezener Bahnhof/Entwicklungsgebiet,2400625.0,2018,1,11,7,3,6,4,0,0,1,0,0,0,0,801869.0006,5826509.17,13.44855444,52.50495533
1,1011102.0,Großer Tiergarten,1100102.0,2018,1,8,3,3,5,3,0,1,0,0,0,0,1,796672.8095,5827413.591,13.3730303,52.5159128
1,1011303.0,Alexanderplatzviertel,1100310.0,2018,1,12,2,3,5,3,0,0,0,0,0,1,0,799649.926,5828435.566,13.41769328,52.52344572
3,3061434.0,Anton-Saefkow-Park,3601451.0,2018,1,8,2,3,6,4,0,0,1,0,0,0,0,800637.4113,5829909.787,13.43353746,52.53611592
2,2050602.0,Samariterviertel,2500727.0,2018,1,8,5,3,5,3,0,1,0,0,0,0,1,802120.6408,5828072.797,13.45367006,52.51883086
2,2040701.0,Andreasviertel,2400521.0,2018,1,8,5,2,5,3,0,1,0,0,0,0,1,800966.492,5827868.971,13.43652747,52.51764211
7,7020203.0,Kaiser-Wilhelm-Platz,7200411.0,2018,1,6,3,1,5,2,2,0,0,0,1,0,1,795793.405,5824123.78,13.35718628,52.48690005
3,3071639.0,Bötzowstraße,3701660.0,2018,1,11,6,3,1,5,0,1,0,0,0,0,0,800324.1264,5829441.41,13.42850921,52.53209046
7,7030303.0,Grazer Platz,7300619.0,2018,1,16,5,2,5,3,0,1,0,0,0,0,1,795573.439,5823307.799,13.35323275,52.47970452
7,7050502.0,Fritz-Werner-Straße                                                                                 ,7501133.0,2018,1,10,4,2,5,3,0,1,0,0,0,0,1,797451.0135,5817860.22,13.37594587,52.42985299
1,1011303.0,Alexanderplatzviertel,1100310.0,2018,1,6,3,3,5,3,2,1,0,0,0,0,0,799651.4973,5828438.163,13.41771871,52.52346813
2,2050602.0,Samariterviertel,2500727.0,2018,1,10,7,2,5,3,0,1,0,0,0,0,0,802593.0932,5827685.553,13.46025955,52.51509809
10,10040830.0,Kaulsdorf Süd                                                                                       ,10400837.0,2018,1,15,5,3,5,2,0,1,0,0,0,0,0,810779.2625,5827081.119,13.57994696,52.505079
9,9020601.0,Schnellerstraße                                                                                     ,9200613.0,2018,1,8,2,3,5,2,0,1,0,0,0,0,0,806439.505,5821310.29,13.51090542,52.45581365
12,12231101.0,Hermsdorf,12400723.0,2018,1,6,5,3,5,2,0,1,0,0,0,0,1,791745.0419,5839577.954,13.31132041,52.62762084
1,1011303.0,Alexanderplatzviertel,1100310.0,2018,11,18,2,3,3,6,2,1,0,0,0,0,0,799538.9712,5828289.734,13.41593143,52.52219952
7,7020202.0,Volkspark (Rudolf-Wilde-Park),7200308.0,2018,8,19,5,3,5,2,0,1,0,0,0,0,0,795496.134,5823347.6,13.35213303,52.48010314
1,1011202.0,Unter den Linden Nord,1100206.0,2018,10,22,6,3,1,5,2,1,0,0,0,0,0,798127.4824,5827658.786,13.39462387,52.51731745
2,2050602.0,Samariterviertel,2500728.0,2018,4,19,2,2,3,6,0,0,0,0,0,0,0,802924.6525,5827667.705,13.46511441,52.51475407
10,10030726.0,Alt-Biesdorf,10300733.0,2018,5,14,4,2,5,3,0,1,0,0,0,0,0,809148.2029,5827396.06,13.55628531,52.50882799
7,7010104.0,Dennewitzplatz,7100206.0,2018,4,21,4,3,2,6,2,1,0,0,0,0,0,796004.8627,5824581.312,13.36069776,52.49088684
7,7060601.0,Marienfelder Allee Nordwest,7601236.0,2018,3,17,1,3,5,2,0,1,0,0,0,0,0,796597.7717,5816000.138,13.36178399,52.41364202
7,7050501.0,Rathausstraße                                                                                       ,7501030.0,2018,8,17,6,3,5,3,0,1,0,0,0,0,0,798088.3878,5819263.717,13.38654429,52.44208694
2,2040503.0,Richard-Sorge-Viertel,2400522.0,2018,5,18,5,3,6,4,0,0,1,0,0,0,0,801669.5815,5827796.693,13.44679225,52.51660582
2,2050602.0,Samariterviertel,2500727.0,2018,7,15,7,3,9,1,0,0,0,0,0,0,0,802108.5723,5827991.558,13.45341896,52.5181094
2,2040703.0,Wriezener Bahnhof/Entwicklungsgebiet,2400625.0,2018,5,18,6,3,0,6,0,0,1,0,0,0,0,801871.5387,5826517.464,13.44859924,52.50502827
7,7060601.0,Marienfelder Allee Nordwest,7601236.0,2018,10,13,5,3,5,3,0,1,0,0,0,0,0,796597.9202,5816000.467,13.36178646,52.41364489
3,3061332.0,Helmholtzplatz,3701657.0,2018,12,18,6,3,5,7,2,1,0,0,0,0,1,799989.0712,5830222.718,13.42428982,52.53927808
1,1011304.0,Karl-Marx-Allee,1100311.0,2018,9,17,2,3,5,3,1,0,0,0,0,0,1,800013.4969,5828099.648,13.42273301,52.52023483
4,4020311.0,Reichsstraße,4200310.0,2018,6,15,3,3,1,5,0,1,0,0,0,0,0,789448.3906,5826205.97,13.26581496,52.50896847
2,2020202.0,Rathaus Yorckstraße,2200208.0,2018,3,8,6,3,6,6,0,0,1,0,0,0,0,797827.56,5824960.189,13.38780284,52.49329165
2,2040703.0,Wriezener Bahnhof/Entwicklungsgebiet,2400625.0,2018,11,19,7,3,6,7,2,0,1,0,0,0,0,801874.6782,5826527.725,13.44865466,52.5051185
12,12103117.0,Letteplatz,12100101.0,2018,3,17,6,3,5,3,1,1,0,0,0,0,0,795798.7263,5832512.018,13.36472555,52.56209019
3,3061131.0,Falkplatz,3601142.0,2018,12,5,1,3,6,4,2,0,1,0,0,0,1,799141.7426,5830378.27,13.41197365,52.54113816
3,2040501.0,Barnimkiez,2400520.0,2018,8,20,5,3,3,6,1,1,0,0,0,0,1,799987.6921,5828911.663,13.42308629,52.52752742
1,1033203.0,Humboldthain Nordwest                                                                               ,1300836.0,2018,7,16,3,3,0,7,0,0,0,0,0,1,0,796218.7227,5830206.263,13.36884623,52.54119318
3,3040818.0,Pankow Süd                                                                                          ,3400826.0,2018,6,16,5,2,0,2,0,1,0,0,0,0,0,799130.8742,5832326.68,13.41356905,52.55860859
3,3040513.0,Schönholz,3400620.0,2018,3,19,6,2,0,1,2,0,0,0,0,0,0,798007.0171,5833641.803,13.39822143,52.57101301
5,5040935.0,Groß-Glienicker Weg,5400942.0,2018,10,13,2,3,4,6,0,0,0,0,0,0,0,781461.3053,5824058.901,13.14662831,52.49389638
1,1011104.0,Körnerstraße                                                                                        ,1100104.0,2018,9,17,6,3,6,6,0,0,1,0,0,0,0,796184.2387,5825786.747,13.36440379,52.5015952
3,3071639.0,Bötzowstraße,3701660.0,2018,8,18,4,3,2,2,0,0,0,1,0,0,0,800552.5785,5829809.881,13.43220014,52.53526723
7,7020203.0,Kaiser-Wilhelm-Platz,7200411.0,2018,6,14,7,2,2,6,0,1,0,0,0,1,0,795941.4208,5824431.647,13.35963316,52.48957961
3,3061126.0,Arnimplatz,3601141.0,2018,4,20,3,3,6,4,2,0,1,0,0,0,0,799220.7936,5831455.351,13.41410612,52.5507491
3,3061131.0,Falkplatz,3601142.0,2018,12,9,6,3,3,6,0,0,0,0,0,0,0,799188.5493,5831266.128,13.4134615,52.54907073
2,2040703.0,Wriezener Bahnhof/Entwicklungsgebiet,2400625.0,2018,9,18,5,3,6,4,1,0,1,0,0,0,0,801866.412,5826500.71,13.44850875,52.50488094
10,10040933.0,Mahlsdorf Süd                                                                                       ,10400940.0,2018,7,16,5,3,0,2,0,1,0,0,0,0,0,812850.2596,5827180.95,13.610454,52.50479012
2,2050602.0,Samariterviertel,2500727.0,2018,7,9,5,3,5,2,0,1,0,0,0,0,1,802145.2699,5827751.633,13.45374027,52.51593863
3,3061434.0,Anton-Saefkow-Park,3601451.0,2018,11,6,4,3,5,3,2,1,0,0,0,0,1,800844.3521,5830326.415,13.43695649,52.53973604
10,10030726.0,Alt-Biesdorf,10300733.0,2018,8,13,6,3,5,2,0,1,0,0,0,0,0,808950.3753,5827441.234,13.55342162,52.50934489
7,7020203.0,Kaiser-Wilhelm-Platz,7200410.0,2018,7,14,2,3,3,6,0,1,0,0,0,0,0,795582.8375,5823907.561,13.3539025,52.48507585
11,11030721.0,Rüdigerstraße,11300722.0,2018,10,18,3,3,5,3,2,1,0,0,0,0,1,803759.4045,5827566.587,13.4772856,52.51338354
11,11030721.0,Rüdigerstraße,11300722.0,2018,6,17,2,3,5,2,0,1,0,0,0,0,0,803768.0676,5827581.825,13.47742678,52.5135153
1,1011201.0,Wilhelmstraße                                                                                       ,1100205.0,2018,5,8,5,3,2,4,0,0,1,0,0,0,0,797086.4113,5826738.581,13.37850496,52.50963693
2,2050602.0,Samariterviertel,2500728.0,2018,9,9,6,3,5,2,0,1,0,0,0,0,0,803082.7453,5827634.798,13.46740703,52.51437131
1,1011204.0,Leipziger Straße                                                                                    ,1100207.0,2018,9,20,7,3,1,5,2,1,0,0,0,1,0,798349.2259,5826953.001,13.39724929,52.51086976
3,3040513.0,Schönholz,3400620.0,2018,7,21,5,3,5,3,2,1,0,0,0,0,0,798015.7414,5833646.588,13.39835408,52.57105112
2,2050602.0,Samariterviertel,2500728.0,2018,3,10,3,3,6,4,0,0,1,0,0,0,0,802921.0509,5827668.071,13.46506183,52.51475935
3,3061332.0,Helmholtzplatz,3701657.0,2018,5,14,6,3,5,2,0,1,0,0,0,0,0,799968.493,5830202.416,13.42396899,52.53910744
4,4030623.0,Ernst-Reuter-Platz,4300622.0,2018,3,9,2,3,0,1,0,0,0,0,0,0,2,792853.0661,5826761.234,13.31632696,52.51212916
2,2020202.0,Rathaus Yorckstraße,2200208.0,2018,6,17,6,3,5,2,0,1,0,0,0,0,0,797877.5913,5825437.821,13.38896468,52.49754575
3,3071639.0,Bötzowstraße,3701660.0,2018,6,17,2,3,5,3,0,0,0,0,0,0,0,800559.2471,5829820.648,13.4323079,52.53536007
2,2050602.0,Samariterviertel,2500727.0,2018,7,10,6,3,5,2,0,1,0,0,0,0,0,802042.748,5828020.865,13.45247843,52.51840854
2,2040502.0,Friedenstraße,2400521.0,2018,8,15,2,2,4,7,0,0,0,0,0,0,0,801123.9734,5827836.216,13.43881168,52.51726158
3,3061429.0,Greifswalder Straße,3601449.0,2018,4,18,1,3,6,7,0,0,1,0,0,0,1,801394.346,5831072.51,13.44571838,52.54611943
1,1044203.0,Leopoldplatz,1401049.0,2018,9,8,3,3,2,6,0,1,0,0,0,0,0,795931.1848,5831683.352,13.36593503,52.55459007
6,6030503.0,Zehlendorf Mitte                                                                                    ,6300526.0,2018,8,12,4,2,5,2,0,1,0,0,0,0,0,789578.155,5817961.421,13.26056446,52.43498453
1,1011303.0,Alexanderplatzviertel,1100310.0,2018,6,20,4,3,0,3,0,0,0,1,0,0,0,798797.8649,5827986.019,13.40476803,52.51988376
4,4030623.0,Ernst-Reuter-Platz,4300622.0,2018,10,13,3,3,6,7,0,0,1,0,0,0,0,793317.783,5826837.975,13.32322284,52.51256741
2,2020202.0,Rathaus Yorckstraße,2200208.0,2018,7,11,2,3,5,2,0,0,0,0,0,1,0,797898.1027,5825433.636,13.38926219,52.49749705
11,11030721.0,Rüdigerstraße,11300722.0,2018,7,8,5,3,2,2,0,1,0,0,0,0,0,803772.6648,5827581.379,13.47749391,52.51350874
10,10030726.0,Alt-Biesdorf,10300733.0,2018,3,7,3,3,4,6,0,0,0,0,0,0,1,808840.8251,5827415.938,13.5517891,52.50918022
3,3061131.0,Falkplatz,3601142.0,2018,5,8,3,2,5,2,0,1,0,0,0,0,0,799165.6677,5830374.713,13.41232218,52.54109314
4,4030417.0,Schloßstraße,4300414.0,2018,2,9,4,3,5,2,0,1,0,0,0,0,0,791567.6516,5826566.396,13.29726872,52.51107109
1,1011304.0,Karl-Marx-Allee,1100311.0,2018,11,8,6,3,0,2,0,1,0,0,0,0,0,799828.3532,5828179.672,13.42008463,52.52105395
9,9010101.0,Elsenstraße                                                                                         ,9100101.0,2018,6,4,7,3,5,3,1,1,0,0,0,0,0,802761.2476,5825342.986,13.46059988,52.49400855
3,3061126.0,Arnimplatz,3601139.0,2018,4,16,3,3,5,2,0,1,0,0,0,0,0,799218.2564,5832064.215,13.41461757,52.55620801
3,3061126.0,Arnimplatz,3601139.0,2018,9,20,5,3,3,6,2,0,0,0,0,0,0,799240.3042,5831908.537,13.41480148,52.55480048
2,2040703.0,Wriezener Bahnhof/Entwicklungsgebiet,2400625.0,2018,7,20,4,3,4,6,1,0,0,0,0,0,0,801813.3212,5826358.598,13.44760011,52.50363654
2,2050602.0,Samariterviertel,2500727.0,2018,7,13,4,3,0,1,0,0,0,0,0,0,0,802146.2856,5827747.62,13.45375155,52.5159021
7,7040401.0,Neu-Tempelhof,7400720.0,2018,5,17,4,3,5,2,0,0,0,0,0,1,0,797772.847,5823603.915,13.38578759,52.48116406
3,3020209.0,Niederschönhausen,3200206.0,2018,8,16,4,3,2,6,0,1,0,0,0,1,0,797974.4995,5834389.467,13.39841493,52.57773257
1,1011303.0,Alexanderplatzviertel,1100310.0,2018,4,15,5,3,5,3,0,1,0,0,0,0,1,799696.8678,5828513.153,13.41845302,52.52411536
3,3061228.0,Erich-Weinert-Straße,3601245.0,2018,5,17,4,3,5,3,0,1,0,0,0,0,0,800201.733,5831112.73,13.42822031,52.54713839
4,4030417.0,Schloßstraße,4300414.0,2018,12,12,4,3,5,2,0,1,0,0,0,0,0,791844.9526,5826591.889,13.30136557,52.51115133
10,10040830.0,Kaulsdorf Süd                                                                                       ,10400837.0,2018,8,16,7,3,5,7,0,1,0,0,0,0,0,811356.0438,5827108.896,13.58844336,52.50499909
3,3061126.0,Arnimplatz,3601139.0,2018,4,21,6,3,5,2,2,0,0,0,0,1,0,799238.191,5831932.549,13.41479204,52.55501687
2,2020202.0,Rathaus Yorckstraße,2200208.0,2018,3,20,4,3,1,5,2,1,0,0,0,0,1,797725.0543,5825491.559,13.38677238,52.49811068
4,4030417.0,Schloßstraße,4300414.0,2018,8,12,5,3,0,7,0,0,0,0,0,0,0,790795.3426,5826420.813,13.28579349,52.5101782
9,9010101.0,Elsenstraße                                                                                         ,9100101.0,2018,9,16,2,3,0,2,0,1,0,0,0,0,0,802580.7006,5825075.569,13.45770576,52.4917118
7,7050502.0,Fritz-Werner-Straße                                                                                 ,7501133.0,2018,6,16,1,2,0,1,0,0,0,0,0,0,0,798192.196,5818900.192,13.38774267,52.43877174
12,12231101.0,Hermsdorf,12400723.0,2018,7,20,6,2,0,1,0,0,0,0,0,0,0,792165.4728,5838419.513,13.3164906,52.61701006
2,2020202.0,Rathaus Yorckstraße,2200208.0,2018,5,19,5,3,5,2,0,1,0,0,0,0,0,797899.3794,5825427.685,13.38927562,52.49744301
3,3040614.0,Pankow Zentrum                                                                                      ,3400723.0,2018,11,15,6,3,5,3,1,0,0,0,0,1,1,798381.559,5833468.65,13.4035757,52.56925577
3,3071633.0,Thälmannpark,3701657.0,2018,7,16,3,3,0,1,0,0,0,0,0,0,0,800128.0305,5830674.114,13.42674035,52.54324756
11,11030721.0,Rüdigerstraße,11300722.0,2018,6,17,4,3,6,4,0,0,1,0,0,0,0,803657.994,5827575.924,13.47580433,52.51352369
6,6040701.0,Wannsee,6400735.0,2018,5,11,2,2,3,2,0,1,0,0,0,0,0,783871.0011,5815945.978,13.17512891,52.4199052
4,4020208.0,Kranzallee,4200206.0,2018,2,7,3,3,5,2,0,1,0,0,0,0,0,787853.286,5825950.417,13.24215594,52.50752135
10,10040933.0,Mahlsdorf Süd                                                                                       ,10400941.0,2018,7,14,1,3,5,2,0,1,0,0,0,0,0,813819.5509,5827138.296,13.6246477,52.50385131
2,2040502.0,Friedenstraße,2400521.0,2018,4,18,2,3,3,6,0,0,0,0,0,0,0,801137.7291,5827834.78,13.43901249,52.51724112
9,9020601.0,Schnellerstraße                                                                                     ,9200613.0,2018,5,0,2,2,5,3,2,1,0,0,0,0,0,806601.454,5821134.833,13.51312024,52.45415033
10,10010204.0,Wuhletalstraße                                                                                      ,10100206.0,2018,9,16,5,2,5,3,0,1,0,0,0,0,0,808902.141,5833409.639,13.55826051,52.56285932
3,3061429.0,Greifswalder Straße,3601449.0,2018,8,10,3,3,6,4,0,0,1,0,0,0,0,801088.1179,5830717.103,13.44089397,52.54310319
1,1011102.0,Großer Tiergarten,1100102.0,2018,6,23,6,3,0,1,2,0,0,0,0,0,0,795490.1492,5827218.033,13.35547877,52.51480183
12,12103117.0,Letteplatz,12100101.0,2018,6,17,6,3,5,2,0,1,0,0,0,0,0,795797.9356,5832516.575,13.36471798,52.56213147
2,2050802.0,Boxhagener Platz,2500833.0,2018,8,1,1,3,0,1,2,0,0,0,0,0,0,802073.0817,5827198.818,13.45217787,52.51102373
2,2050602.0,Samariterviertel,2500728.0,2018,5,8,4,3,3,6,0,0,0,0,0,0,0,802839.5748,5827676.12,13.46387216,52.51487674
3,3040513.0,Schönholz,3400620.0,2018,9,5,5,3,5,2,2,1,0,0,0,0,0,798001.0513,5833654.2,13.3981448,52.5711274
3,3020209.0,Niederschönhausen,3200206.0,2018,8,19,5,3,0,1,1,0,0,0,0,1,0,798166.7032,5834713.752,13.40153464,52.58053402
1,1011102.0,Großer Tiergarten,1100102.0,2018,8,20,3,2,6,7,1,0,1,0,0,0,0,795487.0164,5827229.618,13.35544302,52.51490738
2,2040502.0,Friedenstraße,2400521.0,2018,4,8,3,3,3,6,0,1,0,0,0,0,0,801088.6119,5827839.905,13.43829546,52.51731418
12,12231101.0,Hermsdorf,12400723.0,2018,4,6,5,3,5,3,0,1,0,0,0,0,0,792115.943,5837984.848,13.31537724,52.61314013
3,3061429.0,Greifswalder Straße,3601449.0,2018,12,7,4,3,5,2,0,1,0,0,0,0,0,800963.6726,5830518.877,13.43888487,52.54139522
1,1011303.0,Alexanderplatzviertel,1100310.0,2018,9,9,5,2,6,4,0,0,1,0,0,0,0,799290.1794,5827943.426,13.41196387,52.519232
3,3061332.0,Helmholtzplatz,3601347.0,2018,6,15,6,3,0,3,0,1,0,0,0,0,0,799306.3017,5830333.964,13.41435296,52.54065067
3,3061434.0,Anton-Saefkow-Park,3601451.0,2018,11,13,3,3,2,6,0,1,0,0,0,0,0,800668.6689,5829888.196,13.43397739,52.53590516
3,3061126.0,Arnimplatz,3601139.0,2018,5,21,5,3,5,3,0,1,0,0,0,0,0,799237.9383,5831935.421,13.41479092,52.55504275
1,1011303.0,Alexanderplatzviertel,1100310.0,2018,10,16,5,3,0,6,1,1,0,0,0,0,0,798912.6368,5828094.123,13.40655166,52.52078986
9,9020601.0,Schnellerstraße                                                                                     ,9200613.0,2018,6,13,3,3,3,2,0,0,0,0,0,1,0,806521.9732,5821212.702,13.51202572,52.45489279
10,10010204.0,Wuhletalstraße                                                                                      ,10100206.0,2018,5,14,6,3,5,3,0,1,0,0,0,0,0,808893.3892,5833387.622,13.55811132,52.56266698
3,3061429.0,Greifswalder Straße,3601449.0,2018,4,9,5,2,3,6,0,0,0,0,0,0,0,801196.1956,5830889.629,13.44263928,52.54458983
12,12231101.0,Hermsdorf,12400723.0,2018,9,18,7,3,5,2,0,1,0,0,0,0,0,792194.022,5838108.315,13.31663618,52.61420498
1,1011303.0,Alexanderplatzviertel,1100310.0,2018,7,18,2,3,3,6,0,1,0,0,0,1,0,799345.1529,5827991.89,13.41281526,52.51963624
10,10030726.0,Alt-Biesdorf,10300733.0,2018,10,12,6,2,5,2,0,1,0,0,0,0,0,808741.3307,5827422.738,13.55033405,52.50929747
1,1011303.0,Alexanderplatzviertel,1100310.0,2018,6,9,4,2,0,7,0,0,0,0,0,0,0,799760.5423,5828624.861,13.41948943,52.52508164
3,3061435.0,Conrad-Blenkle-Straße,3601452.0,2018,9,13,2,2,5,2,0,0,0,1,0,0,0,801561.0127,5829004.474,13.44629215,52.52749131
6,6040701.0,Wannsee,6400735.0,2018,6,10,3,3,1,5,0,1,0,0,0,0,0,778677.6504,5814935.666,13.09811869,52.41351487
2,2040701.0,Andreasviertel,2400521.0,2018,7,9,2,3,1,5,0,0,0,0,0,1,0,800292.9227,5827987.998,13.42673811,52.51908028
3,3071638.0,Winsstraße,3701659.0,2018,6,19,4,3,5,3,0,0,0,1,0,0,0,800044.6637,5828995.005,13.42399878,52.52824308
4,4030417.0,Schloßstraße,4300414.0,2018,10,10,2,3,6,4,0,0,1,0,0,0,0,791094.2131,5826469.409,13.29022739,52.51045446
4,4030417.0,Schloßstraße,4300414.0,2018,7,19,7,3,5,2,1,1,0,0,0,0,0,791845.9336,5826592.056,13.30138013,52.5111523
9,9020601.0,Schnellerstraße                                                                                     ,9200613.0,2018,4,8,2,3,5,2,0,0,0,0,0,1,1,806697.8992,5821040.262,13.51444826,52.45324864
1,1011303.0,Alexanderplatzviertel,1100310.0,2018,11,16,1,3,3,6,2,1,0,0,0,0,1,799170.9991,5828371.892,13.41059801,52.52313796
3,3071638.0,Winsstraße,3701659.0,2018,8,16,2,3,2,6,0,1,0,0,0,0,0,800047.2787,5828999.183,13.42404098,52.52827909
1,1011102.0,Großer Tiergarten,1100102.0,2018,8,15,7,3,0,1,0,0,0,0,0,0,0,795506.5582,5827220.737,13.35572228,52.51481718
1,1011303.0,Alexanderplatzviertel,1100310.0,2018,5,19,3,2,5,3,0,0,0,0,0,1,0,799604.032,5828293.47,13.41689086,52.52219727
1,1011303.0,Alexanderplatzviertel,1100310.0,2018,6,16,4,3,2,6,0,1,0,0,0,0,0,799682.5704,5828428.48,13.41816661,52.52336426
2,2010101.0,Askanischer Platz,2100101.0,2018,7,16,3,3,5,3,0,1,0,0,0,0,0,797886.1161,5825493.067,13.3891393,52.49803631
2,3071638.0,Winsstraße,3701659.0,2018,3,12,2,3,5,3,0,1,0,0,0,0,0,799862.1347,5828781.209,13.42112339,52.52642718
9,9010201.0,Am Treptower Park Süd,9100202.0,2018,8,13,3,2,5,2,0,0,0,0,0,1,0,803126.0581,5824537.774,13.46522447,52.48658905
3,3061131.0,Falkplatz,3601142.0,2018,4,15,2,3,0,1,0,0,0,0,0,0,0,799184.6027,5831150.298,13.41329912,52.54803466
3,3061332.0,Helmholtzplatz,3701657.0,2018,5,16,3,3,5,2,0,1,0,0,0,0,0,799971.0722,5830201.888,13.42400643,52.53910128
1,1011105.0,Nördlicher Landwehrkanal                                                                            ,1100102.0,2018,12,10,2,3,2,2,0,1,0,0,0,0,1,796420.9362,5826330.177,13.36836442,52.506338
3,3061126.0,Arnimplatz,3601141.0,2018,9,17,5,3,5,2,0,0,0,0,0,1,0,799196.197,5831434.082,13.41372528,52.55057197
9,9020601.0,Schnellerstraße                                                                                     ,9200613.0,2018,6,6,6,3,3,6,0,0,0,0,0,1,0,806375.7735,5821375.387,13.51003015,52.4564328
2,2050602.0,Samariterviertel,2500728.0,2018,5,8,4,2,5,3,0,1,0,0,0,0,0,803093.0802,5827650.614,13.46757327,52.51450732
10,10040933.0,Mahlsdorf Süd                                                                                       ,10400940.0,2018,8,16,4,3,5,3,0,1,0,0,0,0,0,812566.7895,5827181.035,13.60629127,52.50495334
2,2050802.0,Boxhagener Platz,2500833.0,2018,4,22,4,3,6,4,2,0,1,0,0,0,0,802062.0003,5827300.352,13.45210723,52.51193991
1,1011304.0,Karl-Marx-Allee,1100311.0,2018,5,20,4,3,5,3,0,1,0,0,0,0,0,800002.0919,5828076.13,13.42254422,52.52003031
2,2020202.0,Rathaus Yorckstraße,2200208.0,2018,10,9,4,3,2,2,0,1,0,0,0,0,0,797898.4872,5825431.844,13.38926624,52.49748077
3,3040818.0,Pankow Süd                                                                                          ,3400826.0,2018,2,12,7,2,5,2,0,1,0,0,0,0,0,798793.3216,5832828.26,13.40905624,52.5632898
4,4020208.0,Kranzallee,4200206.0,2018,9,17,7,3,1,5,0,1,0,0,0,0,0,787869.6435,5825953.017,13.24239853,52.50753603
4,4030623.0,Ernst-Reuter-Platz,4300622.0,2018,7,13,1,3,2,6,0,1,0,0,0,0,0,793122.6771,5826807.464,13.32032918,52.51239878
3,3071633.0,Thälmannpark,3701657.0,2018,6,20,3,3,6,4,0,0,1,0,0,0,0,800070.6435,5830538.54,13.4257742,52.54206397
7,7020203.0,Kaiser-Wilhelm-Platz,7200410.0,2018,5,15,5,3,3,6,0,0,0,0,0,1,0,795784.752,5824104.839,13.35704241,52.48673495
1,1011104.0,Körnerstraße                                                                                        ,1100104.0,2018,9,11,7,3,5,7,0,1,0,0,0,0,0,796349.339,5826136.498,13.36714022,52.50464075
3,3061131.0,Falkplatz,3601142.0,2018,7,18,6,3,0,1,0,1,0,0,0,0,0,799163.4288,5830571.461,13.41246644,52.54285791
1,1011204.0,Leipziger Straße                                                                                    ,1100207.0,2018,3,21,3,3,3,6,2,1,0,0,0,0,1,797703.5182,5826841.386,13.38766298,52.51022204
2,2040503.0,Richard-Sorge-Viertel,2400522.0,2018,7,22,6,3,1,5,2,1,0,0,0,0,0,801882.8554,5827775.058,13.44990611,52.51629389
3,3071639.0,Bötzowstraße,3701660.0,2018,10,17,5,3,1,5,0,0,0,0,0,1,0,800473.2,5829681.542,13.43091734,52.53416067
4,4030417.0,Schloßstraße,4300414.0,2018,9,9,2,3,0,2,0,1,0,0,0,0,0,791021.9995,5826457.547,13.28915596,52.51038665