district,LOR,street,LOR_2021,year,month,hour,weekday,category,accident_kind,accident_type,light_condition,car,pedestrian,motorcycle,goods_vehicle,others,road_condition,LINREFX,LINREFY,XGCSWGS84,YGCSWGS84
6,6040701.0,Wannsee,6400735.0,2018,10,14,1,3,1,5,0,1,0,0,0,1,0,782506.4422,5815764.969,13.15496379,52.4189883
11,11041023.0,Gensinger Straße,11401033.0,2018,12,13,4,3,5,3,0,1,0,0,0,0,0,807693.1164,5827471.925,13.53498325,52.5103305
2,2050802.0,Boxhagener Platz,2500834.0,2018,9,1,6,3,8,1,2,0,0,0,0,0,0,802023.7231,5826972.862,13.45124774,52.5090258
11,11010101.0,Dorf Malchow,11100101.0,2018,7,7,5,3,5,2,0,1,0,0,0,0,0,803685.612,5835336.13,13.48330626,52.58306017
7,7050502.0,Fritz-Werner-Straße                                                                                 ,7501133.0,2018,12,19,2,3,6,4,2,0,1,0,0,0,1,798216.9838,5818801.523,13.38801822,52.43787376
2,2050602.0,Samariterviertel,2500727.0,2018,5,15,1,3,0,2,0,1,0,0,0,0,0,802592.2243,5827701.512,13.4602613,52.51524161
3,3040818.0,Pankow Süd                                                                                          ,3400828.0,2018,7,15,4,3,0,1,0,0,0,0,0,0,0,800112.5905,5832577.001,13.42823333,52.56031214
6,6040701.0,Wannsee,6400735.0,2018,3,17,1,3,2,6,0,1,0,0,0,0,0,778444.6987,5814904.347,13.09467645,52.41335258
1,1033203.0,Humboldthain Nordwest                                                                               ,1300836.0,2018,5,15,1,3,6,4,0,0,1,0,0,0,0,796219.6399,5830163.573,13.36882165,52.54081001
1,1044203.0,Leopoldplatz,1401049.0,2018,11,17,6,2,6,4,2,0,1,0,0,0,1,795946.1187,5831676.597,13.36614863,52.5545214
3,3020203.0,Blankenfelde,3200204.0,2018,5,8,2,3,5,2,0,1,0,0,0,0,0,797156.1893,5838886.508,13.39041019,52.61848998
10,10030726.0,Alt-Biesdorf,10300733.0,2018,7,20,1,2,3,6,1,1,0,0,0,0,0,808906.0134,5827439.896,13.5527688,52.50935801
1,1011104.0,Körnerstraße                                                                                        ,1100104.0,2018,9,17,5,3,3,6,0,1,0,0,0,0,0,796162.6321,5825739.034,13.36404398,52.50117922
3,3040614.0,Pankow Zentrum                                                                                      ,3400723.0,2018,8,2,1,3,1,5,2,1,0,0,0,0,0,798555.5115,5833147.836,13.40584593,52.56628478
2,2050602.0,Samariterviertel,2500728.0,2018,5,8,4,3,5,2,0,1,0,0,0,0,0,803093.7398,5827650.548,13.4675829,52.51450637
6,6030605.0,Botanischer Garten,6300629.0,2018,9,13,3,2,6,7,0,0,1,0,0,0,0,791688.7847,5819254.677,13.29265264,52.44545716
2,2010101.0,Askanischer Platz,2100101.0,2018,5,13,4,2,3,6,0,1,0,0,0,0,0,797370.6096,5825589.451,13.38165388,52.49918143
2,2020202.0,Rathaus Yorckstraße,2200208.0,2018,2,8,3,3,0,2,0,1,0,0,0,0,2,797920.461,5825329.43,13.38949737,52.49655076
11,11030721.0,Rüdigerstraße,11300722.0,2018,11,12,2,2,5,3,0,0,0,0,0,0,0,804243.754,5827532.386,13.4843697,52.51280708
11,11030721.0,Rüdigerstraße,11300722.0,2018,5,9,4,3,6,7,0,0,1,0,0,0,0,803695.4957,5827588.564,13.47636679,52.5136161
3,3071639.0,Bötzowstraße,3701660.0,2018,12,17,4,3,5,3,2,1,0,0,0,0,1,800151.6143,5829165.879,13.42572486,52.52971581
2,2040503.0,Richard-Sorge-Viertel,2400522.0,2018,9,11,5,3,5,2,0,0,0,0,0,0,0,801413.262,5827806.94,13.44303558,52.51683937
4,4030622.0,Richard-Wagner-Straße,4300621.0,2018,8,15,6,3,5,2,0,1,0,0,0,0,0,792170.9851,5826668.106,13.30622298,52.51166007
1,1011201.0,Wilhelmstraße                                                                                       ,1100205.0,2018,6,18,6,3,3,6,0,1,0,0,0,0,0,797566.5934,5826819.274,13.38563159,52.51009854
3,3040614.0,Pankow Zentrum                                                                                      ,3400723.0,2018,7,18,5,3,3,6,0,1,0,0,0,0,0,798406.2194,5833424.423,13.40389868,52.56884582
1,1044201.0,Reinickendorfer Straße                                                                              ,1401044.0,2018,2,7,3,3,2,2,0,1,0,0,0,0,0,796047.0041,5831366.764,13.36735603,52.55168924
1,1011303.0,Alexanderplatzviertel,1100310.0,2018,9,13,2,1,5,2,0,0,0,0,1,0,0,799816.3329,5828650.909,13.4203328,52.52528445
1,1044201.0,Reinickendorfer Straße                                                                              ,1401044.0,2018,6,15,3,3,5,5,0,0,0,0,0,1,0,796200.4677,5830883.356,13.36918161,52.54727255
10,10040933.0,Mahlsdorf Süd                                                                                       ,10400941.0,2018,5,13,7,2,5,3,0,1,0,0,0,0,0,813350.8071,5827197.599,13.61782019,52.5046521
3,3071633.0,Thälmannpark,3701657.0,2018,2,22,2,3,0,7,2,0,0,0,0,0,0,800489.4893,5829955.321,13.4314043,52.53660564
2,2040503.0,Richard-Sorge-Viertel,2400522.0,2018,9,15,3,3,3,6,0,1,0,0,0,0,0,801334.612,5827815.024,13.44188733,52.5169553
3,3061126.0,Arnimplatz,3601141.0,2018,6,12,4,3,0,7,0,0,0,0,0,0,0,799215.7905,5831345.276,13.41393337,52.5497652
3,3040513.0,Schönholz,3400620.0,2018,6,19,5,3,0,1,0,0,0,0,0,0,0,798052.303,5833907.244,13.39912622,52.57336752
12,12231101.0,Hermsdorf,12400723.0,2018,4,11,2,3,5,3,0,1,0,0,0,0,0,791815.1786,5839292.673,13.31210183,52.62502577
1,1011303.0,Alexanderplatzviertel,1100310.0,2018,4,15,1,3,5,2,0,1,0,0,0,0,0,799781.125,5828660.425,13.41982397,52.5253891
9,9010301.0,Baumschulenstraße,9100305.0,2018,6,18,4,2,4,6,0,0,0,0,0,0,0,805196.5898,5822544.059,13.49379851,52.46756683
7,7050502.0,Fritz-Werner-Straße                                                                                 ,7501133.0,2018,8,18,2,3,3,6,0,0,0,0,0,0,0,797544.2146,5818278.163,13.37768456,52.43354877
1,1033203.0,Humboldthain Nordwest                                                                               ,1300836.0,2018,9,9,3,3,5,2,0,1,0,0,0,0,0,796321.4327,5830071.468,13.37023606,52.53992904
3,3020209.0,Niederschönhausen,3200206.0,2018,7,16,2,3,3,6,0,1,0,0,0,0,0,797974.2778,5834392.418,13.39841432,52.57775913
1,1011202.0,Unter den Linden Nord,1100206.0,2018,7,16,3,3,3,6,0,1,0,0,0,0,0,798070.1706,5827648.49,13.39377253,52.51725649
7,7040403.0,Manteuffelstraße                                                                                    ,7400824.0,2018,5,15,3,3,3,6,0,1,0,0,0,0,0,797837.011,5821307.524,13.38467947,52.46054448
2,2020202.0,Rathaus Yorckstraße,2200208.0,2018,4,14,2,3,0,2,0,1,0,0,0,0,0,797897.8642,5825434.747,13.38925968,52.49750714
7,7020203.0,Kaiser-Wilhelm-Platz,7200411.0,2018,5,18,3,3,5,5,0,1,0,0,0,0,0,795790.533,5824150.826,13.35716811,52.48714405
4,4030417.0,Schloßstraße,4300414.0,2018,11,13,6,3,4,6,0,0,0,0,0,0,0,791455.5688,5826526.275,13.2955867,52.5107713
7,7020203.0,Kaiser-Wilhelm-Platz,7200410.0,2018,12,19,2,2,0,7,2,1,0,0,0,0,0,795630.0727,5823948.788,13.35463265,52.48541985
1,1011102.0,Großer Tiergarten,1100102.0,2018,8,8,6,3,8,1,0,0,0,0,0,0,0,796594.0365,5827400.537,13.3718612,52.51583864
3,3040614.0,Pankow Zentrum                                                                                      ,3400721.0,2018,6,10,6,3,5,3,0,1,0,0,0,0,0,798338.399,5833472.778,13.40294449,52.56931643
7,7020203.0,Kaiser-Wilhelm-Platz,7200411.0,2018,10,13,7,3,5,3,0,1,0,0,0,0,0,795777.942,5824124.054,13.35695946,52.48691088
1,1011104.0,Körnerstraße                                                                                        ,1100104.0,2018,5,17,5,3,3,6,0,1,0,0,1,0,0,796342.416,5826116.754,13.36702095,52.50446752
3,3061434.0,Anton-Saefkow-Park,3601451.0,2018,10,6,5,3,5,3,2,0,0,1,0,0,1,800851.6111,5830338.427,13.43707408,52.5398397
11,11030721.0,Rüdigerstraße,11300722.0,2018,11,10,3,3,5,2,0,0,0,0,0,1,0,803717.5354,5827570.502,13.47667409,52.51344195
4,4030622.0,Richard-Wagner-Straße,4300621.0,2018,8,10,4,3,6,4,0,0,1,0,0,0,0,792702.3224,5826735.687,13.31408954,52.51198105
7,7050506.0,Birnhornweg,7501135.0,2018,4,6,5,3,5,2,0,0,0,0,0,1,0,798875.0481,5817237.366,13.39627217,52.42349374
3,3050925.0,Komponistenviertel Weißensee,3500936.0,2018,3,17,4,3,2,6,2,1,0,0,0,0,0,801759.7891,5831358.551,13.45135107,52.54848092
2,2050602.0,Samariterviertel,2500727.0,2018,8,15,6,3,5,2,0,1,0,0,0,0,0,802042.9723,5828022.719,13.45248341,52.51842504
3,3020203.0,Blankenfelde,3200204.0,2018,3,20,2,3,5,2,2,1,0,0,0,0,1,797165.0107,5838899.541,13.39055181,52.61860197
7,7050502.0,Fritz-Werner-Straße                                                                                 ,7501133.0,2018,9,12,2,2,5,3,0,0,0,0,1,0,0,797437.0271,5817797.382,13.37568487,52.42929731
2,2040703.0,Wriezener Bahnhof/Entwicklungsgebiet,2400625.0,2018,6,16,3,3,0,4,0,0,1,0,0,0,0,801871.6286,5826517.758,13.44860083,52.50503086
4,4030417.0,Schloßstraße,4300414.0,2018,2,18,6,2,6,4,2,0,1,0,0,0,0,791614.7274,5826553.042,13.29794872,52.51092621
6,6040701.0,Wannsee,6400735.0,2018,10,11,4,3,5,7,0,1,0,0,0,0,0,778765.6227,5814973.042,13.09943991,52.41380524
7,7060603.0,Marienfelde Nordost,7601238.0,2018,8,15,2,3,5,2,0,1,0,0,0,0,0,797376.6723,5817555.84,13.37458501,52.42716492
5,5020629.0,Börnicker Straße                                                                                    ,5200634.0,2018,4,11,2,3,0,7,0,0,0,0,0,0,0,785383.6439,5826215.464,13.20609457,52.51119531
3,3040513.0,Schönholz,3400620.0,2018,8,16,5,3,5,2,0,1,0,0,0,0,1,798042.3386,5833912.252,13.39898412,52.57341787
2,2050601.0,Hausburgviertel,2500726.0,2018,6,19,5,3,0,7,0,0,0,0,0,0,0,801703.8377,5828770.712,13.44817901,52.52531706
7,7040403.0,Manteuffelstraße                                                                                    ,7400824.0,2018,2,9,5,3,5,3,0,1,0,0,0,0,0,797832.82,5822292.153,13.3854967,52.46937288
4,4030622.0,Richard-Wagner-Straße,4300621.0,2018,2,15,5,3,5,2,0,1,0,0,0,0,0,792276.1856,5826685.512,13.30778402,52.51175975
6,6030605.0,Botanischer Garten,6300629.0,2018,7,14,2,2,5,2,0,1,0,0,0,0,0,792409.3321,5819717.715,13.30362948,52.44922338
10,10030727.0,Biesdorf Süd                                                                                        ,10300734.0,2018,7,10,7,2,5,3,0,1,0,0,0,0,0,810398.144,5827070.106,13.57433961,52.50519724
4,4020311.0,Reichsstraße,4200310.0,2018,3,19,4,3,5,3,2,1,0,0,0,0,0,790253.0363,5826349.862,13.27776324,52.50983095
1,1011204.0,Leipziger Straße                                                                                    ,1100207.0,2018,9,16,6,3,5,7,0,1,0,0,0,0,0,798649.587,5827023.607,13.40172536,52.51133829
2,2050802.0,Boxhagener Platz,2500834.0,2018,4,11,2,3,0,7,0,0,0,0,0,0,0,802020.8285,5826959.85,13.45119342,52.50891077
4,4030621.0,Spreestadt,4300620.0,2018,5,7,3,3,5,3,0,0,0,0,0,0,0,793919.0987,5826943.922,13.33215173,52.51319348
1,1011303.0,Alexanderplatzviertel,1100310.0,2018,9,18,4,3,5,2,0,1,0,0,0,0,0,799560.3725,5828276.377,13.41623389,52.52206804
2,2040701.0,Andreasviertel,2400521.0,2018,7,7,4,3,3,6,0,0,0,0,0,0,0,800366.8841,5827973.747,13.427812,52.51891181
11,11030721.0,Rüdigerstraße,11300722.0,2018,10,16,5,3,5,3,0,0,0,0,0,0,0,804132.2809,5827529.087,13.4827291,52.51283967
2,2050802.0,Boxhagener Platz,2500834.0,2018,5,15,4,3,3,6,0,1,0,0,0,0,0,802010.9437,5827053.155,13.45113287,52.50975254
3,3040513.0,Schönholz,3400620.0,2018,6,10,7,3,5,2,0,1,0,0,0,0,0,798036.4686,5833794.563,13.39879199,52.57236616
1,1011304.0,Karl-Marx-Allee,1100311.0,2018,12,21,6,3,6,4,2,0,1,0,0,0,0,799869.8039,5828161.756,13.42067757,52.52087057
3,3061429.0,Greifswalder Straße,3601449.0,2018,7,8,6,2,5,2,0,1,0,0,0,0,0,801348.7145,5831003.317,13.44498472,52.54552449
6,6040703.0,Nikolassee,6400737.0,2018,3,6,3,2,6,4,0,0,1,0,0,0,0,786576.4199,5816955.816,13.21566853,52.42754936
9,9010201.0,Am Treptower Park Süd,9100202.0,2018,4,11,6,3,0,7,0,1,0,0,0,0,0,803367.358,5824301.446,13.46855214,52.48433685
6,6030503.0,Zehlendorf Mitte                                                                                    ,6300527.0,2018,4,16,6,2,2,2,0,1,0,0,0,0,0,791050.049,5818811.216,13.28289492,52.44182185
3,3061126.0,Arnimplatz,3601141.0,2018,9,7,3,3,5,2,0,1,0,0,0,0,0,799197.1111,5831455.217,13.41375777,52.55076091
7,7020203.0,Kaiser-Wilhelm-Platz,7200411.0,2018,2,14,4,3,1,5,0,1,0,0,0,0,0,795843.7492,5824265.368,13.35805123,52.488142
7,7020202.0,Volkspark (Rudolf-Wilde-Park),7200308.0,2018,3,14,2,3,6,4,0,0,1,0,0,0,1,795505.9851,5823341.22,13.35227201,52.48004062
10,10010309.0,Springpfuhl,10100312.0,2018,8,19,1,2,0,1,0,0,0,0,0,0,0,807758.2923,5829321.402,13.53765147,52.52686869
4,4020208.0,Kranzallee,4200206.0,2018,4,10,7,2,3,6,0,0,0,0,0,0,0,787655.6153,5825918.765,13.23922414,52.50734184
3,3061126.0,Arnimplatz,3601139.0,2018,9,17,3,3,5,2,0,1,0,0,0,0,0,799220.4888,5832049.474,13.41463711,52.55607464
3,3061131.0,Falkplatz,3601142.0,2018,8,10,4,3,1,5,0,1,0,0,0,1,0,799163.409,5830573.247,13.41246775,52.54287393
12,12302212.0,Rollbergesiedlung,12601032.0,2018,6,15,4,2,5,3,0,1,0,0,0,0,0,792758.417,5837385.375,13.32430861,52.60742051
7,7020202.0,Volkspark (Rudolf-Wilde-Park),7200308.0,2018,7,10,2,3,5,2,0,0,0,0,0,1,0,795241.8384,5823528.185,13.34855935,52.48185951
12,12103218.0,Teichstraße,12100205.0,2018,7,6,5,3,5,2,0,1,0,0,0,0,0,794451.457,5834366.952,13.34655482,52.57944848
7,7040403.0,Manteuffelstraße                                                                                    ,7400825.0,2018,11,11,5,3,1,5,0,0,0,0,0,1,0,797818.0411,5820878.455,13.38401832,52.45670867
12,12302211.0,Lübarser Straße,12601031.0,2018,5,12,4,3,5,3,0,1,0,0,0,0,0,793334.5631,5836563.301,13.33206386,52.59974058
6,6040701.0,Wannsee,6400735.0,2018,12,20,3,3,0,1,2,0,0,0,0,0,1,783286.7554,5815963.034,13.16657505,52.42036089
12,12301205.0,Waidmannslust,12500928.0,2018,7,17,3,3,5,2,0,1,0,0,0,0,0,792360.0719,5837748.357,13.31876359,52.61088884
2,2040502.0,Friedenstraße,2400521.0,2018,7,23,4,3,6,7,2,0,1,0,0,0,1,801121.5291,5827836.471,13.438776,52.51726522
10,10030726.0,Alt-Biesdorf,10300733.0,2018,8,18,5,3,5,2,0,1,0,0,0,0,0,808924.0106,5827407.736,13.5530033,52.50905961
2,2050602.0,Samariterviertel,2500727.0,2018,10,15,7,3,3,6,0,1,0,0,0,0,0,802577.376,5827687.13,13.46003007,52.51512094
2,2050602.0,Samariterviertel,2500728.0,2018,9,10,5,3,0,6,0,0,1,0,0,0,0,802768.0756,5827668.006,13.46281435,52.51484371
1,1011303.0,Alexanderplatzviertel,1100310.0,2018,7,8,4,3,0,7,0,1,0,0,0,0,0,799329.723,5827978.821,13.41257677,52.51952757
1,1011303.0,Alexanderplatzviertel,1100310.0,2018,8,8,6,3,5,2,0,1,0,0,0,0,0,798784.6193,5828000.405,13.40458632,52.52001997
3,3061131.0,Falkplatz,3601142.0,2018,10,0,2,2,0,1,2,0,0,0,0,0,1,799164.7046,5830456.285,13.41238147,52.54182484
1,1011102.0,Großer Tiergarten,1100102.0,2018,4,19,5,3,1,5,1,0,0,0,0,1,1,794854.6441,5827124.129,13.34605763,52.51430398
2,2050602.0,Samariterviertel,2500727.0,2018,6,16,7,3,6,7,0,0,1,0,0,0,0,802148.7907,5827722.962,13.45376596,52.51567969
4,4020208.0,Kranzallee,4200206.0,2018,4,10,7,2,3,6,0,0,0,0,0,0,0,787689.7556,5825924.249,13.23973051,52.50737301
12,12103219.0,Schäfersee,12100204.0,2018,3,18,5,3,1,5,0,0,0,0,0,1,0,795601.4976,5833093.577,13.36234263,52.56741041
3,3061332.0,Helmholtzplatz,3601348.0,2018,5,11,7,2,6,4,0,0,1,0,0,0,0,799800.3204,5830258.059,13.421547,52.53969873
3,3071639.0,Bötzowstraße,3701660.0,2018,10,18,2,3,5,3,1,0,0,0,1,0,1,800561.8475,5829824.815,13.43234989,52.53539598
2,2050801.0,Traveplatz,2500830.0,2018,9,12,3,3,0,6,0,0,0,0,0,1,0,802158.3768,5827615.226,13.45380897,52.51470875
2,2040503.0,Richard-Sorge-Viertel,2400522.0,2018,7,17,4,3,2,6,0,0,0,0,0,0,0,802043.5723,5827742.151,13.45223752,52.51590997
1,1044203.0,Leopoldplatz,1401049.0,2018,11,17,3,3,1,5,1,1,0,0,0,0,0,796020.571,5831396.877,13.36699416,52.55197353
4,4020313.0,Königin-Elisabeth-Straße,4200311.0,2018,8,16,1,2,3,6,0,1,0,0,0,0,0,790573.148,5826384.561,13.28249704,52.5099716
10,10040933.0,Mahlsdorf Süd                                                                                       ,10400941.0,2018,7,22,3,3,5,3,2,1,0,0,0,0,1,813255.9964,5827202.777,13.61643278,52.50475294
4,4030417.0,Schloßstraße,4300414.0,2018,5,18,3,3,5,2,0,1,0,0,0,0,1,791692.7132,5826587.555,13.29912485,52.51119391
1,1011303.0,Alexanderplatzviertel,1100310.0,2018,10,8,6,3,6,4,0,0,1,0,0,0,0,799169.5269,5828370.172,13.41057483,52.52312336
3,3061126.0,Arnimplatz,3601141.0,2018,4,15,3,3,5,2,0,1,0,0,0,0,1,799196.2561,5831435.496,13.41372743,52.55058462
3,3040614.0,Pankow Zentrum                                                                                      ,3400723.0,2018,5,13,4,3,5,2,0,1,0,0,0,0,0,798368.7219,5833480.047,13.4033971,52.56936496
7,7060601.0,Marienfelder Allee Nordwest,7601236.0,2018,11,14,6,3,3,6,0,0,0,0,0,0,0,797328.65,5817349.659,13.37369753,52.42534279
10,10040830.0,Kaulsdorf Süd                                                                                       ,10400837.0,2018,12,17,3,3,2,2,2,1,0,0,0,0,0,811512.2842,5827115.362,13.59074389,52.50496787
12,12103219.0,Schäfersee,12100204.0,2018,7,22,4,3,6,4,2,0,1,0,0,0,0,795572.4867,5833199.669,13.36201039,52.56837718
4,4030417.0,Schloßstraße,4300414.0,2018,5,20,5,3,5,2,0,1,0,0,0,0,0,791692.7132,5826587.555,13.29912485,52.51119391
7,7070703.0,John-Locke-Straße                                                                                   ,7601544.0,2018,11,16,4,3,5,3,2,1,0,0,0,0,0,799849.6671,5813586.688,13.40729332,52.39023697
4,4030417.0,Schloßstraße,4300414.0,2018,8,21,6,3,5,3,2,1,0,0,0,0,0,791026.4348,5826458.269,13.28922176,52.51039075
9,9010102.0,Am Treptower Park Nord,9100101.0,2018,12,18,4,3,5,2,2,1,0,0,0,0,0,802752.5038,5825179.427,13.46032285,52.49254742
3,3061332.0,Helmholtzplatz,3601348.0,2018,5,1,5,3,5,3,2,1,0,0,0,0,0,799806.1822,5830256.904,13.42163212,52.53968515
7,7050501.0,Rathausstraße                                                                                       ,7501030.0,2018,10,20,1,3,6,7,2,0,1,0,0,0,0,798118.854,5819198.624,13.38693312,52.44148685
10,10010206.0,Ringkolonnaden,10100208.0,2018,8,14,7,3,5,3,0,1,0,0,0,0,0,808393.3978,5832185.197,13.54964147,52.55217456
3,3040614.0,Pankow Zentrum                                                                                      ,3400723.0,2018,4,17,6,2,5,2,0,1,0,0,0,0,0,798368.1757,5833479.906,13.40338894,52.569364
7,7050506.0,Birnhornweg,7501135.0,2018,9,11,2,2,5,2,0,0,0,0,1,0,0,798866.4887,5817199.839,13.39611315,52.42316203
1,1011102.0,Großer Tiergarten,1100102.0,2018,8,4,7,2,1,5,2,1,0,0,0,0,0,794718.5874,5827084.392,13.34402327,52.5140213
3,3061434.0,Anton-Saefkow-Park,3601451.0,2018,7,9,3,3,0,2,0,1,0,0,0,0,0,800610.4241,5829896.884,13.4331291,52.53601516
1,1011202.0,Unter den Linden Nord,1100206.0,2018,3,9,7,3,3,6,0,0,0,0,0,1,0,798255.3355,5827681.258,13.39652264,52.51744898
2,2020202.0,Rathaus Yorckstraße,2200208.0,2018,8,14,2,3,5,2,0,1,0,0,0,0,0,797899.3794,5825427.685,13.38927562,52.49744301
3,3071639.0,Bötzowstraße,3701660.0,2018,6,14,6,3,0,1,0,0,0,0,0,0,0,800300.3475,5829451.015,13.42816838,52.53218966
12,12231101.0,Hermsdorf,12400723.0,2018,4,7,2,3,0,7,0,0,0,0,0,1,0,792115.8535,5837983.606,13.31537482,52.61312904
2,2050602.0,Samariterviertel,2500727.0,2018,9,11,4,3,3,6,0,0,0,0,0,0,0,802143.4035,5827758.336,13.45371893,52.51599974
9,9010202.0,Köpenicker Landstraße,9100203.0,2018,6,15,4,3,5,3,0,1,0,0,0,0,0,804106.561,5824366.79,13.47946399,52.48451132
2,2050602.0,Samariterviertel,2500729.0,2018,7,14,2,3,0,2,0,1,0,0,0,0,0,803605.1274,5827580.625,13.47503197,52.51359526
4,4020311.0,Reichsstraße,4200310.0,2018,5,14,3,3,2,6,0,1,0,0,0,0,0,789217.4313,5826168.645,13.26238895,52.50875634
3,3061429.0,Greifswalder Straße,3601449.0,2018,11,10,2,3,5,2,0,1,0,0,0,0,0,800961.4408,5830515.329,13.43884885,52.54136466
9,9020601.0,Schnellerstraße                                                                                     ,9200613.0,2018,8,14,5,3,5,3,0,1,0,0,0,0,0,806291.87,5821460.333,13.50887712,52.45724115
1,1011202.0,Unter den Linden Nord,1100206.0,2018,8,8,3,2,0,1,0,0,0,0,0,0,0,797314.3703,5827513.758,13.38254654,52.51646133
1,1011104.0,Körnerstraße                                                                                        ,1100104.0,2018,5,16,3,3,3,6,0,1,0,0,0,0,0,796400.1473,5826256.664,13.36799357,52.50569032
1,1011303.0,Alexanderplatzviertel,1100310.0,2018,6,14,6,3,1,5,0,1,0,0,0,1,0,798736.5897,5827951.579,13.40383671,52.51960863
12,12103219.0,Schäfersee,12100204.0,2018,7,16,4,3,3,6,0,1,0,0,0,0,0,795756.3558,5832665.485,13.36423911,52.56348888
1,1011304.0,Karl-Marx-Allee,1100311.0,2018,11,15,2,3,5,2,0,1,0,0,0,0,0,799989.895,5828081.402,13.42236975,52.52008427
7,7050502.0,Fritz-Werner-Straße                                                                                 ,7501133.0,2018,6,19,7,3,0,1,0,0,0,0,0,0,0,798176.38,5818922.967,13.38753101,52.43898452
2,2050602.0,Samariterviertel,2500727.0,2018,5,16,4,3,5,3,0,1,0,0,0,0,0,802586.285,5827702.138,13.46017461,52.51525052
3,3040818.0,Pankow Süd                                                                                          ,3400826.0,2018,2,21,6,3,5,3,2,1,0,0,0,0,1,798986.4565,5832516.427,13.41161603,52.56038869
2,2050602.0,Samariterviertel,2500727.0,2018,9,15,7,3,5,2,0,1,0,0,0,0,0,802177.644,5827745.738,13.45421055,52.51586785
9,9020601.0,Schnellerstraße                                                                                     ,9200613.0,2018,8,12,6,3,2,3,0,1,0,0,0,0,1,805472.548,5822262.588,13.49759055,52.46488993
2,2040701.0,Andreasviertel,2400521.0,2018,8,18,4,3,5,3,0,1,0,0,0,0,0,800456.2152,5827901.333,13.42905918,52.51821353
3,3020209.0,Niederschönhausen,3200206.0,2018,7,20,6,3,0,6,0,1,0,0,0,0,1,798035.5745,5834111.62,13.3990638,52.57520862
4,4030622.0,Richard-Wagner-Straße,4300621.0,2018,2,11,6,3,5,3,0,1,0,0,0,0,0,792253.8573,5826682.189,13.30745303,52.51174192
7,7020203.0,Kaiser-Wilhelm-Platz,7200410.0,2018,11,9,6,2,0,7,0,0,0,0,0,0,1,795477.3537,5823815.549,13.35227205,52.48430813
4,4030417.0,Schloßstraße,4300414.0,2018,9,8,2,3,5,2,0,1,0,0,0,0,0,791562.8522,5826544.321,13.29717886,52.51087575
12,12103218.0,Teichstraße,12100205.0,2018,9,7,3,3,5,2,0,1,0,1,0,0,0,794457.2678,5834356.35,13.34663091,52.5793503
7,7040401.0,Neu-Tempelhof,7400720.0,2018,4,12,1,3,5,2,0,1,0,0,0,0,0,797773.6006,5823587.907,13.38578435,52.48102015
4,4020208.0,Kranzallee,4200206.0,2018,7,23,7,2,0,1,2,0,0,0,0,0,0,787703.8627,5825926.515,13.23993975,52.50738588
3,3061131.0,Falkplatz,3601142.0,2018,10,11,6,3,4,6,0,0,0,0,0,0,0,799180.4343,5830868.028,13.41298356,52.54550684
5,5040936.0,Jägerallee,5400943.0,2018,9,15,2,3,5,3,0,1,0,0,0,0,0,780179.7173,5822277.137,13.12630276,52.47857894
2,2040701.0,Andreasviertel,2400521.0,2018,4,12,1,3,1,5,0,1,0,0,0,1,0,800285.9672,5827962.271,13.42661268,52.51885351