district,LOR,street,LOR_2021,year,month,hour,weekday,category,accident_kind,accident_type,light_condition,car,pedestrian,motorcycle,goods_vehicle,others,road_condition,LINREFX,LINREFY,XGCSWGS84,YGCSWGS84
9,9010101.0,Elsenstraße                                                                                         ,9100101.0,2018,4,13,7,3,2,3,0,1,0,0,0,0,0,802580.9973,5825077.028,13.45771144,52.49172472
1,1011105.0,Nördlicher Landwehrkanal                                                                            ,1100102.0,2018,9,11,3,3,5,3,0,1,0,0,0,0,0,796625.068,5826727.658,13.3717174,52.50979008
3,3071639.0,Bötzowstraße,3701660.0,2018,8,18,2,3,3,6,0,0,0,0,0,0,0,800477.2773,5829688.181,13.43098327,52.53421793
7,7020203.0,Kaiser-Wilhelm-Platz,7200411.0,2018,5,21,2,3,3,6,1,1,0,0,0,0,0,795880.3644,5824304.104,13.3586233,52.48846939
1,1011304.0,Karl-Marx-Allee,1100311.0,2018,2,9,6,3,0,7,0,0,0,0,0,0,0,800254.4093,5828002.223,13.42618505,52.51922899
1,1011201.0,Wilhelmstraße                                                                                       ,1100205.0,2018,11,17,7,3,6,4,2,0,1,0,0,0,0,797059.1533,5826733.893,13.37810032,52.50960976
12,12301205.0,Waidmannslust,12500928.0,2018,6,15,6,3,5,2,0,1,0,0,0,0,0,792378.171,5837732.302,13.31901593,52.61073518
1,1011303.0,Alexanderplatzviertel,1100310.0,2018,9,8,6,3,5,2,0,1,0,0,0,0,0,798786.1092,5828001.92,13.40460957,52.52003273
11,11030721.0,Rüdigerstraße,11300724.0,2018,8,11,5,3,5,2,0,0,0,0,0,1,0,804512.5041,5827504.926,13.48829259,52.512411
5,5020524.0,Weinmeisterhornweg,5200528.0,2018,6,15,7,3,5,2,0,1,0,0,0,0,0,783506.2531,5826702.061,13.17891968,52.5165373
9,9020601.0,Schnellerstraße                                                                                     ,9200613.0,2018,6,8,2,3,5,2,0,1,0,0,0,0,0,806127.562,5821626.403,13.50661876,52.45882159
3,3061434.0,Anton-Saefkow-Park,3601451.0,2018,12,15,6,2,3,6,1,0,0,0,0,1,0,800744.9398,5829803.956,13.43502227,52.53510802
3,3061434.0,Anton-Saefkow-Park,3601451.0,2018,9,10,6,3,5,2,0,1,0,0,0,0,0,800623.1587,5829919.632,13.43333687,52.53621203
3,3071633.0,Thälmannpark,3701657.0,2018,9,9,6,2,3,6,0,1,0,0,0,0,0,800014.4869,5830184.366,13.42462882,52.53892033
1,1011303.0,Alexanderplatzviertel,1100310.0,2018,7,6,5,3,5,3,0,1,0,0,0,0,0,799696.8678,5828513.153,13.41845302,52.52411536
1,1011304.0,Karl-Marx-Allee,1100311.0,2018,5,17,5,3,5,2,0,1,0,0,0,0,0,799980.2391,5828085.478,13.42223154,52.52012612
3,3040614.0,Pankow Zentrum                                                                                      ,3400721.0,2018,10,16,2,3,2,6,0,1,0,0,0,0,0,798130.4363,5833537.935,13.39994374,52.5700144
2,2050602.0,Samariterviertel,2500727.0,2018,4,9,6,3,5,2,0,1,0,0,0,0,0,802177.13,5827747.695,13.45420478,52.51588567
7,7040403.0,Manteuffelstraße                                                                                    ,7400824.0,2018,5,16,5,3,0,3,0,1,0,0,0,0,0,797846.189,5822368.397,13.38576099,52.47004903
3,3061434.0,Anton-Saefkow-Park,3601451.0,2018,9,9,1,2,0,2,0,1,0,0,0,0,0,800927.9635,5829707.804,13.43762543,52.53414517
1,1011102.0,Großer Tiergarten,1100102.0,2018,5,16,6,3,1,1,0,1,0,0,0,0,0,794561.709,5827071.963,13.34170716,52.51399463
3,3061434.0,Anton-Saefkow-Park,3601451.0,2018,11,7,6,3,5,3,0,1,0,0,0,0,1,800657.4178,5830026.601,13.43393722,52.53715192
3,3061434.0,Anton-Saefkow-Park,3601451.0,2018,4,15,7,3,5,3,0,1,0,1,0,0,0,800862.8064,5830308.839,13.43721186,52.53956832
12,12301203.0,Wittenau Süd                                                                                        ,12500930.0,2018,9,15,3,2,5,3,0,0,0,1,0,0,0,794080.7153,5835049.513,13.34170487,52.58576762
1,1011303.0,Alexanderplatzviertel,1100310.0,2018,6,17,4,3,2,6,0,0,0,1,0,0,0,799783.9633,5828599.347,13.41981062,52.52484007
2,2050601.0,Hausburgviertel,2500726.0,2018,7,7,7,3,6,4,0,0,1,0,0,0,0,801867.7331,5828501.891,13.45034348,52.5228169
1,1011303.0,Alexanderplatzviertel,1100310.0,2018,5,8,7,3,2,6,0,1,0,0,0,0,0,799237.9532,5827884.012,13.41114302,52.5187281
3,3071639.0,Bötzowstraße,3701660.0,2018,1,14,4,3,1,5,0,1,0,0,0,0,0,800432.3519,5829615.033,13.43025682,52.53358705
4,4030623.0,Ernst-Reuter-Platz,4300622.0,2018,5,7,2,3,5,2,0,0,0,0,0,1,0,793491.4512,5826890.32,13.32582078,52.51294324
12,12103219.0,Schäfersee,12100204.0,2018,1,12,4,3,6,4,0,0,1,0,0,0,1,795622.0499,5833040.251,13.36259746,52.56692124
1,1011102.0,Großer Tiergarten,1100102.0,2018,9,11,3,3,5,3,0,0,0,0,0,0,0,796452.169,5827377.032,13.36975571,52.51570506
1,1011303.0,Alexanderplatzviertel,1100310.0,2018,8,14,4,2,0,2,0,1,0,0,0,0,0,799571.012,5828269.929,13.41638443,52.5220044
3,3061131.0,Falkplatz,3601142.0,2018,6,15,4,3,3,6,0,0,0,0,0,0,0,799163.4073,5830573.406,13.41246787,52.54287536
3,3061429.0,Greifswalder Straße,3601449.0,2018,7,19,3,3,5,2,0,1,0,0,0,0,0,800934.3265,5830473.272,13.43841215,52.54100266
2,2050602.0,Samariterviertel,2500728.0,2018,1,16,4,3,6,4,0,0,1,0,0,0,0,802939.2858,5827650.016,13.46531329,52.51458741
2,2050602.0,Samariterviertel,2500728.0,2018,11,14,6,3,5,2,0,1,0,0,0,0,0,803091.936,5827650.727,13.46755656,52.51450897
4,4030622.0,Richard-Wagner-Straße,4300621.0,2018,7,19,2,3,3,6,0,0,0,0,0,0,0,791992.9921,5826637.911,13.30358114,52.51148469
1,1011303.0,Alexanderplatzviertel,1100310.0,2018,7,15,5,3,5,2,0,0,0,0,0,1,0,798797.7303,5827985.893,13.40476594,52.5198827
1,1011102.0,Großer Tiergarten,1100102.0,2018,11,16,6,3,5,2,1,1,0,0,0,0,1,796463.914,5827392.408,13.36994199,52.51583651
3,3061434.0,Anton-Saefkow-Park,3601451.0,2018,8,7,3,2,5,2,0,0,0,0,0,1,0,801016.413,5829646.77,13.43887022,52.53354927
3,3061429.0,Greifswalder Straße,3601449.0,2018,5,9,5,3,6,7,0,0,1,0,0,0,0,801148.7219,5830769.208,13.44183216,52.54353672
7,7060601.0,Marienfelder Allee Nordwest,7601236.0,2018,4,10,3,3,5,2,0,0,0,0,1,0,0,796607.9145,5816000.089,13.36193264,52.41363608
11,11030721.0,Rüdigerstraße,11300722.0,2018,9,8,6,3,0,1,0,0,0,0,0,0,0,803966.0009,5827560.992,13.48031552,52.51321831
2,2010101.0,Askanischer Platz,2100101.0,2018,7,14,4,2,5,2,0,1,0,0,0,0,0,797851.6842,5825505.111,13.38864435,52.49816307
1,1011105.0,Nördlicher Landwehrkanal                                                                            ,1100102.0,2018,1,23,2,2,5,3,2,1,0,0,0,0,1,796615.2917,5826727.185,13.37157335,52.50979115
1,1044201.0,Reinickendorfer Straße                                                                              ,1401044.0,2018,8,23,4,2,5,3,2,1,0,0,0,0,0,796048.8913,5831362.358,13.36737986,52.55164871
11,11041022.0,Rosenfelder Ring,11401032.0,2018,5,12,4,3,0,6,0,1,0,0,0,0,0,805719.8186,5827387.155,13.50591967,52.5106802
7,7020203.0,Kaiser-Wilhelm-Platz,7200410.0,2018,9,7,2,2,1,5,0,1,0,0,0,0,0,795497.3742,5823833.721,13.35258212,52.4844602
12,12103219.0,Schäfersee,12100204.0,2018,6,15,7,3,2,2,0,0,0,0,0,1,0,795766.6951,5832693.06,13.36441578,52.56373045
12,12103115.0,Breitkopfbecken,12100103.0,2018,5,14,5,2,5,7,0,0,0,0,0,1,0,795349.401,5833740.217,13.35920987,52.57334376
1,1011303.0,Alexanderplatzviertel,1100310.0,2018,1,17,2,3,2,6,0,0,0,0,0,1,1,799719.8122,5828492.5,13.41877158,52.52391763
7,7020203.0,Kaiser-Wilhelm-Platz,7200410.0,2018,10,19,2,3,1,5,1,1,0,0,0,1,0,795673.091,5823965.276,13.35527895,52.48554436
2,2040701.0,Andreasviertel,2400521.0,2018,8,14,2,3,5,3,0,1,0,0,0,0,0,800329.1295,5827943.225,13.42722969,52.51865903
9,9010201.0,Am Treptower Park Süd,9100202.0,2018,7,8,3,3,5,7,0,1,0,0,0,0,0,803092.1496,5824570.243,13.46475615,52.48689889
3,3071639.0,Bötzowstraße,3701660.0,2018,10,19,2,3,1,5,2,0,0,0,0,1,0,800497.5777,5829766.965,13.43135289,52.5349129
7,7050506.0,Birnhornweg,7501135.0,2018,5,17,1,3,5,3,0,1,0,0,0,0,0,798977.7491,5816990.104,13.39755705,52.42122123
2,2050602.0,Samariterviertel,2500729.0,2018,9,9,4,3,3,6,0,0,0,0,0,0,0,803306.1694,5827628.958,13.47068407,52.51419478
2,2050602.0,Samariterviertel,2500728.0,2018,3,18,3,3,5,2,2,1,0,0,0,0,1,803089.8091,5827650.938,13.46752551,52.51451205
2,2050602.0,Samariterviertel,2500727.0,2018,7,21,2,3,5,2,1,1,0,0,0,0,0,802179.168,5827738.493,13.45422637,52.51580207
10,10040933.0,Mahlsdorf Süd                                                                                       ,10400940.0,2018,7,17,3,3,5,2,0,1,0,0,0,0,0,812858.8291,5827181.376,13.61058024,52.50478903
4,4030417.0,Schloßstraße,4300414.0,2018,4,7,2,2,0,1,0,0,0,0,0,0,0,791369.8977,5826512.988,13.29431627,52.51069795
3,3071639.0,Bötzowstraße,3701660.0,2018,8,15,3,3,2,2,0,0,0,0,0,1,0,800371.1035,5829564.209,13.42931064,52.53316526
3,3061126.0,Arnimplatz,3601141.0,2018,6,8,6,3,6,4,0,0,1,0,0,0,0,799192.5258,5831359.877,13.41360444,52.54990886
7,7020203.0,Kaiser-Wilhelm-Platz,7200410.0,2018,12,20,3,3,3,6,2,1,0,0,0,0,1,795662.3296,5823977.28,13.35513158,52.48565779
12,12103219.0,Schäfersee,12100204.0,2018,9,14,4,3,0,5,0,0,0,0,0,1,0,795667.1904,5832921.865,13.363156,52.56583551
4,4020311.0,Reichsstraße,4200310.0,2018,7,16,3,3,0,4,0,0,1,0,0,0,0,789940.7261,5826327.877,13.27315516,52.50979993
3,3061131.0,Falkplatz,3601142.0,2018,7,17,3,3,0,4,0,0,1,0,0,0,0,799197.6344,5831039.905,13.41339128,52.54703801
7,7050502.0,Fritz-Werner-Straße                                                                                 ,7501133.0,2018,11,6,3,3,3,6,2,1,0,0,0,0,1,798153.95,5819054.333,13.3873192,52.4401743
4,4020313.0,Königin-Elisabeth-Straße,4200311.0,2018,8,9,5,3,0,2,0,1,0,0,0,0,0,790519.246,5826375.536,13.28169716,52.50991941
3,3061332.0,Helmholtzplatz,3701657.0,2018,5,21,4,3,5,2,1,1,0,0,0,0,0,799992.9269,5830194.759,13.42432126,52.53902536
12,12302212.0,Rollbergesiedlung,12601032.0,2018,9,12,5,3,0,2,0,0,0,0,0,1,0,792729.7489,5837422.078,13.32391893,52.60776497
6,6040701.0,Wannsee,6400735.0,2018,7,18,5,3,6,4,0,0,1,0,0,0,0,782669.6499,5815804.1,13.15739037,52.4192549
1,1011202.0,Unter den Linden Nord,1100206.0,2018,5,14,4,3,6,7,0,0,1,0,0,0,0,797922.0587,5827615.496,13.39156668,52.51704167
2,2050602.0,Samariterviertel,2500729.0,2018,1,11,6,3,6,7,0,0,1,0,0,0,1,803550.5235,5827602.478,13.47424972,52.51382151
6,6040701.0,Wannsee,6400735.0,2018,11,16,3,3,0,5,0,1,0,0,0,1,0,783563.7133,5816035.963,13.17069864,52.42087137
12,12231102.0,Frohnau,12400721.0,2018,5,8,6,2,5,3,0,1,0,0,0,0,0,790994.2743,5841249.075,13.30173172,52.64300457
1,1011105.0,Nördlicher Landwehrkanal                                                                            ,1100102.0,2018,11,14,5,3,6,7,0,0,1,0,0,0,0,796490.836,5826506.452,13.36954828,52.50788015
11,11041022.0,Rosenfelder Ring,11401032.0,2018,7,19,2,3,1,5,0,1,0,0,0,0,0,805798.0124,5827383.981,13.50706536,52.51060792
4,4030417.0,Schloßstraße,4300414.0,2018,4,16,1,3,1,5,0,0,0,0,0,1,0,791251.3625,5826494.604,13.29255849,52.51059645
1,1011102.0,Großer Tiergarten,1100102.0,2018,5,13,7,3,0,6,0,0,0,0,0,0,0,796892.367,5827450.148,13.376289,52.51612103
3,3071633.0,Thälmannpark,3701657.0,2018,6,6,6,3,0,7,0,0,0,0,0,0,0,800051.7721,5830472.915,13.4254375,52.54148616
1,1033203.0,Humboldthain Nordwest                                                                               ,1300836.0,2018,8,15,6,3,5,2,0,1,0,0,0,0,0,796195.046,5830185.826,13.36847991,52.54102285
6,6040701.0,Wannsee,6400735.0,2018,9,13,3,3,0,2,0,1,0,0,0,0,0,783889.4801,5815953.905,13.17540663,52.41996669
10,10030727.0,Biesdorf Süd                                                                                        ,10300734.0,2018,8,6,3,2,5,3,0,1,0,0,0,0,0,810648.9647,5827082.467,13.57803468,52.50516527
3,3040818.0,Pankow Süd                                                                                          ,3400826.0,2018,4,16,3,3,1,5,0,0,0,0,0,1,0,798700.6149,5832906.919,13.40776345,52.56404572
7,7020203.0,Kaiser-Wilhelm-Platz,7200410.0,2018,9,20,4,3,3,6,2,1,0,0,0,0,0,795626.1268,5823945.333,13.35457165,52.48539101
1,1011303.0,Alexanderplatzviertel,1100310.0,2018,6,17,5,3,5,2,0,0,0,1,0,0,0,798799.3675,5828014.712,13.40481589,52.52014013
4,4030417.0,Schloßstraße,4300414.0,2018,11,7,2,3,5,2,0,1,0,0,0,0,0,791023.058,5826476.372,13.28918797,52.51055485
3,3061332.0,Helmholtzplatz,3701657.0,2018,5,18,3,3,5,2,0,1,0,0,0,0,0,799998.3416,5830219.784,13.42442345,52.53924668
3,3030716.0,Märchenland,3300517.0,2018,1,18,5,2,5,2,2,1,0,0,0,0,1,803380.0323,5833521.47,13.47714965,52.56696655
6,6030502.0,Zehlendorf Süd                                                                                      ,6300525.0,2018,1,11,4,2,5,2,0,1,0,0,0,0,0,790219.0231,5815055.7,13.26744455,52.40859406
7,7020202.0,Volkspark (Rudolf-Wilde-Park),7200308.0,2018,1,18,5,3,2,2,2,1,0,0,0,0,1,794816.4643,5823564.137,13.34234545,52.48241162
12,12103218.0,Teichstraße,12100205.0,2018,1,18,5,3,5,2,2,1,0,0,0,0,1,794554.1651,5833970.188,13.34771367,52.57583623
2,2020206.0,Graefekiez,2200212.0,2018,1,20,4,3,2,6,2,1,0,0,0,0,1,799899.9951,5824458.039,13.41778521,52.48765596
9,9052001.0,Köpenick Nord                                                                                       ,9502043.0,2018,1,14,5,2,5,3,0,1,0,0,0,0,1,810990.5063,5821975.644,13.57828706,52.45920603
11,11020514.0,Große-Leege-Straße,11200513.0,2018,1,19,5,2,5,3,2,1,0,0,0,0,1,804599.382,5830874.405,13.49265547,52.54256152
2,2040701.0,Andreasviertel,2400623.0,2018,1,7,3,3,5,3,1,1,0,0,0,0,0,801240.8753,5827686.852,13.44039405,52.51585826
2,2040701.0,Andreasviertel,2400623.0,2018,1,13,2,3,5,3,0,1,0,0,0,0,0,800366.153,5827190.941,13.42709461,52.51189567
9,9010101.0,Elsenstraße                                                                                         ,9100101.0,2018,1,5,5,3,5,2,2,1,0,0,0,0,1,802344.2627,5824750.109,13.45393864,52.4889257
11,11010205.0,Falkenberg West,11100204.0,2018,1,5,5,3,5,3,2,1,0,0,0,0,1,806402.4427,5833714.861,13.52178141,52.56700714
9,9020701.0,Adlershof West,9200715.0,2018,1,6,2,3,5,3,2,1,0,0,0,0,0,807375.0957,5819049.883,13.52255168,52.43503001
1,1011304.0,Karl-Marx-Allee,1100311.0,2018,1,6,5,3,5,3,2,1,0,0,0,0,1,800049.6057,5828087.257,13.42325242,52.52010391
6,6040806.0,Fischtal,6400840.0,2018,1,13,1,3,5,2,0,1,0,0,0,0,0,789007.8367,5819148.411,13.253225,52.44592815
2,2010103.0,Moritzplatz,2100104.0,2018,1,8,5,3,5,3,0,1,0,0,0,0,1,799326.9124,5826235.581,13.41096761,52.50390356
1,1033102.0,Gesundbrunnen,1300733.0,2018,1,10,2,3,2,2,0,1,0,0,0,0,0,797165.9025,5831885.188,13.38427391,52.555727
2,2050801.0,Traveplatz,2500831.0,2018,1,1,6,2,0,1,2,0,0,0,0,0,1,803056.4368,5827006.616,13.46644852,52.50875563
2,2050802.0,Boxhagener Platz,2500834.0,2018,1,18,3,3,2,2,2,1,0,0,0,0,0,802350.728,5827081.053,13.45614961,52.50981439
7,7040406.0,Germaniagarten,7400928.0,2018,1,13,4,3,5,2,0,0,0,0,1,0,1,800101.7375,5821438.057,13.4180303,52.46047556
4,4030415.0,Schloßgarten,4300412.0,2018,1,13,4,3,5,2,0,1,0,0,0,0,1,790799.0218,5827373.638,13.28668027,52.51871832
1,1011204.0,Leipziger Straße                                                                                    ,1100207.0,2018,1,12,3,3,2,7,0,1,0,0,0,0,0,797857.6624,5826844.02,13.38992993,52.51016151
7,7030302.0,Ceciliengärten,7300618.0,2018,1,16,4,3,5,2,2,1,0,0,0,0,1,794550.6004,5822328.308,13.33735019,52.47147657
1,1033201.0,Brunnenstraße                                                                                       ,1300834.0,2018,1,15,4,3,5,3,0,1,0,0,0,0,0,797566.635,5830939.618,13.3893199,52.54703238
2,2010103.0,Moritzplatz,2100104.0,2018,1,11,2,2,6,4,0,0,1,0,0,0,0,799236.6581,5826249.98,13.40965482,52.50408212
10,10020413.0,Gut Hellersdorf,10200420.0,2018,1,16,6,3,5,3,2,1,0,0,0,0,0,812009.5934,5830593.713,13.60130948,52.53585386
4,4020313.0,Königin-Elisabeth-Straße,4200311.0,2018,1,11,4,3,1,5,0,1,0,0,0,0,1,790442.4032,5826237.357,13.28044751,52.50872154
2,2040701.0,Andreasviertel,2400623.0,2018,1,20,5,3,0,7,2,0,0,0,0,1,1,800816.9071,5826885.444,13.43344057,52.50890904
3,3040614.0,Pankow Zentrum                                                                                      ,3400725.0,2018,1,7,2,3,5,3,0,0,0,0,0,0,0,798550.5687,5834878.577,13.40733151,52.58180095
7,7020203.0,Kaiser-Wilhelm-Platz,7200409.0,2018,1,18,1,3,1,5,2,1,0,0,0,0,0,795476.4445,5823914.02,13.35234598,52.48519134
5,5010313.0,Ackerstraße                                                                                         ,5100315.0,2018,1,10,4,3,5,3,0,0,0,0,1,0,1,784450.6508,5830247.669,13.19583402,52.5478356
6,6010206.0,Stadtpark,6100206.0,2018,1,14,6,3,5,2,0,1,0,0,0,0,0,794801.4459,5819824.82,13.33882155,52.44889886
8,8020621.0,Mohriner Allee Nord,8200725.0,2018,1,9,4,3,5,3,0,1,0,0,0,0,1,800091.6985,5819160.647,13.41583687,52.44006741
7,7020202.0,Volkspark (Rudolf-Wilde-Park),7200308.0,2018,1,18,2,3,5,3,2,0,0,0,0,0,0,794797.993,5823569.284,13.34207879,52.48246773
7,7040405.0,Rathaus Tempelhof,7400927.0,2018,1,6,4,3,5,2,2,1,0,0,0,0,1,798057.1166,5821022.118,13.38765467,52.45786612
2,2040701.0,Andreasviertel,2400623.0,2018,1,6,4,3,2,3,1,1,0,0,0,0,1,800907.4623,5827537.954,13.43536079,52.5147077
1,1044101.0,Rehberge,1400937.0,2018,1,6,4,3,5,3,2,1,0,0,0,0,1,793985.8969,5831343.201,13.33702425,52.55259437
1,1011402.0,Arkonaplatz,1100416.0,2018,1,5,4,2,5,3,2,1,0,0,0,0,1,798821.0163,5829761.314,13.40670373,52.53578404
1,1011201.0,Wilhelmstraße                                                                                       ,1100205.0,2018,1,9,4,3,6,4,0,0,1,0,0,0,0,797261.3601,5827363.592,13.38163347,52.51514415
3,3020307.0,Buchholz,3200308.0,2018,1,8,4,3,5,3,0,1,0,0,0,0,1,799062.7265,5837541.809,13.41727253,52.60539113
3,3040614.0,Pankow Zentrum                                                                                      ,3400721.0,2018,1,8,3,3,6,4,1,0,1,0,0,0,0,797995.412,5833064.668,13.39753221,52.56584616
8,8010301.0,Reuterkiez,8100310.0,2018,1,8,4,3,5,3,1,1,0,0,0,0,1,800569.2207,5825145.514,13.42823163,52.49345002
2,2050802.0,Boxhagener Platz,2500833.0,2018,1,23,5,3,5,2,2,1,0,0,0,0,1,802065.394,5827160.95,13.45203057,52.51068857
11,11020515.0,Landsberger Allee,11200514.0,2018,1,20,3,3,5,3,2,1,0,0,0,0,1,805030.8015,5830407.679,13.49856887,52.53813719
4,4061757.0,Forst Grunewald,4400729.0,2018,1,12,4,3,5,3,0,1,0,0,0,0,0,788966.051,5823638.782,13.25650046,52.48620842
9,9041501.0,Altstadt Kietz,9401534.0,2018,1,8,3,3,0,7,1,0,0,0,0,0,1,811113.1092,5820674.942,13.57887404,52.44747997
8,8010404.0,Rixdorf,8100415.0,2018,1,14,3,3,3,6,0,0,0,0,0,1,1,801908.308,5823557.976,13.44645781,52.47848173
2,2010101.0,Askanischer Platz,2100101.0,2018,1,19,7,3,5,3,2,1,0,0,0,0,0,797286.0722,5825586.354,13.38040944,52.49919972
9,9010301.0,Baumschulenstraße,9100304.0,2018,1,18,3,3,5,3,2,1,0,0,0,0,1,804497.9313,5821720.634,13.48279426,52.46057653
1,1044101.0,Rehberge,1400938.0,2018,1,16,2,3,5,3,1,1,0,0,0,0,0,794378.8064,5830798.291,13.34231947,52.54749743
6,6010102.0,Schloßstraße                                                                                        ,6100102.0,2018,1,17,3,3,1,5,2,1,0,0,0,0,1,793353.6637,5820811.416,13.31844598,52.4585222
1,1011402.0,Arkonaplatz,1100416.0,2018,1,20,5,3,5,3,2,1,0,0,0,0,1,798681.8669,5829453.966,13.40438209,52.53310538
9,9030901.0,Dorf Altglienicke,9300920.0,2018,1,15,3,3,5,2,1,1,0,0,0,0,0,807577.0623,5815426.578,13.52218304,52.40244341
6,6030609.0,Augustaplatz,6300633.0,2018,1,13,2,3,6,4,0,0,1,0,0,0,0,793233.1247,5819427.262,13.31546166,52.4461783
10,10030727.0,Biesdorf Süd                                                                                        ,10300734.0,2018,1,13,2,2,5,7,0,1,0,0,0,0,0,808570.9674,5826236.394,13.54673238,52.498762
1,1011402.0,Arkonaplatz,1100416.0,2018,1,2,7,2,5,3,2,1,0,0,0,0,0,798233.3043,5829630.34,13.39794701,52.53493195
2,2020204.0,Urbanstraße,2200210.0,2018,1,13,2,3,5,3,0,1,0,0,0,0,2,798006.796,5825260.653,13.39070383,52.49588712
1,1033202.0,Humboldthain Süd,1300835.0,2018,1,11,2,3,5,2,0,0,0,0,0,1,0,797763.3543,5829744.548,13.39114127,52.53621263
8,8010301.0,Reuterkiez,8100312.0,2018,1,15,6,3,5,2,0,0,0,0,0,1,0,801553.2219,5824038.358,13.44167971,52.48298366
2,2040701.0,Andreasviertel,2400623.0,2018,1,8,4,3,5,3,1,1,0,0,0,0,0,800286.7306,5827638.471,13.42633165,52.51595077
1,1011204.0,Leipziger Straße                                                                                    ,1100207.0,2018,1,17,2,2,4,2,2,0,0,0,0,0,0,798641.957,5827121.154,13.4017008,52.51221685
4,4020311.0,Reichsstraße,4200309.0,2018,1,10,2,2,5,2,0,1,0,0,0,0,0,788701.7246,5827368.719,13.25585267,52.51978861
2,2010103.0,Moritzplatz,2100105.0,2018,1,11,2,3,5,2,0,1,0,0,0,0,0,799852.1354,5825758.162,13.41825258,52.49933585
8,8040933.0,Vogelviertel Süd,8401139.0,2018,1,17,1,3,1,5,2,1,0,0,0,0,0,802820.0435,5818885.905,13.45560423,52.43610101
1,1022206.0,Lüneburger Straße                                                                                   ,1200628.0,2018,1,18,2,3,2,6,2,1,0,0,0,0,0,795688.9726,5828203.441,13.35927608,52.52352741
11,11020514.0,Große-Leege-Straße,11200513.0,2018,1,17,2,3,5,2,2,0,0,0,0,1,0,804280.9696,5830758.524,13.48786862,52.54170084
3,3061430.0,Volkspark Prenzlauer Berg,3601450.0,2018,1,18,1,2,0,1,2,0,0,0,0,0,1,802390.991,5829222.548,13.45868768,52.52898616
8,8010301.0,Reuterkiez,8100310.0,2018,1,18,7,3,5,3,2,1,0,0,0,0,1,800734.7022,5825057.791,13.43058254,52.49257258
2,2050802.0,Boxhagener Platz,2500834.0,2018,1,18,7,3,5,2,2,1,0,0,0,0,1,802554.365,5826728.542,13.45882062,52.50654195
4,4030929.0,Hindemithplatz,4501040.0,2018,1,14,2,3,5,3,0,0,0,0,0,1,0,792640.9553,5825433.612,13.31204327,52.50034126
2,2030301.0,Oranienplatz,2300314.0,2018,1,12,2,3,1,5,0,1,0,0,0,0,0,799856.0918,5825833.94,13.41837892,52.50001292
3,3061228.0,Erich-Weinert-Straße,3601245.0,2018,1,13,7,3,6,6,0,0,1,0,0,0,0,800949.1031,5831199.358,13.43928721,52.54750251
6,6020410.0,Oberhofer Platz,6200422.0,2018,1,11,2,3,5,7,0,1,0,0,0,0,0,794097.2633,5817425.353,13.32637838,52.42776779
3,3050919.0,Gustav-Adolf-Straße,3500932.0,2018,1,9,2,3,5,2,0,1,0,0,0,0,0,801855.9848,5832885.667,13.45415404,52.56211507
4,4030725.0,Amtsgerichtsplatz,4300416.0,2018,1,11,7,2,5,2,0,1,0,0,0,0,0,791567.0681,5826516.714,13.29721662,52.510626
1,1011203.0,Unter den Linden Süd,1100206.0,2018,1,12,7,3,0,1,0,0,0,0,0,0,0,797891.6839,5827464.496,13.39098517,52.51570473
3,3071537.0,Kollwitzplatz,3701555.0,2018,1,7,2,3,6,4,0,0,1,0,0,0,0,799550.8843,5830198.244,13.4178262,52.53929975
1,1011402.0,Arkonaplatz,1100416.0,2018,1,7,2,3,6,4,0,0,1,0,0,0,0,798615.1782,5829337.664,13.40329737,52.53209944
3,3061126.0,Arnimplatz,3601140.0,2018,1,7,2,3,5,3,0,1,0,0,0,0,0,798451.7729,5831655.541,13.40297793,52.55296541