district,LOR,street,LOR_2021,year,month,hour,weekday,category,accident_kind,accident_type,light_condition,car,pedestrian,motorcycle,goods_vehicle,others,road_condition,LINREFX,LINREFY,XGCSWGS84,YGCSWGS84
5,5030731.0,Gartenfelder Straße                                                                                 ,5300737.0,2018,1,9,2,3,5,3,0,0,0,0,1,0,0,787350.5081,5830065.382,13.23832453,52.5446794
1,1011306.0,Heine-Viertel Ost,1100313.0,2018,1,9,2,3,1,5,0,1,0,0,0,0,0,799879.4774,5826965.751,13.41974181,52.51014497
9,9051701.0,Hirschgarten,9501736.0,2018,1,13,6,3,0,1,0,0,0,0,0,0,1,813009.9583,5821411.029,13.60738337,52.45299362
2,2050602.0,Samariterviertel,2500727.0,2018,1,11,6,3,1,5,0,1,0,0,0,0,0,802283.1558,5827991.427,13.45598395,52.51801149
7,7040401.0,Neu-Tempelhof,7400720.0,2018,1,10,6,3,5,2,0,1,0,0,0,0,0,797764.7953,5823656.343,13.3857162,52.48163841
2,2030301.0,Oranienplatz,2300314.0,2018,1,10,6,3,5,7,0,1,0,0,0,0,0,799876.9799,5825990.819,13.41882697,52.50140761
6,6020411.0,Schütte-Lanz-Straße                                                                                 ,6200423.0,2018,1,8,6,3,0,7,0,0,0,0,0,0,0,795293.7802,5815710.764,13.34241206,52.41175292
1,1011303.0,Alexanderplatzviertel,1100310.0,2018,1,8,6,3,5,3,0,1,0,0,0,0,0,799185.6637,5828684.877,13.41109509,52.52593536
4,4051448.0,Schaperstraße,4501045.0,2018,1,8,6,2,5,2,1,0,0,0,1,0,1,793923.006,5824923.688,13.33042571,52.49508102
4,4030929.0,Hindemithplatz,4501040.0,2018,1,18,3,3,6,4,2,0,1,0,0,0,1,792559.8917,5825425.491,13.31084534,52.50031193
1,1011301.0,Charitéviertel,1100308.0,2018,1,18,6,3,0,5,2,1,0,0,0,0,1,797067.1019,5828231.029,13.37955382,52.52302561
6,6020409.0,Königsberger Straße                                                                                 ,6200421.0,2018,1,17,7,3,5,3,2,1,0,0,0,0,0,794062.6308,5818774.478,13.32705713,52.43988084
3,3061126.0,Arnimplatz,3601140.0,2018,1,17,3,3,5,2,2,1,0,0,0,0,1,798443.3859,5831462.016,13.40268065,52.55123534
2,2010103.0,Moritzplatz,2100104.0,2018,1,15,7,3,5,2,0,1,0,0,0,0,0,799294.5392,5826184.994,13.41044662,52.50346787
2,2010101.0,Askanischer Platz,2100101.0,2018,1,17,5,3,1,5,2,1,0,0,0,0,1,797723.2132,5826146.889,13.38733121,52.50398596
4,4041240.0,Messelpark,4400831.0,2018,1,13,7,3,5,3,0,1,0,0,0,0,0,790740.751,5822657.869,13.28170749,52.47647225
6,6020409.0,Königsberger Straße                                                                                 ,6200421.0,2018,1,11,5,3,5,2,0,0,0,0,0,1,1,793475.8989,5817709.874,13.31751557,52.43065211
2,2020206.0,Graefekiez,2200212.0,2018,1,9,7,3,0,1,0,0,0,0,0,0,0,799795.8548,5824487.547,13.41628262,52.48797765
1,1022202.0,Heidestraße                                                                                         ,1200624.0,2018,1,12,6,3,5,2,0,1,0,0,0,0,1,795656.5612,5829731.308,13.36015856,52.53724096
1,1011303.0,Alexanderplatzviertel,1100310.0,2018,1,11,6,3,3,6,0,1,0,0,0,0,1,799451.0672,5828867.391,13.41515985,52.52742561
3,3061430.0,Volkspark Prenzlauer Berg,3601450.0,2018,1,7,6,3,5,2,1,1,0,0,0,0,1,802434.3626,5829267.037,13.45936555,52.52936086
4,4030621.0,Spreestadt,4300620.0,2018,1,7,6,3,5,2,1,0,0,0,0,1,1,793405.999,5827394.749,13.32501,52.51751119
1,1033203.0,Humboldthain Nordwest                                                                               ,1300836.0,2018,1,5,6,3,5,2,2,1,0,0,0,0,0,795745.5276,5829820.986,13.36154627,52.53799657
12,12214422.0,Klixstraße                                                                                          ,12200310.0,2018,1,18,3,3,3,6,2,1,0,0,0,0,1,792207.249,5833093.911,13.31240741,52.56924598
10,10040933.0,Mahlsdorf Süd                                                                                       ,10400940.0,2018,1,14,6,3,5,7,0,1,0,0,0,0,1,812386.5854,5824434.006,13.60106951,52.48043989
9,9020701.0,Adlershof West,9200715.0,2018,1,7,5,3,5,3,1,1,0,0,0,0,0,808808.9339,5819002.66,13.54353293,52.43379923
2,2040502.0,Friedenstraße,2400521.0,2018,1,7,5,3,5,2,1,1,0,0,0,0,1,800479.2602,5828231.202,13.42969575,52.52115755
4,4030623.0,Ernst-Reuter-Platz,4300622.0,2018,1,5,5,3,5,3,2,1,0,0,0,0,1,793782.7055,5826580.999,13.32982726,52.51001355
6,6030503.0,Zehlendorf Mitte                                                                                    ,6300526.0,2018,1,16,6,2,5,2,1,1,0,0,0,0,0,789414.9816,5817995.442,13.25820034,52.43537592
9,9010101.0,Elsenstraße                                                                                         ,9100101.0,2018,1,17,5,3,5,2,2,1,0,0,0,0,1,802109.693,5824771.637,13.45051395,52.48924852
11,11040925.0,Victoriastadt,11400927.0,2018,1,22,6,3,0,1,2,0,0,0,0,0,0,803420.5001,5826630.045,13.47145313,52.50517814
2,2030302.0,Lausitzer Platz,2300315.0,2018,1,13,6,3,6,7,0,1,1,1,0,0,0,800518.4286,5825801.041,13.42807713,52.4993537
6,6030504.0,Teltower Damm,6300528.0,2018,1,17,5,3,5,3,2,1,0,0,0,0,1,789968.6172,5816236.278,13.26479637,52.41931111
7,7010102.0,Nollendorfplatz,7100102.0,2018,1,17,5,3,5,2,1,0,0,0,0,1,2,794975.3599,5825273.579,13.34619172,52.49764983
4,4030416.0,Klausenerplatz,4300413.0,2018,1,18,3,2,6,4,2,0,1,0,0,0,1,790937.9854,5826815.526,13.28823446,52.51364074
1,1011402.0,Arkonaplatz,1100416.0,2018,1,18,5,3,1,6,2,1,0,0,0,0,1,798144.783,5829871.033,13.39686172,52.53713787
11,11020515.0,Landsberger Allee,11200514.0,2018,1,18,4,3,1,5,2,1,0,0,0,0,1,804853.7535,5830582.007,13.49612646,52.53979867
3,3061228.0,Erich-Weinert-Straße,3601245.0,2018,1,18,5,3,5,3,2,1,0,0,0,0,1,801159.8912,5831111.646,13.44230684,52.54659986
3,3040512.0,Wilhelmsruh,3400619.0,2018,1,10,4,2,6,7,0,0,1,0,0,0,1,795738.0047,5835291.877,13.36631179,52.58704177
6,6010206.0,Stadtpark,6100206.0,2018,1,9,4,3,1,5,0,1,0,0,0,0,2,794783.009,5819582.806,13.33833748,52.44673927
9,9020802.0,Köllnische Vorstadt                                                                                 ,9200819.0,2018,1,15,5,3,5,2,1,0,0,0,0,1,1,810412.7726,5820341.24,13.56829227,52.44488748
1,1011104.0,Körnerstraße                                                                                        ,1100104.0,2018,1,7,4,3,1,5,0,1,0,0,0,1,1,796573.2302,5825637.935,13.36998512,52.50004996
4,4030623.0,Ernst-Reuter-Platz,4300622.0,2018,1,7,4,3,5,3,1,1,0,0,0,0,2,793782.8662,5826580.926,13.32982956,52.5100128
10,10010203.0,Gewerbegebiet Bitterfelder Straße                                                                   ,10100205.0,2018,1,15,5,3,5,3,0,1,0,0,0,0,1,808477.2704,5833219.586,13.55183584,52.56139698
11,11030721.0,Rüdigerstraße,11300723.0,2018,1,6,4,2,1,5,2,1,0,0,0,0,1,804689.107,5828427.141,13.49173141,52.52057777
7,7070703.0,John-Locke-Straße                                                                                   ,7601544.0,2018,1,15,5,3,5,3,0,1,0,0,0,0,1,798792.6733,5814406.163,13.39253755,52.39816016
8,8010303.0,Donaustraße,8100314.0,2018,1,14,5,3,5,3,0,1,0,0,0,0,1,800364.5768,5824350.2,13.42450956,52.48643396
2,2020203.0,Viktoriapark,2200209.0,2018,1,18,4,3,0,1,2,0,0,0,0,0,1,797104.8449,5824389.588,13.37668032,52.48857066
2,2020203.0,Viktoriapark,2200208.0,2018,1,7,5,3,6,4,1,0,1,0,0,0,1,797810.8511,5824934.51,13.38753451,52.49307058
9,9041501.0,Altstadt Kietz,9401534.0,2018,1,16,3,2,6,4,1,0,1,0,0,0,0,811313.5287,5820195.649,13.58136696,52.4430707
1,1022104.0,Emdener Straße                                                                                      ,1200519.0,2018,1,19,3,3,6,6,2,0,1,0,0,0,1,794061.6939,5828639.329,13.33574579,52.52831496
4,4051653.0,Prager Platz,4501152.0,2018,1,10,5,3,5,2,0,1,0,0,0,0,1,793949.41,5824710.633,13.33062553,52.49315686
2,2010102.0,Mehringplatz,2100102.0,2018,1,19,3,3,1,5,2,0,0,0,0,1,1,798277.8631,5825703.691,13.3950816,52.49971033
8,8020619.0,Buschkrugallee Nord,8200623.0,2018,1,10,5,3,5,2,1,1,0,0,0,0,1,801383.9382,5821172.743,13.43660572,52.45739187
4,4051653.0,Prager Platz,4501152.0,2018,1,8,3,3,5,3,0,1,0,0,0,0,1,793974.9064,5824719.971,13.33100823,52.49322684
1,1022204.0,Thomasiusstraße                                                                                     ,1200626.0,2018,1,20,2,3,5,3,2,0,0,0,0,0,0,794970.0298,5827981.687,13.34851341,52.52192897
1,1011202.0,Unter den Linden Nord,1100206.0,2018,1,9,5,3,5,2,0,0,0,0,0,1,1,797199.138,5827496.139,13.38083762,52.5163662
1,1044201.0,Reinickendorfer Straße                                                                              ,1401043.0,2018,1,8,5,3,5,3,0,1,0,0,0,0,1,796024.8704,5830975.872,13.36668207,52.54819731
11,11040926.0,Weitlingstraße,11400929.0,2018,1,8,5,3,1,5,0,1,0,0,0,0,1,805416.0892,5826813.301,13.50093161,52.5057072
9,9051702.0,Bölschestraße,9501737.0,2018,1,15,3,3,5,7,0,1,0,0,0,0,1,813927.0355,5821391.889,13.6208168,52.45229626
8,8010117.0,Schillerpromenade,8100102.0,2018,1,7,5,3,4,5,1,1,0,0,0,0,1,800513.2593,5823365.654,13.42580518,52.47752728
2,2010102.0,Mehringplatz,2100102.0,2018,1,7,5,3,5,3,0,0,0,0,0,1,1,797920.1626,5826470.864,13.39051416,52.5067825
1,1011304.0,Karl-Marx-Allee,1100311.0,2018,1,14,3,3,5,2,0,1,0,0,0,0,0,799900.6738,5827874.187,13.42087193,52.518276
10,10010102.0,Havemannstraße                                                                                      ,10100104.0,2018,1,6,4,3,5,3,0,0,0,0,0,1,0,810002.2665,5833788.9,13.57479251,52.56563283
11,11030720.0,Herzbergstraße,11300721.0,2018,1,18,4,3,0,5,2,1,0,0,0,0,1,804624.7569,5829088.923,13.49139207,52.52654496
2,2050601.0,Hausburgviertel,2500726.0,2018,1,20,4,3,7,7,2,0,0,0,0,0,0,801759.0615,5828928.367,13.4491336,52.52669957
4,4030623.0,Ernst-Reuter-Platz,4300622.0,2018,2,16,5,3,5,2,1,1,0,0,0,0,0,793533.1723,5826062.626,13.32570389,52.50550089
11,11030721.0,Rüdigerstraße,11300723.0,2018,2,11,5,3,1,5,0,1,0,0,0,0,0,805212.373,5828379.878,13.49937621,52.51986157
1,1022104.0,Emdener Straße                                                                                      ,1200520.0,2018,2,15,5,3,6,7,0,0,1,0,0,0,0,794250.8823,5828994.81,13.3388412,52.53139953
1,1011102.0,Großer Tiergarten,1100102.0,2018,2,9,5,3,3,6,0,0,0,0,1,0,0,796483.227,5827512.356,13.37033265,52.51690122
7,7050501.0,Rathausstraße                                                                                       ,7501029.0,2018,1,7,6,3,3,6,1,0,0,0,0,1,1,797714.9298,5819201.758,13.38101089,52.44173499
1,1011202.0,Unter den Linden Nord,1100206.0,2018,2,7,5,3,5,2,0,1,0,0,0,0,0,797199.138,5827496.139,13.38083762,52.5163662
11,11051229.0,Rummelsburg,11501238.0,2018,1,7,6,3,5,2,2,1,0,0,0,0,1,804097.0105,5825993.968,13.4808088,52.49910057
3,3061227.0,Humannplatz,3601244.0,2018,1,6,6,3,5,3,2,1,0,0,0,0,1,800084.5899,5831660.03,13.42699255,52.55210852
11,11040926.0,Weitlingstraße,11400931.0,2018,2,6,5,2,5,3,2,1,0,0,0,0,0,805730.7886,5827192.89,13.50590238,52.50893298
12,12214125.0,Waldidyll/Flughafensee,12200412.0,2018,1,16,6,2,5,3,2,1,0,0,0,0,1,791298.3687,5834121.765,13.29993824,52.57894759
2,2030301.0,Oranienplatz,2300314.0,2018,2,20,5,3,3,6,2,0,0,0,0,1,0,799970.4006,5826148.132,13.42034083,52.50276633
3,3030406.0,Alt-Karow,3300412.0,2018,1,21,4,3,6,6,2,0,1,0,0,0,1,802887.8441,5838916.849,13.47484348,52.61559751
2,2020204.0,Urbanstraße,2200210.0,2018,1,6,6,3,5,3,2,1,0,0,0,0,1,798987.8546,5825339.135,13.40518243,52.49605406
3,3061131.0,Falkplatz,3601142.0,2018,1,18,4,3,0,7,2,1,0,0,0,0,1,798454.1588,5830957.057,13.40238523,52.5467032
1,1033102.0,Gesundbrunnen,1300733.0,2018,1,11,6,3,1,5,0,1,0,0,0,0,1,797128.1465,5831825.611,13.38366532,52.55521357
7,7020203.0,Kaiser-Wilhelm-Platz,7200409.0,2018,1,10,6,3,1,5,0,1,0,0,0,0,1,795294.4317,5824394.471,13.35009904,52.48959672
3,3061430.0,Volkspark Prenzlauer Berg,3601450.0,2018,1,22,4,3,5,3,2,1,0,0,0,0,1,802651.8748,5829617.445,13.46288119,52.5323808
5,5020417.0,Staakener Straße                                                                                    ,5200420.0,2018,1,14,5,3,0,2,0,1,0,0,0,0,1,783592.2058,5828899.32,13.18205704,52.53619368
1,1011203.0,Unter den Linden Süd,1100206.0,2018,1,8,4,3,5,2,0,1,0,0,0,0,0,797887.441,5827468.955,13.39092682,52.51574702
3,3050920.0,Weißer See,3500933.0,2018,1,7,4,3,5,3,1,1,0,0,0,0,0,801993.0214,5832222.156,13.45556575,52.5560921
6,6040810.0,Dahlem,6400844.0,2018,1,7,4,3,5,3,0,0,0,0,0,0,0,791020.9878,5821327.357,13.2846613,52.46439485
1,1011201.0,Wilhelmstraße                                                                                       ,1100205.0,2018,1,9,5,3,5,2,0,1,0,0,0,0,1,796970.3243,5826730.985,13.3767927,52.50963205
4,4041240.0,Messelpark,4400831.0,2018,1,15,4,3,1,5,0,1,0,0,0,0,0,790853.6849,5822521.611,13.28324677,52.47519056
1,1011203.0,Unter den Linden Süd,1100206.0,2018,1,6,3,3,6,7,2,0,1,0,0,0,0,798372.3873,5827669.723,13.39823221,52.51728156
2,2010102.0,Mehringplatz,2100103.0,2018,1,8,5,3,5,2,0,1,0,0,0,0,0,798538.7022,5826501.204,13.39962776,52.50671635
8,8010211.0,Flughafenstraße,8100206.0,2018,1,21,5,3,2,6,2,1,0,0,0,0,1,800878.0486,5823842.0,13.43158999,52.48159609
7,7050503.0,Eisenacher Straße                                                                                   ,7501031.0,2018,1,9,3,3,5,2,0,1,0,0,0,0,0,799476.0944,5820508.821,13.4080159,52.45248943
8,8010510.0,Gewerbegebiet Köllnische Heide,8100521.0,2018,1,17,3,2,3,6,2,0,0,0,0,1,0,803775.4459,5821596.469,13.47208013,52.45986574
1,1022204.0,Thomasiusstraße                                                                                     ,1200626.0,2018,1,19,5,2,5,3,2,1,0,0,0,0,1,795042.4407,5828277.097,13.34983963,52.52453792
6,6040810.0,Dahlem,6400844.0,2018,1,19,5,3,5,3,2,1,0,0,0,0,1,790399.6606,5820843.781,13.27512052,52.46039007
3,3040513.0,Schönholz,3400620.0,2018,1,14,3,3,5,3,0,1,0,0,0,0,0,797412.8251,5833971.234,13.38977534,52.57429092
2,2030402.0,Wrangelkiez,2300419.0,2018,1,17,5,3,1,5,2,1,0,0,0,0,1,801676.1219,5825877.819,13.44514938,52.49940314
1,1011302.0,Oranienburger Straße                                                                                ,1100309.0,2018,1,9,3,2,3,6,0,0,0,0,0,1,0,797671.017,5828597.899,13.38875715,52.52598479
9,9051901.0,Dammvorstadt,9501939.0,2018,1,19,3,3,5,2,2,1,0,0,0,0,0,810641.6398,5820998.46,13.57225994,52.45064728
1,1011302.0,Oranienburger Straße                                                                                ,1100309.0,2018,1,20,4,3,5,3,2,1,0,0,0,0,1,798233.278,5828923.858,13.39731279,52.52859931
6,6030609.0,Augustaplatz,6300633.0,2018,1,10,4,3,6,4,0,0,1,0,0,0,0,793280.6091,5818959.283,13.31574756,52.44195752
11,11030618.0,Fennpfuhl West,11300618.0,2018,1,18,3,3,5,2,0,1,0,0,0,0,0,802401.3661,5829007.193,13.45864429,52.5270502
1,1011302.0,Oranienburger Straße                                                                                ,1100309.0,2018,1,7,4,3,6,7,1,0,1,0,0,0,1,797973.4406,5828892.824,13.39346604,52.52846321
10,10040933.0,Mahlsdorf Süd                                                                                       ,10400940.0,2018,1,16,4,2,5,3,1,0,0,0,0,1,1,812630.1622,5825282.528,13.60544024,52.48790426
4,4030828.0,Savignyplatz,4300624.0,2018,1,9,2,3,3,6,0,1,0,0,0,0,0,793163.2209,5826420.548,13.32058409,52.50890843
3,3050925.0,Komponistenviertel Weißensee,3500936.0,2018,1,16,2,3,0,6,0,1,0,0,0,0,1,802428.5628,5831069.276,13.46092048,52.54551733
1,7010101.0,Wittenbergplatz/Viktoria-Luise-Platz,7100101.0,2018,1,18,4,3,5,3,2,1,0,0,0,0,0,794805.1793,5825990.537,13.34432679,52.50416884
4,4041136.0,Hagenplatz,4400728.0,2018,1,11,4,3,5,7,0,1,0,0,0,0,1,790043.7195,5823218.144,13.27196078,52.48186586
1,1033102.0,Gesundbrunnen,1300733.0,2018,1,17,2,2,1,5,2,1,0,0,0,0,1,797995.33,5831374.685,13.39601365,52.55069784
1,1011204.0,Leipziger Straße                                                                                    ,1100207.0,2018,1,10,2,3,3,7,0,1,0,0,0,0,1,798798.6465,5827455.207,13.40430279,52.51512536
4,4030417.0,Schloßstraße,4300414.0,2018,1,17,2,3,0,6,2,0,0,1,0,0,1,791562.8169,5826624.324,13.29724843,52.51159299
4,4030519.0,Kaiserin-Augusta-Allee,4300518.0,2018,1,18,4,3,5,2,2,1,0,0,0,0,0,792578.4865,5827979.41,13.31336376,52.52319708
8,8010212.0,Rollberg,8100207.0,2018,1,7,4,3,1,5,1,1,0,0,0,0,1,801028.1689,5823299.126,13.43330382,52.47664741
5,5010314.0,Carl-Schurz-Straße                                                                                  ,5100316.0,2018,1,17,2,3,5,2,2,0,0,0,0,1,1,783646.5128,5829307.304,13.18320385,52.53982346
4,4010101.0,Jungfernheide,4100101.0,2018,1,16,2,3,0,1,2,0,0,0,0,0,1,790964.0531,5829472.106,13.29094205,52.53744293
10,10010207.0,Marzahner Promenade,10100210.0,2018,1,15,2,3,5,3,0,1,0,0,0,0,0,808429.8958,5831397.726,13.54944673,52.54509677
1,1011103.0,Lützowstraße                                                                                        ,1100103.0,2018,1,13,4,3,5,3,0,1,0,0,0,0,1,795839.6645,5826058.821,13.35958405,52.50422103
1,1011301.0,Charitéviertel,1100308.0,2018,1,14,2,3,5,2,0,0,0,0,0,1,0,797014.0274,5828942.021,13.37940891,52.52942778
7,7020201.0,Bayerischer Platz,7200307.0,2018,1,23,3,3,5,2,2,1,0,0,0,0,1,794738.997,5824474.594,13.34201312,52.49061513
4,4030620.0,Alt-Lietzow,4300619.0,2018,1,12,3,3,5,2,0,1,0,0,0,0,0,792136.2959,5827461.277,13.30640968,52.51878924
2,2030401.0,Reichenberger Straße,2300417.0,2018,1,7,3,3,1,5,0,0,0,0,1,0,1,800755.3018,5825620.031,13.43139263,52.49760076
4,4051446.0,Preußenpark,4501043.0,2018,1,8,2,3,5,3,0,1,0,0,0,0,1,793118.008,5825217.139,13.3188604,52.49814462
11,11010310.0,Mühlengrund,11100309.0,2018,1,17,3,3,5,2,2,1,0,0,0,0,1,805453.9593,5833346.991,13.50749249,52.56424319
1,1022205.0,Zillesiedlung,1200627.0,2018,1,7,2,3,5,3,1,1,0,0,0,0,1,795984.5511,5828712.859,13.36407343,52.52793349
2,2040702.0,Weberwiese,2400624.0,2018,1,18,3,3,1,5,2,0,0,0,0,1,1,801463.1366,5827602.937,13.44358353,52.51498331
6,6040810.0,Dahlem,6400844.0,2018,1,7,2,3,5,2,1,1,0,0,0,0,1,790378.4838,5820849.039,13.27481429,52.46044846
7,7050501.0,Rathausstraße                                                                                       ,7501029.0,2018,1,7,2,3,5,2,2,1,0,0,0,0,0,797752.8477,5819072.115,13.38145159,52.44055223
3,3061430.0,Volkspark Prenzlauer Berg,3601450.0,2018,1,16,3,3,5,3,1,1,0,0,0,0,1,802259.9076,5829464.863,13.45698155,52.53123071
11,11040926.0,Weitlingstraße,11400928.0,2018,1,15,3,2,5,3,0,1,0,0,0,0,1,804479.9398,5826349.071,13.48675705,52.50206971
11,11030721.0,Rüdigerstraße,11300722.0,2018,1,17,1,3,2,7,2,1,0,0,0,0,0,803808.5135,5827746.643,13.47817143,52.51496998
7,7040401.0,Neu-Tempelhof,7400720.0,2018,1,15,3,3,1,5,0,1,0,0,0,0,1,796872.6231,5823861.057,13.37279951,52.48395924
3,3071536.0,Teutoburger Platz,3701554.0,2018,1,14,1,3,5,2,0,1,0,0,0,0,1,799206.4887,5829282.669,13.4119391,52.53128223
1,1011306.0,Heine-Viertel Ost,1100313.0,2018,1,8,3,3,5,2,0,1,0,0,0,0,0,800332.3572,5826537.222,13.42600828,52.50605478
1,1011306.0,Heine-Viertel Ost,1100313.0,2018,1,12,3,3,0,2,0,0,0,0,0,1,0,799980.9345,5826937.928,13.42120721,52.5098398
4,4041136.0,Hagenplatz,4400728.0,2018,1,9,3,1,1,5,0,0,0,0,1,0,1,790253.3142,5823801.669,13.27554661,52.4869859
4,4051448.0,Schaperstraße,4501045.0,2018,1,18,1,3,6,4,2,0,1,0,0,0,1,793623.8687,5824833.489,13.32595262,52.49443343
4,4030931.0,Breitscheidplatz,4501042.0,2018,1,18,1,3,3,6,2,1,0,0,0,0,0,794069.2592,5826279.704,13.33377125,52.5071582
3,3061126.0,Arnimplatz,3601141.0,2018,1,18,2,2,2,2,2,1,0,0,0,0,1,798832.9612,5831796.859,13.40871062,52.55402311
7,7060603.0,Marienfelde Nordost,7601238.0,2018,1,13,2,3,1,5,0,1,0,0,0,0,0,797599.7925,5817325.076,13.37765152,52.42497502
4,4020311.0,Reichsstraße,4200310.0,2018,1,13,7,3,5,2,0,1,0,0,0,0,0,790159.8636,5826653.084,13.27665858,52.51259894
10,10010309.0,Springpfuhl,10100312.0,2018,1,7,7,3,5,2,2,1,0,0,0,0,1,807934.6073,5829198.169,13.54012811,52.52566473
10,10040931.0,Mahlsdorf Nord                                                                                      ,10400938.0,2018,2,6,6,3,0,1,1,0,0,0,0,0,2,813672.0635,5828259.984,13.62353886,52.51398745
4,4030724.0,Lietzensee,4300415.0,2018,2,13,5,3,0,6,0,0,0,0,0,1,0,790653.4357,5825990.351,13.28333252,52.50639472
2,2020205.0,Chamissokiez,2200211.0,2018,1,10,2,3,6,4,0,0,1,0,0,0,0,797922.4228,5824577.788,13.38885406,52.48981211
2,2020204.0,Urbanstraße,2200210.0,2018,2,9,5,3,5,7,0,1,0,0,0,0,0,798436.0626,5824867.492,13.39665605,52.49212839
6,6030610.0,Lichterfelde West                                                                                   ,6300634.0,2018,2,10,5,2,6,7,0,0,1,0,0,0,0,792199.6206,5818705.654,13.29966732,52.44026244
2,2040702.0,Weberwiese,2400624.0,2018,1,9,2,3,2,7,0,0,0,0,0,1,0,801384.7916,5827529.375,13.44236587,52.51436726
3,3051017.0,Rennbahnstraße,3501037.0,2018,2,10,5,2,5,3,0,0,0,0,0,0,0,801700.9573,5833068.822,13.45204052,52.5638426
8,8010404.0,Rixdorf,8100416.0,2018,1,23,7,3,5,7,2,1,0,0,0,0,0,801563.787,5823373.615,13.44123361,52.4770196
4,4030931.0,Breitscheidplatz,4501042.0,2018,2,19,5,3,2,6,2,1,0,0,0,0,0,793910.1053,5825883.134,13.33108294,52.50368892
3,3071639.0,Bötzowstraße,3701660.0,2018,1,7,2,2,0,3,0,0,0,0,0,0,0,800893.4012,5829203.325,13.43666078,52.52964251
2,2040701.0,Andreasviertel,2400623.0,2018,2,19,5,3,5,7,2,1,0,0,0,0,0,801010.6196,5826995.718,13.43638593,52.5097906
1,1011303.0,Alexanderplatzviertel,1100310.0,2018,2,18,5,3,5,2,2,1,0,0,0,0,0,799466.1002,5828808.989,13.41532819,52.52689386
5,5040936.0,Jägerallee,5400943.0,2018,1,7,2,3,5,2,0,1,0,0,0,0,0,781489.3023,5819685.589,13.14334849,52.4546678
11,11051331.0,Karlshorst Nord,11501340.0,2018,1,11,6,3,4,6,0,0,0,0,0,1,0,807709.4612,5825341.088,13.53325455,52.49122465
3,3040614.0,Pankow Zentrum                                                                                      ,3400724.0,2018,2,7,4,3,5,2,0,1,0,0,0,0,1,798629.0151,5834004.297,13.40769829,52.57392133
6,6030609.0,Augustaplatz,6300633.0,2018,2,1,7,3,4,6,2,0,0,0,0,1,2,792706.343,5819073.566,13.30742305,52.44328974
4,4051446.0,Preußenpark,4501043.0,2018,2,12,3,3,5,2,0,1,0,0,0,0,1,792919.9595,5825024.166,13.31578161,52.49652101
1,1022203.0,Lübecker Straße                                                                                     ,1200625.0,2018,2,11,6,3,5,7,0,1,0,0,0,0,0,794736.4966,5828456.651,13.34550232,52.52631297
1,1011303.0,Alexanderplatzviertel,1100310.0,2018,2,10,2,3,6,7,0,0,1,0,0,0,0,798754.8684,5828243.92,13.40436787,52.52221904
2,2010104.0,Wassertorplatz,2100106.0,2018,2,6,2,3,5,3,1,0,0,0,0,0,1,798988.053,5825403.046,13.4052427,52.49662683