district,LOR,street,LOR_2021,year,month,hour,weekday,category,accident_kind,accident_type,light_condition,car,pedestrian,motorcycle,goods_vehicle,others,road_condition,LINREFX,LINREFY,XGCSWGS84,YGCSWGS84
1,1011303.0,Alexanderplatzviertel,1100310.0,2018,2,15,6,3,5,3,0,1,0,0,0,0,0,799366.7852,5828605.999,13.41368587,52.52512892
11,11020412.0,Hauptstraße,11200411.0,2018,2,7,6,3,5,2,1,1,0,0,0,0,0,806149.0497,5831393.524,13.5159136,52.5463455
4,4031032.0,Halensee,4500938.0,2018,2,14,2,3,1,5,0,1,0,0,0,0,0,791351.8395,5824941.682,13.29267596,52.49662094
1,1011402.0,Arkonaplatz,1100416.0,2018,2,22,6,2,0,1,2,0,0,0,0,0,0,798638.7075,5829383.284,13.4036842,52.53249546
2,2040701.0,Andreasviertel,2400623.0,2018,2,21,6,2,0,1,2,0,0,0,0,0,2,800716.2,5826977.33,13.43204419,52.50978816
9,9041501.0,Altstadt Kietz,9401534.0,2018,2,6,6,3,2,6,2,1,0,0,0,0,0,811556.7464,5820041.807,13.58479035,52.44155354
3,3020307.0,Buchholz,3200310.0,2018,2,9,5,3,5,3,0,1,0,0,0,0,0,799536.526,5837800.14,13.42448186,52.60744577
1,1011402.0,Arkonaplatz,1100416.0,2018,2,8,5,3,5,3,0,1,0,0,0,0,0,798679.2511,5829462.136,13.40435098,52.53318005
3,3050923.0,Weißenseer Spitze,3500934.0,2018,2,7,2,3,5,2,1,1,0,0,0,0,1,800765.6488,5831993.708,13.43730943,52.5547237
5,5020523.0,Maulbeerallee,5200527.0,2018,2,12,2,3,5,3,0,1,0,0,0,0,0,783335.9934,5827661.616,13.17723469,52.5252294
1,1011305.0,Heine-Viertel West,1100312.0,2018,2,9,5,3,0,1,0,0,0,0,0,0,2,799717.313,5827376.533,13.41772943,52.51391612
11,11020513.0,Orankesee,11200512.0,2018,2,15,5,3,5,3,0,1,0,0,0,0,0,804453.9374,5830938.401,13.49057607,52.54321637
7,7050506.0,Birnhornweg,7501135.0,2018,2,8,2,3,5,2,0,1,0,0,0,0,1,799055.7535,5816810.723,13.39854039,52.41957067
7,7030301.0,Friedenau,7300516.0,2018,2,6,3,3,1,5,1,1,0,0,0,0,1,793927.8197,5822009.862,13.32792743,52.46895729
9,9010302.0,Späthsfelde,9100306.0,2018,2,23,5,3,5,2,2,1,0,0,0,0,0,804940.517,5820715.102,13.48836999,52.45131752
4,4030620.0,Alt-Lietzow,4300619.0,2018,2,19,4,3,2,6,2,1,0,0,0,0,0,792430.4018,5827166.312,13.31047252,52.51598733
3,3071536.0,Teutoburger Platz,3701554.0,2018,2,23,5,2,4,4,2,1,1,0,0,0,1,798931.7093,5829948.355,13.40849911,52.53739988
2,2010103.0,Moritzplatz,2100105.0,2018,2,18,4,3,5,3,2,1,0,0,0,0,0,799143.494,5825792.697,13.40787554,52.50003432
9,9020501.0,Oberschöneweide West,9200510.0,2018,2,17,4,2,5,2,1,1,0,0,0,0,0,806555.1432,5822317.856,13.51352717,52.46477897
1,1011302.0,Oranienburger Straße                                                                                ,1100309.0,2018,2,16,4,3,3,6,0,1,0,0,0,0,0,799013.7631,5828995.812,13.40884842,52.52881674
5,5010103.0,Amorbacher Weg,5100105.0,2018,2,18,2,3,5,2,2,1,0,0,0,0,0,784559.4653,5831098.895,13.198164,52.55541084
12,12214424.0,Scharnweberstraße                                                                                   ,12200309.0,2018,2,8,4,3,5,3,0,1,0,0,0,0,0,792378.1053,5832890.864,13.31474216,52.56733401
12,12224230.0,Heiligensee,12400618.0,2018,2,15,3,3,5,2,0,1,0,0,0,0,0,786808.2664,5838457.695,13.23761332,52.62020648
8,8041037.0,Alt-Rudow,8401243.0,2018,2,13,3,3,5,3,0,1,0,0,0,0,0,805678.5034,5817014.826,13.49581287,52.41774134
1,1044101.0,Rehberge,1400938.0,2018,2,6,4,2,5,3,2,1,0,0,0,0,0,794534.0756,5831578.636,13.34529486,52.55440871
3,3050923.0,Weißenseer Spitze,3500934.0,2018,2,20,3,3,5,2,2,0,0,0,0,1,0,800386.2073,5831946.714,13.43168708,52.55451188
3,3020307.0,Buchholz,3200308.0,2018,2,18,2,3,5,3,2,1,0,0,0,0,0,799063.7321,5837540.873,13.41728649,52.60538219
5,5010314.0,Carl-Schurz-Straße                                                                                  ,5100316.0,2018,2,17,6,3,5,2,2,1,0,0,0,0,0,784654.0677,5829299.074,13.19801289,52.53922427
1,1011303.0,Alexanderplatzviertel,1100310.0,2018,2,23,3,3,5,3,2,1,0,0,0,0,0,799332.5684,5828611.435,13.41318791,52.52519642
2,2030302.0,Lausitzer Platz,2300315.0,2018,2,16,3,3,1,5,0,1,0,0,0,1,0,801065.2701,5825900.058,13.43619802,52.4999398
1,1011201.0,Wilhelmstraße                                                                                       ,1100205.0,2018,2,15,3,3,5,3,0,0,0,0,0,1,0,797157.6352,5826452.467,13.37929592,52.50703345
3,3061227.0,Humannplatz,3601244.0,2018,2,14,3,3,5,3,0,1,0,0,0,0,0,800108.0645,5831705.072,13.42737845,52.55249932
2,2010101.0,Askanischer Platz,2100101.0,2018,2,19,2,3,1,5,2,1,0,0,0,1,0,797709.5588,5826181.569,13.38716165,52.50430427
10,10020414.0,Helle Mitte,10200421.0,2018,2,6,3,3,5,3,1,1,0,0,0,0,0,812064.8642,5830625.497,13.60215157,52.53610703
10,10030724.0,Oberfeldstraße                                                                                      ,10300731.0,2018,2,13,3,2,1,5,0,1,0,0,0,0,0,808946.0833,5829188.614,13.55498111,52.52500691
1,1044201.0,Reinickendorfer Straße                                                                              ,1401045.0,2018,2,8,4,2,6,4,0,0,1,0,0,0,0,797139.3138,5831886.819,13.38388434,52.55575613
1,1044101.0,Rehberge,1400937.0,2018,2,7,3,3,6,7,0,0,1,0,0,0,0,793848.2222,5831655.402,13.33527587,52.55546735
3,3061227.0,Humannplatz,3601244.0,2018,2,9,3,3,5,3,0,1,0,0,0,0,0,800110.3812,5831695.729,13.42740407,52.55241429
8,8030829.0,Gropiusstadt Nord,8300934.0,2018,2,15,2,3,2,2,0,1,0,0,0,0,0,803180.2275,5818116.934,13.4601892,52.42900917
3,3010104.0,Lietzengraben,3100101.0,2018,2,16,2,3,5,3,0,1,0,0,0,0,0,800111.5111,5840245.248,13.43516611,52.62904434
4,4030725.0,Amtsgerichtsplatz,4300416.0,2018,2,16,2,3,5,7,0,1,0,0,0,0,0,791623.3701,5826463.634,13.29799737,52.51012005
4,4051655.0,Babelsberger Straße,4501153.0,2018,2,16,3,2,5,2,0,1,0,0,0,0,2,794192.3679,5823115.527,13.33278589,52.47872665
7,7060603.0,Marienfelde Nordost,7601238.0,2018,2,15,2,3,5,2,0,1,0,0,0,0,0,798093.309,5817039.404,13.38463347,52.42214563
6,6020303.0,Lankwitz Kirche                                                                                     ,6200313.0,2018,2,14,2,3,6,4,0,0,1,0,0,0,0,795228.4393,5818687.319,13.34408129,52.4384714
7,7040404.0,Marienhöhe,7400826.0,2018,2,11,2,3,0,3,0,0,0,0,0,1,0,796519.7729,5819859.773,13.36406309,52.44828293
12,12301203.0,Wittenau Süd                                                                                        ,12500926.0,2018,2,15,2,2,5,2,0,0,0,0,1,0,0,793009.1334,5835695.25,13.32650466,52.59213449
7,7040402.0,Lindenhofsiedlung,7400822.0,2018,2,11,3,3,5,3,0,1,0,0,0,0,0,796608.6909,5821154.031,13.36651722,52.45983661
2,2030401.0,Reichenberger Straße,2300418.0,2018,2,15,2,3,5,3,0,1,0,0,0,0,0,801410.741,5825303.002,13.44073168,52.49439758
2,2020204.0,Urbanstraße,2200210.0,2018,2,10,2,3,5,3,0,1,0,0,0,0,1,799003.4867,5825343.557,13.40541597,52.49608514
2,2010104.0,Wassertorplatz,2100106.0,2018,2,14,1,3,0,1,0,0,0,0,0,0,1,799791.0517,5825718.286,13.41731954,52.49901199
5,5020625.0,Borkumer Straße                                                                                     ,5200629.0,2018,2,6,2,3,5,2,2,1,0,0,0,0,1,784666.0818,5828463.934,13.19747417,52.53173012
12,12214424.0,Scharnweberstraße                                                                                   ,12200411.0,2018,2,12,5,3,5,2,0,1,0,0,0,0,0,793181.4888,5832322.732,13.32605927,52.56180894
1,1022207.0,Hansaviertel,1200629.0,2018,2,7,6,3,5,3,1,1,0,0,0,0,1,794497.1827,5827802.117,13.34140536,52.52057483
8,8010404.0,Rixdorf,8100415.0,2018,2,18,2,3,3,6,2,1,0,0,0,0,1,801595.7153,5823798.447,13.44208654,52.48080983
4,4041241.0,Breite Straße,4400832.0,2018,2,16,3,3,6,7,0,0,1,0,0,0,0,791561.1004,5822222.953,13.2933717,52.47213592
4,4051654.0,Wilhelmsaue,4501150.0,2018,2,9,1,3,5,2,0,1,0,0,0,0,0,793455.2291,5823943.215,13.3226917,52.48654317
2,2020206.0,Graefekiez,2200213.0,2018,2,18,7,3,6,4,2,0,1,0,0,0,0,799673.1957,5824852.736,13.41480997,52.49131837
1,1011203.0,Unter den Linden Süd,1100206.0,2018,2,12,7,3,5,5,0,1,0,0,0,0,1,797484.1397,5827277.894,13.38483018,52.51425451
9,9010101.0,Elsenstraße                                                                                         ,9100101.0,2018,2,9,6,3,5,2,0,0,0,0,1,0,0,802342.4575,5824747.594,13.45390985,52.48890416
1,1011204.0,Leipziger Straße                                                                                    ,1100207.0,2018,2,18,7,3,5,2,2,1,0,0,0,0,0,798616.2254,5827001.398,13.4012153,52.51115748
2,2030301.0,Oranienplatz,2300314.0,2018,2,16,6,3,1,5,0,1,0,0,0,0,0,799862.7167,5825851.659,13.41849217,52.5001681
3,3071638.0,Winsstraße,3701658.0,2018,2,20,6,3,0,7,1,1,0,0,0,0,1,800283.2846,5829804.818,13.42823723,52.53537029
11,11030721.0,Rüdigerstraße,11300724.0,2018,2,22,5,2,5,3,2,1,0,0,0,0,1,804606.9609,5827499.79,13.48967547,52.51231223
7,7040401.0,Neu-Tempelhof,7400721.0,2018,2,0,4,3,0,1,2,0,0,0,0,0,0,798355.8882,5823947.81,13.39465534,52.48392842
10,10010308.0,Marzahner Chaussee,10100311.0,2018,2,9,6,3,5,2,0,0,0,0,0,1,0,806458.6452,5829889.248,13.51907753,52.5326899
7,7010104.0,Dennewitzplatz,7100205.0,2018,2,19,6,3,5,3,2,1,0,0,0,0,1,796340.7328,5825088.388,13.36608117,52.49525009
1,1022104.0,Emdener Straße                                                                                      ,1200520.0,2018,2,19,6,3,5,2,2,1,0,0,0,0,1,794563.6239,5828438.649,13.34294555,52.52624502
10,10030725.0,Buckower Ring,10300732.0,2018,2,16,4,3,5,3,0,1,0,0,0,0,0,809691.4218,5829701.347,13.56640974,52.52917899
2,2010103.0,Moritzplatz,2100105.0,2018,2,9,6,3,5,3,0,1,0,0,0,0,0,799385.6761,5825908.573,13.41153678,52.50094017
11,11020514.0,Große-Leege-Straße,11200513.0,2018,2,15,5,3,0,2,0,0,0,0,0,1,0,803850.9014,5830391.989,13.48121141,52.53865571
8,8010214.0,Glasower Straße,8100209.0,2018,2,16,5,3,5,2,0,1,0,0,0,0,0,801753.564,5822049.587,13.44282181,52.46504727
10,10030725.0,Buckower Ring,10300732.0,2018,2,17,5,3,5,3,1,1,0,0,0,0,0,809907.039,5829669.767,13.5695486,52.52877346
4,4030622.0,Richard-Wagner-Straße,4300621.0,2018,2,8,4,3,2,6,0,0,0,0,0,0,0,792180.5374,5827025.72,13.30667733,52.51486088
6,6020410.0,Oberhofer Platz,6200422.0,2018,2,8,2,3,5,3,0,1,0,0,0,0,2,794571.4754,5817030.267,13.3329848,52.42397089
2,2050602.0,Samariterviertel,2500727.0,2018,2,14,4,3,5,2,0,1,0,0,0,0,0,802041.2099,5828020.207,13.45245523,52.5184035
4,4030623.0,Ernst-Reuter-Platz,4300622.0,2018,2,13,5,3,5,2,0,1,0,0,0,0,0,793680.1855,5826378.253,13.3281421,52.50825122
2,2050803.0,Stralauer Kiez,2500835.0,2018,2,13,1,3,5,2,0,1,0,0,0,0,0,803080.2117,5826030.155,13.46590893,52.49999055
8,8040933.0,Vogelviertel Süd,8401139.0,2018,2,6,4,3,5,3,1,1,0,0,0,0,0,803027.1194,5819381.506,13.45909037,52.44042843
2,2050602.0,Samariterviertel,2500727.0,2018,2,11,4,3,1,5,0,0,0,0,1,0,0,802183.6694,5828102.914,13.45462349,52.51906588
9,9010101.0,Elsenstraße                                                                                         ,9100101.0,2018,2,7,3,3,1,5,0,1,0,0,0,0,0,802026.5134,5824664.93,13.44919591,52.48833811
1,1011302.0,Oranienburger Straße                                                                                ,1100309.0,2018,2,9,4,3,5,2,0,1,0,0,0,0,0,798621.0424,5828992.3,13.40307333,52.52900052
3,3040614.0,Pankow Zentrum                                                                                      ,3400725.0,2018,2,17,4,3,0,7,2,0,0,0,0,0,0,798864.569,5834867.804,13.41194226,52.581532
1,1011305.0,Heine-Viertel West,1100312.0,2018,2,15,3,3,5,2,0,1,0,0,0,0,0,798859.618,5826649.156,13.40447481,52.50786683
1,1011305.0,Heine-Viertel West,1100312.0,2018,2,16,4,3,6,4,0,0,1,0,0,0,0,799016.4491,5827062.15,13.40714971,52.5114828
2,2050801.0,Traveplatz,2500832.0,2018,2,14,4,3,2,6,0,0,0,0,0,0,0,803296.5792,5826762.044,13.46975322,52.50643012
8,8010214.0,Glasower Straße,8100209.0,2018,2,14,4,3,2,6,0,1,0,0,0,0,0,801569.6322,5822303.204,13.44035174,52.46742205
7,7030301.0,Friedenau,7300517.0,2018,2,11,4,2,5,3,0,1,0,0,0,0,0,794203.5852,5822747.64,13.33262602,52.47542269
8,8041035.0,Blumenviertel,8401241.0,2018,2,17,2,3,5,3,1,1,0,0,0,0,0,804356.3043,5818319.574,13.47761805,52.43017243
7,7030303.0,Grazer Platz,7300619.0,2018,2,13,3,3,5,2,0,0,0,0,0,1,0,796191.4301,5822784.925,13.36184155,52.47468256
5,5020626.0,Adamstraße                                                                                          ,5200630.0,2018,2,9,2,3,1,5,0,1,0,0,0,0,0,784511.2641,5827117.425,13.19404587,52.5197381
12,12301203.0,Wittenau Süd                                                                                        ,12500926.0,2018,2,14,5,3,5,2,0,1,0,0,0,0,0,793413.891,5836084.821,13.33280777,52.59540853
1,1011402.0,Arkonaplatz,1100416.0,2018,2,18,3,3,5,3,2,1,0,0,0,0,0,798287.1562,5830079.42,13.39914169,52.53892787
2,2010103.0,Moritzplatz,2100104.0,2018,2,0,3,2,5,3,2,1,0,0,0,0,0,799281.2641,5826219.832,13.41028294,52.50378743
4,4030827.0,Karl-August-Platz,4300623.0,2018,2,9,7,2,0,7,0,0,0,0,0,0,0,792256.9036,5826004.443,13.30690271,52.50566446
10,10040830.0,Kaulsdorf Süd                                                                                       ,10400837.0,2018,2,8,3,3,5,3,0,1,0,0,0,0,0,810863.0059,5826875.804,13.58098512,52.50319137
6,6030609.0,Augustaplatz,6300633.0,2018,2,14,3,3,5,2,0,1,0,0,0,0,0,793263.557,5819084.257,13.31560708,52.44308703
2,2010101.0,Askanischer Platz,2100101.0,2018,2,9,3,3,5,3,0,1,0,0,0,0,0,797383.5916,5825854.735,13.38208145,52.50155233
2,2020204.0,Urbanstraße,2200210.0,2018,2,10,3,3,5,2,0,1,0,0,0,0,0,798045.2033,5824879.783,13.39092716,52.49245211
2,2010103.0,Moritzplatz,2100104.0,2018,2,20,2,3,5,3,2,1,0,0,0,0,0,799281.7464,5826219.656,13.41028986,52.50378559
3,3040614.0,Pankow Zentrum                                                                                      ,3400725.0,2018,2,17,2,2,2,6,1,1,0,0,0,0,0,798681.9195,5834909.426,13.40929212,52.58200538
4,4030931.0,Breitscheidplatz,4501042.0,2018,2,18,2,3,3,6,2,1,0,0,0,0,0,794234.9317,5825969.125,13.33593072,52.50428471
3,3071537.0,Kollwitzplatz,3701556.0,2018,2,16,5,3,0,2,0,1,0,0,0,0,0,799744.0625,5829358.478,13.41990863,52.5316664
1,1011303.0,Alexanderplatzviertel,1100310.0,2018,2,8,2,3,1,5,0,1,0,0,0,0,0,799133.6827,5828551.019,13.41021075,52.52476404
2,2020203.0,Viktoriapark,2200208.0,2018,2,14,2,3,5,3,0,0,0,0,0,1,0,797804.931,5824909.685,13.38742538,52.49285128
1,1044201.0,Reinickendorfer Straße                                                                              ,1401043.0,2018,2,14,2,3,5,2,0,1,0,0,0,0,0,795681.01,5830935.6,13.36158989,52.54802305
10,10010203.0,Gewerbegebiet Bitterfelder Straße                                                                   ,10100205.0,2018,2,14,2,2,5,3,0,1,0,0,0,0,0,808292.8654,5832807.906,13.5487417,52.55781204
1,1033203.0,Humboldthain Nordwest                                                                               ,1300836.0,2018,2,13,7,3,1,5,0,1,0,0,0,0,0,796576.2927,5830887.573,13.37471153,52.54710589
4,4051550.0,Leon-Jessel-Platz,4501147.0,2018,2,9,2,3,5,5,0,1,0,0,0,0,0,793015.5561,5824347.768,13.31659085,52.49040601
6,6010209.0,Feuerbachstraße                                                                                     ,6100209.0,2018,2,20,2,3,1,5,2,1,0,0,0,0,0,794500.8923,5821451.78,13.33584686,52.46364575
11,11030721.0,Rüdigerstraße,11300722.0,2018,2,14,2,2,5,3,0,1,0,0,0,0,0,803447.9878,5828360.392,13.47343464,52.52067156
6,6020409.0,Königsberger Straße                                                                                 ,6200421.0,2018,2,16,2,2,5,3,0,1,0,0,0,0,0,793824.1955,5817784.161,13.32268904,52.43113112
6,6040703.0,Nikolassee,6400737.0,2018,2,1,1,2,1,5,2,1,0,0,0,0,1,786550.7113,5817576.966,13.21582375,52.43313203
12,12224230.0,Heiligensee,12400617.0,2018,2,8,5,3,5,3,0,1,0,0,0,0,0,785681.4385,5838024.787,13.22063962,52.61691887
2,2030302.0,Lausitzer Platz,2300315.0,2018,2,0,7,3,0,1,2,0,0,0,0,0,0,800432.0602,5825770.445,13.42678104,52.499127
6,6020411.0,Schütte-Lanz-Straße                                                                                 ,6200423.0,2018,2,9,1,2,5,3,0,1,0,0,0,0,0,794753.898,5815618.55,13.33441637,52.41121722
3,3020307.0,Buchholz,3200310.0,2018,2,2,1,3,0,1,2,0,0,0,0,0,0,799574.8644,5837789.187,13.42503641,52.60732647
3,3051017.0,Rennbahnstraße,3501038.0,2018,2,5,5,3,5,3,2,1,0,0,0,0,0,803457.0568,5832810.98,13.47763277,52.56055576
4,4030828.0,Savignyplatz,4300624.0,2018,2,18,4,2,0,5,2,1,0,0,0,0,0,793222.5862,5826094.599,13.32116919,52.50595453
1,1011101.0,Stülerstraße                                                                                        ,1100101.0,2018,2,12,7,3,6,6,0,0,1,0,0,0,0,794536.6379,5826105.855,13.34048385,52.50534763
7,7030301.0,Friedenau,7300516.0,2018,2,16,2,2,5,3,0,1,0,0,0,0,0,794143.3633,5822090.575,13.33116251,52.46956484
10,10040828.0,Kaulsdorf Nord                                                                                      ,10400835.0,2018,2,7,5,3,1,5,0,1,0,0,0,1,0,811420.9335,5828080.336,13.59030513,52.51366745
9,9010101.0,Elsenstraße                                                                                         ,9100101.0,2018,2,15,7,3,5,3,0,1,0,0,0,0,0,802205.2172,5824896.656,13.45202992,52.49031619
1,1011306.0,Heine-Viertel Ost,1100313.0,2018,2,18,6,3,1,5,2,1,0,0,0,0,0,800286.8144,5826803.733,13.4255797,52.50846868
9,9041501.0,Altstadt Kietz,9401534.0,2018,2,9,5,2,5,3,0,1,0,0,0,0,0,811256.8087,5820188.649,13.58052863,52.44304026
7,7040405.0,Rathaus Tempelhof,7400927.0,2018,2,9,2,3,5,2,0,0,0,0,1,0,1,799146.878,5821297.909,13.40389265,52.45974284
2,2050602.0,Samariterviertel,2500727.0,2018,2,18,7,3,5,2,2,1,0,0,0,0,0,802710.0506,5828215.365,13.46245988,52.51978184
9,9051702.0,Bölschestraße,9501737.0,2018,2,15,7,3,5,7,0,1,0,0,0,0,0,814156.4817,5820781.52,13.62360816,52.44669495
2,2040703.0,Wriezener Bahnhof/Entwicklungsgebiet,2400625.0,2018,2,19,3,3,1,5,2,1,0,0,0,1,0,801421.0313,5826419.957,13.44189366,52.50440336
8,8020619.0,Buschkrugallee Nord,8200622.0,2018,2,14,7,3,5,3,0,1,0,0,0,0,0,801910.6032,5821769.634,13.44487315,52.46245125
3,3061441.0,Eldenaer Straße,3601453.0,2018,2,7,6,3,5,2,0,1,0,0,0,0,0,802273.7481,5828573.474,13.45637463,52.52323357
4,4051448.0,Schaperstraße,4501045.0,2018,2,13,5,3,2,2,0,1,0,0,0,0,0,794183.1552,5825307.384,13.3345855,52.49838048
7,7070702.0,Alt-Lichtenrade/Töpchiner Weg,7601443.0,2018,2,7,6,3,0,7,1,0,0,0,0,0,0,799937.3823,5814657.0,13.40953645,52.39978293
4,4041344.0,Rüdesheimer Platz,4400835.0,2018,2,21,6,3,5,3,2,1,0,0,0,0,0,793359.1945,5822490.612,13.32000337,52.47357271
6,6010209.0,Feuerbachstraße                                                                                     ,6100209.0,2018,2,23,1,2,1,1,2,1,0,0,0,0,0,794350.0644,5820849.206,13.3331018,52.45832523
8,8010301.0,Reuterkiez,8100311.0,2018,2,12,6,3,5,3,0,1,0,0,0,0,0,800523.6048,5824435.548,13.42692148,52.48711145
8,8010301.0,Reuterkiez,8100312.0,2018,2,8,3,2,5,2,0,1,0,0,0,0,0,801708.6987,5824248.906,13.44415286,52.48478495
1,1011306.0,Heine-Viertel Ost,1100313.0,2018,2,15,6,3,1,6,0,0,0,0,0,1,0,799961.9612,5826447.146,13.42048625,52.50545116
6,6030609.0,Augustaplatz,6300633.0,2018,2,16,6,3,5,3,0,1,0,0,0,0,0,792633.2546,5818160.149,13.30555103,52.43514018
4,4030931.0,Breitscheidplatz,4501042.0,2018,2,15,5,3,5,2,0,0,0,0,0,1,0,793996.4524,5826165.075,13.33260038,52.50616985
4,4030623.0,Ernst-Reuter-Platz,4300622.0,2018,2,9,6,3,5,2,0,1,0,0,0,0,0,793677.8893,5826066.751,13.32783356,52.50545999
1,1011202.0,Unter den Linden Nord,1100206.0,2018,2,23,6,3,0,1,2,0,0,0,0,0,0,798541.6674,5827814.513,13.40084946,52.51848676
4,4041241.0,Breite Straße,4400832.0,2018,2,7,5,2,0,1,0,0,0,0,0,0,0,791909.3195,5822269.121,13.29852413,52.47236384
1,1033102.0,Gesundbrunnen,1300733.0,2018,2,18,2,3,5,2,2,1,0,0,0,0,0,797279.7209,5831264.28,13.38539182,52.55009921
1,1011204.0,Leipziger Straße                                                                                    ,1100207.0,2018,2,18,6,3,3,2,2,1,0,0,0,0,0,798558.0568,5826814.32,13.40019291,52.50951242
4,4030623.0,Ernst-Reuter-Platz,4300622.0,2018,2,18,7,2,5,2,2,1,0,0,0,0,0,793246.8675,5826749.082,13.32210251,52.51180865
1,1033101.0,Soldiner Straße                                                                                     ,1300732.0,2018,2,15,5,3,5,2,0,1,0,0,0,0,0,797395.7009,5832482.811,13.38818896,52.56095849
5,5020627.0,Tiefwerder,5200632.0,2018,2,12,6,3,5,2,0,1,0,0,0,0,0,785650.7654,5828023.815,13.21157285,52.52726893
1,1033102.0,Gesundbrunnen,1300733.0,2018,2,9,6,3,2,6,0,1,0,0,0,0,1,797184.5839,5831346.881,13.38406678,52.55089154
3,3040614.0,Pankow Zentrum                                                                                      ,3400721.0,2018,2,8,6,3,5,3,0,1,0,0,0,0,1,798366.7843,5832826.725,13.402781,52.56350995
9,9052001.0,Köpenick Nord                                                                                       ,9502043.0,2018,2,2,6,3,0,1,2,0,0,0,0,0,1,810977.1614,5822052.277,13.57816266,52.45990038
1,1044101.0,Rehberge,1400938.0,2018,2,16,5,3,5,2,2,1,0,0,0,0,0,794020.3427,5830176.297,13.33649774,52.54211524
1,1022203.0,Lübecker Straße                                                                                     ,1200625.0,2018,2,7,2,2,2,6,1,1,0,0,0,0,2,795312.8994,5828517.191,13.35402774,52.52654374
1,1022101.0,Huttenkiez,1200517.0,2018,2,9,5,3,5,3,0,1,0,0,0,0,0,792966.0854,5828578.075,13.31958778,52.52835574
1,1011303.0,Alexanderplatzviertel,1100310.0,2018,2,9,5,3,0,1,0,0,0,0,0,0,0,798764.2517,5828220.784,13.40448497,52.52200651
8,8041037.0,Alt-Rudow,8401243.0,2018,3,17,2,3,1,5,0,1,0,0,0,0,0,806026.9157,5817316.005,13.50119547,52.42024599
2,2020204.0,Urbanstraße,2200210.0,2018,3,16,2,3,5,2,0,1,0,0,0,0,0,798842.184,5825105.835,13.40283377,52.49404262
1,1011402.0,Arkonaplatz,1100416.0,2018,3,19,3,3,5,3,2,0,0,0,0,1,1,798603.698,5829556.74,13.40332543,52.53406943
2,2020205.0,Chamissokiez,2200211.0,2018,3,20,3,3,1,5,2,1,0,0,0,0,1,798669.5228,5824518.419,13.39977157,52.48887172
2,2020206.0,Graefekiez,2200212.0,2018,2,10,4,3,2,7,0,1,0,0,0,0,0,800231.4185,5824399.362,13.42259871,52.48694785
1,1022206.0,Lüneburger Straße                                                                                   ,1200628.0,2018,3,16,2,3,5,3,0,1,0,0,0,0,1,796234.1763,5828127.853,13.36722121,52.5225539
1,1044101.0,Rehberge,1400937.0,2018,3,15,2,3,5,3,0,1,0,0,0,0,1,793145.7569,5831604.959,13.32489967,52.55539372
12,12231101.0,Hermsdorf,12400722.0,2018,3,13,2,3,5,3,0,1,0,0,0,0,1,791175.2538,5837719.68,13.30128989,52.61126778
5,5020522.0,Pillnitzer Weg,5200525.0,2018,3,6,2,3,0,1,2,0,0,0,0,0,2,781078.5868,5827813.913,13.14417739,52.52776356