district,LOR,street,LOR_2021,year,month,hour,weekday,category,accident_kind,accident_type,light_condition,car,pedestrian,motorcycle,goods_vehicle,others,road_condition,LINREFX,LINREFY,XGCSWGS84,YGCSWGS84
2,2010103.0,Moritzplatz,2100104.0,2018,3,18,3,3,5,3,2,1,0,0,0,0,1,799326.9124,5826235.581,13.41096761,52.50390356
3,3061429.0,Greifswalder Straße,3601449.0,2018,3,7,2,3,5,3,0,1,0,0,0,0,0,801893.6343,5830342.475,13.45239557,52.53929971
11,11041128.0,Sewanstraße,11401136.0,2018,3,11,2,3,1,5,0,1,0,0,0,0,0,805993.8899,5826343.759,13.50898658,52.50117527
1,1011101.0,Stülerstraße                                                                                        ,1100101.0,2018,3,12,2,3,5,3,0,1,0,0,0,0,0,795294.2818,5826264.331,13.35175461,52.50635871
4,4051447.0,Ludwigkirchplatz,4501044.0,2018,3,18,2,3,5,2,2,1,0,0,0,0,1,793216.6343,5825201.897,13.32029568,52.497955
2,2050803.0,Stralauer Kiez,2500835.0,2018,2,8,4,3,5,7,0,1,0,0,0,0,0,803085.4797,5825994.894,13.46595421,52.49967158
1,1011302.0,Oranienburger Straße                                                                                ,1100309.0,2018,3,18,2,3,2,2,2,1,0,0,0,0,1,797943.881,5828778.419,13.39292907,52.52745388
11,11010103.0,Dorf Falkenberg,11100102.0,2018,3,20,2,3,5,3,2,1,0,0,0,0,1,807497.3068,5834096.56,13.53823786,52.5698106
1,1022201.0,Stephankiez,1200623.0,2018,3,19,2,3,1,5,2,1,0,0,0,0,1,795212.3994,5829327.553,13.35327025,52.53386241
2,2020206.0,Graefekiez,2200212.0,2018,3,19,2,3,1,5,2,1,0,0,0,0,1,799243.8407,5824639.878,13.40831388,52.48964593
7,7010102.0,Nollendorfplatz,7100102.0,2018,3,19,3,3,6,4,2,0,1,0,0,0,1,795235.6317,5825157.242,13.34991147,52.49646621
1,1011401.0,Invalidenstraße                                                                                     ,1100415.0,2018,3,9,2,3,0,1,0,0,0,0,0,0,0,798294.836,5829369.21,13.39861713,52.5325576
2,2020204.0,Urbanstraße,2200210.0,2018,3,15,1,3,5,3,0,0,0,0,0,1,0,798426.7425,5824786.302,13.39644647,52.49140572
6,6020408.0,Lichterfelde Süd                                                                                    ,6200420.0,2018,3,11,7,2,5,3,0,0,0,0,0,1,0,792707.3089,5816145.404,13.30487412,52.41703855
6,6040702.0,Düppel,6400736.0,2018,3,14,1,3,6,4,0,0,1,0,0,0,0,786159.4103,5816017.666,13.20874959,52.41935615
3,3010102.0,Buch,3100103.0,2018,3,6,1,2,0,1,0,0,0,0,0,0,0,804356.1135,5840275.213,13.49771331,52.62695131
12,12231102.0,Frohnau,12400721.0,2018,3,2,1,3,3,6,2,1,0,0,0,0,0,791105.1306,5841256.614,13.30337212,52.64301272
12,12301204.0,Wittenau Nord                                                                                       ,12500927.0,2018,3,16,1,3,1,6,0,1,0,0,0,1,0,791908.8997,5835710.602,13.31032248,52.59286373
4,4030726.0,Droysenstraße,4500936.0,2018,3,18,1,3,5,2,2,1,0,0,0,0,0,792298.2332,5825390.385,13.30697085,52.50013742
9,9020802.0,Köllnische Vorstadt                                                                                 ,9200819.0,2018,3,16,3,3,5,2,0,1,0,0,0,0,1,810530.3871,5820024.379,13.56972276,52.4419811
1,1044202.0,Sparrplatz,1401046.0,2018,3,17,1,3,5,3,1,1,0,0,0,0,0,795135.3491,5829976.66,13.3527141,52.53972286
2,2030301.0,Oranienplatz,2300314.0,2018,2,8,4,3,1,6,0,0,0,0,0,1,0,800045.3822,5825927.911,13.42124376,52.50075117
5,5010207.0,Darbystraße                                                                                         ,5100209.0,2018,3,15,1,3,5,3,0,1,0,0,0,0,0,783469.0188,5830261.927,13.18140846,52.54847515
4,4030726.0,Droysenstraße,4500936.0,2018,3,11,7,2,1,5,0,1,0,0,0,0,0,792078.2138,5825546.806,13.30387603,52.50165752
1,1011202.0,Unter den Linden Nord,1100206.0,2018,3,13,1,3,0,2,0,0,0,0,0,1,0,797200.5195,5827492.554,13.38085472,52.51633331
4,4061757.0,Forst Grunewald,4200207.0,2018,3,11,1,2,1,5,0,1,0,0,0,0,0,786619.6231,5825109.082,13.22330468,52.50062771
2,2050801.0,Traveplatz,2500832.0,2018,3,16,7,3,2,2,0,1,0,0,0,0,0,803507.2382,5827093.606,13.47314977,52.5092847
6,6020410.0,Oberhofer Platz,6200422.0,2018,3,10,1,3,5,3,0,1,0,0,0,0,0,795107.9553,5816208.515,13.3401268,52.41631523
11,11040925.0,Victoriastadt,11400927.0,2018,3,19,6,3,5,2,2,1,0,0,0,0,0,803415.4645,5826627.06,13.47137645,52.50515419
2,2040701.0,Andreasviertel,2400623.0,2018,3,3,1,3,1,5,2,1,0,0,0,0,1,800437.1792,5827103.07,13.42805875,52.51106895
12,12304313.0,Borsigwalde,12500825.0,2018,3,14,7,3,5,2,0,1,0,0,0,0,0,792013.6234,5834796.823,13.31105863,52.58461586
12,12214527.0,Alt-Tegel,12200515.0,2018,3,10,7,3,5,7,0,1,0,0,0,0,1,790482.3993,5835082.567,13.2887724,52.58799726
10,10020415.0,Hellersdorfer Promenade,10200422.0,2018,3,19,3,2,0,7,2,0,0,0,0,0,1,812316.3107,5831279.674,13.60646157,52.54182514
12,12301203.0,Wittenau Süd                                                                                        ,12500930.0,2018,3,14,6,3,5,3,0,1,0,0,0,0,0,793944.9578,5835308.191,13.33993633,52.58815985
12,12214125.0,Waldidyll/Flughafensee,12200412.0,2018,3,20,6,3,5,3,2,1,0,0,0,0,0,791381.0661,5833134.436,13.30028756,52.57005216
2,2030302.0,Lausitzer Platz,2300315.0,2018,3,8,6,2,5,3,0,1,0,0,0,0,0,800490.1828,5825779.006,13.42764241,52.49917174
4,4051551.0,Brabanter Platz,4501148.0,2018,3,7,6,3,5,2,0,1,0,0,0,0,0,793347.3054,5823076.348,13.32034406,52.47883001
1,1011303.0,Alexanderplatzviertel,1100310.0,2018,3,9,6,3,1,5,0,1,0,0,0,0,0,798802.05,5828233.927,13.40505223,52.52210361
9,9010101.0,Elsenstraße                                                                                         ,9100101.0,2018,3,17,3,3,5,2,1,1,0,0,0,0,1,802127.0282,5825061.038,13.45103088,52.49183284
2,2030301.0,Oranienplatz,2300314.0,2018,3,15,6,3,3,2,0,0,0,0,0,1,0,799722.2838,5826054.476,13.41661211,52.50206319
6,6040703.0,Nikolassee,6400737.0,2018,3,7,6,3,5,3,0,1,0,0,0,0,1,786412.0468,5817176.724,13.21344682,52.42961609
4,4031032.0,Halensee,4500937.0,2018,3,19,6,3,5,7,2,1,0,0,0,0,0,791452.5093,5825067.163,13.29426447,52.49769212
1,1011304.0,Karl-Marx-Allee,1100311.0,2018,3,4,6,3,5,3,1,1,0,0,0,0,0,800053.3941,5828096.651,13.42331656,52.52018603
2,2010104.0,Wassertorplatz,2100106.0,2018,3,19,5,3,3,6,2,1,0,0,0,0,0,799786.9216,5825698.692,13.41724125,52.49883863
1,1011305.0,Heine-Viertel West,1100312.0,2018,3,12,5,3,5,5,0,1,0,0,0,0,0,799503.0259,5826677.099,13.4139517,52.50776446
9,9051801.0,Rahnsdorf/Hessenwinkel,9501838.0,2018,3,7,6,3,0,1,0,0,0,0,0,0,2,816863.4319,5821250.726,13.66375011,52.44933737
3,3061228.0,Erich-Weinert-Straße,3601245.0,2018,3,11,5,3,2,2,0,1,0,0,0,0,0,800291.7404,5831557.866,13.42994621,52.55107865
1,1011105.0,Nördlicher Landwehrkanal                                                                            ,1100102.0,2018,3,15,6,3,5,2,0,1,0,0,0,0,0,796414.2373,5826326.511,13.36826275,52.50630877
12,12103218.0,Teichstraße,12100205.0,2018,3,8,2,3,0,1,0,0,0,0,0,0,2,795468.4197,5834228.149,13.36139582,52.577653
2,2050602.0,Samariterviertel,2500728.0,2018,3,22,5,3,6,7,2,0,1,0,0,0,0,803111.9292,5827765.96,13.46795526,52.51553067
3,3040614.0,Pankow Zentrum                                                                                      ,3400724.0,2018,3,17,5,3,5,3,0,1,0,0,0,0,0,798775.366,5834067.478,13.40990837,52.57440732
9,9051702.0,Bölschestraße,9501737.0,2018,3,19,5,3,5,2,2,1,0,0,0,0,0,814087.7426,5821209.306,13.62300226,52.45056783
1,1011301.0,Charitéviertel,1100308.0,2018,3,9,5,3,5,2,0,1,0,0,0,0,0,797127.7638,5828200.619,13.38041813,52.52271996
2,2010103.0,Moritzplatz,2100104.0,2018,3,9,5,3,5,2,0,1,0,0,0,0,0,799333.326,5826188.756,13.41101973,52.50348032
10,10010309.0,Springpfuhl,10100312.0,2018,3,12,5,3,5,2,0,1,0,0,0,0,1,807934.6064,5829198.18,13.54012811,52.52566483
9,9020701.0,Adlershof West,9200715.0,2018,3,6,5,3,5,2,1,0,0,0,1,0,1,808253.7644,5818811.878,13.5352166,52.43240254
10,10020517.0,Adele-Sandrock-Straße                                                                               ,10200524.0,2018,3,8,5,3,0,6,0,0,0,0,0,1,0,812449.6269,5830357.629,13.60755409,52.53348622
3,3040614.0,Pankow Zentrum                                                                                      ,3400723.0,2018,3,10,5,3,1,5,0,1,0,0,0,0,1,799162.9203,5833563.124,13.41515522,52.56967372
1,1011305.0,Heine-Viertel West,1100312.0,2018,3,17,5,3,1,5,2,1,0,0,0,0,0,799065.7296,5827092.345,13.40790085,52.51172643
3,3061429.0,Greifswalder Straße,3601449.0,2018,3,10,3,3,6,4,0,0,1,0,0,0,0,801137.1506,5830739.782,13.44163537,52.54327937
6,6030609.0,Augustaplatz,6300633.0,2018,3,7,5,3,5,3,0,1,0,0,0,0,1,793201.5085,5818376.291,13.3140757,52.43677353
3,3061441.0,Eldenaer Straße,3601453.0,2018,3,17,5,3,5,3,2,1,0,0,0,0,0,802533.702,5828541.955,13.46016581,52.52280689
2,2050801.0,Traveplatz,2500832.0,2018,3,9,5,3,0,7,0,0,0,0,0,0,1,803420.4559,5826909.966,13.4717076,52.50768705
1,1011304.0,Karl-Marx-Allee,1100311.0,2018,3,8,4,3,5,3,0,1,0,0,0,0,0,799818.8772,5827505.567,13.41933788,52.51501688
6,6020409.0,Königsberger Straße                                                                                 ,6200421.0,2018,3,14,5,2,3,3,0,1,0,0,1,0,0,794034.3208,5817447.693,13.32547496,52.42800189
9,9030901.0,Dorf Altglienicke,9300920.0,2018,3,14,5,3,5,3,0,1,0,0,0,0,0,807818.9106,5817710.557,13.52782692,52.42277713
6,6040703.0,Nikolassee,6400737.0,2018,3,14,5,3,5,2,0,1,0,0,0,0,0,786585.2954,5817921.602,13.21662651,52.43620389
2,2040701.0,Andreasviertel,2400623.0,2018,3,9,4,3,5,3,0,1,0,0,0,0,1,800312.1577,5827612.714,13.42668199,52.5157059
1,1011302.0,Oranienburger Straße                                                                                ,1100309.0,2018,3,13,5,3,5,2,0,1,0,0,0,0,0,797686.291,5828774.773,13.38913998,52.52756191
4,4051655.0,Babelsberger Straße,4501153.0,2018,3,13,5,3,5,2,0,1,0,0,0,0,0,793922.0006,5823112.785,13.32881392,52.47884766
5,5020417.0,Staakener Straße                                                                                    ,5200420.0,2018,3,8,4,2,5,3,0,1,0,0,0,0,2,783417.3875,5828618.634,13.17924712,52.53376793
2,2020203.0,Viktoriapark,2200209.0,2018,2,13,4,3,5,2,0,0,0,0,0,1,0,797130.6434,5823996.568,13.37670878,52.48503361
9,9031001.0,Bohnsdorf,9301025.0,2018,3,18,4,2,5,3,2,1,0,0,0,0,1,811342.6311,5815638.713,13.57755326,52.40221679
3,3020209.0,Niederschönhausen,3200206.0,2018,2,12,4,3,5,2,0,1,0,0,0,0,0,798471.2258,5834861.062,13.40614821,52.58168748
4,4051652.0,Nikolsburger Platz,4501149.0,2018,3,17,4,3,7,7,0,0,0,0,0,0,1,793816.2476,5824455.66,13.32844495,52.49094285
7,7010102.0,Nollendorfplatz,7100103.0,2018,3,17,3,2,5,3,1,1,0,0,0,0,1,795696.9649,5825430.926,13.35693024,52.49866981
1,1011201.0,Wilhelmstraße                                                                                       ,1100205.0,2018,3,19,3,3,5,3,2,1,0,0,0,0,0,797157.6352,5826452.467,13.37929592,52.50703345
3,3061126.0,Arnimplatz,3601140.0,2018,3,16,2,3,5,2,0,1,0,0,0,0,0,798521.212,5831495.016,13.40385473,52.55148849
4,4051549.0,Rathaus Wilmersdorf,4501146.0,2018,3,7,2,3,6,4,1,0,1,0,0,0,0,792856.3865,5823935.763,13.31389119,52.48679792
6,6020305.0,Gemeindepark Lankwitz,6200316.0,2018,3,15,2,3,2,2,0,1,0,0,0,0,0,795869.3534,5818139.551,13.35299756,52.43321469
12,12214423.0,Mellerbogen,12200308.0,2018,3,16,3,3,2,6,0,1,0,0,0,0,1,792748.5968,5833255.697,13.32051478,52.57040545
4,4051550.0,Leon-Jessel-Platz,4501147.0,2018,3,15,3,3,0,5,0,1,0,0,0,0,0,793428.4153,5824504.054,13.32279177,52.49158529
9,9052001.0,Köpenick Nord                                                                                       ,9502043.0,2018,3,7,3,3,5,2,0,1,0,0,0,0,0,811156.4825,5822077.211,13.58081668,52.46002176
1,4030931.0,Breitscheidplatz,4501042.0,2018,3,13,2,3,0,1,0,0,0,0,0,0,1,794587.3233,5826052.391,13.34118115,52.50484099
8,8010118.0,Silbersteinstraße,8100104.0,2018,3,8,3,3,5,2,0,1,0,0,0,0,1,800232.6437,5822346.817,13.42076877,52.46854931
1,1011301.0,Charitéviertel,1100308.0,2018,3,18,2,3,5,3,0,1,0,0,0,0,0,796671.2434,5828260.205,13.37376233,52.52350267
1,1011302.0,Oranienburger Straße                                                                                ,1100309.0,2018,3,17,2,3,5,2,0,1,0,0,0,0,0,798542.3195,5828983.613,13.40190851,52.52896577
1,1011302.0,Oranienburger Straße                                                                                ,1100309.0,2018,3,15,2,3,3,6,0,1,0,0,0,0,0,798239.3188,5829016.867,13.397485,52.5294297
6,6040807.0,Zehlendorf Eiche                                                                                    ,6400841.0,2018,3,15,2,3,5,2,0,0,0,0,0,1,0,789692.4871,5818445.269,13.26266091,52.43926189
3,3071638.0,Winsstraße,3701658.0,2018,3,15,1,3,1,5,0,1,0,0,0,0,0,800260.0974,5829816.176,13.42790666,52.53548487
4,4051445.0,Eisenzahnstraße,4500939.0,2018,3,9,2,3,5,3,0,1,0,0,0,0,0,792029.9289,5824073.344,13.30187502,52.48847402
1,1011402.0,Arkonaplatz,1100416.0,2018,3,15,1,3,0,1,0,0,0,0,0,0,0,798605.1409,5829318.112,13.40313227,52.53192967
2,2050801.0,Traveplatz,2500832.0,2018,3,7,2,3,5,3,0,1,0,0,0,0,0,803179.3066,5826845.942,13.46810706,52.50724727
3,3061332.0,Helmholtzplatz,3601346.0,2018,3,13,1,3,5,2,0,1,0,0,0,0,0,799357.5596,5830719.511,13.41545392,52.54407833
4,4041239.0,Stadion Wilmersdorf,4400830.0,2018,3,14,2,3,5,2,0,1,0,0,0,0,0,792229.429,5823140.683,13.3039872,52.4800061
5,5010209.0,An der Kappe,5100211.0,2018,3,16,2,3,6,4,0,0,1,0,0,0,0,783182.7908,5830306.068,13.1772362,52.5490198
1,1033203.0,Humboldthain Nordwest                                                                               ,1300836.0,2018,3,17,2,2,5,2,0,1,0,0,0,0,0,796907.2404,5830719.383,13.3794274,52.54541799
6,6010101.0,Fichtenberg,6100101.0,2018,3,20,2,3,5,2,2,1,0,0,0,0,0,793313.5345,5820741.663,13.31779578,52.45791843
11,11020513.0,Orankesee,11200512.0,2018,3,20,7,2,0,1,2,0,0,0,0,0,0,804664.0384,5831484.542,13.49416555,52.5479937
2,2040702.0,Weberwiese,2400624.0,2018,3,16,7,3,5,2,0,1,0,0,0,0,0,801749.6141,5827411.871,13.44761915,52.51311235
1,1011302.0,Oranienburger Straße                                                                                ,1100309.0,2018,3,20,1,3,1,5,2,1,0,0,0,1,0,798663.5962,5828360.262,13.40313109,52.52331188
1,1011202.0,Unter den Linden Nord,1100206.0,2018,3,13,7,2,6,4,0,0,1,0,0,0,0,797672.4638,5827988.177,13.38823269,52.52051859
2,2020205.0,Chamissokiez,2200211.0,2018,3,17,6,3,3,6,0,1,0,0,0,0,0,798163.6372,5824758.766,13.39255812,52.49130266
2,2020204.0,Urbanstraße,2200210.0,2018,3,9,6,3,5,3,0,1,0,0,0,0,0,798622.1359,5825119.703,13.39961462,52.49428737
12,12302108.0,Märkisches Zentrum,12601134.0,2018,3,15,7,3,5,3,0,1,0,0,0,0,0,794115.5351,5836504.53,13.34350932,52.59879188
11,11040926.0,Weitlingstraße,11400928.0,2018,3,17,6,3,5,2,0,1,0,0,0,0,0,804467.7231,5826384.264,13.48660981,52.50239195
10,10010207.0,Marzahner Promenade,10100210.0,2018,3,14,6,3,5,3,0,0,0,0,0,1,0,808779.4769,5831663.415,13.55483247,52.54727979
1,1011302.0,Oranienburger Straße                                                                                ,1100309.0,2018,3,19,6,3,3,6,2,1,0,0,0,0,0,798735.2177,5829076.887,13.40482741,52.52969616
9,9020701.0,Adlershof West,9200715.0,2018,3,8,6,2,2,6,0,1,0,0,0,0,1,808009.4674,5818574.025,13.53141548,52.43040846
3,3071536.0,Teutoburger Platz,3701554.0,2018,3,8,6,3,6,7,0,0,1,0,0,0,1,799193.8332,5829455.45,13.41190861,52.53283789
11,11040926.0,Weitlingstraße,11400929.0,2018,3,15,6,3,3,6,0,1,0,0,0,0,1,805158.336,5827125.278,13.49743178,52.50864751
1,1011305.0,Heine-Viertel West,1100312.0,2018,3,11,6,3,5,2,0,0,0,1,0,0,1,799459.4993,5826567.636,13.41321382,52.50680718
8,8010303.0,Donaustraße,8100314.0,2018,3,13,6,3,6,4,0,0,1,0,0,0,1,801042.3665,5823862.355,13.43402072,52.48168797
4,4030725.0,Amtsgerichtsplatz,4300416.0,2018,3,13,6,2,3,6,0,0,0,0,1,0,0,791731.0612,5826074.153,13.29923834,52.50657083
9,9041601.0,Müggelheim,9401635.0,2018,3,13,6,3,4,6,0,0,0,1,0,0,0,817280.3916,5816912.015,13.66574901,52.41021875
6,6010209.0,Feuerbachstraße                                                                                     ,6100209.0,2018,3,12,3,3,1,3,0,1,0,0,0,0,0,794500.1907,5820874.161,13.33532694,52.45846807
4,4010101.0,Jungfernheide,4100101.0,2018,3,17,5,3,5,3,0,1,0,0,0,0,1,789943.1521,5829512.94,13.27596777,52.53835314
2,2050601.0,Hausburgviertel,2500726.0,2018,3,8,5,3,5,2,0,0,0,0,0,1,0,801893.5331,5828456.01,13.45068095,52.52239138
3,3050923.0,Weißenseer Spitze,3500934.0,2018,3,12,3,2,5,2,0,0,0,0,0,1,0,800225.871,5832094.504,13.42946294,52.55592497
12,12103115.0,Breitkopfbecken,12100103.0,2018,3,15,5,3,5,3,0,1,0,0,0,0,1,796310.1657,5833949.302,13.37353228,52.57469577
2,2010103.0,Moritzplatz,2100104.0,2018,3,10,5,3,5,2,0,1,0,0,0,0,0,799491.7645,5826136.071,13.41329959,52.50292114
1,1011305.0,Heine-Viertel West,1100312.0,2018,3,14,5,3,5,2,0,1,0,0,0,0,1,799306.2982,5827222.402,13.41155212,52.51276026
11,11020514.0,Große-Leege-Straße,11200513.0,2018,3,11,5,3,5,3,0,1,0,0,0,0,0,804043.5819,5830515.931,13.48415703,52.53965908
7,7030302.0,Ceciliengärten,7300618.0,2018,3,12,5,3,1,5,0,0,0,0,0,1,1,795000.231,5822853.17,13.34441469,52.47593901
1,1033102.0,Gesundbrunnen,1300733.0,2018,3,20,5,2,5,2,2,0,0,0,0,1,1,797448.9298,5831267.603,13.38788297,52.55003662
6,6030610.0,Lichterfelde West                                                                                   ,6300634.0,2018,3,14,2,3,5,2,0,1,0,0,0,0,0,792099.5657,5818837.235,13.29831453,52.44149551
4,4030930.0,George-Grosz-Platz,4501041.0,2018,3,12,5,3,1,5,0,1,0,0,0,0,1,792959.9086,5825644.126,13.31691373,52.50205731
8,8010211.0,Flughafenstraße,8100206.0,2018,3,18,4,3,3,6,1,1,0,0,0,0,0,800529.6346,5823753.761,13.42639536,52.48099703
9,9010301.0,Baumschulenstraße,9100305.0,2018,3,7,5,2,5,3,0,1,0,0,0,0,1,804973.875,5822616.78,13.49059661,52.46834297
7,7040403.0,Manteuffelstraße                                                                                    ,7400823.0,2018,3,14,4,2,5,7,0,1,0,0,0,0,0,796909.1405,5822294.022,13.37194054,52.46989242
11,11051330.0,Karlshorst West,11501339.0,2018,3,10,4,3,5,3,0,1,0,0,0,0,0,807271.6828,5825406.111,13.52688693,52.49205398
4,4031032.0,Halensee,4500937.0,2018,3,7,4,3,5,3,0,1,0,0,0,0,1,791588.4328,5825315.99,13.2964789,52.49985022
2,2020205.0,Chamissokiez,2200211.0,2018,3,8,5,3,5,2,0,1,0,0,0,0,1,798508.08,5824511.188,13.39739446,52.4888952
1,1011101.0,Stülerstraße                                                                                        ,1100101.0,2018,3,10,5,3,5,2,0,1,0,0,0,0,1,795258.056,5826615.301,13.35153373,52.5095245
1,1011303.0,Alexanderplatzviertel,1100310.0,2018,3,11,2,3,5,3,0,1,0,0,0,0,0,799158.3451,5827808.446,13.40990532,52.51809445
7,7020203.0,Kaiser-Wilhelm-Platz,7200411.0,2018,3,19,4,3,1,5,2,1,0,0,0,0,0,795967.9546,5824084.882,13.35971486,52.48645677
4,4030519.0,Kaiserin-Augusta-Allee,4300518.0,2018,3,8,4,3,4,2,0,1,0,0,0,0,0,792005.3181,5828910.619,13.30575755,52.5318524
7,7070703.0,John-Locke-Straße                                                                                   ,7601544.0,2018,3,17,4,2,5,2,0,1,0,0,0,0,0,799854.5212,5813188.907,13.40700863,52.3866687
1,1011202.0,Unter den Linden Nord,1100206.0,2018,3,17,4,3,5,2,0,1,0,0,0,0,0,797199.138,5827496.139,13.38083762,52.5163662
1,1011301.0,Charitéviertel,1100308.0,2018,3,16,4,3,5,2,0,1,0,0,0,0,0,797075.6027,5828178.422,13.37963175,52.52254941
1,1011105.0,Nördlicher Landwehrkanal                                                                            ,1100102.0,2018,3,15,4,3,0,7,0,0,0,0,0,0,0,795483.5946,5826342.707,13.35460533,52.50695879
2,2040503.0,Richard-Sorge-Viertel,2400522.0,2018,3,15,4,3,2,6,0,0,0,0,0,0,0,801640.7482,5828333.532,13.44685539,52.5214335
8,8010303.0,Donaustraße,8100314.0,2018,3,14,4,3,1,5,0,1,0,0,0,0,1,801423.5327,5823868.285,13.43962194,52.48153086
3,3040614.0,Pankow Zentrum                                                                                      ,3400722.0,2018,3,19,4,3,1,7,2,1,0,0,0,0,0,798676.3458,5833844.749,13.40825093,52.57246525
11,11020412.0,Hauptstraße,11200411.0,2018,3,12,4,3,5,3,0,1,0,0,0,0,1,805842.3369,5831853.577,13.5118283,52.55064087
5,5010206.0,Gütersloher Weg,5100208.0,2018,3,14,4,3,5,2,0,1,0,0,0,0,0,782364.715,5830494.274,13.16536351,52.55113201
7,7040401.0,Neu-Tempelhof,7400721.0,2018,3,14,4,3,5,3,0,1,0,0,0,0,0,797311.1156,5823515.212,13.37892941,52.48062051
6,6010206.0,Stadtpark,6100206.0,2018,3,18,3,2,6,4,2,0,1,0,0,0,2,794785.7468,5819841.501,13.33860593,52.44905686
11,11030720.0,Herzbergstraße,11300721.0,2018,3,13,4,3,5,3,0,1,0,0,0,0,0,804919.1845,5829940.732,13.49649985,52.53401468
7,7040403.0,Manteuffelstraße                                                                                    ,7400825.0,2018,3,13,3,3,3,6,0,1,0,0,0,0,0,797830.0557,5820780.504,13.38410725,52.4558241
9,9020501.0,Oberschöneweide West,9200510.0,2018,3,10,3,3,0,7,0,0,0,0,0,0,0,806946.4711,5823355.609,13.52022407,52.47385989
6,6010101.0,Fichtenberg,6100101.0,2018,3,8,4,3,1,5,0,1,0,0,0,1,0,793173.5311,5820501.054,13.3155299,52.45583655
11,11051331.0,Karlshorst Nord,11501340.0,2018,3,6,4,3,5,2,0,1,0,0,0,0,0,807314.8842,5824798.191,13.52696065,52.48658141
7,7020201.0,Bayerischer Platz,7200307.0,2018,3,16,3,3,1,5,0,1,0,0,0,0,0,794647.6419,5824659.014,13.34083459,52.49231767
2,2030402.0,Wrangelkiez,2300419.0,2018,3,7,4,3,5,3,0,1,0,0,0,0,0,801989.4605,5825599.604,13.44949901,52.49673618
12,12301203.0,Wittenau Süd                                                                                        ,12500930.0,2018,3,16,3,3,5,2,0,1,0,0,0,0,0,792846.5597,5835131.477,13.3236132,52.58716813
4,4051448.0,Schaperstraße,4501045.0,2018,3,10,3,2,5,2,0,1,0,0,0,0,0,793965.8941,5824966.037,13.331093,52.49543756
7,7020203.0,Kaiser-Wilhelm-Platz,7200410.0,2018,3,7,4,3,5,2,0,1,0,0,0,0,0,795523.9284,5823860.297,13.3529956,52.48468406
3,3061429.0,Greifswalder Straße,3601449.0,2018,3,8,4,3,5,3,0,1,0,0,0,0,0,801940.1956,5830653.944,13.45336306,52.5420656
1,1011204.0,Leipziger Straße                                                                                    ,1100207.0,2018,3,8,3,3,5,7,0,0,0,0,1,0,1,798320.8556,5827444.014,13.39727265,52.51528656
1,1011402.0,Arkonaplatz,1100416.0,2018,4,9,2,3,1,5,0,1,0,0,0,0,0,798533.7777,5829163.401,13.40194441,52.53058199
2,2020206.0,Graefekiez,2200213.0,2018,4,15,2,3,5,2,0,1,0,0,0,0,0,799568.4071,5824909.705,13.41332241,52.49188652
8,8020727.0,Buckow Mitte,8200832.0,2018,4,6,3,3,5,2,0,1,0,0,0,0,1,800314.6767,5816750.647,13.41694324,52.41834283