district,LOR,street,LOR_2021,year,month,hour,weekday,category,accident_kind,accident_type,light_condition,car,pedestrian,motorcycle,goods_vehicle,others,road_condition,LINREFX,LINREFY,XGCSWGS84,YGCSWGS84
7,7010104.0,Dennewitzplatz,7100206.0,2018,4,12,2,3,5,2,0,1,0,0,0,0,0,796029.0863,5824492.97,13.36097501,52.49008179
12,12231102.0,Frohnau,12400721.0,2018,4,9,3,3,5,3,0,1,0,0,0,0,0,791309.8867,5840598.956,13.30580967,52.63700726
3,3061228.0,Erich-Weinert-Straße,3601245.0,2018,4,7,2,2,5,3,0,1,0,0,0,0,0,800164.5079,5830949.156,13.42752517,52.54569275
7,7060604.0,Marienfelde Süd,7601341.0,2018,4,5,2,2,5,3,1,0,0,0,1,0,0,798093.4291,5814982.731,13.38280375,52.40370955
3,3061430.0,Volkspark Prenzlauer Berg,3601450.0,2018,4,7,2,3,1,5,0,0,0,0,0,1,0,802271.2468,5829285.98,13.45698556,52.5296211
3,3061429.0,Greifswalder Straße,3601449.0,2018,4,19,2,3,0,3,1,1,0,0,0,0,0,801181.2045,5830698.636,13.44224572,52.54288623
1,1022206.0,Lüneburger Straße                                                                                   ,1200628.0,2018,4,15,2,3,0,7,0,0,0,0,0,0,0,796129.5007,5828135.447,13.36568967,52.52267883
2,2030302.0,Lausitzer Platz,2300315.0,2018,4,16,1,3,3,6,0,1,0,0,0,0,0,800406.1456,5825795.736,13.42642325,52.49936796
12,12231101.0,Hermsdorf,12400722.0,2018,4,15,2,3,5,2,0,1,0,0,0,0,0,791128.658,5838280.716,13.30109742,52.61632226
3,3010104.0,Lietzengraben,3100101.0,2018,4,14,2,3,5,3,0,1,0,0,0,0,0,800112.006,5840244.839,13.43517303,52.6290404
2,2030401.0,Reichenberger Straße,2300417.0,2018,4,12,1,3,5,3,0,1,0,0,0,0,0,800597.6012,5825201.757,13.42869914,52.49393851
6,6040806.0,Fischtal,6400840.0,2018,4,3,1,3,1,1,2,1,0,0,0,0,0,789378.5008,5819198.948,13.25870735,52.44618518
2,2020206.0,Graefekiez,2200213.0,2018,4,15,1,3,5,2,0,1,0,0,0,0,0,799560.4764,5824887.924,13.41318636,52.49169564
2,2020204.0,Urbanstraße,2200210.0,2018,4,20,1,2,5,2,2,1,0,0,0,0,1,798311.3362,5825327.503,13.39523632,52.49631998
1,1011301.0,Charitéviertel,1100308.0,2018,4,13,1,3,5,3,0,1,0,0,0,0,0,796954.644,5828917.376,13.37851408,52.52923921
10,10020622.0,Kaulsdorf Nord I                                                                                    ,10200629.0,2018,4,12,1,3,5,2,0,1,0,0,0,0,0,810542.7851,5827967.297,13.57730079,52.51315509
1,1011302.0,Oranienburger Straße                                                                                ,1100309.0,2018,4,17,1,3,0,1,0,0,0,0,0,0,0,798546.7328,5828973.138,13.40196397,52.52886946
3,3050924.0,Behaimstraße,3500935.0,2018,3,18,7,3,0,3,1,1,0,0,0,0,0,801622.1429,5831634.158,13.44957761,52.55102741
6,6040810.0,Dahlem,6400844.0,2018,4,14,1,1,0,3,0,1,0,0,0,0,0,790970.3213,5820710.827,13.28338015,52.45889457
9,9051701.0,Hirschgarten,9501736.0,2018,3,12,7,3,5,3,0,1,0,0,0,0,0,813655.7793,5821708.426,13.61713544,52.45528847
5,5010312.0,Kurstraße                                                                                           ,5100314.0,2018,4,12,1,2,5,3,0,1,0,0,0,0,0,784907.8337,5830123.697,13.20245171,52.54648516
11,11020514.0,Große-Leege-Straße,11200513.0,2018,4,19,7,3,5,3,2,1,0,0,0,0,0,804727.3301,5831202.269,13.49483708,52.54542845
12,12231102.0,Frohnau,12400721.0,2018,4,7,2,3,5,3,0,1,0,0,0,0,0,790284.0049,5840138.419,13.29028795,52.63342805
8,8041036.0,Zittauer Straße,8401242.0,2018,4,13,7,3,5,2,0,1,0,0,0,0,0,804732.1084,5816209.545,13.48120679,52.41105149
4,4041344.0,Rüdesheimer Platz,4400835.0,2018,4,13,7,3,6,4,0,0,1,0,0,0,0,793059.2271,5822025.435,13.31519101,52.46956354
2,2010102.0,Mehringplatz,2100103.0,2018,4,12,7,3,3,6,0,0,0,0,0,0,0,798519.5603,5826508.368,13.39935298,52.50679104
1,1022206.0,Lüneburger Straße                                                                                   ,1200628.0,2018,4,9,7,3,5,2,0,0,0,0,0,1,0,796125.6247,5828422.674,13.36588846,52.52525565
2,2010103.0,Moritzplatz,2100104.0,2018,4,16,7,3,5,2,0,1,0,0,0,0,0,799268.4386,5826094.626,13.40998201,52.50267217
9,9041501.0,Altstadt Kietz,9401534.0,2018,4,17,7,3,1,5,0,1,0,0,0,1,0,811062.7869,5820281.723,13.5777699,52.44398474
1,1011302.0,Oranienburger Straße                                                                                ,1100309.0,2018,4,13,2,3,5,3,0,1,0,0,0,0,0,797992.9492,5828907.572,13.39376598,52.52858474
3,3050923.0,Weißenseer Spitze,3500934.0,2018,4,16,2,3,4,6,0,0,0,0,1,0,0,800467.63,5832015.969,13.43294711,52.55508772
6,6010209.0,Feuerbachstraße                                                                                     ,6100209.0,2018,4,16,7,3,1,5,0,1,0,0,0,0,0,794110.057,5821499.698,13.3301528,52.46428582
9,9041501.0,Altstadt Kietz,9401534.0,2018,4,16,7,3,5,2,0,0,0,0,0,1,0,811359.0494,5820147.027,13.58198923,52.44260906
8,8030831.0,Gropiusstadt Ost,8301036.0,2018,3,10,7,3,5,2,0,1,0,0,0,0,1,803731.2971,5817998.38,13.46816178,52.42764093
6,6030608.0,Schweizer Viertel,6300632.0,2018,4,17,2,3,5,3,0,0,0,1,0,0,0,790936.8174,5817056.995,13.27970714,52.42615518
12,12301206.0,Lübars,12500929.0,2018,4,14,7,3,5,3,0,1,0,0,0,0,0,794039.5254,5838143.789,13.34384671,52.61352762
1,1011401.0,Invalidenstraße                                                                                     ,1100415.0,2018,4,21,7,3,0,1,2,0,0,0,0,0,0,798298.1359,5829370.479,13.39866678,52.53256718
2,2030402.0,Wrangelkiez,2300419.0,2018,3,18,6,2,0,1,1,0,0,0,0,0,0,801256.4907,5825665.389,13.43879422,52.49773089
4,4030725.0,Amtsgerichtsplatz,4300416.0,2018,3,16,6,2,5,3,0,1,0,0,0,0,0,791865.8813,5826237.21,13.30136206,52.5079605
3,3061430.0,Volkspark Prenzlauer Berg,3601450.0,2018,4,20,2,3,5,2,1,1,0,0,0,0,0,802424.0607,5829262.776,13.45921027,52.52932838
4,4030931.0,Breitscheidplatz,4501042.0,2018,4,19,3,3,3,6,0,0,0,0,0,1,0,793722.4718,5825820.711,13.32827147,52.50323037
7,7040401.0,Neu-Tempelhof,7400720.0,2018,3,14,6,3,5,2,0,1,0,0,0,0,0,797765.031,5823656.347,13.38571966,52.48163831
3,3010102.0,Buch,3100102.0,2018,4,18,6,2,5,2,0,1,0,0,0,0,0,804654.038,5841363.003,13.50310399,52.63653333
11,11010309.0,Zingster Straße West,11100308.0,2018,3,10,6,3,5,2,0,1,0,0,0,0,0,804418.2644,5833388.613,13.4922984,52.56519627
7,7040403.0,Manteuffelstraße                                                                                    ,7400825.0,2018,4,18,6,3,6,4,0,0,1,0,0,0,0,797830.5846,5820780.685,13.38411517,52.45582543
1,1011304.0,Karl-Marx-Allee,1100311.0,2018,4,18,3,3,5,2,0,1,0,0,0,0,0,799740.8942,5827579.982,13.41825915,52.51572676
8,8010406.0,Treptower Straße Nord,8100419.0,2018,4,17,6,3,5,2,0,1,0,0,0,0,0,802526.2376,5824230.147,13.45613863,52.48416446
1,1044203.0,Leopoldplatz,1401049.0,2018,4,17,6,3,5,2,0,1,0,0,0,0,0,795900.6302,5831965.256,13.36573697,52.55713365
1,1011306.0,Heine-Viertel Ost,1100313.0,2018,3,20,5,3,3,6,2,1,0,0,0,0,0,800274.4838,5826811.133,13.42540523,52.5085418
3,3061227.0,Humannplatz,3601243.0,2018,4,17,6,3,1,5,0,1,0,0,0,0,0,799613.183,5831283.754,13.41972112,52.54899534
4,4041241.0,Breite Straße,4400832.0,2018,4,16,6,3,0,2,0,1,0,0,0,0,0,791720.2956,5822410.465,13.29587276,52.47373196
12,12302110.0,Dannenwalder Weg,12601235.0,2018,3,18,5,3,0,2,1,1,0,0,0,0,0,795344.3425,5836375.099,13.36148388,52.59696564
12,12301203.0,Wittenau Süd                                                                                        ,12500930.0,2018,4,16,6,3,5,2,0,1,0,0,0,0,0,792850.6731,5835170.072,13.32370785,52.58751191
1,1044202.0,Sparrplatz,1401046.0,2018,3,18,5,3,5,3,0,1,0,0,0,0,0,794623.9514,5829871.501,13.34510226,52.53905692
9,9020601.0,Schnellerstraße                                                                                     ,9200613.0,2018,4,11,3,3,5,3,0,1,0,0,0,0,0,805825.6059,5821877.402,13.50241841,52.46124021
4,4051549.0,Rathaus Wilmersdorf,4501146.0,2018,3,15,5,3,5,2,0,1,0,0,0,0,0,792853.0135,5823935.06,13.31384104,52.48679343
11,11020412.0,Hauptstraße,11200411.0,2018,4,13,6,3,0,6,0,0,0,0,0,0,0,804968.7587,5831424.134,13.49859003,52.54728181
1,1011202.0,Unter den Linden Nord,1100206.0,2018,3,12,5,3,3,6,0,0,0,0,0,1,0,797176.6814,5827592.211,13.38059347,52.51723961
4,4030518.0,Tegeler Weg,4300517.0,2018,4,12,6,3,5,2,0,1,0,0,0,0,0,791486.7058,5828169.474,13.29748397,52.52548574
3,3040512.0,Wilhelmsruh,3400619.0,2018,4,11,6,2,5,2,0,1,0,0,0,0,0,795628.0498,5835625.105,13.36499087,52.59008857
7,7010102.0,Nollendorfplatz,7100102.0,2018,3,11,5,3,5,3,0,1,0,0,0,0,1,795390.5757,5825193.018,13.35221894,52.49670308
4,4041344.0,Rüdesheimer Platz,4400835.0,2018,3,10,5,3,1,5,0,1,0,0,0,0,1,793160.663,5822104.622,13.3167496,52.47021901
10,10040931.0,Mahlsdorf Nord                                                                                      ,10400938.0,2018,4,8,6,3,5,3,0,1,0,0,0,0,0,812864.5453,5828233.892,13.61165342,52.5142174
1,1044201.0,Reinickendorfer Straße                                                                              ,1401044.0,2018,4,20,2,2,6,4,2,0,1,0,0,0,0,796448.0842,5831651.399,13.37350829,52.55402254
2,2040503.0,Richard-Sorge-Viertel,2400522.0,2018,3,8,5,3,3,6,0,1,0,0,0,0,0,801372.821,5827936.777,13.44255901,52.51802547
5,5010102.0,Goltzstraße,5100103.0,2018,4,17,2,3,2,6,0,1,0,0,0,0,0,785342.5717,5831883.268,13.21035787,52.56203365
10,10040933.0,Mahlsdorf Süd                                                                                       ,10400941.0,2018,4,12,5,3,5,3,0,1,0,0,0,0,0,812684.5141,5825384.1,13.6063334,52.48878334
1,1044102.0,Schillerpark,1400939.0,2018,3,12,5,3,5,3,0,1,0,0,0,0,0,795281.7658,5831729.387,13.3564251,52.55535521
11,11051332.0,Karlshorst Süd,11501341.0,2018,4,16,5,3,0,1,0,1,0,0,0,0,0,806277.446,5824457.837,13.5114173,52.48411398
1,1011304.0,Karl-Marx-Allee,1100311.0,2018,4,12,5,3,5,2,0,1,0,0,0,0,0,799708.0021,5827833.7,13.41800443,52.51801902
12,12214527.0,Alt-Tegel,12200515.0,2018,3,9,4,3,0,3,0,0,0,0,0,1,0,790001.703,5834727.279,13.28138585,52.5850686
4,4051448.0,Schaperstraße,4501045.0,2018,4,7,5,3,5,3,0,1,0,0,0,0,1,794184.8645,5825305.875,13.33460928,52.49836603
4,4051445.0,Eisenzahnstraße,4500939.0,2018,4,11,3,3,5,3,0,1,0,0,0,0,1,792203.8417,5824086.625,13.30444072,52.48850002
3,3040614.0,Pankow Zentrum                                                                                      ,3400722.0,2018,3,15,4,3,5,3,0,1,0,0,0,0,1,798544.8568,5834193.096,13.40663012,52.5756598
10,10020413.0,Gut Hellersdorf,10200420.0,2018,4,7,5,2,5,2,0,1,0,0,0,0,0,811832.556,5830491.528,13.59861192,52.53503947
1,1011401.0,Invalidenstraße                                                                                     ,1100415.0,2018,4,13,3,2,0,1,0,0,0,0,0,0,0,798406.3301,5829212.945,13.40011567,52.53109587
1,1022106.0,Elberfelder Straße                                                                                  ,1200522.0,2018,3,9,4,3,5,2,0,1,0,0,0,0,1,793701.9835,5828112.444,13.32999319,52.52378563
8,8041035.0,Blumenviertel,8401241.0,2018,3,8,4,3,2,2,0,1,0,0,0,0,1,804755.4647,5818461.475,13.48360021,52.43122205
3,3071536.0,Teutoburger Platz,3701554.0,2018,4,0,5,3,0,1,2,0,0,0,0,0,1,798864.4302,5829828.353,13.40740218,52.53636114
1,1022206.0,Lüneburger Straße                                                                                   ,1200628.0,2018,3,8,4,3,5,2,0,1,0,0,0,0,1,795949.208,5828151.908,13.36305473,52.52292427
6,6030502.0,Zehlendorf Süd                                                                                      ,6300525.0,2018,3,20,4,3,5,3,2,1,0,0,0,0,1,789082.6379,5815765.322,13.25139774,52.41555745
3,3030711.0,Blankenburg,3300514.0,2018,4,16,5,3,0,3,0,1,0,0,0,0,0,800850.8757,5836048.468,13.44224128,52.59101973
4,4041134.0,Bismarckallee,4400726.0,2018,4,9,3,3,5,3,0,1,0,0,0,0,1,790854.3307,5823647.52,13.28423845,52.48528408
4,4051448.0,Schaperstraße,4501045.0,2018,4,18,4,3,5,2,0,1,0,0,0,0,0,793912.596,5825449.117,13.33073646,52.49979683
1,1033102.0,Gesundbrunnen,1300733.0,2018,3,16,4,3,5,5,0,1,0,0,0,0,1,797537.0447,5831284.353,13.38919368,52.55013865
4,4030620.0,Alt-Lietzow,4300619.0,2018,3,16,4,3,5,2,0,0,0,0,0,1,1,792646.016,5827105.147,13.31358713,52.51532336
1,1011304.0,Karl-Marx-Allee,1100311.0,2018,3,8,3,3,0,6,0,1,0,0,0,0,0,799633.1108,5828276.663,13.41730302,52.52203064
1,1011303.0,Alexanderplatzviertel,1100310.0,2018,4,19,2,3,3,6,1,0,0,0,0,0,0,799248.351,5828469.191,13.41182226,52.52396765
2,2050803.0,Stralauer Kiez,2500835.0,2018,4,17,4,3,5,3,0,1,0,0,0,0,0,802560.1159,5825955.098,13.45820232,52.49960641
1,1011201.0,Wilhelmstraße                                                                                       ,1100205.0,2018,4,15,4,3,1,5,0,0,0,0,0,1,0,797063.3981,5827142.483,13.37852738,52.51327001
5,5010101.0,Hakenfelde Nord,5100104.0,2018,3,21,3,3,3,6,2,1,0,0,0,0,0,785186.1663,5831172.625,13.20744612,52.55574407
8,8010303.0,Donaustraße,8100314.0,2018,3,20,3,3,2,7,2,1,0,0,0,0,0,800985.4631,5823918.535,13.43323604,52.4822229
2,2050601.0,Hausburgviertel,2500726.0,2018,4,14,4,2,5,3,0,0,0,0,0,0,0,801881.7433,5828963.287,13.45096819,52.52694464
4,4020207.0,Flatowallee,4200205.0,2018,3,19,3,3,1,5,2,1,0,0,0,1,0,787762.9006,5826269.633,13.24110385,52.51043098
1,1022102.0,Beusselkiez,1200518.0,2018,4,14,4,2,1,5,0,1,0,0,0,0,0,793491.6167,5828518.541,13.32725984,52.52753937
8,8010301.0,Reuterkiez,8100312.0,2018,3,19,3,3,1,5,1,1,0,0,0,1,0,801168.6867,5824124.815,13.43611232,52.48397082
1,1022205.0,Zillesiedlung,1200627.0,2018,3,18,3,3,6,4,0,0,1,0,0,0,0,796071.8452,5828482.008,13.3651509,52.52581673
2,2020202.0,Rathaus Yorckstraße,2200208.0,2018,4,9,4,3,5,2,0,1,0,0,0,0,0,797938.672,5825259.618,13.38970239,52.49591504
8,8010117.0,Schillerpromenade,8100102.0,2018,3,1,3,3,1,5,2,1,0,0,0,0,0,800498.0894,5823505.486,13.4257085,52.478789
2,2050802.0,Boxhagener Platz,2500834.0,2018,4,20,4,3,0,7,2,0,0,0,0,0,0,802072.6548,5826905.376,13.4519053,52.50839383
2,2050802.0,Boxhagener Platz,2500834.0,2018,3,14,3,3,5,2,0,1,0,0,0,0,0,802551.4271,5826715.848,13.45876593,52.5064298
10,10040830.0,Kaulsdorf Süd                                                                                       ,10400837.0,2018,3,13,3,3,5,3,0,1,0,0,0,0,0,810595.2784,5825277.375,13.57556318,52.48901948
5,5030730.0,Zitadellenweg,5300736.0,2018,4,11,4,3,5,2,0,0,0,0,0,1,0,786902.3862,5829316.653,13.23108787,52.53820277
4,4030931.0,Breitscheidplatz,4501042.0,2018,4,14,1,3,1,5,0,1,0,0,0,0,0,794275.641,5825503.14,13.33611695,52.50008547
1,1011202.0,Unter den Linden Nord,1100206.0,2018,4,14,7,3,0,1,0,0,0,0,0,0,1,797749.773,5828090.233,13.38946009,52.52139119
7,7010102.0,Nollendorfplatz,7100102.0,2018,4,21,3,3,1,5,2,1,0,0,0,0,0,795539.3064,5825278.902,13.35447963,52.49739245
4,4030518.0,Tegeler Weg,4300517.0,2018,4,22,7,2,0,1,2,0,0,0,0,0,0,791669.6563,5827895.533,13.29993276,52.52293206
12,12301205.0,Waidmannslust,12500928.0,2018,4,16,2,3,2,6,0,1,0,0,0,0,0,791761.6002,5836871.004,13.30917665,52.60334532
10,10040933.0,Mahlsdorf Süd                                                                                       ,10400941.0,2018,4,17,6,3,1,5,0,1,0,0,0,0,0,812561.1309,5824578.589,13.60376687,52.48163566
10,10010308.0,Marzahner Chaussee,10100311.0,2018,4,7,4,3,5,2,0,0,0,1,0,0,0,806693.3665,5829143.356,13.52183901,52.5258731
3,3040513.0,Schönholz,3400620.0,2018,4,15,1,3,5,3,0,1,0,0,0,0,0,797691.9849,5833807.519,13.39373556,52.57267081
9,9020702.0,Adlershof Ost,9200717.0,2018,4,7,3,3,4,2,0,1,0,0,0,0,0,809577.2394,5819561.644,13.55531597,52.43837453
3,3071536.0,Teutoburger Platz,3701554.0,2018,4,13,1,3,0,7,0,1,0,0,0,0,1,799232.3289,5829268.872,13.41230648,52.53114437
8,8010510.0,Gewerbegebiet Köllnische Heide,8100521.0,2018,4,16,3,3,5,7,0,1,0,0,0,0,0,803647.3238,5821885.059,13.47046271,52.46252353
12,12214125.0,Waldidyll/Flughafensee,12200412.0,2018,4,13,6,3,5,3,0,1,0,0,0,0,0,791381.0661,5833134.436,13.30028756,52.57005216
7,7010104.0,Dennewitzplatz,7100205.0,2018,4,14,2,3,6,4,0,0,1,0,0,0,0,796038.1633,5825375.795,13.36189279,52.49799064
1,1011302.0,Oranienburger Straße                                                                                ,1100309.0,2018,4,13,1,2,5,3,0,0,0,0,0,1,0,798789.2835,5829045.812,13.40559412,52.529388
1,1011303.0,Alexanderplatzviertel,1100310.0,2018,4,10,3,3,1,5,0,1,0,0,0,1,0,799389.9971,5828874.713,13.41426892,52.52752478
2,2030401.0,Reichenberger Straße,2300418.0,2018,4,10,6,3,5,2,0,1,0,0,0,0,1,801291.1903,5825361.171,13.43902867,52.49498497
7,7030301.0,Friedenau,7300517.0,2018,4,9,6,3,5,3,0,1,0,0,0,0,1,793974.785,5822407.874,13.32896756,52.47250004
4,4051446.0,Preußenpark,4501043.0,2018,4,9,6,3,0,2,0,0,0,0,0,1,1,792948.8045,5825312.346,13.31645876,52.49908897
9,9041601.0,Müggelheim,9401635.0,2018,4,11,1,3,5,3,0,1,0,0,0,0,0,817195.215,5816983.676,13.66456885,52.41091022
10,10020517.0,Adele-Sandrock-Straße                                                                               ,10200524.0,2018,4,7,6,3,5,3,0,1,0,0,0,0,1,812429.9807,5830414.134,13.6073185,52.53400383
7,7010102.0,Nollendorfplatz,7100102.0,2018,4,7,6,3,5,3,0,1,0,0,0,0,0,795554.2266,5825250.521,13.35467359,52.49712995
10,10010308.0,Marzahner Chaussee,10100311.0,2018,4,13,3,3,5,3,0,1,0,0,0,0,0,806484.9039,5829673.894,13.51926489,52.5307451
8,8010301.0,Reuterkiez,8100311.0,2018,4,10,2,2,5,3,0,1,0,0,0,0,1,800654.6697,5824583.235,13.42897912,52.48836306
7,7010104.0,Dennewitzplatz,7100205.0,2018,4,16,6,3,5,3,0,1,0,0,0,0,0,796223.6594,5825329.446,13.3645761,52.4974745
1,1011203.0,Unter den Linden Süd,1100206.0,2018,4,19,3,3,1,5,0,1,0,0,0,0,0,797833.4139,5827460.034,13.390125,52.51569656
5,5010314.0,Carl-Schurz-Straße                                                                                  ,5100316.0,2018,4,22,6,2,5,2,2,1,0,0,0,0,1,785045.7667,5829397.578,13.2038572,52.53990269
1,1033102.0,Gesundbrunnen,1300733.0,2018,4,16,6,3,2,6,0,1,0,0,0,0,0,797172.5131,5831377.048,13.38391628,52.55116854
7,7040403.0,Manteuffelstraße                                                                                    ,7400824.0,2018,4,8,4,3,1,5,0,1,0,0,0,0,0,797408.5276,5821883.772,13.37890496,52.46594331
1,1011301.0,Charitéviertel,1100308.0,2018,4,9,5,3,6,7,0,0,1,0,0,0,0,796990.6188,5828811.851,13.37894857,52.5282737
12,12214527.0,Alt-Tegel,12200515.0,2018,4,16,5,3,3,6,0,0,0,0,0,0,0,790456.0844,5834742.121,13.28808662,52.58495925
4,4030931.0,Breitscheidplatz,4501042.0,2018,4,9,3,3,2,6,0,1,0,0,0,0,0,794488.9324,5825894.827,13.33959637,52.50348164
6,6030605.0,Botanischer Garten,6300629.0,2018,4,15,3,3,2,6,0,0,0,0,0,1,0,791819.2616,5819205.989,13.29452443,52.44495106
5,5010314.0,Carl-Schurz-Straße                                                                                  ,5100316.0,2018,4,13,3,3,6,4,0,0,1,0,0,0,0,784819.2003,5829042.478,13.20022116,52.53683734
2,2020203.0,Viktoriapark,2200209.0,2018,4,16,4,3,6,4,0,0,1,0,0,0,0,797116.4128,5824121.389,13.3766111,52.48616025
8,8010404.0,Rixdorf,8100415.0,2018,4,9,3,3,0,3,0,0,0,1,0,0,0,801556.6384,5823835.608,13.44154648,52.48116449
4,4041344.0,Rüdesheimer Platz,4400835.0,2018,4,18,5,3,0,1,0,0,0,0,0,0,0,793355.2836,5822860.12,13.32027097,52.47688732
4,4051446.0,Preußenpark,4501043.0,2018,4,11,4,3,2,6,0,1,0,0,0,0,0,792700.653,5825367.299,13.31286192,52.49971476
4,4051446.0,Preußenpark,4501043.0,2018,4,19,7,2,3,6,0,1,0,0,0,0,0,792362.9924,5825172.68,13.30773103,52.49815106
9,9010101.0,Elsenstraße                                                                                         ,9100101.0,2018,4,15,2,2,5,3,0,1,0,0,0,0,0,801825.1081,5825010.017,13.44655124,52.49154255
7,7030301.0,Friedenau,7300517.0,2018,4,17,5,2,6,4,0,0,1,0,0,0,0,793903.5327,5822952.418,13.32840143,52.47741998
9,9051901.0,Dammvorstadt,9501939.0,2018,4,17,5,3,4,6,0,0,0,0,0,0,0,810167.5082,5821569.165,13.56583542,52.45603097
7,7070703.0,John-Locke-Straße                                                                                   ,7601544.0,2018,4,16,5,3,1,5,0,1,0,0,0,0,0,799872.4781,5813190.113,13.40727278,52.38666968
1,1011301.0,Charitéviertel,1100308.0,2018,4,11,3,3,1,5,0,1,0,0,0,0,0,797169.9768,5828214.356,13.38105075,52.5228201
5,5010314.0,Carl-Schurz-Straße                                                                                  ,5100316.0,2018,4,12,5,3,5,2,0,1,0,0,0,0,0,784778.4513,5828793.967,13.19940903,52.5346305
3,3061430.0,Volkspark Prenzlauer Berg,3601450.0,2018,4,7,2,3,5,3,0,0,0,0,0,1,1,801964.369,5829734.637,13.45288305,52.53381248
5,5010314.0,Carl-Schurz-Straße                                                                                  ,5100316.0,2018,4,12,5,2,2,7,0,1,0,0,0,0,0,784910.3378,5829050.999,13.20156854,52.5368661
4,4031032.0,Halensee,4500937.0,2018,4,8,4,3,2,6,0,1,0,0,0,0,0,791306.8259,5825009.314,13.29207392,52.49725129
11,11040926.0,Weitlingstraße,11400929.0,2018,4,18,3,3,5,3,0,1,0,0,0,0,0,805040.3948,5826231.048,13.49488012,52.50069893
4,4051446.0,Preußenpark,4501043.0,2018,4,10,5,2,5,2,0,1,0,0,0,0,0,792835.7668,5824337.092,13.31394104,52.49040678
8,8030831.0,Gropiusstadt Ost,8301036.0,2018,4,10,2,3,1,5,0,1,0,0,0,0,1,803407.7547,5817383.053,13.46285975,52.42230525
4,4051448.0,Schaperstraße,4501045.0,2018,4,9,5,3,3,6,0,1,0,0,0,0,0,793979.0543,5824936.691,13.33126039,52.4951674
8,8020619.0,Buschkrugallee Nord,8200623.0,2018,4,7,4,3,1,5,0,1,0,0,0,0,0,801926.9572,5820904.062,13.44433034,52.45468392
4,4020312.0,Branitzer Platz,4200308.0,2018,4,16,2,3,5,3,0,1,0,0,0,0,0,789981.9517,5826972.06,13.27432225,52.51555322
6,6040805.0,Fischerhüttenstraße                                                                                 ,6400839.0,2018,4,8,5,3,1,5,0,1,0,0,0,0,0,787771.9908,5818248.968,13.23431695,52.43851587
1,1011204.0,Leipziger Straße                                                                                    ,1100207.0,2018,4,15,7,3,5,2,0,1,0,0,0,0,0,798549.679,5826818.624,13.40007369,52.50955558
12,12304313.0,Borsigwalde,12500930.0,2018,4,8,5,3,5,2,0,1,0,0,0,0,0,792343.9059,5834060.608,13.31527026,52.57783864
4,4051447.0,Ludwigkirchplatz,4501044.0,2018,4,7,5,3,1,5,0,1,0,0,0,0,0,793099.1693,5824500.98,13.31795358,52.49173461
4,4041343.0,Binger Straße,4400834.0,2018,4,15,7,3,5,2,0,1,0,0,0,0,1,792615.4604,5823018.688,13.30954819,52.47870573
1,1011401.0,Invalidenstraße                                                                                     ,1100415.0,2018,4,21,5,2,4,1,2,0,0,0,0,1,0,797808.0942,5829268.67,13.39137256,52.53192255
12,12224230.0,Heiligensee,12400619.0,2018,4,15,5,3,5,2,0,1,0,0,0,0,0,786547.0648,5837973.846,13.23334628,52.61600638
1,1011302.0,Oranienburger Straße                                                                                ,1100309.0,2018,4,9,5,3,0,1,0,0,0,0,0,0,0,797988.1396,5828493.639,13.39332434,52.524877