district,LOR,street,LOR_2021,year,month,hour,weekday,category,accident_kind,accident_type,light_condition,car,pedestrian,motorcycle,goods_vehicle,others,road_condition,LINREFX,LINREFY,XGCSWGS84,YGCSWGS84
7,7020203.0,Kaiser-Wilhelm-Platz,7200409.0,2018,4,15,5,3,2,6,0,1,0,0,0,0,0,795607.4899,5824463.286,13.3547574,52.49004415
11,11010103.0,Dorf Falkenberg,11100102.0,2018,4,16,4,3,5,2,0,1,0,0,0,0,0,808262.1168,5834026.798,13.54942194,52.56875285
2,2040701.0,Andreasviertel,2400623.0,2018,4,18,4,3,3,2,0,1,0,0,0,0,0,800587.4919,5827031.833,13.43020263,52.51034762
1,1011304.0,Karl-Marx-Allee,1100311.0,2018,4,16,4,3,5,2,1,1,0,0,0,0,0,799852.7324,5827489.492,13.4198208,52.51485418
5,5020626.0,Adamstraße                                                                                          ,5200631.0,2018,4,20,5,2,1,5,2,1,0,0,0,0,0,784733.7161,5827516.267,13.19765697,52.52319801
9,9020701.0,Adlershof West,9200715.0,2018,4,14,3,3,5,3,0,1,0,0,0,0,0,808986.4038,5818104.456,13.54530529,52.42564933
10,10040932.0,Alt-Mahlsdorf,10400939.0,2018,4,16,4,3,6,6,0,0,1,0,0,0,0,813561.8386,5827368.996,13.62108057,52.50606675
6,6020409.0,Königsberger Straße                                                                                 ,6200421.0,2018,4,14,4,2,0,3,0,0,0,0,1,0,0,793131.2633,5817598.46,13.31236334,52.42983808
1,1033101.0,Soldiner Straße                                                                                     ,1300732.0,2018,4,15,4,3,1,5,0,1,0,0,0,0,0,797319.832,5832317.784,13.3869252,52.55952067
9,9051801.0,Rahnsdorf/Hessenwinkel,9501838.0,2018,4,14,5,3,5,2,0,1,0,0,0,0,0,818984.755,5820198.555,13.69385502,52.43867636
2,2010101.0,Askanischer Platz,2100101.0,2018,4,13,5,3,3,6,0,1,0,0,0,0,0,797592.1818,5825950.019,13.3852305,52.50229273
8,8010211.0,Flughafenstraße,8100206.0,2018,4,19,5,3,1,5,0,1,0,0,0,0,0,800427.8414,5823790.892,13.4249344,52.48138585
8,8010214.0,Glasower Straße,8100209.0,2018,4,14,3,3,5,3,0,1,0,0,0,0,0,801199.7523,5822135.074,13.43477155,52.46611908
2,2020206.0,Graefekiez,2200212.0,2018,4,8,2,3,5,3,0,1,0,0,0,0,0,799222.3477,5824585.69,13.40794961,52.48917199
6,6030502.0,Zehlendorf Süd                                                                                      ,6300525.0,2018,4,19,5,2,5,2,0,1,0,0,0,0,0,790224.0944,5815099.114,13.26755653,52.4089806
1,1011105.0,Nördlicher Landwehrkanal                                                                            ,1100102.0,2018,4,6,2,2,5,3,0,1,0,0,0,0,0,796566.8556,5826869.613,13.37098865,52.51109421
5,5010314.0,Carl-Schurz-Straße                                                                                  ,5100316.0,2018,4,13,5,3,6,7,0,0,1,0,0,0,0,785154.8694,5829169.12,13.20526546,52.53779727
7,7020203.0,Kaiser-Wilhelm-Platz,7200409.0,2018,4,9,7,3,1,5,0,1,0,0,0,0,1,795871.4835,5824524.011,13.35868814,52.49044549
1,1011306.0,Heine-Viertel Ost,1100313.0,2018,4,13,4,3,5,3,0,1,0,0,0,0,0,800375.554,5826506.906,13.42661546,52.50575927
1,1022101.0,Huttenkiez,1200517.0,2018,4,18,3,3,5,2,0,1,0,0,0,0,0,792738.6561,5828278.975,13.3159815,52.5257966
1,1011204.0,Leipziger Straße                                                                                    ,1100207.0,2018,4,23,2,3,1,5,2,1,0,0,0,0,0,797827.9426,5827029.395,13.38965919,52.5118394
6,6030503.0,Zehlendorf Mitte                                                                                    ,6300527.0,2018,4,12,5,3,5,2,0,0,0,1,0,0,0,790497.4445,5818066.172,13.2741402,52.43543619
6,6010102.0,Schloßstraße                                                                                        ,6100102.0,2018,4,9,4,3,0,5,0,1,0,0,0,0,0,793060.6799,5821405.145,13.31466755,52.46400202
2,2030301.0,Oranienplatz,2300314.0,2018,4,21,4,3,1,5,2,1,0,0,0,0,0,799931.9157,5826039.987,13.41967815,52.50181814
2,2050801.0,Traveplatz,2500832.0,2018,4,21,7,3,5,2,2,1,0,0,0,0,0,803612.5881,5827324.947,13.47490832,52.51129953
12,12103219.0,Schäfersee,12100204.0,2018,4,9,4,3,5,2,0,1,0,0,0,0,0,795629.237,5833003.774,13.36267068,52.56659035
8,8010301.0,Reuterkiez,8100310.0,2018,4,22,7,3,5,2,2,1,0,0,0,0,0,801052.9749,5824919.229,13.43513106,52.49115518
9,9020501.0,Oberschöneweide West,9200510.0,2018,4,12,5,3,0,4,0,0,1,0,0,0,0,806604.8919,5822036.884,13.51399906,52.4622329
4,4041134.0,Bismarckallee,4400726.0,2018,4,18,3,3,5,3,0,1,0,0,0,0,0,790854.8414,5823647.167,13.28424564,52.48528064
11,11030720.0,Herzbergstraße,11300721.0,2018,4,17,2,3,5,2,0,1,0,0,0,0,1,805200.8399,5828716.663,13.49951578,52.52288643
4,4020209.0,Eichkamp,4200207.0,2018,4,14,1,3,0,1,0,1,0,0,0,0,0,789715.1991,5824754.887,13.26847271,52.49581756
1,1011303.0,Alexanderplatzviertel,1100310.0,2018,4,16,5,3,1,5,0,0,0,0,0,1,0,799723.3592,5827458.739,13.41789231,52.51464964
11,11040925.0,Victoriastadt,11400927.0,2018,4,17,3,3,5,2,0,0,0,0,0,1,0,803707.3897,5826284.868,13.47535213,52.5019248
10,10030727.0,Biesdorf Süd                                                                                        ,10300734.0,2018,4,11,5,3,5,3,0,1,0,0,0,0,0,809586.1447,5824152.062,13.55970322,52.4795079
3,3040818.0,Pankow Süd                                                                                          ,3400828.0,2018,4,11,5,3,5,3,0,1,0,0,0,0,0,800057.3283,5832600.827,13.42744211,52.56055615
10,10020412.0,Alte Hellersdorfer Straße,10200417.0,2018,4,15,4,3,6,7,0,0,1,0,0,0,0,811329.919,5831818.516,13.59246882,52.54721828
1,1011301.0,Charitéviertel,1100308.0,2018,4,21,4,3,5,2,2,1,0,0,0,0,0,797255.1051,5829081.759,13.3830772,52.53054895
3,3050923.0,Weißenseer Spitze,3500934.0,2018,4,11,5,3,5,3,0,1,0,0,0,0,0,801107.7081,5831516.832,13.441907,52.55026042
10,10010206.0,Ringkolonnaden,10100209.0,2018,4,16,4,3,5,2,0,1,0,0,0,0,0,809972.4161,5832042.471,13.57272261,52.54999929
6,6040703.0,Nikolassee,6400737.0,2018,4,16,7,2,0,3,0,0,0,0,0,1,0,786867.2267,5817441.451,13.22035044,52.43175111
8,8010301.0,Reuterkiez,8100312.0,2018,4,9,5,3,0,1,0,0,0,0,0,0,0,801268.4224,5824595.79,13.4380023,52.48813726
2,2040701.0,Andreasviertel,2400623.0,2018,4,9,5,3,5,2,0,0,0,0,0,1,0,800360.6424,5827181.603,13.42700523,52.51181501
4,4031032.0,Halensee,4500937.0,2018,4,18,4,3,3,6,0,1,0,0,0,0,0,791398.2203,5825038.242,13.29344171,52.49746184
6,6040702.0,Düppel,6400736.0,2018,4,9,5,3,2,6,0,1,0,0,0,0,0,787499.1117,5816814.301,13.22908002,52.42579647
7,7010102.0,Nollendorfplatz,7100102.0,2018,4,13,2,3,0,5,0,0,0,0,0,1,0,795500.4638,5824982.111,13.35364584,52.49475298
2,2030301.0,Oranienplatz,2300314.0,2018,4,18,4,3,5,2,0,0,0,0,0,1,0,800137.2311,5825743.355,13.42242647,52.49904641
2,2050803.0,Stralauer Kiez,2500835.0,2018,4,23,3,3,2,6,2,1,0,0,0,1,0,802438.4538,5826240.479,13.4566747,52.50223171
1,1044202.0,Sparrplatz,1401047.0,2018,4,22,7,3,2,2,2,1,0,0,0,0,0,795702.7219,5830592.092,13.36160331,52.54493205
8,8010301.0,Reuterkiez,8100310.0,2018,4,17,4,3,5,2,0,1,0,0,0,0,0,801006.066,5824825.736,13.43435779,52.49034304
2,2040502.0,Friedenstraße,2400521.0,2018,4,17,4,3,5,2,0,1,0,0,0,0,0,800478.0633,5828221.427,13.42966933,52.52107059
9,9020701.0,Adlershof West,9200715.0,2018,4,17,4,3,5,2,0,1,0,0,0,0,0,809056.5156,5818762.242,13.54694096,52.4315048
7,7010104.0,Dennewitzplatz,7100206.0,2018,4,8,5,2,0,3,0,0,0,0,0,0,0,796667.2303,5824306.507,13.37018021,52.48806391
11,11010205.0,Falkenberg West,11100204.0,2018,4,9,2,3,5,2,0,0,0,0,0,1,1,806625.2338,5832929.447,13.52433235,52.55984278
1,1011105.0,Nördlicher Landwehrkanal                                                                            ,1100102.0,2018,4,7,3,3,0,2,0,1,0,0,0,0,0,796643.1118,5826640.961,13.37190523,52.50900311
3,3050923.0,Weißenseer Spitze,3500934.0,2018,4,7,5,3,5,2,0,1,0,0,0,0,0,801062.4179,5831433.242,13.44116528,52.54953623
6,6040810.0,Dahlem,6400844.0,2018,4,8,4,3,5,3,0,1,0,0,0,0,0,792416.7733,5821433.659,13.30524154,52.46460263
3,3061430.0,Volkspark Prenzlauer Berg,3601450.0,2018,4,19,3,3,1,5,0,1,0,0,0,1,0,802076.6545,5829570.644,13.45438439,52.53228041
11,11010310.0,Mühlengrund,11100309.0,2018,4,18,3,3,0,2,0,1,0,0,0,0,0,805488.2767,5833371.737,13.50801998,52.56444571
3,3020209.0,Niederschönhausen,3200206.0,2018,4,7,5,3,2,5,0,1,0,0,0,0,0,797621.0882,5834802.844,13.39358605,52.58163132
1,1011303.0,Alexanderplatzviertel,1100310.0,2018,4,18,3,3,1,5,0,1,0,0,0,0,0,799597.371,5828491.569,13.41697142,52.52397657
2,2020205.0,Chamissokiez,2200211.0,2018,4,8,2,3,0,2,0,1,0,0,0,0,1,798475.3481,5824382.481,13.39679855,52.4877594
1,1011202.0,Unter den Linden Nord,1100206.0,2018,4,16,4,3,2,6,0,1,0,0,0,0,0,798356.687,5827698.016,13.39802689,52.51754376
8,8010212.0,Rollberg,8100207.0,2018,4,17,1,3,2,6,0,1,0,0,0,0,0,801314.1657,5823546.255,13.43772533,52.47870479
3,3061131.0,Falkplatz,3601142.0,2018,4,19,3,3,5,2,1,1,0,0,0,0,0,799177.295,5831110.598,13.41315591,52.54768283
2,2030301.0,Oranienplatz,2300314.0,2018,4,20,4,3,1,5,2,1,0,0,0,0,0,799931.3297,5826038.372,13.41966808,52.50180398
1,1022206.0,Lüneburger Straße                                                                                   ,1200628.0,2018,4,7,4,3,0,2,0,0,0,1,0,0,0,795435.2142,5827577.931,13.35499115,52.51805778
1,1011301.0,Charitéviertel,1100308.0,2018,4,18,3,3,1,5,0,1,0,0,0,0,0,796677.5115,5829750.96,13.37518482,52.53686229
3,3061228.0,Erich-Weinert-Straße,3601245.0,2018,4,19,3,3,5,2,2,1,0,0,0,0,0,800192.9689,5830930.912,13.42792712,52.54551353
1,1044203.0,Leopoldplatz,1401049.0,2018,4,17,2,2,6,4,0,0,1,0,0,0,1,796354.5726,5831974.475,13.37242151,52.55696945
2,2010103.0,Moritzplatz,2100105.0,2018,4,19,3,3,5,2,1,1,0,0,0,0,0,799135.1069,5825790.958,13.4077508,52.50002333
4,4030623.0,Ernst-Reuter-Platz,4300622.0,2018,4,21,4,3,0,3,2,1,0,0,0,0,0,793537.3302,5826191.806,13.32587887,52.5066567
5,5040936.0,Jägerallee,5400943.0,2018,4,18,4,3,5,3,0,1,0,0,0,0,0,780059.367,5821722.203,13.12406926,52.47366462
8,8010303.0,Donaustraße,8100314.0,2018,4,19,3,3,2,3,0,1,0,0,0,0,0,801018.6355,5823902.745,13.43370879,52.48206308
9,9041301.0,Kietzer Feld/Nachtheide                                                                             ,9401329.0,2018,4,14,4,3,2,6,0,0,0,0,0,1,0,811670.7563,5819961.322,13.5863872,52.44076732
1,1011101.0,Stülerstraße                                                                                        ,1100101.0,2018,4,11,3,3,5,2,0,1,0,0,0,0,0,795252.5878,5826634.795,13.35147068,52.5097022
1,1011302.0,Oranienburger Straße                                                                                ,1100309.0,2018,4,19,4,3,5,2,0,0,0,0,0,0,0,798669.801,5828986.816,13.40378503,52.52892466
9,9010401.0,Johannisthal West,9100407.0,2018,4,17,3,3,5,2,0,1,0,0,0,0,0,805999.5268,5821170.196,13.50432214,52.45480455
2,2020204.0,Urbanstraße,2200210.0,2018,4,16,2,3,5,2,0,1,0,0,0,0,1,798006.375,5825263.604,13.39070028,52.4959138
4,4020311.0,Reichsstraße,4200309.0,2018,4,17,3,3,6,4,0,0,1,0,0,0,0,789041.1943,5827042.527,13.26055847,52.51668438
1,1011305.0,Heine-Viertel West,1100312.0,2018,4,17,4,3,2,2,0,1,0,0,0,0,0,799508.0637,5826689.792,13.41403713,52.50787546
3,3061131.0,Falkplatz,3601142.0,2018,4,17,4,3,5,2,0,1,0,0,0,0,0,799177.295,5831110.598,13.41315591,52.54768283
9,9030901.0,Dorf Altglienicke,9300920.0,2018,4,17,4,3,1,5,0,1,0,0,0,0,0,807871.7507,5817703.762,13.52859527,52.4226865
6,6040703.0,Nikolassee,6400737.0,2018,4,14,3,3,5,3,0,1,0,0,0,0,0,785917.0334,5817653.196,13.20659339,52.43414711
11,11040926.0,Weitlingstraße,11400931.0,2018,4,8,3,3,0,2,0,1,0,0,0,0,0,806684.7809,5826908.778,13.51965326,52.50585126
11,11040926.0,Weitlingstraße,11400928.0,2018,4,14,2,3,5,2,0,0,0,1,0,0,0,804596.9396,5826187.59,13.4883277,52.50055713
7,7070703.0,John-Locke-Straße                                                                                   ,7601544.0,2018,4,16,3,2,5,3,0,1,0,0,0,0,0,799653.4739,5813949.597,13.40474332,52.39359734
10,10040933.0,Mahlsdorf Süd                                                                                       ,10400941.0,2018,4,16,3,3,5,3,0,1,0,0,0,0,0,813624.5839,5825411.567,13.62015911,52.48849027
4,4041240.0,Messelpark,4400831.0,2018,4,16,4,2,5,3,0,1,0,0,0,0,0,791133.3527,5822598.536,13.28741992,52.47573118
11,11020515.0,Landsberger Allee,11200514.0,2018,4,16,4,3,2,2,0,1,0,0,0,0,0,803348.8748,5830086.035,13.47355275,52.5361932
2,2030302.0,Lausitzer Platz,2300315.0,2018,4,7,3,2,5,2,0,1,0,0,0,0,0,800678.0277,5825795.951,13.43041656,52.49922016
11,11030721.0,Rüdigerstraße,11300722.0,2018,4,16,4,3,2,7,0,1,0,0,0,0,0,804102.5095,5827891.263,13.48262273,52.51610233
8,8020619.0,Buschkrugallee Nord,8200623.0,2018,4,11,3,3,5,2,0,1,0,0,0,0,0,802702.9722,5820777.281,13.45560082,52.4531184
11,11051331.0,Karlshorst Nord,11501340.0,2018,4,11,3,3,5,3,0,1,0,0,0,0,0,807570.1856,5825496.777,13.53135339,52.49269844
11,11010310.0,Mühlengrund,11100309.0,2018,4,15,3,3,5,2,0,1,0,0,0,0,0,805791.7807,5833222.331,13.51234594,52.56293633
4,4041136.0,Hagenplatz,4400728.0,2018,4,18,3,3,5,3,0,1,0,0,0,0,0,790680.1655,5822705.027,13.28085906,52.47692728
1,1011103.0,Lützowstraße                                                                                        ,1100103.0,2018,4,12,2,3,2,6,0,1,0,0,0,0,0,795555.2237,5825769.258,13.35514858,52.50177948
7,7010101.0,Wittenbergplatz/Viktoria-Luise-Platz,7100101.0,2018,4,16,5,2,5,3,0,1,0,0,0,0,0,794928.2855,5825540.592,13.34573673,52.50006886
4,4030623.0,Ernst-Reuter-Platz,4300622.0,2018,4,12,2,2,1,5,0,1,0,0,1,0,0,793628.3991,5826412.318,13.32741131,52.50858448
2,2020206.0,Graefekiez,2200213.0,2018,4,10,2,3,1,5,0,1,0,0,0,0,0,799849.5456,5824796.119,13.41734863,52.49071404
1,1011201.0,Wilhelmstraße                                                                                       ,1100205.0,2018,4,15,5,2,1,5,0,1,0,0,0,0,1,797268.314,5827316.659,13.38169372,52.51471967
8,8020619.0,Buschkrugallee Nord,8200622.0,2018,4,15,5,3,5,2,0,1,0,0,0,0,1,801252.6068,5821566.798,13.4350343,52.46099631
11,11010310.0,Mühlengrund,11100309.0,2018,4,15,5,3,5,3,1,1,0,0,0,0,1,806064.9113,5832705.548,13.51588612,52.55815138
7,7030301.0,Friedenau,7300517.0,2018,4,8,2,3,5,2,0,0,0,0,0,1,0,794256.2796,5822035.744,13.33277164,52.4690125
9,9020501.0,Oberschöneweide West,9200510.0,2018,4,7,2,3,2,3,0,1,0,0,1,0,0,806523.7351,5822668.002,13.51338792,52.46793472
12,12301205.0,Waidmannslust,12500928.0,2018,4,18,2,3,0,1,0,0,0,0,0,0,0,791723.1774,5836836.76,13.30858073,52.60305895
1,1022204.0,Thomasiusstraße                                                                                     ,1200626.0,2018,4,12,5,3,0,2,0,1,0,0,0,0,1,794548.4889,5828204.766,13.34251594,52.5241566
11,11051330.0,Karlshorst West,11501339.0,2018,4,12,2,3,0,1,0,0,0,0,0,0,0,807212.9318,5825536.284,13.52614434,52.49325368
3,3061228.0,Erich-Weinert-Straße,3601245.0,2018,4,11,5,3,5,2,0,1,0,0,0,0,1,800191.135,5830951.57,13.42791883,52.54569971
1,1011302.0,Oranienburger Straße                                                                                ,1100309.0,2018,4,10,5,3,0,3,0,0,0,0,0,1,1,798323.8375,5828698.949,13.39844198,52.52653375
1,1011301.0,Charitéviertel,1100308.0,2018,4,9,5,3,1,5,0,1,0,0,0,0,1,796674.6156,5829618.251,13.37502377,52.53567427
2,2030302.0,Lausitzer Platz,2300315.0,2018,4,15,1,3,1,5,0,1,0,0,0,0,0,800271.7265,5825840.235,13.42448915,52.49984081
6,6040703.0,Nikolassee,6400737.0,2018,4,20,1,3,0,7,1,1,0,0,0,0,0,786965.4953,5817355.463,13.2217181,52.43092861
3,3061126.0,Arnimplatz,3601141.0,2018,4,22,1,3,5,3,2,1,0,0,0,0,0,798967.7982,5831458.256,13.41038858,52.55091406
2,2020206.0,Graefekiez,2200212.0,2018,4,17,1,3,1,5,0,1,0,0,0,0,0,799334.9702,5824729.412,13.40973246,52.49039851
1,1033203.0,Humboldthain Nordwest                                                                               ,1300836.0,2018,4,8,5,3,3,6,0,0,0,0,1,0,0,796018.8228,5830324.452,13.36601258,52.54236126
5,5030832.0,Rohrdamm,5300839.0,2018,4,8,5,3,5,3,0,1,0,0,0,0,1,789004.5494,5829788.275,13.26240682,52.54132018
12,12214424.0,Scharnweberstraße                                                                                   ,12200309.0,2018,4,16,1,3,1,5,0,1,0,0,0,0,0,793041.194,5832662.938,13.32429603,52.56493423
5,5010314.0,Carl-Schurz-Straße                                                                                  ,5100316.0,2018,4,16,1,3,5,3,0,1,0,0,0,0,0,784848.0349,5829024.458,13.2006297,52.53666071
6,6010209.0,Feuerbachstraße                                                                                     ,6100209.0,2018,4,14,1,3,5,3,0,1,0,0,0,0,0,794649.8903,5820994.892,13.33763036,52.45946966
7,7040403.0,Manteuffelstraße                                                                                    ,7400824.0,2018,4,7,5,3,5,3,0,1,0,0,0,0,0,797861.339,5821928.636,13.38559079,52.4660988
7,7030301.0,Friedenau,7300515.0,2018,4,13,1,3,5,7,0,1,0,0,0,0,0,793590.8389,5822281.66,13.32322011,52.47157507
2,2050801.0,Traveplatz,2500830.0,2018,4,11,1,3,5,2,0,1,0,0,0,0,0,802440.972,5827416.69,13.45778028,52.51277266
1,1044202.0,Sparrplatz,1401046.0,2018,4,6,5,3,1,5,0,1,0,0,0,0,1,794971.0305,5830224.799,13.3505186,52.54203619
8,8020620.0,Tempelhofer Weg,8200624.0,2018,4,10,1,3,5,3,0,1,0,0,0,0,0,801434.8215,5820973.465,13.43717242,52.45557762
11,11010309.0,Zingster Straße West,11100308.0,2018,4,9,1,3,5,3,0,1,0,0,0,0,0,805048.5561,5833513.355,13.50168313,52.56596148
3,3030711.0,Blankenburg,3300514.0,2018,4,10,5,3,0,1,0,0,0,0,0,0,1,802511.9734,5836815.331,13.46738794,52.59697164
3,3071537.0,Kollwitzplatz,3701556.0,2018,4,12,1,3,5,2,0,0,0,1,0,0,0,799515.7545,5829059.706,13.41628378,52.52911387
4,4041134.0,Bismarckallee,4400726.0,2018,4,12,1,2,1,5,0,1,0,0,0,0,0,790399.44,5824197.308,13.27803736,52.49045515
12,12302108.0,Märkisches Zentrum,12601134.0,2018,4,13,4,3,5,7,0,1,0,0,0,0,0,794875.5276,5836659.482,13.3548357,52.59976929
7,7020202.0,Volkspark (Rudolf-Wilde-Park),7200308.0,2018,4,7,4,2,0,7,0,1,0,0,0,0,1,794928.2435,5823220.948,13.34368312,52.47927479
6,6040805.0,Fischerhüttenstraße                                                                                 ,6400839.0,2018,4,20,4,3,5,3,1,1,0,0,0,0,0,787766.4385,5817583.171,13.23366235,52.43254943
12,12214528.0,Tegeler Forst,12400619.0,2018,4,9,1,3,8,1,0,0,0,0,0,0,0,789532.7245,5836093.166,13.27567706,52.5975636
1,1011402.0,Arkonaplatz,1100416.0,2018,4,1,1,3,0,1,2,0,0,0,0,0,0,798731.3337,5829568.32,13.40521196,52.53410329
8,8010301.0,Reuterkiez,8100310.0,2018,4,12,7,2,3,6,0,0,0,0,0,1,0,800790.4654,5825041.726,13.4313869,52.49239786
8,8010211.0,Flughafenstraße,8100206.0,2018,4,19,7,3,1,5,1,1,0,0,0,0,0,800431.157,5823768.028,13.42496247,52.48117909
2,2010102.0,Mehringplatz,2100102.0,2018,4,18,4,3,5,2,0,1,0,0,0,0,0,798223.496,5825857.565,13.39442086,52.50111933
2,2010101.0,Askanischer Platz,2100101.0,2018,4,16,4,3,5,3,0,1,0,0,0,0,0,797189.3414,5826406.876,13.379721,52.5066075
6,6040701.0,Wannsee,6400735.0,2018,4,15,4,3,0,5,0,1,0,0,0,0,0,782212.183,5815278.741,13.15023826,52.41478025
4,4030931.0,Breitscheidplatz,4501042.0,2018,4,17,7,3,2,6,0,1,0,0,0,0,0,794120.2197,5826091.926,13.33435403,52.5054474
6,6030502.0,Zehlendorf Süd                                                                                      ,6300525.0,2018,4,17,7,3,5,3,0,0,0,1,0,0,0,789806.47,5815022.502,13.26136777,52.40851497
1,1044202.0,Sparrplatz,1401047.0,2018,4,15,4,2,5,3,0,1,0,0,0,0,0,795249.6806,5830471.588,13.35483486,52.54409753
12,12214125.0,Waldidyll/Flughafensee,12200412.0,2018,4,16,7,3,6,4,0,0,1,0,0,0,0,788330.4722,5832018.202,13.25443149,52.56166932
3,3061434.0,Anton-Saefkow-Park,3601451.0,2018,4,17,7,3,5,2,0,1,0,0,0,0,0,801208.7886,5829513.983,13.44157745,52.53225281
4,4030828.0,Savignyplatz,4300624.0,2018,4,10,4,3,3,6,0,0,0,0,0,1,0,793298.9888,5826092.079,13.32228942,52.50589087
1,1011301.0,Charitéviertel,1100308.0,2018,4,20,4,3,5,2,2,1,0,0,0,0,0,796985.4437,5828724.585,13.37879456,52.52749428
3,3061227.0,Humannplatz,3601243.0,2018,4,10,4,3,0,2,0,0,0,0,0,1,0,799688.7842,5831264.852,13.42081568,52.54878432
12,12301204.0,Wittenau Nord                                                                                       ,12500927.0,2018,4,15,7,3,5,3,0,1,0,0,0,0,0,792631.4067,5835839.748,13.32107216,52.5936332
2,2010102.0,Mehringplatz,2100102.0,2018,4,14,7,3,3,6,0,0,0,0,0,0,0,798293.5119,5826524.724,13.39604697,52.50706129
9,9010202.0,Köpenicker Landstraße,9100203.0,2018,4,18,7,3,5,2,0,1,0,0,0,0,0,804101.373,5823590.301,13.47867961,52.47755474
7,7040402.0,Lindenhofsiedlung,7400822.0,2018,4,13,7,3,5,3,0,1,0,0,0,0,0,796607.4843,5821404.9,13.36672243,52.46208609
4,4061757.0,Forst Grunewald,4400729.0,2018,4,13,7,3,0,3,0,0,0,0,0,0,0,788966.4586,5823638.433,13.25650614,52.48620507
7,7020204.0,Schöneberger Insel,7200412.0,2018,4,17,1,3,0,1,0,0,0,0,0,0,0,796336.4176,5822988.182,13.36415057,52.47642595
3,3010102.0,Buch,3100102.0,2018,4,7,4,3,0,6,0,0,0,0,0,0,1,804461.2569,5841246.332,13.50015654,52.63559581
6,6010206.0,Stadtpark,6100206.0,2018,4,13,7,3,0,1,0,0,0,0,0,0,0,794009.6711,5819354.035,13.32679018,52.44510483
11,11051331.0,Karlshorst Nord,11501340.0,2018,4,16,1,2,0,6,0,1,0,0,0,0,0,807246.921,5824241.444,13.52544977,52.48163
1,1011204.0,Leipziger Straße                                                                                    ,1100207.0,2018,4,9,4,3,0,3,0,1,0,0,0,0,1,798136.2175,5826709.007,13.39390133,52.50879912
4,4020311.0,Reichsstraße,4200309.0,2018,4,13,7,3,5,3,0,1,0,0,0,0,0,788996.1714,5826983.533,13.25984557,52.51617933
4,4020311.0,Reichsstraße,4200309.0,2018,4,13,1,3,2,7,0,1,0,0,0,0,0,789060.4893,5827147.815,13.26093351,52.51761809
1,1011102.0,Großer Tiergarten,1100102.0,2018,4,12,7,3,0,3,0,0,0,0,0,1,0,796259.4596,5827566.288,13.36709263,52.51750627
5,5010339.0,Freiheit,5100317.0,2018,4,13,1,2,0,7,0,0,0,0,0,0,0,787218.1608,5828340.002,13.23488693,52.52928019
2,2020204.0,Urbanstraße,2200210.0,2018,4,7,4,3,5,2,0,1,0,0,0,0,1,798009.8057,5825271.23,13.39075749,52.49598029
8,8020619.0,Buschkrugallee Nord,8200623.0,2018,4,7,4,3,5,2,0,1,0,0,0,0,1,801402.0438,5821118.67,13.43682257,52.45689721
1,1011102.0,Großer Tiergarten,1100102.0,2018,4,10,7,3,1,5,0,1,0,0,0,1,0,795303.262,5827365.218,13.35286335,52.51622245
4,4041344.0,Rüdesheimer Platz,4400835.0,2018,4,22,7,3,2,6,2,1,0,0,0,0,0,793331.8354,5822849.491,13.31991737,52.47680463
3,3040818.0,Pankow Süd                                                                                          ,3400829.0,2018,4,11,1,3,5,3,0,1,0,0,0,0,0,799635.1471,5832787.939,13.42140183,52.56246578