district,LOR,street,LOR_2021,year,month,hour,weekday,category,accident_kind,accident_type,light_condition,car,pedestrian,motorcycle,goods_vehicle,others,road_condition,LINREFX,LINREFY,XGCSWGS84,YGCSWGS84
6,6010101.0,Fichtenberg,6100101.0,2018,4,11,1,3,5,2,0,1,0,0,0,0,0,793517.502,5820625.588,13.32068702,52.45676835
1,1011301.0,Charitéviertel,1100308.0,2018,4,5,4,3,0,1,1,0,0,0,0,0,1,797447.742,5828857.842,13.38570828,52.52843673
1,1011202.0,Unter den Linden Nord,1100206.0,2018,4,9,4,3,8,1,0,0,0,0,0,0,0,797175.8003,5827597.295,13.38058506,52.51728567
1,1033201.0,Brunnenstraße                                                                                       ,1300834.0,2018,4,19,7,3,5,3,0,1,0,0,0,0,0,797558.7095,5830953.987,13.38921624,52.5471655
2,2020202.0,Rathaus Yorckstraße,2200208.0,2018,4,21,3,3,5,2,2,1,0,0,0,0,0,797943.0599,5825259.135,13.3897664,52.49590831
3,3040614.0,Pankow Zentrum                                                                                      ,3400722.0,2018,4,7,3,3,5,2,0,1,0,0,0,0,0,798626.4212,5834002.92,13.40765889,52.57391041
3,3040508.0,Rosenthal,3400618.0,2018,4,16,7,3,5,2,0,1,0,0,0,0,0,796183.329,5836501.197,13.37394716,52.59763966
1,1011301.0,Charitéviertel,1100308.0,2018,4,16,3,2,0,1,0,0,0,0,0,0,0,796956.5369,5828918.436,13.37854285,52.52924768
1,1011402.0,Arkonaplatz,1100416.0,2018,4,9,6,3,1,7,0,1,0,0,0,0,0,798783.2025,5829102.392,13.40555559,52.52989848
9,9051702.0,Bölschestraße,9501737.0,2018,4,15,7,3,3,6,0,1,0,0,0,0,0,814203.744,5821478.211,13.62495659,52.45291082
2,2030301.0,Oranienplatz,2300314.0,2018,4,13,7,3,5,2,0,1,0,0,0,0,0,800333.4946,5826231.414,13.42574914,52.50331309
2,2020203.0,Viktoriapark,2200209.0,2018,4,17,3,3,5,2,0,0,0,0,0,1,0,797749.362,5824034.295,13.38582718,52.48503473
10,10040932.0,Alt-Mahlsdorf,10400939.0,2018,4,16,3,3,2,6,0,1,0,0,0,1,0,813005.0894,5827757.686,13.61326992,52.50986948
2,2040703.0,Wriezener Bahnhof/Entwicklungsgebiet,2400625.0,2018,4,12,6,3,0,7,0,0,0,0,0,0,0,801710.853,5826165.824,13.44592039,52.50196536
11,11010308.0,Zingster Straße Ost,11100307.0,2018,4,18,6,3,1,5,0,1,0,0,0,0,0,804856.7422,5834181.287,13.49947585,52.57205516
5,5040936.0,Jägerallee,5400943.0,2018,4,9,7,3,5,3,0,1,0,0,0,0,0,781293.3965,5819444.056,13.14026959,52.45260288
2,2030302.0,Lausitzer Platz,2300315.0,2018,4,16,3,3,5,2,0,0,0,0,0,1,0,800847.2866,5825833.614,13.43293646,52.49946446
8,8010301.0,Reuterkiez,8100312.0,2018,4,4,6,3,1,5,0,1,0,0,0,0,0,801371.27,5824502.61,13.43942815,52.4872453
9,9010401.0,Johannisthal West,9100407.0,2018,4,12,6,3,1,5,0,1,0,0,0,0,0,806110.947,5821091.955,13.50588503,52.45404093
2,2010102.0,Mehringplatz,2100102.0,2018,4,16,7,2,5,3,0,1,0,0,0,0,0,798207.3671,5825854.907,13.39418157,52.50110432
10,10040931.0,Mahlsdorf Nord                                                                                      ,10400938.0,2018,4,16,3,3,5,3,0,1,0,0,0,0,0,813857.1492,5829712.469,13.62762774,52.52689647
3,3061429.0,Greifswalder Straße,3601449.0,2018,4,9,6,3,5,2,0,1,0,0,0,0,0,801709.0895,5830082.132,13.4494464,52.53706845
1,1044203.0,Leopoldplatz,1401049.0,2018,4,15,3,3,5,2,0,1,0,0,0,0,0,796350.578,5831862.125,13.37226245,52.55596453
4,4030931.0,Breitscheidplatz,4501042.0,2018,4,9,6,3,1,4,0,1,1,0,0,0,0,793525.4625,5825829.816,13.32538537,52.50341801
3,3061131.0,Falkplatz,3601142.0,2018,4,12,7,2,0,1,0,0,0,0,0,0,0,798388.5342,5830942.848,13.40140757,52.54661178
2,2010102.0,Mehringplatz,2100102.0,2018,4,9,6,2,5,3,0,0,0,0,0,0,0,798027.9664,5825824.77,13.39151952,52.50093218
1,1011302.0,Oranienburger Straße                                                                                ,1100309.0,2018,4,12,6,3,5,2,0,0,0,0,0,0,0,798539.9295,5828984.689,13.40187435,52.52897672
7,7040405.0,Rathaus Tempelhof,7400927.0,2018,4,13,3,2,1,5,0,0,0,0,1,0,0,798335.4165,5821005.293,13.39172338,52.45756347
2,2040701.0,Andreasviertel,2400521.0,2018,4,9,6,3,5,2,0,0,0,0,0,1,0,800966.6222,5827875.957,13.4365357,52.51770465
9,9010101.0,Elsenstraße                                                                                         ,9100101.0,2018,4,12,3,2,5,3,0,0,0,0,1,0,0,802055.6351,5825557.445,13.4504326,52.49632168
6,6010101.0,Fichtenberg,6100101.0,2018,4,8,6,2,1,5,0,1,0,0,0,0,0,793106.8676,5820384.204,13.31444906,52.45482477
1,1011401.0,Invalidenstraße                                                                                     ,1100415.0,2018,4,10,3,3,1,5,0,1,0,0,0,0,0,797381.9439,5829150.938,13.38500339,52.53109988
8,8010213.0,Körnerpark,8100208.0,2018,4,10,3,3,5,2,0,0,0,0,0,1,0,801253.964,5822885.022,13.4362443,52.47281119
9,9020701.0,Adlershof West,9200715.0,2018,4,6,6,3,5,3,0,1,0,0,0,0,0,808201.2422,5818698.294,13.5343418,52.43141418
1,1011305.0,Heine-Viertel West,1100312.0,2018,4,23,6,3,5,7,2,1,0,0,0,0,0,799603.8942,5826930.329,13.41566139,52.5099789
12,12301204.0,Wittenau Nord                                                                                       ,12500927.0,2018,4,14,6,2,5,2,0,1,0,0,0,0,0,792470.3712,5835343.819,13.31826373,52.58927406
2,2030401.0,Reichenberger Straße,2300418.0,2018,4,0,6,3,8,1,2,0,0,0,0,0,0,801075.8266,5824963.127,13.43550628,52.49153604
7,7030303.0,Grazer Platz,7300619.0,2018,4,13,6,3,1,5,0,1,0,0,0,1,0,795840.8594,5821012.642,13.35512382,52.45898537
6,6030504.0,Teltower Damm,6300528.0,2018,4,8,3,3,1,7,0,1,0,0,0,0,0,790770.8311,5817489.189,13.27764863,52.43011814
1,1033102.0,Gesundbrunnen,1300733.0,2018,4,21,6,3,0,2,2,1,0,0,0,0,0,797367.5025,5831189.47,13.38661564,52.54938072
3,3061227.0,Humannplatz,3601243.0,2018,4,12,6,3,3,6,0,1,0,0,0,0,0,799615.872,5831761.916,13.42019213,52.55327979
6,6010208.0,Bergstraße                                                                                          ,6100208.0,2018,4,18,6,3,5,2,0,1,0,0,0,0,0,794339.5859,5820574.03,13.33270543,52.45586405
5,5020625.0,Borkumer Straße                                                                                     ,5200629.0,2018,4,12,6,3,5,2,0,1,0,0,0,0,0,783794.9602,5828688.054,13.18485792,52.53419389
12,12103218.0,Teichstraße,12100205.0,2018,4,16,6,3,5,2,0,1,0,0,0,0,0,794575.4642,5833966.951,13.3480242,52.57579568
11,11030721.0,Rüdigerstraße,11300722.0,2018,4,8,6,2,5,2,0,0,0,0,0,1,0,803861.9008,5828653.423,13.479784,52.52306742
2,2010102.0,Mehringplatz,2100103.0,2018,4,13,3,3,6,4,0,0,1,0,0,0,0,798675.2962,5826439.998,13.40157941,52.50609296
10,10040933.0,Mahlsdorf Süd                                                                                       ,10400940.0,2018,4,5,6,2,5,3,1,0,0,0,0,1,0,813094.2861,5826504.719,13.61340178,52.49859043
3,3061430.0,Volkspark Prenzlauer Berg,3601450.0,2018,4,16,3,3,0,2,0,1,0,0,0,0,0,802261.2689,5829167.162,13.45673089,52.52856168
2,2040702.0,Weberwiese,2400624.0,2018,4,16,6,3,4,6,0,1,0,0,0,0,0,801562.986,5827207.014,13.44469173,52.51137941
7,7020203.0,Kaiser-Wilhelm-Platz,7200411.0,2018,4,21,6,3,3,6,2,1,0,0,0,0,0,795935.9973,5824082.856,13.3592438,52.48645593
8,8010115.0,Hasenheide,8100102.0,2018,4,19,6,3,6,4,0,0,1,0,0,0,0,799833.137,5823659.833,13.41608556,52.48053796
4,4030415.0,Schloßgarten,4300412.0,2018,4,19,6,3,5,7,0,1,0,0,0,0,0,791680.2017,5827498.06,13.29973919,52.51936314
6,6010206.0,Stadtpark,6100206.0,2018,4,15,6,2,5,2,0,0,0,0,0,0,0,794330.759,5819564.849,13.33168654,52.44682194
9,9020502.0,Oberschöneweide Ost,9200511.0,2018,4,19,3,2,0,1,0,0,0,0,0,0,0,806640.338,5822049.714,13.51453095,52.46232799
6,6040810.0,Dahlem,6400844.0,2018,4,17,6,3,4,6,0,0,0,0,0,0,0,792468.1826,5821566.109,13.3061122,52.46576251
10,10010310.0,Alt-Marzahn,10100315.0,2018,4,14,6,3,3,6,0,0,0,0,0,1,0,809868.376,5831291.159,13.57049219,52.54332559
3,3061126.0,Arnimplatz,3601140.0,2018,4,19,2,3,5,2,0,1,0,0,0,0,0,798516.46,5831494.301,13.40378421,52.55148468
1,1044202.0,Sparrplatz,1401046.0,2018,4,16,6,3,5,2,0,0,0,0,0,1,0,794726.0215,5830011.296,13.34672688,52.54025489
3,3040512.0,Wilhelmsruh,3400619.0,2018,4,21,2,3,5,3,2,1,0,0,0,0,0,796032.7142,5835733.42,13.3710437,52.59083942
4,4030519.0,Kaiserin-Augusta-Allee,4300518.0,2018,4,14,6,3,5,3,0,1,0,0,0,0,0,792065.1352,5828105.728,13.30592981,52.52460471
1,1022203.0,Lübecker Straße                                                                                     ,1200625.0,2018,4,16,6,3,0,7,0,0,0,0,0,0,0,794711.9982,5828701.913,13.34535964,52.52852481
1,1033102.0,Gesundbrunnen,1300733.0,2018,4,15,6,3,5,2,0,1,0,0,0,0,0,797236.78,5831320.483,13.3848107,52.55062644
8,8020622.0,Parchimer Allee,8200726.0,2018,4,13,6,3,5,3,0,1,0,0,0,0,0,801260.2899,5819808.863,13.43356124,52.44523513
7,7040403.0,Manteuffelstraße                                                                                    ,7400823.0,2018,4,18,2,3,5,2,0,1,0,0,0,0,0,796882.6602,5822236.751,13.37150089,52.46939343
1,1011304.0,Karl-Marx-Allee,1100311.0,2018,4,12,6,3,0,2,0,1,0,1,0,0,0,799730.1678,5827539.924,13.41806547,52.51537359
10,10040933.0,Mahlsdorf Süd                                                                                       ,10400940.0,2018,4,18,2,3,5,3,0,1,0,0,0,0,0,811982.494,5826843.854,13.59739475,52.50226617
2,2020203.0,Viktoriapark,2200208.0,2018,4,12,6,3,3,6,0,0,0,0,0,0,0,797259.3884,5824806.128,13.37932128,52.49222038
10,10040931.0,Mahlsdorf Nord                                                                                      ,10400938.0,2018,4,16,6,2,5,3,0,1,0,0,0,0,0,814743.6764,5829892.369,13.64082278,52.52799745
6,6030503.0,Zehlendorf Mitte                                                                                    ,6300526.0,2018,4,18,2,3,5,2,0,1,0,0,0,0,0,789414.6956,5817994.395,13.25819524,52.43536668
8,8041037.0,Alt-Rudow,8401243.0,2018,4,12,6,3,0,6,0,1,0,0,0,0,0,805771.9016,5818046.866,13.49812514,52.42693894
1,1011306.0,Heine-Viertel Ost,1100313.0,2018,4,16,2,3,5,3,0,1,0,0,0,0,0,799660.7792,5827044.376,13.41659975,52.51096991
2,2020206.0,Graefekiez,2200212.0,2018,4,15,2,3,6,7,0,0,1,0,0,0,0,800039.0203,5824451.142,13.41982034,52.48751775
6,6020408.0,Lichterfelde Süd                                                                                    ,6200420.0,2018,4,21,6,2,0,1,2,0,0,0,0,0,0,792855.8846,5816228.315,13.30712509,52.41770236
1,1011303.0,Alexanderplatzviertel,1100310.0,2018,4,20,6,3,0,1,2,0,0,0,0,0,0,799562.39,5828244.567,13.41623489,52.52178181
4,4030519.0,Kaiserin-Augusta-Allee,4300518.0,2018,4,15,2,3,5,2,0,1,0,0,0,0,0,792061.5809,5828220.744,13.30597859,52.5256377
1,1022103.0,Westhafen,1200517.0,2018,4,15,2,2,5,2,0,1,0,0,0,0,0,795199.8797,5829647.546,13.35337045,52.53673766
1,1011301.0,Charitéviertel,1100308.0,2018,4,17,5,3,3,2,0,1,0,0,0,0,0,797603.2531,5828357.501,13.38754611,52.52386691
2,2030302.0,Lausitzer Platz,2300316.0,2018,4,16,5,2,5,3,0,1,0,0,0,0,0,801417.9555,5826073.797,13.44153514,52.50130237
1,1011401.0,Invalidenstraße                                                                                     ,1100415.0,2018,4,15,2,3,6,6,0,0,1,0,0,0,0,797325.6742,5829122.133,13.38415055,52.53087237
6,6030609.0,Augustaplatz,6300633.0,2018,4,8,5,3,0,3,0,0,0,0,0,1,0,792363.1945,5819231.366,13.30252688,52.44488799
2,2030301.0,Oranienplatz,2300314.0,2018,4,21,5,2,2,7,2,1,0,0,0,0,0,799874.7099,5825991.7,13.41879442,52.50141675
3,3071537.0,Kollwitzplatz,3701556.0,2018,4,8,5,3,6,4,0,0,1,0,0,0,0,799575.4515,5829849.809,13.41787323,52.53616309
2,2050602.0,Samariterviertel,2500728.0,2018,5,9,6,3,5,2,0,1,0,0,0,0,0,803198.368,5828314.865,13.46972542,52.52040236
7,7050502.0,Fritz-Werner-Straße                                                                                 ,7501133.0,2018,5,14,2,3,0,6,0,1,0,0,0,0,0,797398.2279,5818336.707,13.37559557,52.43415295
7,7040403.0,Manteuffelstraße                                                                                    ,7400823.0,2018,5,23,6,2,1,5,2,1,0,0,0,0,0,797309.3306,5821621.075,13.37721502,52.46364249
9,9041501.0,Altstadt Kietz,9401534.0,2018,5,14,2,3,1,5,0,1,0,0,0,0,0,810871.0942,5820585.125,13.5752409,52.44681272
8,8010303.0,Donaustraße,8100314.0,2018,5,13,2,3,0,5,0,0,0,0,0,1,0,801314.8372,5823834.534,13.43799569,52.48128833
3,3071537.0,Kollwitzplatz,3701555.0,2018,5,7,6,3,5,3,0,1,0,0,0,0,0,799598.1759,5829903.167,13.41825537,52.53662887
1,1011305.0,Heine-Viertel West,1100312.0,2018,5,7,6,2,5,2,0,0,0,0,1,0,0,799508.0816,5826689.837,13.41403743,52.50787586
10,10030724.0,Oberfeldstraße                                                                                      ,10300731.0,2018,5,7,6,3,1,5,0,1,0,0,0,0,0,809133.816,5829217.872,13.55776665,52.52516271
9,9030901.0,Dorf Altglienicke,9300920.0,2018,5,7,5,3,5,3,0,1,0,0,0,0,0,808623.197,5817619.336,13.53953307,52.42150662
2,2010103.0,Moritzplatz,2100104.0,2018,5,19,5,3,5,3,1,1,0,0,0,0,0,799300.3894,5826172.889,13.41052167,52.50335616
2,2020206.0,Graefekiez,2200212.0,2018,5,19,2,2,5,2,0,0,0,0,0,0,0,799052.339,5824537.368,13.40540984,52.488832
12,12103117.0,Letteplatz,12100101.0,2018,5,20,2,3,5,3,1,1,0,0,0,0,0,796401.4648,5832671.089,13.37373335,52.56318832
7,7020201.0,Bayerischer Platz,7200307.0,2018,5,19,5,3,2,7,0,0,0,0,0,1,0,794585.7343,5824655.041,13.33992188,52.49231547
4,4051652.0,Nikolsburger Platz,4501149.0,2018,5,20,2,3,5,2,1,1,0,0,0,0,0,793714.3871,5824027.382,13.32657153,52.48715833
3,3050925.0,Komponistenviertel Weißensee,3500936.0,2018,5,7,5,3,0,6,0,0,0,0,0,1,0,802713.9026,5831757.168,13.46574248,52.55152431
2,2030302.0,Lausitzer Platz,2300315.0,2018,5,20,5,3,5,3,1,0,0,0,0,1,0,800389.6253,5825782.576,13.42616874,52.4992591
12,12214424.0,Scharnweberstraße                                                                                   ,12200309.0,2018,5,16,5,3,0,5,0,0,0,0,0,1,0,792682.4646,5832790.37,13.31913118,52.56626957
4,4051652.0,Nikolsburger Platz,4501149.0,2018,5,18,2,3,5,7,0,1,0,0,0,0,0,793442.1409,5824114.67,13.32265046,52.48808724
1,1022201.0,Stephankiez,1200623.0,2018,5,18,5,3,3,6,0,1,0,0,0,0,0,794872.0466,5829008.478,13.34798399,52.53118639
4,4051652.0,Nikolsburger Platz,4501149.0,2018,5,18,2,3,5,2,0,0,0,1,0,0,0,793454.0968,5824423.74,13.32309821,52.4908515
9,9051702.0,Bölschestraße,9501737.0,2018,5,16,5,2,5,3,0,1,0,0,0,0,0,814279.002,5822677.418,13.62718923,52.46361358
9,9030901.0,Dorf Altglienicke,9300920.0,2018,5,7,2,3,5,2,0,1,0,0,0,0,0,807568.547,5815418.875,13.52205119,52.40237915
3,3061429.0,Greifswalder Straße,3601449.0,2018,5,15,5,2,5,3,0,1,0,0,0,0,0,801415.2525,5830908.45,13.44587688,52.54463738
1,1033202.0,Humboldthain Süd,1300835.0,2018,5,7,2,3,0,2,0,1,0,0,0,0,0,797545.5918,5829412.713,13.38764307,52.53335707
3,3050919.0,Gustav-Adolf-Straße,3500932.0,2018,5,4,5,3,6,7,2,0,1,0,0,0,0,800965.2273,5832156.908,13.44039224,52.55607623
7,7010102.0,Nollendorfplatz,7100102.0,2018,5,7,5,3,5,2,0,1,0,0,0,0,0,795014.5197,5825653.705,13.34710362,52.50103623
4,4051445.0,Eisenzahnstraße,4500939.0,2018,5,8,2,3,2,6,0,0,0,0,0,0,0,792034.9482,5824055.696,13.30193327,52.48831311
1,1011105.0,Nördlicher Landwehrkanal                                                                            ,1100102.0,2018,5,7,2,3,5,3,0,1,0,0,0,0,0,796407.0668,5826804.923,13.36858342,52.51060118
11,11041128.0,Sewanstraße,11401137.0,2018,5,9,5,3,5,2,0,1,0,0,0,0,0,806474.6741,5825556.585,13.51532306,52.49385061
6,6020410.0,Oberhofer Platz,6200422.0,2018,5,10,5,3,5,3,0,1,0,0,0,0,0,794480.3714,5816577.913,13.3312507,52.41996476
6,6010209.0,Feuerbachstraße                                                                                     ,6100209.0,2018,5,9,2,3,5,2,0,1,0,0,0,0,0,794091.5279,5821506.634,13.32988695,52.46435798
6,6040810.0,Dahlem,6400844.0,2018,5,11,5,3,6,4,0,0,1,0,0,0,0,792574.7127,5821690.299,13.30778476,52.46681882
1,1011302.0,Oranienburger Straße                                                                                ,1100309.0,2018,5,12,5,2,0,1,0,0,0,0,0,0,0,798533.8045,5828995.119,13.40179369,52.52907357
6,6040810.0,Dahlem,6400844.0,2018,5,10,2,3,5,3,0,1,0,0,0,0,0,791979.3515,5821480.635,13.2988622,52.4652577
1,1011203.0,Unter den Linden Süd,1100206.0,2018,5,10,2,3,5,3,0,1,0,0,0,0,0,797761.7831,5827443.901,13.38905808,52.51559106
4,4030929.0,Hindemithplatz,4501040.0,2018,5,13,5,3,1,5,0,1,0,0,0,0,0,792674.6715,5825893.419,13.31294269,52.50444521
6,6010101.0,Fichtenberg,6100101.0,2018,5,11,2,3,3,6,0,1,0,0,0,0,0,793385.4927,5820708.14,13.31882233,52.45757928
8,8010404.0,Rixdorf,8100415.0,2018,5,0,4,3,3,6,2,1,0,0,0,0,0,802025.7871,5823501.107,13.44813086,52.47790704
2,2020206.0,Graefekiez,2200212.0,2018,5,13,5,3,1,5,0,1,0,0,0,0,0,800148.1573,5824417.079,13.42139214,52.48715244
9,9020802.0,Köllnische Vorstadt                                                                                 ,9200819.0,2018,5,17,4,3,0,2,0,1,0,0,0,0,0,810478.0767,5820324.636,13.5692346,52.44470161
1,1033201.0,Brunnenstraße                                                                                       ,1300834.0,2018,5,17,4,3,3,6,0,1,0,0,0,0,0,798061.9681,5830036.297,13.39579256,52.53866454
1,1044203.0,Leopoldplatz,1401048.0,2018,5,21,4,3,5,2,0,1,0,0,0,0,0,795524.8388,5831633.715,13.35991481,52.55436576
8,8010301.0,Reuterkiez,8100312.0,2018,5,22,4,3,1,5,2,1,0,0,0,0,0,800790.41,5824311.771,13.43072724,52.48585508
7,7040402.0,Lindenhofsiedlung,7400822.0,2018,5,12,2,2,5,2,0,1,0,0,0,0,0,796146.0797,5820791.328,13.35940659,52.45683615
9,9020702.0,Adlershof Ost,9200717.0,2018,5,13,4,3,3,6,0,0,0,0,0,1,0,809206.5856,5819559.981,13.54987908,52.43856929
6,6030609.0,Augustaplatz,6300633.0,2018,5,7,4,2,5,3,0,1,0,0,0,0,0,793159.4311,5818233.005,13.31333283,52.43551157
1,1011103.0,Lützowstraße                                                                                        ,1100103.0,2018,5,12,2,3,0,1,0,0,0,0,0,0,0,795331.901,5826145.07,13.35220147,52.50526926
11,11030619.0,Fennpfuhl Ost,11300620.0,2018,5,13,4,3,0,1,0,0,0,0,0,0,0,804048.9335,5829074.199,13.48291692,52.52673442
2,2040701.0,Andreasviertel,2400623.0,2018,5,16,1,3,1,5,0,1,0,0,0,1,0,800563.7414,5826972.639,13.42980027,52.50983014
2,2040701.0,Andreasviertel,2400623.0,2018,5,12,4,2,1,5,0,1,0,0,0,0,0,800698.5842,5827735.465,13.43247044,52.51659323
3,3061131.0,Falkplatz,3601142.0,2018,5,13,4,3,6,4,0,0,1,0,0,0,0,799215.0812,5831107.591,13.41370878,52.54763513
2,2050803.0,Stralauer Kiez,2500835.0,2018,5,9,4,2,5,2,0,0,0,0,0,1,0,802557.8734,5825946.774,13.45816182,52.49953305
1,1022106.0,Elberfelder Straße                                                                                  ,1200522.0,2018,5,13,4,3,5,2,0,1,0,0,0,0,0,793697.715,5828017.175,13.32984633,52.5229339
7,7010104.0,Dennewitzplatz,7100205.0,2018,5,13,1,3,5,3,0,1,0,0,0,0,0,796031.9301,5825348.454,13.36177694,52.49774893
2,2030302.0,Lausitzer Platz,2300315.0,2018,5,17,4,3,1,5,0,1,0,0,0,1,0,800295.9307,5825830.94,13.42483626,52.49974416
8,8041037.0,Alt-Rudow,8401243.0,2018,5,12,1,2,5,3,0,1,0,0,0,0,0,805306.3538,5817681.46,13.49096595,52.42392388
1,1011306.0,Heine-Viertel Ost,1100313.0,2018,5,9,4,3,5,3,0,1,0,0,0,0,0,799658.1075,5826843.046,13.41637924,52.50916676
3,3050919.0,Gustav-Adolf-Straße,3500932.0,2018,5,9,4,3,0,6,0,1,0,0,0,0,0,801407.0845,5832034.804,13.44677914,52.55473745
2,2010103.0,Moritzplatz,2100104.0,2018,5,18,1,2,5,3,0,1,0,0,0,0,0,799343.1558,5826192.384,13.41116737,52.50350744
7,7010104.0,Dennewitzplatz,7100205.0,2018,5,22,4,3,5,7,2,1,0,0,0,0,0,796421.8754,5824862.313,13.36707175,52.49317947
4,4030417.0,Schloßstraße,4300414.0,2018,5,19,1,3,0,1,0,1,0,0,0,0,0,791710.0776,5826842.765,13.2996037,52.51347254
1,1011305.0,Heine-Viertel West,1100312.0,2018,5,8,4,3,5,3,0,1,0,0,0,0,0,798793.3742,5827153.482,13.40395441,52.5124237
1,1011306.0,Heine-Viertel Ost,1100313.0,2018,5,7,4,3,0,7,0,1,0,0,0,0,0,800100.3101,5826454.476,13.42252508,52.50544078
2,2010102.0,Mehringplatz,2100102.0,2018,5,16,4,3,5,2,0,0,0,0,0,1,0,797914.6923,5826462.359,13.39042619,52.50670925
7,7010104.0,Dennewitzplatz,7100206.0,2018,5,15,4,3,1,5,0,1,0,0,0,0,0,796328.6236,5824309.269,13.36521041,52.48827256
4,4020311.0,Reichsstraße,4200310.0,2018,5,15,4,2,3,6,0,1,0,0,0,0,0,789679.9943,5826476.827,13.26945373,52.51127383
3,3020307.0,Buchholz,3200309.0,2018,5,16,1,3,0,2,0,1,0,0,0,0,0,800113.2948,5838393.205,13.43351155,52.61244336
1,1033102.0,Gesundbrunnen,1300733.0,2018,5,15,4,3,5,2,0,1,0,0,0,0,0,797169.9353,5831904.501,13.38435051,52.55589791
4,4041344.0,Rüdesheimer Platz,4400835.0,2018,5,17,4,3,5,2,0,1,0,0,0,0,0,793355.7152,5822851.219,13.32026948,52.4768073
1,1022207.0,Hansaviertel,1200629.0,2018,5,6,1,3,5,3,0,1,0,0,0,0,0,794413.5852,5827591.995,13.33999086,52.51873636
3,3071633.0,Thälmannpark,3701657.0,2018,5,8,4,3,5,2,0,1,0,0,0,0,0,800098.6161,5830648.006,13.42628432,52.54302975
4,4041135.0,Hundekehle,4400729.0,2018,5,15,1,3,5,2,0,1,0,0,0,0,0,789456.1128,5823264.846,13.26337271,52.48259636
1,1011101.0,Stülerstraße                                                                                        ,1100101.0,2018,5,17,3,3,5,3,0,0,0,0,0,0,0,795250.1594,5826488.436,13.35130518,52.50839152
3,3061434.0,Anton-Saefkow-Park,3601451.0,2018,5,15,1,3,5,2,0,1,0,0,0,0,0,801219.1864,5829503.087,13.4417204,52.5321494
10,10010205.0,Marzahn Ost                                                                                         ,10100207.0,2018,5,12,3,3,6,7,0,0,1,0,0,0,0,810502.8915,5832381.156,13.58083774,52.55273227
12,12304314.0,Ziekowstraße/Freie Scholle,12500824.0,2018,5,14,1,2,5,2,0,1,0,0,0,0,0,790235.154,5835864.487,13.28581824,52.59513906
9,9030901.0,Dorf Altglienicke,9300920.0,2018,5,17,3,3,3,6,0,1,0,0,0,0,0,808249.1236,5817084.776,13.53355714,52.41692662
8,8020620.0,Tempelhofer Weg,8200624.0,2018,5,16,4,3,5,2,0,1,0,0,0,0,0,801179.898,5820596.623,13.43309224,52.45234039
1,1044103.0,Westliche Müllerstraße                                                                              ,1400942.0,2018,5,23,7,3,5,2,2,1,0,0,0,0,0,794561.2321,5830702.415,13.34491695,52.54653936
6,6010205.0,Südende,6100205.0,2018,5,19,3,3,6,4,0,0,1,0,0,0,0,794864.9256,5820041.883,13.33994454,52.45081048
6,6030608.0,Schweizer Viertel,6300632.0,2018,5,12,7,3,0,2,0,1,0,0,0,0,0,790986.3057,5816638.7,13.28006905,52.42237876
2,2050801.0,Traveplatz,2500831.0,2018,5,15,4,3,0,1,0,0,0,0,0,0,0,803052.2703,5826998.517,13.46637995,52.50868536
2,2020204.0,Urbanstraße,2200210.0,2018,5,22,3,3,5,3,2,1,0,0,0,0,0,798436.1385,5824774.294,13.39657369,52.49129294
1,1011301.0,Charitéviertel,1100308.0,2018,5,18,7,3,3,6,0,1,0,0,0,0,0,796990.4931,5828154.064,13.37835926,52.52237744