district,LOR,street,LOR_2021,year,month,hour,weekday,category,accident_kind,accident_type,light_condition,car,pedestrian,motorcycle,goods_vehicle,others,road_condition,LINREFX,LINREFY,XGCSWGS84,YGCSWGS84
3,3030406.0,Alt-Karow,3300412.0,2018,5,16,4,2,3,6,0,0,0,0,0,1,0,803324.0578,5839193.779,13.4815206,52.61783621
2,2020203.0,Viktoriapark,2200207.0,2018,5,17,7,3,5,2,0,1,0,0,0,0,0,797089.4859,5824711.393,13.37674169,52.49146368
7,7040401.0,Neu-Tempelhof,7400721.0,2018,5,19,3,3,5,2,0,1,0,0,0,0,0,797675.6114,5822545.107,13.38341492,52.47172602
8,8041036.0,Zittauer Straße,8401242.0,2018,5,16,7,3,5,3,0,1,0,0,0,0,0,805191.1713,5816493.155,13.48819358,52.41333769
9,9051901.0,Dammvorstadt,9501940.0,2018,5,16,4,3,5,3,0,0,0,0,0,0,0,811380.0187,5821572.846,13.58362577,52.4553746
5,5010209.0,An der Kappe,5100211.0,2018,5,18,3,3,5,2,0,0,0,0,0,1,0,783249.3202,5830274.426,13.17818775,52.54870151
9,9051801.0,Rahnsdorf/Hessenwinkel,9501838.0,2018,5,15,7,3,5,2,0,1,0,0,0,0,0,818441.9236,5820574.57,13.68625454,52.44236184
1,1022202.0,Heidestraße                                                                                         ,1200624.0,2018,5,14,4,3,5,2,0,1,0,0,0,0,0,795669.1504,5829732.446,13.36034465,52.53724432
4,4051551.0,Brabanter Platz,4501148.0,2018,5,18,3,3,5,2,0,1,0,0,0,0,0,793337.7428,5823073.184,13.32020087,52.47880679
3,3050923.0,Weißenseer Spitze,3500934.0,2018,5,14,7,3,5,2,0,1,0,0,0,0,0,801153.0515,5831614.529,13.44266232,52.55111102
3,3020209.0,Niederschönhausen,3200205.0,2018,5,18,3,3,5,2,0,0,0,0,0,1,0,797324.3361,5835290.716,13.38965699,52.58616668
7,7010104.0,Dennewitzplatz,7100205.0,2018,5,12,7,3,5,2,0,1,0,0,0,0,0,796146.5556,5824951.377,13.36310751,52.4941273
1,1033102.0,Gesundbrunnen,1300733.0,2018,5,14,4,3,3,6,0,0,0,0,0,0,0,797121.8072,5831767.346,13.38351994,52.55469475
2,2050802.0,Boxhagener Platz,2500833.0,2018,5,18,3,3,5,3,0,1,0,0,0,0,0,802079.539,5827361.516,13.45242041,52.51247841
1,1011202.0,Unter den Linden Nord,1100206.0,2018,5,17,3,3,5,3,0,1,0,0,0,0,0,797147.7552,5827759.982,13.38031828,52.51875925
8,8010301.0,Reuterkiez,8100310.0,2018,5,23,3,3,4,1,2,0,0,0,0,0,0,801005.3224,5824946.961,13.43445637,52.49143002
4,4061757.0,Forst Grunewald,4200207.0,2018,5,20,3,2,0,1,1,0,0,0,0,0,0,784980.6851,5822821.968,13.1972696,52.48097974
1,1011302.0,Oranienburger Straße                                                                                ,1100309.0,2018,5,20,3,3,2,6,2,1,0,0,0,0,0,798279.6122,5828816.728,13.39789767,52.52761368
4,4051655.0,Babelsberger Straße,4501153.0,2018,5,18,3,3,5,2,0,1,0,0,0,0,0,793946.5903,5823412.393,13.32943909,52.48152027
1,1011303.0,Alexanderplatzviertel,1100310.0,2018,5,10,3,3,5,2,0,1,0,0,0,0,0,799098.3247,5828459.795,13.40960909,52.52396575
9,9051901.0,Dammvorstadt,9501939.0,2018,5,20,7,2,0,1,1,0,0,0,0,0,0,810396.8045,5821293.762,13.56894315,52.45343274
5,5010101.0,Hakenfelde Nord,5100101.0,2018,5,10,3,3,1,5,0,1,0,0,0,0,0,784569.1757,5832356.583,13.19938543,52.56668214
5,5010207.0,Darbystraße                                                                                         ,5100209.0,2018,5,16,3,3,5,2,0,0,0,0,0,1,0,783578.4006,5830213.647,13.18297603,52.54798534
5,5010313.0,Ackerstraße                                                                                         ,5100315.0,2018,5,10,3,3,1,5,0,1,0,0,0,0,0,784777.023,5830016.618,13.20043604,52.5455935
1,3071536.0,Teutoburger Platz,3701556.0,2018,5,15,7,2,5,3,0,1,0,0,0,0,0,799081.8404,5829023.217,13.40987361,52.52902504
12,12103117.0,Letteplatz,12100101.0,2018,5,15,3,3,5,3,0,1,0,0,0,0,0,796328.998,5832488.937,13.37250474,52.56159496
8,8020727.0,Buckow Mitte,8200832.0,2018,5,11,7,3,7,7,0,0,0,0,0,0,0,800661.2593,5815984.107,13.42133565,52.41128164
9,9020802.0,Köllnische Vorstadt                                                                                 ,9200819.0,2018,5,7,3,3,5,2,0,1,0,0,0,0,0,810070.343,5819470.465,13.56246228,52.43727808
2,2050802.0,Boxhagener Platz,2500833.0,2018,5,15,3,2,6,4,0,0,1,0,0,0,0,802066.4719,5827364.185,13.45223086,52.51250957
8,8010115.0,Hasenheide,8100102.0,2018,5,21,7,2,3,6,2,0,0,0,0,0,0,799833.9366,5823659.607,13.4160971,52.48053549
2,2050801.0,Traveplatz,2500830.0,2018,5,7,3,3,5,2,0,1,0,0,0,0,0,802250.8754,5827509.249,13.45507166,52.51370763
1,1011301.0,Charitéviertel,1100308.0,2018,5,6,3,3,5,3,0,1,0,0,0,0,0,796964.2009,5828807.451,13.37855636,52.52824865
2,2040701.0,Andreasviertel,2400521.0,2018,5,10,3,3,5,2,0,1,0,0,0,0,0,800374.2547,5827890.765,13.42784537,52.51816396
8,8040933.0,Vogelviertel Süd,8401139.0,2018,5,9,7,3,5,3,0,1,0,0,0,0,0,803025.5369,5819371.873,13.45905843,52.44034296
7,7070701.0,Kettinger Straße/Schillerstraße                                                                     ,7601442.0,2018,5,4,3,2,5,2,1,0,0,0,0,1,0,799749.4151,5814502.541,13.40664372,52.3985013
2,2020206.0,Graefekiez,2200212.0,2018,5,9,3,3,0,2,0,0,0,0,1,0,0,799067.2669,5824568.402,13.40565689,52.489102
10,10010206.0,Ringkolonnaden,10100208.0,2018,5,11,7,2,5,3,0,1,0,0,0,0,0,809510.9975,5832444.466,13.56631398,52.55386414
2,2040703.0,Wriezener Bahnhof/Entwicklungsgebiet,2400625.0,2018,4,20,2,2,5,2,1,1,0,0,0,0,0,801759.6367,5826240.48,13.44670455,52.50260754
1,1022204.0,Thomasiusstraße                                                                                     ,1200626.0,2018,5,9,3,3,5,3,0,1,0,0,0,0,0,795076.2176,5828272.262,13.35033176,52.5244763
4,4051446.0,Preußenpark,4501043.0,2018,4,10,2,3,1,5,0,1,0,0,0,0,0,793052.5287,5824689.709,13.31743459,52.49345155
5,5010206.0,Gütersloher Weg,5100208.0,2018,5,12,7,3,1,5,0,1,0,0,0,0,0,782220.4534,5830248.251,13.1630324,52.54900085
11,11030720.0,Herzbergstraße,11300721.0,2018,4,10,2,3,5,3,0,1,0,0,0,0,0,804919.5305,5829938.668,13.49650304,52.53399598
3,3061227.0,Humannplatz,3601244.0,2018,5,8,3,3,5,3,0,0,0,0,0,1,0,800154.6246,5831467.114,13.42784799,52.55034078
7,7010102.0,Nollendorfplatz,7100102.0,2018,4,10,2,3,1,5,0,1,0,0,0,0,0,794994.6299,5825226.689,13.34643323,52.49721907
2,2030302.0,Lausitzer Platz,2300316.0,2018,5,8,3,3,2,6,0,0,0,0,0,0,0,801293.4573,5825987.583,13.43962858,52.50059837
1,1011402.0,Arkonaplatz,1100416.0,2018,5,4,7,2,0,1,2,0,0,0,0,0,0,798744.2935,5829594.622,13.4054261,52.53433194
6,6040701.0,Wannsee,6400735.0,2018,5,20,6,3,1,5,0,1,0,0,0,0,0,781972.5105,5815177.694,13.1466385,52.41399771
11,11020515.0,Landsberger Allee,11200514.0,2018,5,21,6,3,0,3,1,0,0,0,0,0,0,803561.5561,5830184.887,13.47676911,52.53696076
5,5010101.0,Hakenfelde Nord,5100101.0,2018,5,19,6,3,5,3,1,0,0,0,0,0,0,784403.2607,5831926.524,13.19657548,52.56291295
12,12214125.0,Waldidyll/Flughafensee,12200412.0,2018,4,19,2,2,5,2,0,0,0,0,1,0,0,791169.5225,5834030.56,13.29796201,52.57819892
7,7050506.0,Birnhornweg,7501135.0,2018,5,12,3,3,1,5,0,1,0,0,0,0,0,798560.7372,5817135.597,13.39157278,52.42275308
7,7070704.0,Nahariyastraße                                                                                      ,7601545.0,2018,5,7,6,3,5,2,0,1,0,0,0,0,0,800080.9093,5814039.369,13.41108658,52.39416805
1,1022206.0,Lüneburger Straße                                                                                   ,1200628.0,2018,5,15,6,3,5,7,0,1,0,0,0,0,0,796288.5,5828494.613,13.36834631,52.52581202
11,11010204.0,Falkenberg Ost,11100203.0,2018,5,17,6,3,5,3,0,1,0,0,0,0,0,806766.3471,5833891.721,13.52729712,52.56838723
6,6040810.0,Dahlem,6400844.0,2018,4,18,2,3,5,2,0,1,0,0,0,0,0,790236.1716,5820072.567,13.27205056,52.4535628
9,9041601.0,Müggelheim,9401635.0,2018,4,17,2,2,5,2,0,1,0,0,0,0,0,816871.002,5817224.302,13.66004595,52.41325411
12,12103218.0,Teichstraße,12100205.0,2018,4,17,2,2,5,2,0,1,0,0,0,0,0,795189.6517,5833241.296,13.35641539,52.56895806
3,3040818.0,Pankow Süd                                                                                          ,3400827.0,2018,5,12,3,3,5,3,0,1,0,0,0,0,0,799479.5134,5831859.319,13.41827481,52.55422784
3,3040614.0,Pankow Zentrum                                                                                      ,3400724.0,2018,4,17,2,2,0,2,0,1,0,0,0,0,0,799981.5696,5835109.049,13.42859671,52.58307966
9,9030901.0,Dorf Altglienicke,9300920.0,2018,5,13,3,3,5,3,0,1,0,0,0,0,0,807581.9205,5815424.887,13.52225267,52.40242553
1,1011301.0,Charitéviertel,1100308.0,2018,4,17,2,3,3,6,0,0,0,0,0,0,0,797603.3105,5828407.631,13.38759182,52.52431624
10,10020413.0,Gut Hellersdorf,10200420.0,2018,5,13,3,3,5,3,0,1,0,0,0,0,0,811696.1391,5830640.891,13.59674729,52.53645598
6,6020409.0,Königsberger Straße                                                                                 ,6200421.0,2018,4,16,2,3,2,2,0,1,0,0,0,0,0,793245.8651,5816859.949,13.31339662,52.42315605
11,11030721.0,Rüdigerstraße,11300722.0,2018,5,14,6,3,5,3,0,1,0,0,0,0,0,803671.0188,5828632.269,13.47695988,52.52298416
1,1011103.0,Lützowstraße                                                                                        ,1100103.0,2018,4,16,2,3,5,3,0,1,0,0,0,0,0,795384.6563,5826004.616,13.35285186,52.50398164
4,4030931.0,Breitscheidplatz,4501042.0,2018,5,14,6,3,3,6,0,1,0,0,0,0,0,793884.9475,5825512.248,13.33038604,52.50037766
1,1011203.0,Unter den Linden Süd,1100206.0,2018,5,11,6,3,5,2,0,1,0,0,0,0,0,797899.8732,5827470.934,13.39111126,52.51575797
2,2030301.0,Oranienplatz,2300314.0,2018,5,15,3,3,2,5,0,1,0,0,0,1,0,799853.1434,5825826.081,13.41832854,52.49994409
1,1011203.0,Unter den Linden Süd,1100206.0,2018,5,17,6,3,3,6,0,1,0,0,0,0,0,797558.0156,5827315.342,13.38594911,52.51454989
11,11030720.0,Herzbergstraße,11300721.0,2018,5,15,6,2,5,2,0,1,0,0,0,0,0,804945.7444,5829098.581,13.49611774,52.52645208
1,1033203.0,Humboldthain Nordwest                                                                               ,1300836.0,2018,4,14,2,3,5,7,0,1,0,0,0,0,0,796509.4539,5829904.65,13.37285141,52.53833142
11,11020412.0,Hauptstraße,11200411.0,2018,5,16,3,3,5,2,0,1,0,0,0,0,0,805694.0334,5831384.14,13.50921576,52.5465169
1,1011102.0,Großer Tiergarten,1100102.0,2018,5,17,3,3,0,2,0,1,0,0,0,0,0,796510.913,5827616.735,13.3708325,52.51782183
8,8041040.0,Waltersdorfer Chaussee Ost,8401246.0,2018,5,16,3,2,5,3,0,1,0,0,0,0,0,806337.1411,5816452.01,13.50495231,52.41232886
7,7020203.0,Kaiser-Wilhelm-Platz,7200409.0,2018,4,14,2,3,1,5,0,1,0,0,0,0,0,795364.0138,5824040.139,13.35080684,52.48638274
6,6040701.0,Wannsee,6400735.0,2018,5,13,6,3,5,2,0,1,0,0,0,0,0,784619.957,5816691.862,13.18674716,52.42620401
5,5030730.0,Zitadellenweg,5300736.0,2018,5,7,2,3,5,2,0,1,0,0,0,0,0,785851.9013,5829243.559,13.21557864,52.53809948
12,12231101.0,Hermsdorf,12400722.0,2018,5,12,6,3,5,3,0,1,0,0,0,0,0,791815.222,5837953.4,13.31092068,52.61301976
9,9051702.0,Bölschestraße,9501737.0,2018,5,10,2,3,0,2,0,1,0,0,0,0,0,814202.8751,5821345.882,13.62481936,52.45172553
2,2030402.0,Wrangelkiez,2300419.0,2018,5,12,6,3,5,3,0,0,0,0,0,0,0,801075.3214,5825680.588,13.43614725,52.4979671
8,8041036.0,Zittauer Straße,8401242.0,2018,4,14,2,3,0,1,0,0,0,0,0,0,0,804066.51,5816940.349,13.47211516,52.41797171
2,2010103.0,Moritzplatz,2100105.0,2018,5,17,2,2,5,7,0,1,0,0,0,0,0,799713.9887,5825788.905,13.41625126,52.49968731
2,2020206.0,Graefekiez,2200212.0,2018,5,11,6,3,5,2,0,1,0,0,0,0,0,799075.3501,5824614.956,13.40581736,52.48951487
1,1033202.0,Humboldthain Süd,1300835.0,2018,5,8,2,3,5,2,0,1,0,0,0,0,0,797531.8367,5829427.892,13.38745447,52.53350064
8,8010211.0,Flughafenstraße,8100206.0,2018,4,12,2,3,1,5,0,1,0,0,0,1,0,800354.2929,5824282.663,13.42429771,52.48583426
3,3030711.0,Blankenburg,3300514.0,2018,5,17,2,3,4,6,0,0,0,0,0,0,0,801119.232,5836034.51,13.44617806,52.59074613
1,1044201.0,Reinickendorfer Straße                                                                              ,1401044.0,2018,5,14,6,3,5,3,0,1,0,0,0,0,0,796485.0612,5831282.231,13.37372242,52.55069323
1,1044103.0,Westliche Müllerstraße                                                                              ,1400942.0,2018,4,12,2,3,5,3,0,1,0,0,0,0,0,794915.8293,5830563.368,13.35000758,52.54510108
10,10030724.0,Oberfeldstraße                                                                                      ,10300731.0,2018,4,12,2,3,3,6,0,1,0,0,0,0,0,809317.8497,5829224.395,13.56047671,52.5251168
1,1011204.0,Leipziger Straße                                                                                    ,1100207.0,2018,5,17,2,3,5,3,0,1,0,0,0,0,0,798570.2537,5826874.036,13.40042566,52.51004102
4,4030931.0,Breitscheidplatz,4501042.0,2018,4,12,2,3,0,7,0,0,0,0,0,1,0,793673.3112,5825799.796,13.32753084,52.50306933
1,1022106.0,Elberfelder Straße                                                                                  ,1200522.0,2018,4,12,2,3,0,2,0,0,0,0,0,1,0,794568.6749,5828329.813,13.34292337,52.52526665
4,4031032.0,Halensee,4500937.0,2018,5,17,2,3,5,3,0,1,0,0,0,0,0,791181.4333,5824995.936,13.29022033,52.49719827
12,12214527.0,Alt-Tegel,12200515.0,2018,5,10,6,3,5,2,0,1,0,0,0,0,0,789991.5798,5835723.894,13.28210927,52.5940086
3,3061126.0,Arnimplatz,3601141.0,2018,4,12,2,3,5,2,0,1,0,0,0,0,0,798990.6002,5831816.739,13.4110467,52.55411479
3,3061227.0,Humannplatz,3601244.0,2018,5,16,2,3,3,6,0,0,0,0,1,0,0,800246.2684,5831622.309,13.42933585,52.55168132
2,2010102.0,Mehringplatz,2100102.0,2018,5,20,6,3,6,4,0,0,1,0,0,0,0,798032.1896,5826481.389,13.39216928,52.50681566
1,1011201.0,Wilhelmstraße                                                                                       ,1100207.0,2018,5,16,2,3,5,2,0,1,0,0,0,0,0,797904.1184,5826567.306,13.39036478,52.50765574
9,9041301.0,Kietzer Feld/Nachtheide                                                                             ,9401329.0,2018,5,10,6,3,1,5,0,1,0,0,0,0,0,811828.1596,5818291.716,13.58713836,52.42571548
3,3050924.0,Behaimstraße,3500935.0,2018,5,9,6,3,4,6,0,1,0,0,0,0,0,801647.2924,5831633.408,13.44994672,52.55100676
5,5010206.0,Gütersloher Weg,5100208.0,2018,5,7,5,3,5,3,0,1,0,0,0,0,0,781771.711,5829983.135,13.156207,52.54685602
11,11030721.0,Rüdigerstraße,11300722.0,2018,5,7,5,3,5,2,0,1,0,0,0,0,0,803790.9027,5827652.332,13.47782661,52.51413451
4,4041343.0,Binger Straße,4400834.0,2018,5,7,5,3,5,3,0,1,0,0,0,0,0,792758.5205,5822308.982,13.31102567,52.47226671
1,1011204.0,Leipziger Straße                                                                                    ,1100207.0,2018,5,4,5,3,1,1,2,0,0,0,1,0,0,797826.034,5827041.417,13.38964191,52.5119482
2,2010104.0,Wassertorplatz,2100106.0,2018,5,19,2,3,5,2,1,1,0,0,0,0,0,799075.5619,5825614.256,13.40671755,52.49847209
5,5020524.0,Weinmeisterhornweg,5200528.0,2018,5,7,5,3,5,2,0,1,0,0,0,0,0,782987.967,5825960.096,13.17067109,52.51015378
4,4051448.0,Schaperstraße,4501045.0,2018,5,18,2,3,5,2,1,1,0,0,0,0,0,793479.1578,5824951.558,13.32393121,52.4955697
11,11010309.0,Zingster Straße West,11100308.0,2018,5,5,5,2,5,3,1,1,0,0,0,0,0,804827.7085,5833261.105,13.49820319,52.56382442
3,3061332.0,Helmholtzplatz,3601346.0,2018,5,19,5,3,5,2,0,1,0,0,0,0,0,799358.9788,5830705.507,13.41546216,52.54395202
1,1011105.0,Nördlicher Landwehrkanal                                                                            ,1100102.0,2018,5,18,5,3,5,2,0,1,0,0,0,0,0,795772.0005,5826685.542,13.3591469,52.50987573
6,6030504.0,Teltower Damm,6300528.0,2018,5,17,2,3,5,3,0,1,0,0,0,0,0,790375.3336,5816668.815,13.27113564,52.4229733
9,9010302.0,Späthsfelde,9100306.0,2018,5,18,2,3,5,3,0,1,0,0,0,0,0,804938.19,5820711.406,13.48833247,52.45128569
7,7030301.0,Friedenau,7300516.0,2018,5,17,5,3,0,3,0,0,0,0,0,1,0,793988.1526,5821553.401,13.32841088,52.46483285
4,4051446.0,Preußenpark,4501043.0,2018,5,17,5,3,5,3,0,1,0,0,0,0,0,792568.2319,5824666.604,13.31030129,52.49350422
1,1011103.0,Lützowstraße                                                                                        ,1100103.0,2018,5,17,2,2,5,2,0,1,0,0,0,0,0,795397.7951,5825831.038,13.35289088,52.50241853
3,3020210.0,Herthaplatz,3200207.0,2018,5,16,5,3,5,3,0,1,0,0,0,0,0,799307.3072,5836003.397,13.41948277,52.59146732
1,1011202.0,Unter den Linden Nord,1100206.0,2018,5,16,5,3,6,4,0,1,1,0,0,0,0,797679.3521,5827945.696,13.3882959,52.52013404
7,7030302.0,Ceciliengärten,7300618.0,2018,5,16,5,3,1,5,0,1,0,0,0,0,0,794743.4634,5822673.424,13.34048626,52.47446631
11,11030721.0,Rüdigerstraße,11300725.0,2018,5,16,2,3,6,4,0,0,1,0,0,0,0,805397.6054,5828199.235,13.50193188,52.51813887
12,12301204.0,Wittenau Nord                                                                                       ,12500927.0,2018,5,15,2,3,5,3,0,1,0,0,0,0,0,792683.3356,5835975.522,13.32195657,52.5948224
2,2030301.0,Oranienplatz,2300314.0,2018,5,15,5,3,3,6,0,1,0,0,0,0,0,800170.3631,5825869.133,13.42302644,52.50015559
1,1011402.0,Arkonaplatz,1100416.0,2018,5,21,5,3,0,1,1,0,0,0,0,0,0,798675.5159,5829454.65,13.40428935,52.53311498
1,1033101.0,Soldiner Straße                                                                                     ,1300732.0,2018,5,15,2,3,5,2,0,1,0,0,0,0,0,797268.6638,5832227.41,13.38609168,52.55873851
11,11030721.0,Rüdigerstraße,11300722.0,2018,5,16,4,3,5,7,0,0,0,0,0,0,0,804274.8546,5827887.575,13.48515136,52.51597315
7,7040401.0,Neu-Tempelhof,7400721.0,2018,5,15,2,2,3,6,0,0,0,1,0,0,0,797205.1588,5823526.329,13.37738368,52.48077784
7,7020202.0,Volkspark (Rudolf-Wilde-Park),7200308.0,2018,5,10,4,3,5,7,0,1,0,0,0,0,0,794802.8275,5823571.365,13.34215161,52.48248378
2,2040702.0,Weberwiese,2400624.0,2018,5,23,4,3,5,3,2,0,0,0,0,0,0,801965.8941,5827005.48,13.45042784,52.50935017
1,1011302.0,Oranienburger Straße                                                                                ,1100309.0,2018,5,21,4,3,2,6,2,1,0,0,0,0,0,798702.0418,5828335.928,13.40367421,52.5230727
2,2050802.0,Boxhagener Platz,2500833.0,2018,5,20,4,3,2,7,0,1,0,0,0,0,0,802356.6545,5827106.92,13.45626017,52.51004294
6,6040810.0,Dahlem,6400844.0,2018,5,13,2,3,1,5,0,1,0,0,0,0,0,792015.0286,5821184.65,13.29912689,52.46258515
12,12224230.0,Heiligensee,12400618.0,2018,5,22,4,2,5,2,2,1,0,0,0,0,0,787346.0032,5837835.696,13.24499431,52.61434594
1,1033102.0,Gesundbrunnen,1300733.0,2018,5,13,2,3,2,6,0,1,0,0,0,0,0,797122.1657,5831808.905,13.38356241,52.55506708
11,11040926.0,Weitlingstraße,11400929.0,2018,5,18,4,3,5,2,0,0,0,0,0,1,0,805073.0935,5826827.662,13.49590694,52.5060278
4,4030725.0,Amtsgerichtsplatz,4300416.0,2018,5,18,4,3,0,6,0,0,0,0,0,0,0,791561.8339,5826497.456,13.29712284,52.51045616
1,1022201.0,Stephankiez,1200623.0,2018,5,18,4,3,5,2,0,1,0,0,0,0,0,795475.6326,5829574.439,13.35735925,52.53593289
4,4030931.0,Breitscheidplatz,4501042.0,2018,5,19,4,3,5,3,0,1,0,0,0,0,0,794098.7843,5825961.121,13.33392358,52.50428636
9,9010302.0,Späthsfelde,9100306.0,2018,5,13,2,3,0,1,0,0,0,0,0,0,0,803766.6504,5820844.701,13.47126715,52.45313263
11,11040926.0,Weitlingstraße,11400931.0,2018,5,15,4,3,5,2,0,1,0,0,0,0,0,806685.1452,5826906.824,13.51965681,52.50583354
3,3050925.0,Komponistenviertel Weißensee,3500936.0,2018,5,20,4,3,5,3,0,1,0,0,0,0,0,802784.7866,5831607.024,13.46664782,52.55013921
9,9020701.0,Adlershof West,9200715.0,2018,5,15,4,3,5,3,0,1,0,0,0,0,0,807642.8804,5819360.275,13.52676401,52.43766127
6,6040809.0,Thielallee,6400843.0,2018,5,13,4,3,6,4,0,0,1,0,0,0,0,792063.572,5820240.974,13.2990138,52.45409921
2,2040701.0,Andreasviertel,2400623.0,2018,5,16,1,3,5,3,0,1,0,0,0,0,0,800147.4606,5827339.668,13.42401589,52.51334915
11,11040926.0,Weitlingstraße,11400929.0,2018,5,12,4,3,5,3,0,0,0,0,0,1,0,804590.8299,5826371.583,13.48840625,52.5022096
11,11040925.0,Victoriastadt,11400927.0,2018,5,9,4,3,5,3,0,0,0,0,1,0,0,803700.1497,5826387.025,13.47533897,52.50284443
4,4030519.0,Kaiserin-Augusta-Allee,4300518.0,2018,5,8,4,3,5,2,0,1,0,0,0,0,0,792068.981,5828578.075,13.30640124,52.52883713
1,1011302.0,Oranienburger Straße                                                                                ,1100309.0,2018,5,12,1,3,1,5,0,1,0,0,0,1,0,798729.013,5829078.025,13.40473724,52.52970977
9,9051901.0,Dammvorstadt,9501939.0,2018,5,17,4,2,5,3,0,1,0,0,0,0,0,810886.887,5821458.79,13.57628567,52.45463317
8,8010404.0,Rixdorf,8100415.0,2018,5,18,4,2,6,4,0,0,1,0,0,0,0,801146.8281,5823764.147,13.43546561,52.48075011
2,2010102.0,Mehringplatz,2100102.0,2018,5,17,4,3,1,5,0,0,0,0,0,1,0,798071.3148,5826350.716,13.39262704,52.50562296
11,11051331.0,Karlshorst Nord,11501340.0,2018,5,13,4,2,0,1,0,0,0,0,0,0,0,807241.535,5824242.006,13.52537123,52.48163806
9,9010302.0,Späthsfelde,9100306.0,2018,5,16,1,2,0,7,0,0,0,0,0,0,0,804441.5337,5820838.171,13.48116212,52.45269866
1,1011302.0,Oranienburger Straße                                                                                ,1100309.0,2018,5,15,4,3,0,1,0,0,0,0,0,0,0,798213.7027,5828414.387,13.39656818,52.52404328
3,3040508.0,Rosenthal,3400618.0,2018,5,11,1,2,3,6,0,1,0,0,0,0,0,796158.0713,5836532.534,13.37360337,52.59793431
5,5010101.0,Hakenfelde Nord,5100101.0,2018,5,1,1,3,0,1,2,0,0,0,0,0,0,784998.5342,5834339.48,13.20740744,52.58423585
2,2010104.0,Wassertorplatz,2100106.0,2018,5,17,7,2,1,6,0,0,0,0,1,1,0,798884.8763,5825600.267,13.40390436,52.49845116
7,7010101.0,Wittenbergplatz/Viktoria-Luise-Platz,7100101.0,2018,5,8,4,3,5,2,0,1,0,0,0,0,0,794964.8684,5824892.758,13.34570041,52.49424169
7,7020202.0,Volkspark (Rudolf-Wilde-Park),7200308.0,2018,5,17,7,3,5,3,0,1,0,0,0,0,0,794750.4703,5823713.885,13.34150886,52.48378965
9,9030903.0,Kölner Viertel,9300923.0,2018,5,11,7,3,5,3,0,0,0,0,0,1,0,808375.4369,5816244.283,13.53463432,52.40932286
11,11020411.0,Malchower Weg,11200410.0,2018,5,5,4,3,5,2,0,1,0,0,0,0,0,805006.8233,5833015.223,13.50061143,52.56152043
2,2050802.0,Boxhagener Platz,2500833.0,2018,5,19,7,3,5,7,1,1,0,0,0,0,0,802201.9838,5827336.926,13.4541969,52.51219019
7,7070706.0,Horstwalder Straße/Paplitzer Straße                                                                 ,7601547.0,2018,5,19,7,3,5,3,0,1,0,0,0,0,0,800037.685,5813263.096,13.40975836,52.38723344
3,3071537.0,Kollwitzplatz,3701555.0,2018,5,16,7,3,1,5,0,1,0,0,0,0,0,799345.0192,5830083.423,13.41469643,52.53838368
6,6010103.0,Markelstraße                                                                                        ,6100103.0,2018,5,9,3,2,3,6,0,0,0,0,0,1,0,793328.5397,5821376.885,13.3185742,52.46360495
1,1022201.0,Stephankiez,1200623.0,2018,5,15,7,3,5,3,0,1,0,0,0,0,0,795485.2374,5829583.303,13.35750833,52.53600714
2,2010101.0,Askanischer Platz,2100101.0,2018,5,18,3,3,5,7,0,1,0,0,0,0,1,797837.4408,5825792.22,13.38869191,52.50074443