district,LOR,street,LOR_2021,year,month,hour,weekday,category,accident_kind,accident_type,light_condition,car,pedestrian,motorcycle,goods_vehicle,others,road_condition,LINREFX,LINREFY,XGCSWGS84,YGCSWGS84
1,1011303.0,Alexanderplatzviertel,1100310.0,2018,5,11,7,3,3,6,0,0,0,0,0,0,0,799481.7209,5828848.394,13.41559325,52.52723848
4,4030725.0,Amtsgerichtsplatz,4300416.0,2018,5,11,3,3,5,3,0,1,0,0,0,0,0,791765.411,5826421.102,13.30004711,52.50966281
4,4030931.0,Breitscheidplatz,4501042.0,2018,5,12,7,3,5,3,0,0,0,0,0,1,0,794103.723,5826435.898,13.33441557,52.50853981
4,4041137.0,Flinsberger Platz,4400727.0,2018,5,10,3,3,5,2,0,1,0,0,0,0,0,790959.7072,5823006.017,13.28522602,52.47947682
8,8041040.0,Waltersdorfer Chaussee Ost,8401246.0,2018,5,10,7,3,2,7,0,1,0,0,0,0,0,806283.7655,5816404.03,13.50412611,52.4119287
2,2020204.0,Urbanstraße,2200210.0,2018,5,10,3,3,5,3,0,1,0,0,0,0,0,799101.4896,5825225.688,13.40674944,52.4949749
7,7040401.0,Neu-Tempelhof,7400720.0,2018,5,20,7,3,1,5,1,1,0,0,0,0,0,797509.5948,5823703.123,13.38201109,52.48219683
12,12231101.0,Hermsdorf,12400723.0,2018,5,10,3,3,0,3,0,1,0,0,0,0,0,791762.082,5838979.752,13.3110435,52.62224909
1,1011304.0,Karl-Marx-Allee,1100311.0,2018,5,15,7,3,5,2,0,1,0,0,0,0,0,799707.9329,5827840.449,13.4180095,52.51807955
3,3061434.0,Anton-Saefkow-Park,3601451.0,2018,5,7,3,3,6,7,0,0,1,0,0,0,0,801392.2468,5829733.607,13.444473,52.53411992
4,4020310.0,Park Ruhwald,4200308.0,2018,5,11,7,3,0,1,0,0,0,0,0,0,0,788220.6936,5827817.198,13.24917148,52.52406388
1,1044103.0,Westliche Müllerstraße                                                                              ,1400942.0,2018,5,13,7,3,1,5,0,1,0,0,0,0,0,794641.3896,5830502.613,13.34591837,52.54470494
10,10010308.0,Marzahner Chaussee,10100311.0,2018,5,8,7,2,5,2,0,1,0,0,0,0,0,806694.303,5829146.409,13.52185558,52.52589994
3,3030716.0,Märchenland,3300517.0,2018,5,15,6,3,5,3,0,1,0,0,0,0,0,805054.0937,5836931.5,13.5049104,52.59659277
12,12103115.0,Breitkopfbecken,12100103.0,2018,5,8,7,2,5,3,0,1,0,0,0,0,0,795962.7222,5833892.237,13.3683693,52.5743733
7,7050501.0,Rathausstraße                                                                                       ,7501029.0,2018,5,9,3,3,5,2,0,1,0,0,0,0,0,797460.735,5820319.233,13.37827715,52.45189038
12,12103117.0,Letteplatz,12100101.0,2018,5,9,7,3,5,2,0,1,0,0,0,0,0,795788.7371,5832580.935,13.36464005,52.56271339
1,1011303.0,Alexanderplatzviertel,1100310.0,2018,5,0,6,3,1,5,2,1,0,0,0,0,0,799127.3142,5828887.264,13.41041964,52.52778147
7,7030301.0,Friedenau,7300517.0,2018,5,16,6,3,6,7,0,0,1,0,0,0,0,794356.3811,5822214.687,13.33439888,52.47056271
4,4030415.0,Schloßgarten,4300412.0,2018,5,15,6,3,0,2,0,1,0,0,0,0,0,791441.3673,5827480.183,13.29621356,52.51933057
7,7040405.0,Rathaus Tempelhof,7400927.0,2018,5,9,3,3,5,2,0,1,0,0,0,0,0,799556.6274,5820750.662,13.4094144,52.45461308
9,9041601.0,Müggelheim,9401635.0,2018,5,15,6,3,4,6,0,1,0,0,0,0,0,818788.1287,5818577.864,13.68942723,52.42426934
2,2030302.0,Lausitzer Platz,2300315.0,2018,5,8,3,3,5,2,0,0,0,1,0,0,0,800651.469,5826090.633,13.43029253,52.50187611
12,12214527.0,Alt-Tegel,12200515.0,2018,5,8,3,3,5,2,0,1,0,0,0,0,0,790570.556,5834485.955,13.28954684,52.58260164
2,2050802.0,Boxhagener Platz,2500833.0,2018,5,4,7,2,5,3,1,1,0,0,0,0,0,802846.5637,5826939.611,13.46330465,52.50827162
12,12224230.0,Heiligensee,12400617.0,2018,5,12,6,3,5,3,0,1,0,0,0,0,0,786054.4152,5839051.109,13.22702156,52.62592417
1,1011203.0,Unter den Linden Süd,1100206.0,2018,5,11,6,3,1,5,0,1,0,0,0,0,0,797789.9777,5827267.855,13.3893148,52.51399763
4,4030417.0,Schloßstraße,4300414.0,2018,5,9,6,3,0,2,0,1,0,0,0,0,0,790944.2954,5826751.204,13.28827095,52.51306073
2,2030302.0,Lausitzer Platz,2300315.0,2018,5,13,3,3,5,3,0,1,0,0,0,0,0,800338.0758,5825814.753,13.42544065,52.49957589
9,9041501.0,Altstadt Kietz,9401534.0,2018,5,12,7,3,0,1,0,0,0,0,0,0,0,811040.0866,5820313.842,13.57746689,52.44428549
1,1011105.0,Nördlicher Landwehrkanal                                                                            ,1100102.0,2018,5,9,6,3,5,3,0,1,0,0,0,0,0,796095.4954,5826518.543,13.36375106,52.50820325
9,9020802.0,Köllnische Vorstadt                                                                                 ,9200819.0,2018,5,6,6,3,5,3,0,1,0,0,0,0,0,810499.1763,5820113.096,13.56934748,52.44279388
4,4030621.0,Spreestadt,4300620.0,2018,5,9,3,3,2,6,0,1,0,0,0,0,0,793363.4973,5827843.401,13.3247811,52.52155602
8,8010118.0,Silbersteinstraße,8100105.0,2018,5,20,6,3,6,7,0,0,1,0,0,0,0,800948.606,5822291.745,13.43122707,52.46766177
12,12103218.0,Teichstraße,12100205.0,2018,5,19,6,3,5,2,0,1,0,0,0,0,0,794559.4215,5833615.511,13.34747594,52.57265399
1,1011303.0,Alexanderplatzviertel,1100310.0,2018,5,18,3,2,0,1,0,0,0,0,0,0,1,799403.0622,5828047.887,13.41371658,52.52010637
6,6010209.0,Feuerbachstraße                                                                                     ,6100209.0,2018,5,6,6,3,0,3,0,1,0,0,0,0,0,794642.076,5821087.933,13.33759781,52.46030795
1,1011204.0,Leipziger Straße                                                                                    ,1100207.0,2018,5,18,3,3,5,3,0,1,0,0,0,0,1,797890.665,5826670.888,13.39025983,52.50859157
1,1011306.0,Heine-Viertel Ost,1100313.0,2018,5,18,6,3,1,5,0,1,0,0,0,0,0,799831.4629,5826983.05,13.41905203,52.51032642
1,1044202.0,Sparrplatz,1401046.0,2018,5,16,3,3,3,6,0,0,0,0,0,0,1,795083.8772,5830276.643,13.35222381,52.54243984
5,5030731.0,Gartenfelder Straße                                                                                 ,5300737.0,2018,5,16,3,3,5,3,0,1,0,0,0,0,0,787357.4878,5829812.154,13.2382081,52.5424054
1,1011402.0,Arkonaplatz,1100416.0,2018,5,16,3,2,5,2,0,1,0,0,0,0,0,798519.0584,5830046.722,13.40252144,52.53850779
8,8020622.0,Parchimer Allee,8200727.0,2018,5,17,5,3,2,3,0,1,0,0,0,0,0,802684.6155,5819377.866,13.45406362,52.44058548
3,3061332.0,Helmholtzplatz,3601346.0,2018,5,16,3,3,1,5,0,1,0,0,0,0,1,799351.3712,5830691.548,13.41533774,52.54383108
4,4041133.0,Güterbahnhof Grunewald,4400725.0,2018,5,16,6,3,5,3,0,1,0,0,0,0,0,790557.9,5825213.978,13.28125141,52.49948537
10,10040933.0,Mahlsdorf Süd                                                                                       ,10400941.0,2018,5,16,3,3,5,3,0,1,0,0,0,0,0,812365.1644,5823793.864,13.60015553,52.47471568
9,9051901.0,Dammvorstadt,9501939.0,2018,5,20,5,2,5,2,2,1,0,0,0,0,1,810937.8,5821589.231,13.57715398,52.45577316
11,11020412.0,Hauptstraße,11200411.0,2018,5,15,3,2,5,2,0,1,0,0,0,0,0,805151.2237,5831637.466,13.50146856,52.5490916
3,3051017.0,Rennbahnstraße,3501037.0,2018,5,15,6,3,5,2,0,1,0,0,0,0,0,802756.5112,5832699.771,13.46722867,52.55994897
11,11020515.0,Landsberger Allee,11200514.0,2018,5,15,6,3,5,3,0,1,0,0,0,0,0,804495.8544,5830347.06,13.49065033,52.53789305
1,1044203.0,Leopoldplatz,1401049.0,2018,5,7,3,3,5,2,0,1,0,0,0,0,0,796008.8762,5831415.935,13.36683917,52.55215073
2,2020203.0,Viktoriapark,2200208.0,2018,5,10,6,3,5,2,0,1,0,0,0,0,0,797258.2544,5824805.45,13.37930402,52.49221491
3,3040513.0,Schönholz,3400620.0,2018,5,16,5,3,5,2,0,1,0,0,0,0,0,796651.3365,5834139.541,13.37872218,52.57621519
1,1022104.0,Emdener Straße                                                                                      ,1200520.0,2018,5,20,2,3,1,5,0,1,0,0,0,1,0,794556.6802,5828970.699,13.34331487,52.53101824
5,5020626.0,Adamstraße                                                                                          ,5200630.0,2018,5,13,5,3,5,3,0,1,0,0,0,0,0,784644.8604,5827268.729,13.19613899,52.52102497
12,12103116.0,Hausotterplatz,12100102.0,2018,5,13,2,3,3,6,0,1,0,0,0,0,0,795871.6899,5833188.217,13.36640183,52.56811198
2,2010102.0,Mehringplatz,2100103.0,2018,5,15,2,3,5,2,0,1,0,0,0,0,0,798628.0851,5826232.505,13.40069977,52.5042589
8,8010404.0,Rixdorf,8100417.0,2018,5,9,6,3,5,2,0,1,0,0,0,0,0,801743.2372,5822588.827,13.44315789,52.46988629
1,1011301.0,Charitéviertel,1100308.0,2018,5,8,6,2,6,4,0,0,1,0,0,0,0,797412.9031,5827977.403,13.38440884,52.52056364
1,1022206.0,Lüneburger Straße                                                                                   ,1200628.0,2018,5,7,6,2,3,6,0,1,0,0,1,0,0,796153.53,5828279.484,13.36617106,52.52395694
12,12224230.0,Heiligensee,12400619.0,2018,5,16,5,2,0,5,0,0,0,0,0,1,0,787025.4851,5836099.46,13.23876751,52.59894925
3,3020307.0,Buchholz,3200309.0,2018,5,15,2,3,5,3,0,1,0,0,0,0,0,800506.7181,5836413.185,13.43750706,52.59447897
8,8010404.0,Rixdorf,8100415.0,2018,5,15,4,3,1,5,0,1,0,0,0,0,0,801798.6341,5823636.424,13.44491884,52.47924548
4,4030930.0,George-Grosz-Platz,4501041.0,2018,5,17,2,3,0,2,0,1,0,0,0,0,0,792956.8063,5825540.766,13.31677723,52.50113239
5,5030832.0,Rohrdamm,5300841.0,2018,5,18,2,3,0,2,0,1,0,0,0,0,0,789673.1511,5829344.969,13.2718515,52.53699085
1,1011306.0,Heine-Viertel Ost,1100313.0,2018,5,14,4,3,1,5,0,0,0,0,0,1,0,800132.5257,5826873.189,13.4233758,52.50917614
6,6040807.0,Zehlendorf Eiche                                                                                    ,6400841.0,2018,5,16,4,3,6,4,0,0,1,0,0,0,0,789624.9668,5818179.886,13.26144041,52.43691838
4,4061757.0,Forst Grunewald,4200207.0,2018,5,7,2,3,5,3,0,0,0,0,0,1,0,788961.945,5823644.827,13.2564454,52.48626479
6,6040807.0,Zehlendorf Eiche                                                                                    ,6400841.0,2018,5,15,2,3,5,2,0,1,0,0,0,0,0,789874.5557,5818785.256,13.2656268,52.44221351
4,4030930.0,George-Grosz-Platz,4501041.0,2018,5,16,5,3,2,6,0,1,0,0,0,0,0,793499.1656,5825710.347,13.32489376,52.50236116
5,5020626.0,Adamstraße                                                                                          ,5200630.0,2018,5,11,4,3,1,5,0,1,0,0,0,0,0,784556.1752,5827086.156,13.19467924,52.5194343
4,4020314.0,Messegelände,4200311.0,2018,5,10,2,3,5,2,0,1,0,0,0,0,0,790163.5649,5825419.341,13.27563757,52.5015363
4,4051445.0,Eisenzahnstraße,4500939.0,2018,5,9,4,3,5,2,0,1,0,0,0,0,0,792471.4416,5824277.516,13.30853815,52.49006802
2,2050801.0,Traveplatz,2500832.0,2018,5,9,2,3,7,7,0,0,0,0,0,0,0,803404.3143,5826877.418,13.47144084,52.5074043
6,6010103.0,Markelstraße                                                                                        ,6100103.0,2018,5,15,5,3,6,4,0,0,1,0,0,0,0,793804.3521,5821188.143,13.32539161,52.46165732
1,1011103.0,Lützowstraße                                                                                        ,1100103.0,2018,5,12,2,3,5,2,0,1,0,0,0,0,0,795325.5656,5826174.551,13.35213455,52.50553697
1,1044102.0,Schillerpark,1400939.0,2018,5,14,5,3,5,3,0,1,0,0,0,0,0,794391.5302,5832042.563,13.34360991,52.55864455
3,3040512.0,Wilhelmsruh,3400619.0,2018,5,9,4,3,2,6,0,1,0,0,0,0,0,796434.5313,5835368.86,13.37663168,52.58735273
2,2010102.0,Mehringplatz,2100102.0,2018,5,14,5,3,5,3,0,0,0,1,0,0,0,798452.2104,5826533.576,13.39838621,52.50705383
3,3050919.0,Gustav-Adolf-Straße,3500932.0,2018,5,14,4,3,5,3,0,1,0,0,0,0,0,801748.5861,5832382.747,13.45211721,52.55766696
7,7040403.0,Manteuffelstraße                                                                                    ,7400823.0,2018,5,8,2,3,5,2,0,1,0,0,0,0,0,797280.1929,5821087.631,13.37631231,52.45887653
1,1033202.0,Humboldthain Süd,1300835.0,2018,5,8,2,3,5,2,0,0,0,0,1,0,0,797764.6481,5829743.579,13.39115942,52.53620324
8,8010211.0,Flughafenstraße,8100206.0,2018,5,14,5,3,1,5,0,1,0,0,0,0,0,800679.7068,5823790.172,13.42863139,52.48124078
9,9041301.0,Kietzer Feld/Nachtheide                                                                             ,9401329.0,2018,5,8,2,3,5,2,0,1,0,0,0,0,0,812187.7685,5819086.891,13.59315218,52.43263633
2,2020203.0,Viktoriapark,2200209.0,2018,5,8,2,3,5,3,0,1,0,0,0,0,0,797018.8223,5824468.012,13.37548703,52.48932046
1,1011402.0,Arkonaplatz,1100416.0,2018,5,22,5,2,0,1,2,0,0,0,0,0,0,798606.3993,5829320.579,13.40315298,52.5319511
1,1044201.0,Reinickendorfer Straße                                                                              ,1401044.0,2018,5,20,4,3,0,1,1,0,0,0,0,0,1,796437.4239,5831008.179,13.37277726,52.54826257
3,3061228.0,Erich-Weinert-Straße,3601245.0,2018,5,8,2,3,5,3,0,0,0,0,0,1,0,801158.9638,5831112.7,13.44229416,52.54660981
3,3051017.0,Rennbahnstraße,3501037.0,2018,5,18,4,3,2,6,0,1,0,0,0,0,0,802748.3916,5832700.63,13.46711005,52.55996118
7,7010102.0,Nollendorfplatz,7100103.0,2018,5,19,4,2,6,4,0,0,1,0,0,0,0,795658.7453,5824973.344,13.35596272,52.49458867
3,3050923.0,Weißenseer Spitze,3500934.0,2018,5,8,2,3,5,7,0,1,0,0,0,0,0,801072.3219,5831653.397,13.44151052,52.55150402
6,6030610.0,Lichterfelde West                                                                                   ,6300634.0,2018,5,22,5,3,2,2,2,1,0,0,0,0,0,791054.7947,5817818.441,13.28210007,52.43291894
5,5010101.0,Hakenfelde Nord,5100104.0,2018,5,7,2,3,5,2,0,1,0,0,0,0,0,785840.3272,5831731.446,13.21755008,52.56041136
1,1011301.0,Charitéviertel,1100308.0,2018,5,11,5,3,5,3,0,1,0,0,0,0,0,796674.202,5828756.113,13.37424825,52.52794636
10,10040830.0,Kaulsdorf Süd                                                                                       ,10400837.0,2018,5,17,4,3,5,2,0,1,0,0,0,0,0,810638.4015,5825990.2,13.57686079,52.49538294
10,10040933.0,Mahlsdorf Süd                                                                                       ,10400941.0,2018,5,11,5,3,5,3,0,1,0,0,0,0,0,812640.3779,5825270.994,13.60557939,52.48779505
1,1011102.0,Großer Tiergarten,1100102.0,2018,5,7,4,3,5,2,0,0,0,0,0,1,0,794307.5215,5827035.311,13.33793981,52.51380328
7,7070701.0,Kettinger Straße/Schillerstraße                                                                     ,7601442.0,2018,5,15,1,3,5,2,0,1,0,0,0,0,0,799726.3546,5814499.525,13.40630309,52.3984869
3,3040614.0,Pankow Zentrum                                                                                      ,3400723.0,2018,5,9,5,3,2,6,0,1,0,0,0,0,0,798731.0994,5833695.153,13.4089217,52.57109431
1,1011102.0,Großer Tiergarten,1100102.0,2018,5,11,4,3,6,6,0,0,1,0,0,0,0,795191.8188,5826842.096,13.35076173,52.51159339
7,7020201.0,Bayerischer Platz,7200307.0,2018,5,10,4,3,5,2,0,1,0,0,0,0,0,794523.9418,5824647.318,13.33900754,52.49227958
12,12301203.0,Wittenau Süd                                                                                        ,12500930.0,2018,5,13,6,3,5,2,0,0,0,0,0,1,0,793934.7931,5835290.825,13.33977132,52.58800966
10,10030727.0,Biesdorf Süd                                                                                        ,10300734.0,2018,5,16,4,3,5,3,0,1,0,0,0,0,0,809159.92,5826175.693,13.55532437,52.49788471
3,3040614.0,Pankow Zentrum                                                                                      ,3400724.0,2018,5,17,5,3,4,7,0,0,0,0,0,0,0,799994.844,5834945.208,13.42864374,52.58160381
1,1011105.0,Nördlicher Landwehrkanal                                                                            ,1100102.0,2018,5,21,4,3,1,5,2,1,0,0,0,0,0,796860.8944,5826768.276,13.37521828,52.51002589
1,1011301.0,Charitéviertel,1100308.0,2018,5,20,4,3,2,7,0,1,0,0,0,0,0,797584.1912,5828524.042,13.38741501,52.52537015
10,10010309.0,Springpfuhl,10100312.0,2018,5,16,5,3,5,2,0,1,0,0,0,0,0,807921.7676,5829228.105,13.53996717,52.52594026
1,1011104.0,Körnerstraße                                                                                        ,1100104.0,2018,5,15,5,3,5,3,0,1,0,0,0,0,0,796619.4628,5825629.453,13.37065665,52.49994881
3,3061227.0,Humannplatz,3601243.0,2018,5,6,5,3,5,3,0,1,0,0,0,0,0,799495.3392,5831781.725,13.41843754,52.55352364
2,2020206.0,Graefekiez,2200213.0,2018,5,19,4,3,2,7,0,0,0,0,0,1,0,800022.3254,5824728.008,13.41982446,52.4900086
11,11051330.0,Karlshorst West,11501339.0,2018,5,19,4,3,5,2,0,1,0,0,0,0,0,807198.3208,5825567.516,13.5259586,52.49354181
1,1011303.0,Alexanderplatzviertel,1100310.0,2018,5,15,5,3,5,2,0,0,0,0,0,1,0,799496.0523,5828788.752,13.41575015,52.52669601
2,2010103.0,Moritzplatz,2100104.0,2018,5,18,4,3,5,2,0,1,0,0,0,0,0,798928.5085,5826354.143,13.40522193,52.50518471
3,3020203.0,Blankenfelde,3200204.0,2018,5,17,4,3,5,2,0,1,0,0,0,0,0,798067.0422,5837200.87,13.40230617,52.60288195
2,2020205.0,Chamissokiez,2200211.0,2018,5,17,4,3,1,5,0,1,0,0,0,0,0,798598.6472,5824515.94,13.39872861,52.48888827
4,4051652.0,Nikolsburger Platz,4501149.0,2018,5,18,6,3,5,5,0,1,0,0,0,0,0,793444.0302,5824222.656,13.32277329,52.48905427
7,7030301.0,Friedenau,7300516.0,2018,5,17,6,3,5,2,0,1,0,0,0,0,0,793966.8439,5821904.902,13.32840778,52.46799538
5,5010339.0,Freiheit,5100317.0,2018,5,10,5,3,6,7,0,0,1,0,0,0,0,786989.2706,5828157.675,13.23136468,52.52776608
7,7030301.0,Friedenau,7300516.0,2018,5,18,4,3,0,1,0,0,0,0,0,0,0,793904.8449,5822011.704,13.32759181,52.46898617
11,3061430.0,Volkspark Prenzlauer Berg,3601450.0,2018,5,15,4,3,5,3,0,0,0,0,0,1,0,802535.8662,5829321.633,13.46090696,52.52979387
11,11010309.0,Zingster Straße West,11100308.0,2018,5,15,4,3,5,3,0,1,0,0,0,0,0,804654.7687,5833592.035,13.49596362,52.56688714
9,9051701.0,Hirschgarten,9501736.0,2018,5,16,4,3,0,3,0,1,0,0,0,0,0,813655.4963,5821709.168,13.61713198,52.45529527
6,6040805.0,Fischerhüttenstraße                                                                                 ,6400839.0,2018,5,16,4,3,1,5,0,0,0,0,0,1,0,788519.5609,5818453.21,13.24546037,52.43995315
2,2040701.0,Andreasviertel,2400623.0,2018,5,16,4,3,5,2,0,1,0,0,0,0,0,800586.223,5827009.419,13.43016375,52.51014742
2,2050602.0,Samariterviertel,2500729.0,2018,5,20,5,3,1,5,1,0,0,0,0,1,0,803267.3743,5827768.443,13.47024125,52.51546653
2,2030302.0,Lausitzer Platz,2300316.0,2018,5,15,4,3,5,2,0,1,0,0,0,0,0,801623.3327,5826054.347,13.44453396,52.50101456
10,10010102.0,Havemannstraße                                                                                      ,10100104.0,2018,5,16,4,2,5,3,0,1,0,0,0,0,0,810148.9676,5833322.342,13.57651383,52.56136827
12,12224229.0,Konradshöhe/Tegelort,12400616.0,2018,5,15,4,2,5,3,0,1,0,0,0,0,0,786489.2733,5834533.033,13.22951739,52.58518819
9,9010401.0,Johannisthal West,9100408.0,2018,5,20,5,3,5,3,0,1,0,0,0,0,0,806296.0013,5820693.408,13.50823433,52.45036533
2,2050804.0,Stralauer Halbinsel,2500836.0,2018,5,15,4,2,5,2,0,1,0,0,0,0,0,803119.8198,5825687.909,13.46617916,52.49690104
1,1011105.0,Nördlicher Landwehrkanal                                                                            ,1100102.0,2018,5,5,5,3,5,2,0,0,0,1,0,0,0,796584.0157,5826875.013,13.37124558,52.51113329
6,6010210.0,Bismarckstraße                                                                                      ,6100210.0,2018,5,7,4,3,5,2,0,1,0,0,0,0,0,794857.3124,5821504.981,13.34112498,52.46393045
5,5010314.0,Carl-Schurz-Straße                                                                                  ,5100317.0,2018,5,17,6,3,6,4,0,0,1,0,0,0,0,785256.8543,5828843.84,13.20648583,52.53482747
5,5040936.0,Jägerallee,5400943.0,2018,5,14,5,3,3,6,0,0,0,0,0,0,0,780236.0248,5822115.094,13.12699349,52.47709702
2,2040502.0,Friedenstraße,2400521.0,2018,5,6,4,3,5,2,0,0,0,0,0,1,0,801250.8631,5827844.601,13.44068363,52.51726667
1,1011401.0,Invalidenstraße                                                                                     ,1100415.0,2018,5,15,6,3,5,3,0,1,0,0,0,0,0,797987.108,5829310.535,13.39404133,52.53219998
1,1044201.0,Reinickendorfer Straße                                                                              ,1401045.0,2018,5,7,6,3,4,6,0,0,0,0,0,0,0,796966.8434,5831890.134,13.38135083,52.55587991
4,4030827.0,Karl-August-Platz,4300623.0,2018,5,0,4,3,4,6,2,0,0,0,0,0,0,792742.357,5826543.023,13.31450832,52.5102324
6,6010210.0,Bismarckstraße                                                                                      ,6100210.0,2018,5,9,6,3,1,5,0,1,0,0,0,0,0,794942.3721,5820934.172,13.34186901,52.45876757
11,11010206.0,Wartenberg Süd,11100205.0,2018,5,17,5,3,2,6,0,0,0,0,1,0,0,805737.483,5833790.769,13.51207124,52.56806128
1,1022204.0,Thomasiusstraße                                                                                     ,1200626.0,2018,5,13,4,3,5,2,0,1,0,0,0,0,0,794791.1456,5828310.315,13.3461758,52.52497162
11,11051229.0,Rummelsburg,11501238.0,2018,5,17,6,3,2,6,0,1,0,0,0,0,0,804025.9241,5825924.02,13.47970098,52.49851325
7,7030301.0,Friedenau,7300516.0,2018,5,6,4,3,6,4,0,0,1,0,0,0,0,794003.3625,5821601.253,13.32867628,52.46525364
3,3061227.0,Humannplatz,3601244.0,2018,5,16,5,2,5,3,0,1,0,0,0,0,0,800083.5555,5831671.646,13.42698784,52.55221322
10,10010310.0,Alt-Marzahn,10100313.0,2018,5,7,5,3,6,4,0,0,1,0,0,0,0,808103.9956,5830909.031,13.5442028,52.54090155
8,8010117.0,Schillerpromenade,8100102.0,2018,5,12,4,3,5,2,0,0,0,0,1,0,0,800587.4566,5823218.522,13.42676176,52.47616765
2,2030402.0,Wrangelkiez,2300419.0,2018,5,14,1,3,1,5,0,1,0,0,0,0,0,801774.5073,5825797.791,13.44652182,52.49863144
2,2020203.0,Viktoriapark,2200207.0,2018,5,12,4,3,5,2,0,1,0,0,0,0,0,797089.6864,5824710.628,13.37674395,52.49145671
6,6040806.0,Fischtal,6400840.0,2018,5,12,4,3,5,3,0,1,0,0,0,0,0,788764.5299,5819970.236,13.25036554,52.4534248
3,3071639.0,Bötzowstraße,3701660.0,2018,5,11,4,3,6,4,0,0,1,0,0,0,0,800668.556,5829135.742,13.43329512,52.52916081
7,7030303.0,Grazer Platz,7300619.0,2018,5,20,5,2,4,7,0,0,0,0,0,0,0,795866.6772,5821116.377,13.35559463,52.4599013
3,3071638.0,Winsstraße,3701659.0,2018,5,10,4,3,3,6,0,0,0,0,1,0,0,800105.0484,5828984.569,13.42487682,52.52811631
1,1011401.0,Invalidenstraße                                                                                     ,1100415.0,2018,5,9,4,3,0,1,0,0,0,0,0,0,0,798162.5394,5829350.038,13.39665535,52.53245813
6,6030503.0,Zehlendorf Mitte                                                                                    ,6300526.0,2018,5,5,6,2,5,3,0,0,0,0,0,0,0,789522.0699,5817485.258,13.25932942,52.43074521
7,7020201.0,Bayerischer Platz,7200307.0,2018,5,17,3,2,2,6,0,0,0,0,0,0,0,794648.611,5824208.682,13.34045062,52.48828019
1,1011204.0,Leipziger Straße                                                                                    ,1100207.0,2018,5,18,3,3,3,6,0,1,0,0,0,0,0,797984.865,5826881.04,13.39183184,52.51042388
2,2040502.0,Friedenstraße,2400521.0,2018,5,11,3,3,5,2,0,1,0,0,0,0,0,800482.8593,5828469.004,13.42996347,52.52328705
3,3010102.0,Buch,3100102.0,2018,5,10,6,3,5,3,0,1,0,0,0,0,0,805080.5171,5841768.869,13.50976139,52.63993133
3,3050920.0,Weißer See,3500933.0,2018,5,6,3,3,5,3,0,0,0,1,0,0,0,802283.9806,5832348.402,13.45995936,52.55706221