district,LOR,street,LOR_2021,year,month,hour,weekday,category,accident_kind,accident_type,light_condition,car,pedestrian,motorcycle,goods_vehicle,others,road_condition,LINREFX,LINREFY,XGCSWGS84,YGCSWGS84
1,1011303.0,Alexanderplatzviertel,1100310.0,2018,5,8,5,2,0,1,0,0,0,0,0,0,0,799573.058,5828455.232,13.4165814,52.52366423
4,4030417.0,Schloßstraße,4300414.0,2018,5,17,5,3,5,3,0,1,0,0,0,0,0,791185.055,5826502.927,13.29159149,52.51070646
9,9020602.0,Oberspree,9200614.0,2018,5,14,3,3,2,3,0,0,0,0,0,0,0,808453.1697,5820867.423,13.54003757,52.45071207
9,9030901.0,Dorf Altglienicke,9300920.0,2018,5,16,6,3,0,1,0,1,0,0,0,0,0,807767.1779,5816017.683,13.52551196,52.40763425
5,5030832.0,Rohrdamm,5300839.0,2018,5,19,3,3,5,7,0,1,0,0,0,0,0,788332.1947,5830462.866,13.25310587,52.54772432
2,2020206.0,Graefekiez,2200212.0,2018,5,16,7,3,0,6,0,1,0,0,0,0,0,799321.6002,5824545.02,13.40937051,52.48875303
2,2010101.0,Askanischer Platz,2100101.0,2018,5,19,6,3,2,2,0,0,0,0,0,1,0,797659.6964,5826313.618,13.38654725,52.50551514
3,3050923.0,Weißenseer Spitze,3500934.0,2018,5,8,6,3,5,3,0,1,0,0,0,0,0,800993.118,5831900.187,13.44056963,52.5537598
8,8010404.0,Rixdorf,8100417.0,2018,5,19,3,3,2,6,0,1,0,0,0,0,0,802131.9397,5823074.998,13.4493031,52.47402907
11,11010309.0,Zingster Straße West,11100308.0,2018,5,16,5,3,5,2,0,1,0,0,0,0,0,804994.6906,5833578.097,13.50095041,52.5665719
3,3040614.0,Pankow Zentrum                                                                                      ,3400721.0,2018,5,17,3,3,4,2,0,1,0,0,0,0,0,797511.2885,5833248.53,13.39057569,52.56775902
6,6040807.0,Zehlendorf Eiche                                                                                    ,6400841.0,2018,5,16,3,3,5,2,0,1,0,0,0,0,0,789658.6098,5818328.419,13.26206266,52.43823222
2,2020203.0,Viktoriapark,2200209.0,2018,5,18,6,3,5,5,0,1,0,0,0,0,0,797096.7781,5824590.51,13.376741,52.49037611
3,3030715.0,Heinersdorf,3300516.0,2018,5,9,5,2,3,6,0,1,0,0,0,0,0,800907.1804,5833518.24,13.44077311,52.56831005
6,6040806.0,Fischtal,6400840.0,2018,5,17,3,3,0,7,0,0,0,0,0,0,0,789152.2397,5819750.045,13.25586456,52.45124572
3,3061131.0,Falkplatz,3601142.0,2018,5,15,6,2,0,1,0,0,0,0,0,0,0,798675.4336,5830304.934,13.40505235,52.54073661
4,4020313.0,Königin-Elisabeth-Straße,4200311.0,2018,5,16,3,3,5,2,0,1,0,0,0,0,0,790472.1152,5826692.076,13.28128093,52.51278231
5,5030832.0,Rohrdamm,5300839.0,2018,5,15,3,2,5,2,0,1,0,0,0,0,0,788720.2386,5830531.915,13.25887265,52.54813784
7,7040403.0,Manteuffelstraße                                                                                    ,7400823.0,2018,5,14,3,3,5,3,0,1,0,0,0,0,0,797259.4869,5820691.019,13.37565534,52.45533256
6,6030504.0,Teltower Damm,6300528.0,2018,5,14,3,3,6,7,0,0,1,0,0,0,0,789579.2045,5817242.108,13.25995688,52.42853503
9,9020502.0,Oberschöneweide Ost,9200512.0,2018,5,14,3,3,5,2,0,1,0,0,0,0,0,808122.7326,5821894.798,13.53613849,52.46010582
4,4051447.0,Ludwigkirchplatz,4501044.0,2018,5,14,3,3,2,7,0,0,0,0,0,1,0,793357.8029,5824837.176,13.32204804,52.49460955
1,1011302.0,Oranienburger Straße                                                                                ,1100309.0,2018,5,11,5,2,1,5,0,1,0,0,0,0,0,798650.9433,5828989.15,13.40350997,52.5289559
1,1011101.0,Stülerstraße                                                                                        ,1100101.0,2018,5,13,3,3,1,5,0,1,0,0,0,0,0,794916.4565,5826633.167,13.34653079,52.50986944
2,2010101.0,Askanischer Platz,2100101.0,2018,5,0,1,3,1,5,2,1,0,0,0,0,0,797793.3461,5825965.119,13.38819885,52.50231833
2,2020206.0,Graefekiez,2200212.0,2018,5,13,3,3,3,6,0,0,0,0,1,0,0,799725.9721,5824483.531,13.41525289,52.48798002
9,9020501.0,Oberschöneweide West,9200510.0,2018,5,16,6,3,6,4,0,0,1,0,0,0,0,806606.4611,5822045.053,13.51402959,52.46230523
6,6030502.0,Zehlendorf Süd                                                                                      ,6300525.0,2018,5,11,5,3,5,3,0,1,0,0,0,0,0,790221.7818,5815034.086,13.26746626,52.40839882
8,8010303.0,Donaustraße,8100314.0,2018,5,19,5,3,0,1,0,0,0,0,0,0,0,800997.852,5823906.781,13.43340731,52.48211071
6,6010103.0,Markelstraße                                                                                        ,6100103.0,2018,5,9,6,3,5,3,0,1,0,0,0,0,0,793635.6089,5821496.856,13.32318666,52.46451552
6,6020410.0,Oberhofer Platz,6200422.0,2018,5,10,5,3,5,2,0,1,0,0,0,0,0,794479.3346,5816580.099,13.33123742,52.4199849
12,12224230.0,Heiligensee,12400618.0,2018,5,16,5,3,6,7,0,0,1,0,0,0,0,786218.3113,5838995.241,13.2293879,52.62533696
11,11051331.0,Karlshorst Nord,11501340.0,2018,5,15,6,3,5,3,0,1,0,0,0,0,0,807679.4375,5824545.373,13.53207918,52.48411032
8,8010404.0,Rixdorf,8100415.0,2018,5,15,5,3,5,2,0,1,0,0,0,0,0,802165.0132,5823364.904,13.45005121,52.47660923
4,4030930.0,George-Grosz-Platz,4501041.0,2018,5,9,3,3,5,2,0,1,0,0,0,0,0,792848.7604,5825759.518,13.31538244,52.50315143
1,1022204.0,Thomasiusstraße                                                                                     ,1200626.0,2018,5,10,5,3,5,2,0,1,0,0,0,0,0,794787.3176,5828310.866,13.34612003,52.52497863
1,1011101.0,Stülerstraße                                                                                        ,1100101.0,2018,5,9,3,3,5,2,0,1,0,0,0,0,0,794923.5947,5825985.545,13.34606192,52.50406009
7,7040403.0,Manteuffelstraße                                                                                    ,7400823.0,2018,5,8,3,3,2,2,0,1,0,0,0,0,0,797220.1545,5820698.018,13.37508443,52.45541669
1,1011303.0,Alexanderplatzviertel,1100310.0,2018,5,9,5,3,2,6,0,1,0,0,0,0,0,799033.0485,5827761.859,13.40802238,52.51774558
4,4051653.0,Prager Platz,4501152.0,2018,5,8,3,2,6,4,0,0,1,0,0,0,0,793985.321,5824713.234,13.33115525,52.49316083
8,8041039.0,Frauenviertel,8401245.0,2018,5,17,6,3,5,3,0,1,0,0,0,0,0,806499.7609,5815421.179,13.50639223,52.40299901
11,11020514.0,Große-Leege-Straße,11200513.0,2018,5,7,3,3,5,3,0,1,0,0,0,0,0,804726.7345,5831202.865,13.49482887,52.54543412
9,9020502.0,Oberschöneweide Ost,9200511.0,2018,5,7,3,3,5,3,0,0,0,0,0,1,0,807382.174,5822366.518,13.52570748,52.46475049
10,10040828.0,Kaulsdorf Nord                                                                                      ,10400835.0,2018,5,23,2,2,0,3,2,0,0,0,0,1,0,811452.5556,5828135.306,13.59082105,52.514142
1,1011101.0,Stülerstraße                                                                                        ,1100101.0,2018,5,10,2,3,5,2,0,1,0,0,0,0,0,795257.0669,5826619.125,13.35152259,52.50955931
8,8010510.0,Gewerbegebiet Köllnische Heide,8100521.0,2018,5,17,2,3,5,2,0,1,0,0,0,0,0,803170.5816,5821960.419,13.46353545,52.46346368
1,1033101.0,Soldiner Straße                                                                                     ,1300732.0,2018,5,9,5,3,5,2,0,1,0,0,0,0,0,797536.0837,5832716.672,13.39046345,52.56297806
5,5010209.0,An der Kappe,5100211.0,2018,5,16,5,3,5,3,0,1,0,0,0,0,0,783246.129,5830300.427,13.17816299,52.54893629
1,1011302.0,Oranienburger Straße                                                                                ,1100310.0,2018,5,18,5,3,6,4,0,0,1,0,0,0,0,799094.5559,5828993.89,13.41003411,52.52875519
1,1011402.0,Arkonaplatz,1100416.0,2018,5,19,2,3,0,4,0,0,1,0,0,0,0,798561.8951,5829488.091,13.40264931,52.53347698
7,7030303.0,Grazer Platz,7300619.0,2018,5,18,2,3,0,2,0,0,0,1,0,0,0,795384.7552,5820977.942,13.34839974,52.45892102
3,3050925.0,Komponistenviertel Weißensee,3500936.0,2018,5,19,2,3,1,5,0,1,0,0,0,0,0,801876.1427,5831159.597,13.45288097,52.54663324
1,1022201.0,Stephankiez,1200623.0,2018,5,7,6,3,3,6,0,1,0,0,0,0,0,795766.402,5829098.12,13.36120986,52.53150541
8,8010211.0,Flughafenstraße,8100206.0,2018,5,18,2,2,5,2,0,1,0,0,0,0,0,800440.4192,5823726.79,13.42506129,52.48080436
1,1011302.0,Oranienburger Straße                                                                                ,1100309.0,2018,5,17,2,2,0,1,0,0,0,0,0,0,0,798084.8658,5828460.109,13.39471579,52.52452357
6,6020411.0,Schütte-Lanz-Straße                                                                                 ,6200423.0,2018,5,12,6,3,5,2,0,1,0,0,0,0,0,794115.7375,5815507.468,13.32496356,52.41056463
3,3050919.0,Gustav-Adolf-Straße,3500932.0,2018,5,7,6,3,0,2,0,1,0,0,0,0,0,802070.4366,5832779.981,13.45721186,52.56104889
2,2020202.0,Rathaus Yorckstraße,2200208.0,2018,5,8,6,3,5,2,0,1,0,0,0,0,0,797938.672,5825259.618,13.38970239,52.49591504
2,2010102.0,Mehringplatz,2100102.0,2018,5,17,5,3,1,5,0,1,0,0,0,0,0,798016.1836,5825869.379,13.39138637,52.50133848
1,1044201.0,Reinickendorfer Straße                                                                              ,1401045.0,2018,5,9,5,3,0,3,0,1,0,0,0,0,0,796688.0431,5831641.276,13.37702814,52.55380113
2,2020206.0,Graefekiez,2200213.0,2018,5,14,1,3,5,2,0,1,0,0,0,0,0,799266.055,5825002.537,13.40896579,52.49288447
1,1011305.0,Heine-Viertel West,1100312.0,2018,5,16,1,3,6,4,0,0,1,0,0,0,0,798947.8922,5827297.565,13.40635398,52.51363053
6,6030608.0,Schweizer Viertel,6300632.0,2018,5,14,5,2,5,3,0,1,0,0,0,0,0,792089.821,5817213.118,13.2967526,52.42694052
2,2040703.0,Wriezener Bahnhof/Entwicklungsgebiet,2400625.0,2018,5,23,1,3,5,2,2,1,0,0,0,0,0,801765.7504,5826250.38,13.44680332,52.50269289
2,2020204.0,Urbanstraße,2200210.0,2018,5,22,1,3,6,7,2,0,1,0,0,0,0,797876.1608,5824918.291,13.38847912,52.49288956
8,8010302.0,Bouchéstraße,8100313.0,2018,5,21,1,3,5,2,2,1,0,0,0,0,0,801848.5728,5824435.409,13.44637535,52.48637929
9,9020501.0,Oberschöneweide West,9200510.0,2018,5,19,1,3,5,2,0,1,0,0,0,0,0,806580.0744,5822760.308,13.51429949,52.46873038
4,4051654.0,Wilhelmsaue,4501150.0,2018,5,18,6,2,1,5,0,1,0,0,0,0,0,793432.0069,5823740.417,13.32217215,52.48473764
2,2020201.0,Gleisdreieck/Entwicklungsgebiet,2200207.0,2018,5,15,1,3,5,3,0,0,0,0,0,1,0,797081.1536,5825636.622,13.37744445,52.49976192
2,2020203.0,Viktoriapark,2200209.0,2018,5,16,1,3,5,2,0,1,0,0,0,0,0,797753.44,5824294.292,13.38611932,52.48736309
1,1011105.0,Nördlicher Landwehrkanal                                                                            ,1100102.0,2018,5,21,7,3,0,7,1,0,0,0,0,0,0,796815.88,5826790.367,13.37457664,52.51024841
1,1011402.0,Arkonaplatz,1100416.0,2018,5,17,6,3,0,1,0,0,0,0,0,0,0,798636.3396,5829378.693,13.40364527,52.53245561
1,1011303.0,Alexanderplatzviertel,1100310.0,2018,5,16,1,2,0,1,0,0,0,0,0,0,0,799025.0238,5827770.281,13.40791204,52.51782547
1,1044101.0,Rehberge,1400937.0,2018,5,5,2,3,5,3,0,1,0,1,0,0,0,793673.1482,5832253.886,13.33323052,52.56092682
3,3071639.0,Bötzowstraße,3701660.0,2018,5,9,3,3,1,5,0,1,0,0,0,0,0,800391.6791,5829064.461,13.42916149,52.52867454
6,6020303.0,Lankwitz Kirche                                                                                     ,6200313.0,2018,5,20,2,3,5,2,1,0,0,1,0,0,0,795188.4367,5818767.034,13.34356492,52.4392076
1,1011304.0,Karl-Marx-Allee,1100311.0,2018,5,19,3,2,6,4,0,0,1,0,0,0,0,799688.8676,5827846.47,13.41773479,52.51814399
1,1011202.0,Unter den Linden Nord,1100206.0,2018,6,10,6,3,6,4,0,0,1,0,0,0,0,797205.0291,5827480.851,13.38091053,52.51622595
2,2020204.0,Urbanstraße,2200210.0,2018,5,17,3,2,5,3,0,0,0,0,0,0,0,797878.8656,5824888.527,13.38849223,52.49262129
11,11041022.0,Rosenfelder Ring,11401032.0,2018,5,20,2,2,6,4,0,0,1,0,0,0,0,806601.7895,5827742.842,13.5192026,52.51337295
12,12214527.0,Alt-Tegel,12200515.0,2018,6,9,6,3,3,6,0,1,0,0,0,0,0,790253.7322,5835072.867,13.28539807,52.58803237
9,9010201.0,Am Treptower Park Süd,9100202.0,2018,5,18,2,3,0,3,0,1,0,0,0,0,0,803080.8708,5824008.273,13.46407962,52.48186826
5,5010208.0,Germersheimer Platz,5100210.0,2018,6,7,6,3,5,2,0,1,0,0,0,0,0,784168.4227,5830071.486,13.19153233,52.54640324
8,8010301.0,Reuterkiez,8100310.0,2018,6,8,6,3,5,3,0,0,0,0,0,1,0,801058.775,5824930.617,13.43522651,52.49125405
6,6040701.0,Wannsee,6400735.0,2018,5,17,3,3,3,6,0,1,0,0,0,0,0,782833.6078,5817018.116,13.16082143,52.43005578
1,1022201.0,Stephankiez,1200623.0,2018,5,18,2,3,2,2,0,1,0,0,0,0,0,795427.395,5829543.081,13.35662225,52.53567795
7,7040402.0,Lindenhofsiedlung,7400822.0,2018,6,8,6,2,5,2,0,0,0,0,1,0,0,796815.1152,5822352.1,13.37061208,52.47046413
9,9020502.0,Oberschöneweide Ost,9200511.0,2018,6,7,6,3,5,3,0,1,0,0,0,0,0,806575.0376,5822316.525,13.51381787,52.46475588
5,5010339.0,Freiheit,5100317.0,2018,5,17,2,2,5,3,0,1,0,0,0,0,0,787265.0093,5828333.927,13.23557039,52.52920104
2,2010101.0,Askanischer Platz,2100101.0,2018,6,6,6,3,1,5,0,1,0,0,0,0,0,797759.8032,5825752.897,13.38751639,52.50043432
6,6040701.0,Wannsee,6400735.0,2018,5,17,2,2,5,2,0,1,0,0,0,0,0,782864.148,5815866.563,13.16029559,52.41971448
9,9030901.0,Dorf Altglienicke,9300920.0,2018,6,15,6,3,5,3,0,1,0,0,0,0,0,808563.6116,5817461.501,13.53851407,52.42012568
2,2050601.0,Hausburgviertel,2500726.0,2018,6,14,6,3,5,2,0,0,0,0,0,1,0,801964.1367,5828237.948,13.45152046,52.52039779
7,7070704.0,Nahariyastraße                                                                                      ,7601545.0,2018,5,14,2,3,2,7,0,1,0,0,0,0,0,799821.9357,5813983.426,13.40724193,52.3938084
2,2040502.0,Friedenstraße,2400521.0,2018,6,7,6,3,5,3,0,1,0,0,0,0,0,800987.068,5828026.508,13.43697232,52.51904279
1,1011402.0,Arkonaplatz,1100416.0,2018,5,13,2,3,4,1,0,0,0,0,0,1,0,798739.8983,5829585.713,13.40535349,52.5342545
4,4030931.0,Breitscheidplatz,4501042.0,2018,5,10,5,3,3,6,0,0,0,1,0,0,0,794353.2427,5826074.839,13.33776222,52.50516856
7,7020204.0,Schöneberger Insel,7200413.0,2018,5,19,3,2,5,3,0,1,0,0,0,0,0,796445.5404,5823519.567,13.36622497,52.48113012
1,1011402.0,Arkonaplatz,1100416.0,2018,5,23,5,2,0,7,2,0,0,0,0,0,0,798389.872,5829410.94,13.40005149,52.53287963
1,1033101.0,Soldiner Straße                                                                                     ,1300730.0,2018,5,7,3,3,5,2,0,1,0,0,0,0,0,796400.238,5832009.579,13.37312447,52.55725927
1,1022103.0,Westhafen,1200517.0,2018,5,19,5,3,5,3,0,1,0,0,0,0,0,794562.8125,5829748.042,13.34409395,52.53798325
11,11020515.0,Landsberger Allee,11200514.0,2018,5,17,3,3,5,7,0,1,0,0,0,0,0,804592.8029,5829955.82,13.49171676,52.53433239
2,2030301.0,Oranienplatz,2300314.0,2018,5,12,2,3,1,5,0,1,0,0,0,0,0,800057.103,5825923.573,13.421412,52.50070584
1,1011202.0,Unter den Linden Nord,1100206.0,2018,5,19,5,3,5,2,0,1,0,0,0,0,0,797156.7448,5827685.304,13.38038367,52.51808495
11,11041128.0,Sewanstraße,11401135.0,2018,5,19,5,3,5,3,0,1,0,0,0,0,0,805860.6386,5825312.374,13.50608265,52.49200631
11,11020514.0,Große-Leege-Straße,11200513.0,2018,5,18,5,3,5,5,0,1,0,0,0,0,0,804796.2154,5831256.163,13.49589922,52.54587294
10,10030727.0,Biesdorf Süd                                                                                        ,10300734.0,2018,5,17,5,3,5,2,0,0,0,0,0,1,0,809632.7446,5825758.304,13.5618793,52.49387616
1,1011102.0,Großer Tiergarten,1100102.0,2018,5,17,5,3,5,2,0,1,0,0,0,0,0,795072.758,5827223.213,13.34935035,52.51507424
7,7060603.0,Marienfelde Nordost,7601238.0,2018,5,14,3,3,5,3,0,1,0,0,0,0,0,798476.775,5816783.289,13.39002741,52.41964082
8,8020621.0,Mohriner Allee Nord,8200725.0,2018,5,17,5,2,5,3,0,1,0,0,0,0,0,801059.1319,5819526.818,13.43035635,52.44281785
1,1022106.0,Elberfelder Straße                                                                                  ,1200522.0,2018,5,11,2,2,5,3,0,1,0,0,0,0,0,793670.6227,5828113.534,13.32953324,52.5238123
8,8020727.0,Buckow Mitte,8200832.0,2018,5,17,5,3,1,5,0,1,0,0,0,0,0,801260.1094,5816397.931,13.43048584,52.41466171
7,7050503.0,Eisenacher Straße                                                                                   ,7501031.0,2018,5,9,3,3,0,7,0,0,0,0,0,1,0,799422.5882,5820411.694,13.40714379,52.45164814
9,9051901.0,Dammvorstadt,9501939.0,2018,5,16,2,3,5,2,0,0,0,0,0,1,0,809946.3797,5821592.63,13.56261328,52.45636669
4,4041134.0,Bismarckallee,4400726.0,2018,5,12,3,3,5,2,0,1,0,0,0,0,0,790841.6491,5823645.863,13.28405077,52.48527598
10,10040933.0,Mahlsdorf Süd                                                                                       ,10400941.0,2018,5,16,5,3,5,3,0,1,0,0,0,0,0,812400.5306,5824300.461,13.60114907,52.47923519
1,1011304.0,Karl-Marx-Allee,1100311.0,2018,5,20,5,2,0,7,0,0,0,0,0,0,0,800060.4811,5828481.514,13.4237679,52.52363178
4,4030827.0,Karl-August-Platz,4300623.0,2018,5,15,5,3,1,5,0,1,0,0,0,0,0,792529.0285,5826100.408,13.31098493,52.50637892
11,11030721.0,Rüdigerstraße,11300722.0,2018,5,7,3,3,0,2,0,1,0,0,0,0,0,804273.0356,5827867.321,13.48510611,52.51579264
6,6040804.0,Krumme Lanke,6400838.0,2018,5,15,5,3,5,3,0,1,0,0,0,0,0,787244.8678,5818354.054,13.22667404,52.43973517
8,8020625.0,Handwerker-Siedlung,8200730.0,2018,5,17,5,2,5,3,0,1,0,0,0,0,0,801432.9011,5818800.729,13.43518397,52.43610376
9,9051702.0,Bölschestraße,9501737.0,2018,5,13,5,3,4,2,0,1,0,0,0,0,0,813700.0045,5820750.917,13.61688491,52.44668278
1,1011306.0,Heine-Viertel Ost,1100313.0,2018,5,15,2,3,5,2,0,1,0,0,0,0,0,799780.8626,5827001.28,13.41832508,52.51051764
9,9020701.0,Adlershof West,9200715.0,2018,5,14,2,3,5,3,0,1,0,0,0,0,0,808809.4645,5819002.117,13.54354021,52.43379407
3,3040818.0,Pankow Süd                                                                                          ,3400826.0,2018,5,12,5,3,5,2,0,0,0,0,0,1,0,799043.3442,5832789.043,13.41269839,52.56280102
6,6040810.0,Dahlem,6400844.0,2018,5,15,5,2,1,5,0,1,0,0,0,0,0,791206.3117,5820497.859,13.28665785,52.4568596
3,3061429.0,Greifswalder Straße,3601449.0,2018,5,13,3,3,5,2,0,1,0,0,0,0,0,801909.0214,5830330.674,13.45261103,52.53918541
1,1011402.0,Arkonaplatz,1100416.0,2018,5,8,2,3,0,1,0,0,0,0,0,0,0,798545.5023,5829189.753,13.4021404,52.53081178
1,1011204.0,Leipziger Straße                                                                                    ,1100207.0,2018,5,12,5,3,3,2,0,0,0,0,0,0,0,798570.4764,5826873.895,13.4004288,52.51003963
3,3030406.0,Alt-Karow,3300413.0,2018,5,6,2,3,5,3,0,1,0,0,0,0,0,803542.1056,5838761.993,13.48433524,52.61384459
8,8020619.0,Buschkrugallee Nord,8200623.0,2018,5,13,5,2,2,6,0,1,0,0,0,0,0,802235.0245,5821225.182,13.44914088,52.45739192
5,5030832.0,Rohrdamm,5300841.0,2018,5,13,5,3,5,3,0,1,0,0,0,0,0,789316.8149,5829266.664,13.26654423,52.53647812
1,1044201.0,Reinickendorfer Straße                                                                              ,1401045.0,2018,5,7,2,3,5,2,0,1,0,0,0,0,0,796674.6375,5831952.576,13.37710921,52.55659889
5,5010206.0,Gütersloher Weg,5100208.0,2018,5,7,2,2,5,2,0,1,0,0,0,0,0,781552.6001,5830707.989,13.15359894,52.5534687
4,4051655.0,Babelsberger Straße,4501153.0,2018,5,8,3,3,5,3,0,1,0,0,0,0,0,794155.0099,5824121.794,13.33312533,52.48776747
4,4051652.0,Nikolsburger Platz,4501149.0,2018,5,15,2,3,1,5,0,1,0,0,0,0,0,793572.4986,5824097.908,13.32455003,52.48786689
9,9020502.0,Oberschöneweide Ost,9200511.0,2018,5,8,5,3,0,2,0,1,0,0,0,0,0,806816.731,5821997.201,13.51707087,52.46175835
7,7030301.0,Friedenau,7300517.0,2018,5,8,2,3,5,2,0,1,0,0,0,0,0,794256.6898,5822036.477,13.33277831,52.46901885
9,9020802.0,Köllnische Vorstadt                                                                                 ,9200819.0,2018,5,7,5,3,0,2,0,1,0,0,0,0,0,810697.0219,5819284.936,13.57147915,52.43525982
10,10020621.0,Gelbes Viertel,10200628.0,2018,5,20,3,2,5,3,0,1,0,0,0,0,0,811540.4135,5829594.172,13.59347782,52.52716511
3,3061227.0,Humannplatz,3601243.0,2018,5,7,5,3,2,3,0,1,0,0,0,0,0,799495.3398,5831781.716,13.41843754,52.55352355
11,11030618.0,Fennpfuhl West,11300617.0,2018,5,14,3,3,5,3,0,1,0,0,0,0,0,803688.1601,5829049.283,13.47759256,52.52671219
4,4030417.0,Schloßstraße,4300414.0,2018,5,8,2,3,5,2,0,1,0,0,0,0,0,791572.044,5826536.149,13.29730676,52.51079758
5,5030832.0,Rohrdamm,5300838.0,2018,5,15,3,3,0,7,0,0,0,0,0,0,0,787989.9453,5830642.249,13.24822811,52.54951361
7,7040405.0,Rathaus Tempelhof,7400927.0,2018,5,7,5,3,5,3,0,0,0,0,0,1,0,799653.82,5820997.439,13.41106191,52.45677183
2,2040703.0,Wriezener Bahnhof/Entwicklungsgebiet,2400625.0,2018,5,6,2,2,5,3,0,1,0,0,0,0,0,801755.2141,5826262.49,13.44665954,52.50280726
4,4041343.0,Binger Straße,4400834.0,2018,5,5,2,3,5,2,0,1,0,0,0,0,0,792602.3819,5822988.831,13.30932997,52.47844507
1,1011105.0,Nördlicher Landwehrkanal                                                                            ,1100102.0,2018,5,8,2,3,3,6,0,1,0,0,0,0,0,795470.2188,5826645.213,13.35467734,52.50967776
8,8010301.0,Reuterkiez,8100312.0,2018,5,2,5,3,5,2,2,1,0,0,0,0,0,801459.4402,5823891.011,13.44016964,52.48171474
8,8010301.0,Reuterkiez,8100311.0,2018,5,1,5,3,5,3,2,1,0,0,0,0,0,800508.4421,5824579.956,13.42682905,52.48841418
9,9030901.0,Dorf Altglienicke,9300920.0,2018,5,7,1,3,1,5,0,0,0,0,1,0,0,807534.7479,5815317.721,13.52146307,52.40149156
4,4031032.0,Halensee,4500937.0,2018,5,9,1,3,1,5,0,1,0,0,0,0,0,791268.5423,5824982.173,13.29148784,52.49702841
1,1011302.0,Oranienburger Straße                                                                                ,1100309.0,2018,5,11,5,3,5,2,0,1,0,0,0,0,0,798550.3139,5828984.495,13.4020268,52.5289693
1,1022207.0,Hansaviertel,1200629.0,2018,5,13,1,3,5,2,0,1,0,0,0,0,0,794309.6132,5827170.686,13.33809028,52.51501571
3,3030716.0,Märchenland,3300517.0,2018,5,10,5,3,5,2,0,1,0,0,0,0,0,802503.9519,5833435.128,13.46418483,52.56668019
4,4041238.0,Kissinger Straße,4400830.0,2018,5,18,3,3,5,2,0,1,0,0,0,0,0,791671.5159,5823238.651,13.29588101,52.48118266
2,2020203.0,Viktoriapark,2200208.0,2018,5,10,5,3,0,2,0,0,0,0,1,0,0,797814.7878,5824933.508,13.38759142,52.49305946
8,8010301.0,Reuterkiez,8100311.0,2018,5,9,5,3,5,2,0,1,0,0,0,0,0,800754.595,5824346.934,13.43023312,52.48618998
7,7010102.0,Nollendorfplatz,7100103.0,2018,5,8,5,3,5,2,0,1,0,0,0,0,0,795703.9124,5825457.065,13.3570555,52.49890037
2,2030302.0,Lausitzer Platz,2300315.0,2018,5,8,5,3,5,2,0,1,0,0,0,0,0,800784.541,5825814.228,13.43199741,52.49932528
9,9041301.0,Kietzer Feld/Nachtheide                                                                             ,9401329.0,2018,5,8,5,2,5,3,0,1,0,0,0,0,0,811777.5432,5818547.605,13.58663487,52.42803747
3,3050925.0,Komponistenviertel Weißensee,3500936.0,2018,5,17,3,3,0,7,0,0,0,0,0,0,0,802060.4861,5831124.666,13.45555946,52.54621798
2,2020204.0,Urbanstraße,2200210.0,2018,5,11,5,3,0,1,0,0,0,0,0,0,0,798080.0108,5825467.432,13.39196414,52.49770066
2,2010103.0,Moritzplatz,2100104.0,2018,5,15,4,3,5,3,0,1,0,0,0,0,0,799341.8357,5826192.91,13.41114846,52.50351288
4,4030623.0,Ernst-Reuter-Platz,4300622.0,2018,5,11,4,3,5,2,0,1,0,0,0,0,0,793058.1895,5826951.312,13.31950831,52.51372297