district,LOR,street,LOR_2021,year,month,hour,weekday,category,accident_kind,accident_type,light_condition,car,pedestrian,motorcycle,goods_vehicle,others,road_condition,LINREFX,LINREFY,XGCSWGS84,YGCSWGS84
1,1011303.0,Alexanderplatzviertel,1100310.0,2018,5,10,4,3,2,7,0,1,0,0,0,0,0,798979.8772,5828516.852,13.40791973,52.52454215
2,2040701.0,Andreasviertel,2400623.0,2018,5,19,4,3,5,2,0,0,0,1,0,0,0,800595.1895,5827043.481,13.43032624,52.51044779
2,2010102.0,Mehringplatz,2100102.0,2018,5,16,1,3,6,4,0,0,1,0,0,0,0,798218.4023,5826271.966,13.39471718,52.50483669
1,1011202.0,Unter den Linden Nord,1100206.0,2018,5,19,4,3,5,2,0,1,0,0,0,0,0,797145.3023,5827774.276,13.380295,52.51888872
4,4030620.0,Alt-Lietzow,4300619.0,2018,5,17,4,2,5,2,0,1,0,0,0,0,0,792434.224,5827195.653,13.31055448,52.51624832
7,7030301.0,Friedenau,7300516.0,2018,5,17,4,3,0,4,0,0,1,0,0,0,0,794000.7699,5821570.252,13.32861092,52.46497713
1,1022206.0,Lüneburger Straße                                                                                   ,1200628.0,2018,5,17,4,3,5,2,0,1,0,0,0,0,0,795702.6487,5828178.244,13.35945466,52.52329413
1,1011302.0,Oranienburger Straße                                                                                ,1100309.0,2018,5,18,1,3,1,1,0,1,0,0,0,0,0,798267.4515,5828394.875,13.39734056,52.52383899
11,11030618.0,Fennpfuhl West,11300618.0,2018,5,17,4,2,5,2,0,1,0,0,0,0,0,802416.215,5828960.187,13.45881976,52.52662065
4,4051448.0,Schaperstraße,4501045.0,2018,5,20,3,3,5,3,0,1,0,0,0,0,0,794244.922,5825406.431,13.33558027,52.49923509
8,8010303.0,Donaustraße,8100314.0,2018,5,18,3,3,6,7,0,0,1,0,0,0,0,801022.7544,5823918.369,13.43378337,52.48220085
8,8010404.0,Rixdorf,8100415.0,2018,5,20,1,3,5,3,0,1,0,0,0,0,0,802176.7537,5823389.145,13.45024551,52.47682001
11,11030721.0,Rüdigerstraße,11300724.0,2018,5,16,4,3,5,2,0,0,0,0,0,1,0,804807.0974,5827480.172,13.49259751,52.5120246
1,1033201.0,Brunnenstraße                                                                                       ,1300834.0,2018,5,10,3,2,5,3,0,0,0,0,0,1,0,797513.712,5831012.543,13.38860706,52.54771495
1,1044101.0,Rehberge,1400938.0,2018,5,14,1,3,1,5,0,1,0,0,0,1,0,793785.4084,5830463.984,13.33329791,52.5448209
1,1044203.0,Leopoldplatz,1401048.0,2018,5,18,1,2,5,3,0,1,0,0,0,0,0,795606.4637,5831713.098,13.36118593,52.55503306
2,2020202.0,Rathaus Yorckstraße,2200208.0,2018,5,16,4,3,3,6,0,1,0,0,0,0,0,797614.4815,5825522.632,13.38517611,52.49844953
2,2020203.0,Viktoriapark,2200209.0,2018,5,18,3,3,5,5,0,1,0,0,0,0,0,797471.968,5824553.361,13.38221747,52.48983879
3,3061228.0,Erich-Weinert-Straße,3601245.0,2018,5,11,1,3,0,1,0,0,0,0,0,0,0,800875.2569,5830559.17,13.43762158,52.5418052
1,1022204.0,Thomasiusstraße                                                                                     ,1200626.0,2018,5,8,4,3,5,3,0,1,0,0,0,0,0,795260.6887,5827927.45,13.35273679,52.52128547
6,6030610.0,Lichterfelde West                                                                                   ,6300634.0,2018,5,12,3,2,5,2,0,1,0,0,0,0,0,792932.6138,5817762.727,13.30959382,52.43141712
10,10010308.0,Marzahner Chaussee,10100311.0,2018,5,8,4,3,2,2,0,1,0,0,0,0,0,806552.7977,5829123.25,13.51975496,52.52577196
11,11020515.0,Landsberger Allee,11200514.0,2018,5,8,4,3,1,5,0,1,0,0,0,0,0,804103.9806,5830186.673,13.48474353,52.53667437
11,11041128.0,Sewanstraße,11401137.0,2018,5,8,4,3,5,2,0,1,0,0,0,0,0,807102.9902,5825760.2,13.52473647,52.49532231
3,3071536.0,Teutoburger Platz,3701554.0,2018,5,8,4,3,5,3,0,1,0,0,0,0,0,799133.7563,5829208.045,13.41080293,52.53065325
4,4030417.0,Schloßstraße,4300414.0,2018,5,9,3,3,0,1,0,0,0,0,0,0,0,791496.1174,5827211.381,13.29678265,52.51689153
12,12214528.0,Tegeler Forst,12400619.0,2018,5,16,1,2,9,1,0,0,0,0,0,0,0,789902.1969,5836426.12,13.28140822,52.60035166
1,1033202.0,Humboldthain Süd,1300835.0,2018,5,6,4,3,5,2,0,1,0,0,0,0,0,797574.4694,5829457.728,13.38810785,52.53374481
1,1011204.0,Leipziger Straße                                                                                    ,1100207.0,2018,5,19,4,2,5,3,0,0,0,0,0,0,0,798546.5084,5826810.482,13.40001981,52.50948434
11,11010308.0,Zingster Straße Ost,11100307.0,2018,5,13,7,2,2,6,0,0,0,0,0,1,0,805178.6666,5833960.293,13.50400793,52.56989415
3,3061228.0,Erich-Weinert-Straße,3601245.0,2018,5,18,3,2,3,6,0,0,0,0,1,0,0,800214.9868,5831194.742,13.42848932,52.54786618
2,2040703.0,Wriezener Bahnhof/Entwicklungsgebiet,2400625.0,2018,5,0,4,2,0,1,1,0,0,0,0,0,0,801744.6724,5826254.435,13.4464974,52.50274089
1,1011201.0,Wilhelmstraße                                                                                       ,1100205.0,2018,5,19,4,3,5,2,0,0,0,0,0,1,0,796993.5637,5826618.81,13.37703403,52.50861387
11,11040926.0,Weitlingstraße,11400931.0,2018,5,22,4,3,5,3,2,0,0,1,0,0,0,806628.1293,5827288.162,13.51917064,52.50928322
8,8010214.0,Glasower Straße,8100209.0,2018,5,20,4,3,1,5,1,1,0,0,0,0,0,801881.5796,5822391.371,13.44500966,52.46804003
2,2020203.0,Viktoriapark,2200208.0,2018,5,20,7,2,5,3,0,1,0,0,0,0,0,797527.9748,5824996.654,13.38343575,52.4937819
1,1022201.0,Stephankiez,1200623.0,2018,5,0,4,3,0,6,2,1,0,0,0,0,0,795860.7007,5828940.141,13.36245535,52.5300381
9,9051702.0,Bölschestraße,9501737.0,2018,5,8,3,3,1,5,0,0,0,0,1,0,0,814206.1215,5821660.573,13.62516303,52.45454359
4,4041137.0,Flinsberger Platz,4400727.0,2018,5,13,4,3,1,5,0,1,0,0,0,0,0,791488.8586,5824136.363,13.29398401,52.48932815
7,7070703.0,John-Locke-Straße                                                                                   ,7601544.0,2018,5,19,7,2,1,5,0,1,0,0,0,0,0,799260.8233,5813379.055,13.39848063,52.38869773
7,7030301.0,Friedenau,7300517.0,2018,5,19,7,3,5,3,0,1,0,0,0,0,0,794217.5873,5822748.162,13.33283205,52.47541983
7,7030301.0,Friedenau,7300516.0,2018,5,12,4,3,0,3,0,0,0,0,0,1,0,793946.4427,5821802.779,13.32801836,52.46709086
11,11040925.0,Victoriastadt,11400927.0,2018,5,18,7,3,3,6,0,1,0,0,0,0,0,803432.2189,5826595.947,13.47159418,52.50486601
4,4051654.0,Wilhelmsaue,4501150.0,2018,5,11,4,3,5,2,0,1,0,0,0,0,0,793454.9152,5823931.302,13.3226766,52.48643655
9,9041501.0,Altstadt Kietz,9401534.0,2018,5,6,4,3,0,2,0,1,0,0,0,0,0,810876.3869,5820655.026,13.57538357,52.44743614
2,2050802.0,Boxhagener Platz,2500833.0,2018,5,8,4,3,3,2,0,1,0,0,0,0,0,802069.3482,5827160.008,13.4520878,52.51067794
4,4030416.0,Klausenerplatz,4300413.0,2018,5,5,7,3,5,5,1,1,0,0,0,0,0,791109.2579,5826948.105,13.29086721,52.51473792
7,7040401.0,Neu-Tempelhof,7400720.0,2018,5,14,4,3,1,1,0,1,0,0,0,0,1,797188.5877,5823732.918,13.37732455,52.48263872
9,9020702.0,Adlershof Ost,9200716.0,2018,5,14,4,3,5,3,0,0,0,0,0,1,1,809455.2985,5819067.366,13.55307028,52.43401387
11,11030721.0,Rüdigerstraße,11300722.0,2018,5,11,4,2,5,3,0,0,0,0,0,1,0,803850.5379,5828656.729,13.47962005,52.52310338
2,2050804.0,Stralauer Halbinsel,2500836.0,2018,5,2,7,2,1,1,2,1,0,0,0,0,0,803234.169,5825910.602,13.46806116,52.49883348
1,1011101.0,Stülerstraße                                                                                        ,1100101.0,2018,5,18,3,3,5,2,0,1,0,0,0,0,0,794904.1397,5826284.118,13.34604059,52.50674712
1,1011202.0,Unter den Linden Nord,1100206.0,2018,5,11,3,3,5,2,0,1,0,0,0,0,0,797189.2632,5827522.052,13.38071567,52.51660387
1,1033201.0,Brunnenstraße                                                                                       ,1300834.0,2018,5,17,7,2,5,3,0,1,0,0,0,0,0,797889.8934,5830347.733,13.39354216,52.54155024
9,9020802.0,Köllnische Vorstadt                                                                                 ,9200819.0,2018,5,19,3,2,5,3,0,1,0,0,0,0,0,810439.274,5820317.652,13.56865903,52.44466105
1,1011303.0,Alexanderplatzviertel,1100310.0,2018,5,8,3,2,5,3,0,0,0,1,0,0,0,799472.6697,5828807.128,13.41542306,52.52687358
11,11020514.0,Große-Leege-Straße,11200513.0,2018,5,12,4,2,0,1,0,0,0,0,0,0,0,804434.3894,5830906.371,13.49025935,52.54294022
2,2010102.0,Mehringplatz,2100102.0,2018,6,18,5,3,5,2,0,1,0,0,0,0,0,798048.582,5826485.717,13.39241397,52.5068455
1,1011203.0,Unter den Linden Süd,1100206.0,2018,6,20,5,3,0,3,0,1,0,0,0,0,0,797884.331,5827477.18,13.39088849,52.51582245
10,10010206.0,Ringkolonnaden,10100208.0,2018,6,20,5,3,5,3,1,1,0,0,0,0,0,809517.8007,5832455.945,13.56642471,52.55396315
4,4030827.0,Karl-August-Platz,4300623.0,2018,6,11,3,3,3,6,0,1,0,0,0,0,0,792206.7241,5826115.36,13.30626286,52.50668568
9,9020601.0,Schnellerstraße                                                                                     ,9200613.0,2018,6,10,3,3,5,3,0,1,0,0,0,0,0,805827.339,5821879.366,13.50244564,52.46125685
2,2020203.0,Viktoriapark,2200209.0,2018,6,15,5,3,5,2,0,1,0,0,0,0,0,797499.7522,5824735.024,13.38278766,52.49145206
1,1022206.0,Lüneburger Straße                                                                                   ,1200628.0,2018,6,16,5,3,3,6,0,1,0,0,1,0,0,796231.7509,5828107.922,13.36716782,52.52237655
1,1011201.0,Wilhelmstraße                                                                                       ,1100205.0,2018,6,8,3,3,3,2,0,0,0,1,0,0,0,796953.8612,5826777.261,13.37659212,52.51005583
2,2030301.0,Oranienplatz,2300314.0,2018,6,16,5,3,2,1,0,1,0,1,0,0,0,799967.5918,5825746.106,13.41993745,52.49916435
1,1033203.0,Humboldthain Nordwest                                                                               ,1300836.0,2018,6,8,3,3,3,6,0,1,0,0,0,0,0,796603.2853,5829816.733,13.37415236,52.53749227
10,10010308.0,Marzahner Chaussee,10100311.0,2018,6,16,5,3,5,2,0,1,0,0,0,0,0,806694.1633,5830260.645,13.52288145,52.53588595
11,11030721.0,Rüdigerstraße,11300723.0,2018,6,8,3,3,4,6,0,1,0,0,0,0,0,805210.8473,5828444.435,13.49941303,52.520441
5,5030833.0,Motardstraße                                                                                        ,5300840.0,2018,6,8,3,3,5,2,0,1,0,0,0,0,0,789206.8748,5829275.497,13.26493552,52.53661566
5,5020524.0,Weinmeisterhornweg,5200528.0,2018,6,7,3,2,5,2,0,1,0,0,0,0,0,782990.7823,5825958.52,13.17071112,52.51013819
6,6020305.0,Gemeindepark Lankwitz,6200315.0,2018,6,7,3,3,2,7,0,1,0,0,0,0,0,795251.2659,5817502.375,13.34336972,52.42783671
7,7050501.0,Rathausstraße                                                                                       ,7501029.0,2018,6,15,5,2,1,5,0,1,0,0,0,0,0,797717.6018,5819192.697,13.38104202,52.44165231
1,1011402.0,Arkonaplatz,1100416.0,2018,6,7,3,2,5,3,0,1,0,0,0,0,0,798815.591,5829376.006,13.40627757,52.53233328
9,9020701.0,Adlershof West,9200715.0,2018,6,17,2,3,1,5,1,1,0,0,0,1,0,808197.6483,5818849.809,13.53442876,52.43277411
2,2050803.0,Stralauer Kiez,2500835.0,2018,6,9,2,3,2,3,0,1,0,0,0,0,0,803252.7029,5826020.922,13.46843379,52.49981196
4,4051655.0,Babelsberger Straße,4501153.0,2018,6,15,5,3,5,2,0,1,0,0,0,0,0,794121.6023,5823287.039,13.3318982,52.4803023
7,7070705.0,Franziusweg/Rohrbachstraße                                                                          ,7601546.0,2018,6,15,5,3,5,2,0,1,0,0,0,0,0,798556.2563,5814413.853,13.38907992,52.39835801
11,11041128.0,Sewanstraße,11401136.0,2018,6,14,5,3,1,5,0,0,0,0,0,1,0,806200.5869,5825779.443,13.51150334,52.49600176
3,3051022.0,Hansastraße,3501038.0,2018,6,18,2,3,1,5,0,1,0,0,0,0,0,802990.64,5831932.773,13.46997176,52.55294435
1,1011204.0,Leipziger Straße                                                                                    ,1100207.0,2018,6,18,2,3,1,5,0,1,0,0,0,0,0,797979.7898,5826915.797,13.3917884,52.5107382
4,4030623.0,Ernst-Reuter-Platz,4300622.0,2018,6,20,5,3,0,7,0,0,0,0,0,0,0,793683.933,5826260.551,13.32809332,52.50719406
7,7010102.0,Nollendorfplatz,7100102.0,2018,6,11,5,3,0,1,0,0,0,0,0,0,0,795520.9129,5825359.66,13.35428112,52.49812633
4,4030929.0,Hindemithplatz,4501040.0,2018,6,20,2,3,5,2,0,1,0,0,0,0,0,792706.6417,5825391.321,13.312971,52.49992691
8,8010118.0,Silbersteinstraße,8100105.0,2018,6,20,2,2,0,7,0,0,0,0,0,0,0,800275.2004,5822133.179,13.42120112,52.46661098
3,3050919.0,Gustav-Adolf-Straße,3500932.0,2018,6,9,5,3,0,2,0,1,0,0,0,0,0,801723.0219,5832983.107,13.4522871,52.56306211
9,9041402.0,Siedlung Kämmereiheide,9401432.0,2018,6,7,2,3,5,3,0,1,0,0,0,0,0,812126.326,5820604.208,13.59366824,52.44626865
2,2030302.0,Lausitzer Platz,2300316.0,2018,6,23,2,3,1,5,2,1,0,0,0,0,0,801336.6636,5826132.948,13.4403947,52.50187745
4,4041342.0,Schlangenbader Straße,4400833.0,2018,6,18,2,3,5,7,0,1,0,0,0,0,0,792548.4765,5822606.801,13.30820337,52.47504914
1,1022104.0,Emdener Straße                                                                                      ,1200520.0,2018,6,17,2,2,5,3,0,0,0,0,0,1,0,794571.1556,5828443.576,13.34306061,52.52628512
4,4030416.0,Klausenerplatz,4300413.0,2018,6,7,5,3,5,3,0,1,0,0,0,0,0,791179.5783,5827177.74,13.29210151,52.51675904
12,12103218.0,Teichstraße,12100205.0,2018,6,17,2,3,5,2,0,0,0,0,0,1,0,795083.3118,5834199.556,13.35570368,52.57760565
3,3030405.0,Karow Nord                                                                                          ,3300411.0,2018,6,6,5,3,5,2,0,1,0,0,0,0,0,803706.6724,5839177.456,13.48713978,52.61747622
2,2010101.0,Askanischer Platz,2100101.0,2018,6,19,5,3,0,6,0,0,0,0,0,1,0,797341.3357,5826147.139,13.38172188,52.50419643
9,9031001.0,Bohnsdorf,9301025.0,2018,6,17,2,3,5,2,0,1,0,0,0,0,0,809120.5679,5815171.371,13.54456381,52.39928719
2,2050802.0,Boxhagener Platz,2500833.0,2018,6,16,2,3,1,5,0,1,0,0,0,0,0,802214.3766,5827126.499,13.45418788,52.51029727
7,7010103.0,Barbarossaplatz,7100204.0,2018,6,16,2,2,5,2,0,0,0,0,0,0,0,795618.5203,5824559.157,13.35500444,52.49089759
4,4030621.0,Spreestadt,4300620.0,2018,6,15,2,3,2,2,0,1,0,0,0,0,0,793551.153,5827736.674,13.32744477,52.52049827
1,1011101.0,Stülerstraße                                                                                        ,1100101.0,2018,6,6,5,3,5,3,0,0,0,0,0,1,0,795095.372,5826502.45,13.34904354,52.50860089
1,1044103.0,Westliche Müllerstraße                                                                              ,1400942.0,2018,6,11,4,3,5,2,0,1,0,0,0,0,0,794573.6494,5830714.395,13.34511016,52.54664004
2,2050803.0,Stralauer Kiez,2500836.0,2018,6,19,4,3,5,7,0,0,0,0,0,0,0,803250.086,5826004.874,13.46838075,52.49966958
1,1011303.0,Alexanderplatzviertel,1100310.0,2018,6,15,2,2,2,2,0,1,0,0,0,0,0,799773.8677,5828664.79,13.41972125,52.52543221
12,12103219.0,Schäfersee,12100204.0,2018,6,9,4,3,5,2,0,1,0,0,0,0,0,795080.5045,5832468.738,13.35412249,52.56209194
7,7040401.0,Neu-Tempelhof,7400720.0,2018,6,15,2,3,1,5,0,1,0,0,0,0,0,797422.5081,5823760.265,13.38078345,52.48275649
2,2050803.0,Stralauer Kiez,2500835.0,2018,6,9,4,3,5,2,0,1,0,0,0,0,0,802219.4473,5826091.003,13.4533224,52.50101329
1,1011102.0,Großer Tiergarten,1100102.0,2018,6,8,4,3,0,2,0,1,0,0,0,0,0,796678.401,5827960.25,13.37359996,52.52081
9,9020701.0,Adlershof West,9200715.0,2018,6,5,4,3,5,2,0,1,0,0,0,0,0,808983.0616,5818111.515,13.54526281,52.42571448
3,3061227.0,Humannplatz,3601243.0,2018,6,8,4,3,1,5,0,0,0,0,0,1,0,799266.8929,5831437.439,13.41476784,52.55056323
1,1011203.0,Unter den Linden Süd,1100206.0,2018,6,8,4,3,1,5,0,1,0,0,0,1,0,797758.6984,5827463.686,13.38903046,52.51577009
8,8010508.0,Weiße Siedlung,8100520.0,2018,6,8,4,3,5,2,0,1,0,0,0,0,0,803346.8383,5822854.543,13.46693472,52.47137982
6,6010103.0,Markelstraße                                                                                        ,6100103.0,2018,6,14,2,3,5,3,0,1,0,0,0,0,0,792719.7048,5821677.917,13.30990216,52.46663015
2,2030402.0,Wrangelkiez,2300419.0,2018,6,8,4,3,5,7,0,1,0,0,0,0,0,801852.2186,5825732.542,13.44760399,52.49800363
7,7020201.0,Bayerischer Platz,7200307.0,2018,6,8,4,3,5,2,0,1,0,0,0,0,0,794523.9526,5824647.266,13.33900765,52.4922791
1,1044101.0,Rehberge,1400937.0,2018,6,13,2,3,0,7,0,1,0,0,0,0,0,794020.9773,5831385.275,13.33757742,52.5529526
10,10010309.0,Springpfuhl,10100312.0,2018,6,9,4,3,2,2,0,1,0,0,0,0,0,807944.8712,5829230.652,13.540309,52.52595004
5,5010209.0,An der Kappe,5100211.0,2018,6,19,4,3,5,2,0,1,0,0,0,0,0,783250.3525,5830289.393,13.1782157,52.54883516
6,6040701.0,Wannsee,6400735.0,2018,6,13,2,3,5,3,0,0,0,0,0,1,0,783928.7235,5815911.265,13.17594597,52.419564
6,6020303.0,Lankwitz Kirche                                                                                     ,6200313.0,2018,6,11,2,3,0,3,0,0,0,1,0,0,0,795273.3561,5818378.791,13.34446761,52.43568138
1,1011204.0,Leipziger Straße                                                                                    ,1100207.0,2018,6,11,2,3,5,2,0,1,0,0,0,0,0,798487.6228,5826667.239,13.39902627,52.50823257
12,12103116.0,Hausotterplatz,12100102.0,2018,6,19,4,3,5,3,0,0,0,0,0,1,0,795718.2348,5833122.451,13.36408569,52.56760584
7,7040405.0,Rathaus Tempelhof,7400927.0,2018,6,19,4,3,1,5,0,1,0,0,0,0,0,798891.6711,5820930.607,13.39981882,52.45659008
5,5020625.0,Borkumer Straße                                                                                     ,5200629.0,2018,6,11,2,3,5,2,0,1,0,0,0,0,0,784559.2878,5828208.902,13.19568574,52.52949927
1,1044201.0,Reinickendorfer Straße                                                                              ,1401045.0,2018,6,10,2,2,5,3,0,1,0,0,0,0,0,796673.5876,5831952.629,13.37709382,52.55659994
3,3051017.0,Rennbahnstraße,3501037.0,2018,6,20,4,3,5,3,1,1,0,0,0,0,0,802305.2349,5833107.578,13.46096348,52.56385479
3,3061332.0,Helmholtzplatz,3601348.0,2018,6,21,4,3,5,3,1,1,0,0,0,0,0,799870.1095,5830454.287,13.42275004,52.54141919
2,2040701.0,Andreasviertel,2400623.0,2018,6,22,4,3,0,5,2,1,0,0,0,0,0,800632.2655,5827578.53,13.43135425,52.51522314
1,1011204.0,Leipziger Straße                                                                                    ,1100207.0,2018,6,17,4,3,0,1,0,0,0,0,0,0,0,798761.079,5827028.233,13.40336749,52.5113187
6,6010205.0,Südende,6100205.0,2018,6,7,2,3,1,5,0,1,0,0,0,0,0,795527.5395,5819721.714,13.34938342,52.44758257
4,4030827.0,Karl-August-Platz,4300623.0,2018,6,17,4,3,5,3,0,1,0,0,0,0,0,792059.0423,5826244.901,13.30420679,52.50792608
6,6040703.0,Nikolassee,6400737.0,2018,6,16,4,2,5,3,0,0,0,0,0,0,0,787700.0572,5821696.615,13.23623206,52.46946427
3,3050924.0,Behaimstraße,3500935.0,2018,6,16,4,3,5,3,0,1,0,0,0,0,0,801633.2802,5831639.46,13.44974618,52.55106877
9,9051702.0,Bölschestraße,9501737.0,2018,6,17,1,3,0,1,0,0,0,0,0,0,0,814207.6412,5821775.084,13.62529306,52.45556885
3,3061227.0,Humannplatz,3601244.0,2018,6,16,4,3,5,3,0,0,0,0,1,0,0,799970.2524,5831082.817,13.42478984,52.54699777
4,4020311.0,Reichsstraße,4200309.0,2018,6,16,1,3,2,6,0,0,0,0,0,0,0,788324.3575,5827669.305,13.25056699,52.52268316
9,9051702.0,Bölschestraße,9501737.0,2018,6,15,1,3,0,4,0,0,1,0,0,0,0,814201.5814,5821195.376,13.62465881,52.45037759
6,6010102.0,Schloßstraße                                                                                        ,6100102.0,2018,6,9,1,3,1,1,0,1,0,0,0,0,0,793288.1763,5821292.513,13.31790763,52.46287025
2,2010103.0,Moritzplatz,2100105.0,2018,6,15,4,3,5,3,0,1,0,0,0,0,0,798946.7046,5825878.349,13.40506206,52.50090991
4,4051654.0,Wilhelmsaue,4501150.0,2018,6,22,1,3,0,3,2,1,0,0,0,0,0,793464.605,5823834.195,13.32273339,52.48556081
3,3040818.0,Pankow Süd                                                                                          ,3400827.0,2018,6,14,4,3,5,3,0,1,0,0,0,0,0,799479.9874,5832007.702,13.41841565,52.5555576
4,4020310.0,Park Ruhwald,4200308.0,2018,6,11,1,2,5,3,0,1,0,0,0,0,0,790353.6975,5827312.786,13.28008253,52.51841007
7,7010102.0,Nollendorfplatz,7100102.0,2018,6,14,4,3,3,2,0,1,0,0,0,0,0,795471.5659,5825556.143,13.35373062,52.49991437
8,8010404.0,Rixdorf,8100417.0,2018,6,6,5,3,0,2,0,1,0,0,0,0,0,802388.1071,5823233.417,13.45320677,52.47530724
2,2020203.0,Viktoriapark,2200209.0,2018,6,15,7,3,1,5,0,1,0,0,0,0,0,797510.1671,5824808.791,13.38300647,52.49210762
4,4030415.0,Schloßgarten,4300412.0,2018,6,15,7,3,0,7,0,1,0,0,0,0,0,790938.8675,5827405.918,13.2887637,52.51893311
2,2030301.0,Oranienplatz,2300314.0,2018,6,14,7,3,1,5,0,1,0,0,0,1,0,799941.2679,5825966.447,13.41974927,52.50115382
11,10010203.0,Gewerbegebiet Bitterfelder Straße                                                                   ,10100205.0,2018,6,15,5,3,5,2,0,1,0,0,0,0,0,806912.4535,5832617.889,13.52826787,52.5568888
4,4030623.0,Ernst-Reuter-Platz,4300622.0,2018,6,8,4,3,5,3,0,1,0,0,0,0,0,793795.5545,5826912.589,13.33030877,52.51297916
7,7020203.0,Kaiser-Wilhelm-Platz,7200409.0,2018,6,11,7,3,6,4,0,0,1,0,0,0,0,795362.0323,5824013.115,13.35075379,52.48614156
2,2030302.0,Lausitzer Platz,2300316.0,2018,6,7,4,3,2,6,0,1,0,0,0,0,0,801452.1214,5826031.261,13.44199844,52.50090224
7,7010104.0,Dennewitzplatz,7100206.0,2018,6,7,4,3,0,5,0,1,0,0,0,0,0,796124.9423,5824404.645,13.36230419,52.48923804
1,1033102.0,Gesundbrunnen,1300733.0,2018,6,7,4,3,5,2,0,1,0,0,0,0,0,797573.8538,5831890.152,13.39027792,52.55554875
3,3061227.0,Humannplatz,3601243.0,2018,6,17,5,3,5,3,0,1,0,0,0,0,0,799442.2143,5831374.455,13.41728902,52.54990233
4,4051652.0,Nikolsburger Platz,4501149.0,2018,6,19,7,3,5,5,0,1,0,0,0,0,0,793442.9618,5824024.131,13.3225828,52.48727515
9,9031001.0,Bohnsdorf,9301025.0,2018,6,10,7,3,2,2,0,0,0,0,0,1,0,809682.4075,5815221.464,13.55284177,52.39941875
2,2040703.0,Wriezener Bahnhof/Entwicklungsgebiet,2400625.0,2018,6,6,4,3,5,2,0,1,0,0,0,0,0,801753.8631,5826263.439,13.44664055,52.50281651
10,10010309.0,Springpfuhl,10100312.0,2018,6,9,7,2,5,3,0,1,0,0,0,0,0,807687.0502,5830166.632,13.5373869,52.5344838
9,9041501.0,Altstadt Kietz,9401534.0,2018,6,17,5,3,1,1,0,1,0,0,0,0,0,810807.183,5820377.396,13.57411031,52.44498746
2,2020203.0,Viktoriapark,2200209.0,2018,6,8,4,3,5,3,0,1,0,0,0,0,0,797274.0588,5824526.343,13.37928712,52.48970441
8,8010118.0,Silbersteinstraße,8100104.0,2018,6,18,3,3,5,2,0,1,0,0,0,0,0,800231.1067,5822355.008,13.42075358,52.46862357
2,2010103.0,Moritzplatz,2100104.0,2018,6,12,7,3,0,2,0,1,0,0,0,0,0,799328.0174,5826226.817,13.41097596,52.50382439
11,11030721.0,Rüdigerstraße,11300722.0,2018,6,7,3,3,5,3,0,1,0,0,0,0,0,803689.0498,5828618.626,13.47721237,52.52285184
4,4051654.0,Wilhelmsaue,4501150.0,2018,6,16,3,3,5,3,0,1,0,0,0,0,0,793696.5944,5823937.828,13.32623133,52.48636509
3,3040818.0,Pankow Süd                                                                                          ,3400828.0,2018,6,21,3,3,0,3,2,0,0,0,0,0,0,799856.5167,5832545.181,13.4244384,52.560168
1,1011305.0,Heine-Viertel West,1100312.0,2018,6,18,5,3,5,3,0,1,0,0,0,0,0,799459.9097,5827068.996,13.4136709,52.51130089
4,4030519.0,Kaiserin-Augusta-Allee,4300518.0,2018,6,13,3,3,5,3,0,1,0,0,0,0,0,792653.6184,5827970.917,13.31446051,52.52308062