district,LOR,street,LOR_2021,year,month,hour,weekday,category,accident_kind,accident_type,light_condition,car,pedestrian,motorcycle,goods_vehicle,others,road_condition,LINREFX,LINREFY,XGCSWGS84,YGCSWGS84
3,3040818.0,Pankow Süd                                                                                          ,3400826.0,2018,6,19,6,3,5,7,0,1,0,0,0,0,0,798893.8434,5832599.169,13.41032842,52.56118118
1,1011201.0,Wilhelmstraße                                                                                       ,1100205.0,2018,6,12,3,3,3,6,0,0,0,0,0,0,0,797113.5625,5826476.938,13.37867031,52.50727681
1,1011305.0,Heine-Viertel West,1100312.0,2018,6,18,6,3,1,5,0,1,0,0,0,0,0,799608.527,5826941.809,13.41573978,52.51007925
1,1011305.0,Heine-Viertel West,1100310.0,2018,6,18,6,3,1,5,0,1,0,0,0,1,0,799718.0909,5827388.275,13.41775144,52.51402094
1,1011306.0,Heine-Viertel Ost,1100313.0,2018,6,18,5,3,2,2,0,1,0,0,0,0,0,800471.3846,5826679.587,13.42817898,52.5072543
2,2020204.0,Urbanstraße,2200210.0,2018,6,14,3,2,5,3,0,1,0,0,0,0,0,798637.9423,5825135.338,13.39986077,52.49441886
4,4030725.0,Amtsgerichtsplatz,4300416.0,2018,6,15,6,3,5,2,0,1,0,0,0,0,0,791438.9948,5826068.404,13.29494227,52.50667539
6,6030502.0,Zehlendorf Süd                                                                                      ,6300525.0,2018,6,14,3,3,5,3,0,1,0,0,0,0,0,790333.0851,5814657.681,13.26877159,52.4049652
6,6020303.0,Lankwitz Kirche                                                                                     ,6200313.0,2018,6,5,6,3,0,6,0,1,0,0,0,0,0,795693.9183,5818961.676,13.3511518,52.44067937
11,11030721.0,Rüdigerstraße,11300723.0,2018,6,15,3,3,2,6,0,0,0,0,0,1,0,805209.7302,5828478.677,13.49942803,52.52074852
9,9010202.0,Köpenicker Landstraße,9100203.0,2018,6,18,5,3,5,2,0,1,0,0,0,0,0,803965.0174,5823457.065,13.47655664,52.47643649
1,1033102.0,Gesundbrunnen,1300733.0,2018,6,23,3,3,5,3,2,1,0,0,0,0,0,797372.0461,5831185.497,13.38667889,52.54934263
5,5040936.0,Jägerallee,5400943.0,2018,6,20,3,2,5,3,2,0,0,0,0,0,0,780845.5593,5819395.574,13.13365589,52.45239844
3,3071536.0,Teutoburger Platz,3701554.0,2018,6,13,6,3,3,6,0,0,0,1,0,0,0,798728.4164,5830231.276,13.40576504,52.54004732
1,1011302.0,Oranienburger Straße                                                                                ,1100309.0,2018,6,19,3,3,5,3,0,1,0,0,0,0,0,798587.683,5828885.823,13.40248741,52.52806438
1,1011402.0,Arkonaplatz,1100416.0,2018,6,18,3,3,1,5,0,1,0,0,0,0,0,798564.9391,5829233.439,13.40246532,52.53119272
1,1011302.0,Oranienburger Straße                                                                                ,1100309.0,2018,6,19,6,3,5,2,0,1,0,0,0,0,1,798319.4626,5828704.613,13.39838276,52.52658691
3,3040614.0,Pankow Zentrum                                                                                      ,3400723.0,2018,6,19,6,3,0,1,1,0,0,0,0,0,1,798912.6235,5833273.412,13.41121208,52.56721441
2,2010102.0,Mehringplatz,2100102.0,2018,6,18,3,3,5,3,0,1,0,0,0,0,0,798187.9474,5826507.771,13.39448102,52.50696703
3,3061131.0,Falkplatz,3601142.0,2018,6,19,6,3,6,4,0,0,1,0,0,0,1,798942.3825,5830383.967,13.40904793,52.54129864
1,1011102.0,Großer Tiergarten,1100102.0,2018,6,17,3,3,5,3,0,1,0,0,0,0,0,794309.381,5827013.335,13.33794769,52.51360528
1,1011301.0,Charitéviertel,1100308.0,2018,6,18,6,3,1,5,0,1,0,0,0,1,0,797397.6671,5828916.124,13.38502444,52.52898648
3,3030716.0,Märchenland,3300517.0,2018,6,18,6,3,0,1,0,0,0,0,0,0,0,802728.618,5833541.927,13.46758683,52.56751252
2,2020204.0,Urbanstraße,2200210.0,2018,6,17,6,3,0,1,0,0,0,0,0,0,0,798442.8804,5824926.884,13.39680937,52.49265704
2,2010103.0,Moritzplatz,2100104.0,2018,6,17,3,3,0,5,0,1,0,0,0,1,0,799182.0612,5826006.65,13.40863422,52.50193096
2,2040701.0,Andreasviertel,2400623.0,2018,6,17,3,3,2,6,0,1,0,0,0,0,0,800518.9425,5827051.282,13.42921316,52.51055972
7,7050501.0,Rathausstraße                                                                                       ,7501030.0,2018,6,18,6,2,0,1,0,0,0,0,0,0,0,797790.0227,5819618.927,13.38248419,52.44543359
2,2010102.0,Mehringplatz,2100102.0,2018,6,16,3,3,5,3,0,1,0,0,0,0,0,798309.5938,5825630.401,13.39548201,52.49903603
3,3071638.0,Winsstraße,3701659.0,2018,6,10,6,3,5,7,0,0,0,0,0,1,0,800089.7991,5829439.14,13.42506303,52.53219917
12,12301203.0,Wittenau Süd                                                                                        ,12500926.0,2018,6,16,3,3,5,2,0,1,0,0,0,0,0,793008.7553,5835695.422,13.32649924,52.59213624
8,8010405.0,Hertzbergplatz,8100418.0,2018,6,14,6,3,5,2,0,1,0,0,0,0,0,802256.364,5823847.347,13.45182944,52.48088286
1,1011301.0,Charitéviertel,1100308.0,2018,6,13,6,3,1,5,0,1,0,0,0,1,0,797190.7991,5829156.731,13.38219903,52.53125606
2,2020202.0,Rathaus Yorckstraße,2200208.0,2018,6,12,3,3,3,6,0,1,0,0,0,0,0,797596.7092,5825403.626,13.38480875,52.49739247
11,11030618.0,Fennpfuhl West,11300618.0,2018,6,13,2,3,1,5,0,1,0,0,0,0,0,802880.1512,5828920.681,13.46560148,52.52600903
1,1011401.0,Invalidenstraße                                                                                     ,1100415.0,2018,6,11,2,3,6,4,0,0,1,0,0,0,0,797385.8126,5829152.918,13.38506202,52.53111552
4,4051654.0,Wilhelmsaue,4501150.0,2018,6,10,2,3,2,3,0,1,0,0,0,0,0,794007.6018,5823813.336,13.33068854,52.48508169
12,12231102.0,Frohnau,12400720.0,2018,6,16,5,2,5,3,0,1,0,0,0,0,0,789633.616,5840165.554,13.28072846,52.63401856
11,11020514.0,Große-Leege-Straße,11200513.0,2018,6,17,5,3,0,5,0,1,0,0,0,0,0,804346.0856,5830820.056,13.48888219,52.54221595
3,3061227.0,Humannplatz,3601244.0,2018,6,7,2,3,5,3,0,1,0,0,0,0,0,800108.0108,5831704.894,13.4273775,52.55249775
6,6010206.0,Stadtpark,6100206.0,2018,6,7,2,3,6,4,0,0,1,0,0,0,0,794508.3515,5820003.461,13.33467877,52.45065826
3,3040614.0,Pankow Zentrum                                                                                      ,3400722.0,2018,6,8,2,3,4,1,0,1,0,0,0,0,1,798407.7018,5834205.172,13.40462304,52.57584326
12,12302212.0,Rollbergesiedlung,12601032.0,2018,6,21,5,3,5,3,0,1,0,0,0,0,0,793436.4013,5837710.772,13.33458047,52.6099719
1,1011401.0,Invalidenstraße                                                                                     ,1100415.0,2018,6,13,6,3,0,1,0,0,0,0,0,0,0,798269.3976,5829365.126,13.39823956,52.53253492
7,7030303.0,Grazer Platz,7300619.0,2018,6,20,5,3,5,2,0,0,0,1,0,0,0,795892.9366,5820835.542,13.35573108,52.4573696
1,1011201.0,Wilhelmstraße                                                                                       ,1100205.0,2018,6,9,2,3,5,3,0,1,0,0,0,0,0,797034.3639,5826595.277,13.37761243,52.50838071
2,2020204.0,Urbanstraße,2200210.0,2018,6,19,5,3,0,7,0,0,0,0,0,0,0,798370.9216,5825285.521,13.39607383,52.4959111
8,8010117.0,Schillerpromenade,8100103.0,2018,6,10,2,2,5,2,0,1,0,0,0,0,0,800657.6758,5823023.7,13.42761691,52.47438273
1,1022206.0,Lüneburger Straße                                                                                   ,1200628.0,2018,6,19,5,2,5,2,0,1,0,0,0,0,0,795459.0324,5827755.417,13.35549879,52.51963589
3,3030405.0,Karow Nord                                                                                          ,3300411.0,2018,6,9,2,3,0,1,0,0,0,0,0,0,0,803961.0091,5839728.825,13.49139173,52.62227559
4,4030726.0,Droysenstraße,4500936.0,2018,6,14,6,3,0,5,0,1,0,0,0,0,0,792058.6928,5825826.473,13.30383457,52.50417514
2,2050803.0,Stralauer Kiez,2500835.0,2018,6,18,5,3,5,2,0,1,0,0,0,0,0,803027.0266,5825730.507,13.46485521,52.49733437
10,10010204.0,Wuhletalstraße                                                                                      ,10100206.0,2018,6,18,2,3,5,3,0,0,0,0,0,1,0,809136.4122,5833074.857,13.56139373,52.55972619
11,11030618.0,Fennpfuhl West,11300617.0,2018,6,18,5,3,5,3,0,1,0,0,0,0,0,802943.6719,5829203.248,13.46679236,52.52850634
1,1033203.0,Humboldthain Nordwest                                                                               ,1300836.0,2018,6,13,1,3,1,5,0,1,0,0,0,0,0,796349.5103,5830756.627,13.37126007,52.5460555
2,2030301.0,Oranienplatz,2300314.0,2018,6,17,1,3,6,2,0,0,1,0,0,0,1,800126.8537,5825897.756,13.4224132,52.50043608
1,1033202.0,Humboldthain Süd,1300835.0,2018,6,18,5,3,5,3,0,1,0,0,0,0,0,797795.9953,5830051.945,13.39189657,52.53895022
9,9051702.0,Bölschestraße,9501737.0,2018,6,18,1,3,0,2,0,1,0,0,0,0,1,814250.3155,5821230.683,13.62540679,52.45066597
12,12103218.0,Teichstraße,12100205.0,2018,6,23,1,3,5,2,2,0,0,0,0,1,0,794846.4377,5833744.714,13.35181369,52.57365678
2,2010104.0,Wassertorplatz,2100106.0,2018,6,17,5,3,3,6,0,1,0,0,0,0,0,799805.9123,5825701.407,13.41752261,52.49885253
4,4051655.0,Babelsberger Straße,4501153.0,2018,6,17,5,3,5,3,0,1,0,0,0,0,0,794030.6402,5824017.587,13.33120702,52.48690029
4,4030931.0,Breitscheidplatz,4501042.0,2018,6,17,5,3,5,2,0,1,0,0,0,0,0,793923.7658,5825535.155,13.33097647,52.5005621
1,1011302.0,Oranienburger Straße                                                                                ,1100309.0,2018,6,16,5,3,0,7,0,0,0,0,0,0,0,798941.7332,5828388.398,13.40724371,52.52341165
1,1011301.0,Charitéviertel,1100308.0,2018,6,15,5,3,0,1,0,0,0,0,0,0,0,797102.309,5828020.781,13.37988341,52.52112179
1,1011303.0,Alexanderplatzviertel,1100310.0,2018,6,16,1,3,1,5,0,1,0,0,0,0,1,798985.8618,5828552.194,13.40803946,52.52485566
12,12214126.0,Tegel Süd                                                                                           ,12200413.0,2018,6,19,6,2,8,1,0,0,0,0,0,0,0,789673.9341,5833891.878,13.27583142,52.57775385
12,12214125.0,Waldidyll/Flughafensee,12200412.0,2018,6,14,1,3,5,2,0,0,0,0,0,1,1,791125.2494,5833981.718,13.2972676,52.57778475
1,1033201.0,Brunnenstraße                                                                                       ,1300834.0,2018,6,15,5,3,5,2,0,1,0,0,0,0,0,798437.1716,5830185.013,13.40144187,52.53979223
11,11020513.0,Orankesee,11200512.0,2018,6,15,5,3,0,5,0,1,0,0,0,0,0,803355.3807,5831359.772,13.47481143,52.54760571
7,7040403.0,Manteuffelstraße                                                                                    ,7400824.0,2018,6,14,5,3,0,2,0,1,0,0,0,0,0,797851.0529,5821927.659,13.38543895,52.46609565
3,3061131.0,Falkplatz,3601142.0,2018,6,13,1,3,5,3,0,1,0,0,0,0,0,798871.2885,5830456.561,13.40806806,52.54198833
1,1011401.0,Invalidenstraße                                                                                     ,1100415.0,2018,6,8,6,3,1,5,0,1,0,0,0,0,0,797622.3922,5829327.937,13.38869606,52.53255523
9,9020601.0,Schnellerstraße                                                                                     ,9200613.0,2018,6,7,5,3,5,3,0,0,0,0,0,1,0,805795.1735,5821842.911,13.50194028,52.46094812
2,2010103.0,Moritzplatz,2100105.0,2018,6,10,6,3,2,2,0,1,0,0,0,0,0,799144.0102,5825793.934,13.40788424,52.50004513
1,1044103.0,Westliche Müllerstraße                                                                              ,1400942.0,2018,6,7,5,3,3,6,0,1,0,0,0,0,0,794646.1473,5830497.591,13.34598387,52.54465735
6,6040703.0,Nikolassee,6400737.0,2018,6,11,1,2,5,3,0,1,0,0,0,0,0,787700.4262,5821696.522,13.2362374,52.46946325
3,3061131.0,Falkplatz,3601142.0,2018,6,7,5,3,5,2,0,1,0,0,0,0,0,799175.4399,5831110.204,13.41312827,52.54768031
2,2040702.0,Weberwiese,2400624.0,2018,6,8,5,3,1,5,0,1,0,0,0,0,0,801723.6395,5827424.2,13.44724873,52.51323723
4,4061757.0,Forst Grunewald,4200207.0,2018,6,10,1,3,6,4,0,0,1,0,0,0,0,789214.4177,5824012.673,13.26047242,52.48942897
2,2030301.0,Oranienplatz,2300314.0,2018,6,9,5,3,6,4,0,0,1,0,0,0,0,799857.7914,5825838.471,13.41840796,52.50005259
6,6040805.0,Fischerhüttenstraße                                                                                 ,6400839.0,2018,6,9,1,3,0,3,0,1,0,0,0,0,0,788361.271,5817772.457,13.24255085,52.43393326
12,12214125.0,Waldidyll/Flughafensee,12200414.0,2018,6,21,6,3,5,3,1,1,0,0,0,0,0,791249.903,5830915.159,13.29640998,52.55022698
7,7040404.0,Marienhöhe,7400826.0,2018,6,11,5,3,5,2,0,1,0,0,0,0,0,796517.8948,5819858.047,13.36403401,52.44826847
7,7040403.0,Manteuffelstraße                                                                                    ,7400825.0,2018,6,11,5,3,1,5,0,1,0,0,0,0,0,797443.9456,5820553.254,13.37823925,52.45399729
4,4020314.0,Messegelände,4200311.0,2018,6,12,1,2,0,1,0,0,0,0,0,0,0,790029.6234,5825225.984,13.27350147,52.49987404
1,1011203.0,Unter den Linden Süd,1100206.0,2018,6,13,5,3,5,3,0,1,0,0,0,0,0,797598.8897,5827222.181,13.38646635,52.51369251
2,2030301.0,Oranienplatz,2300314.0,2018,6,18,1,3,0,1,0,0,0,0,0,0,0,799944.6837,5825744.453,13.41959951,52.49916212
2,2020206.0,Graefekiez,2200213.0,2018,6,17,7,3,5,3,0,0,0,1,0,0,0,799550.9607,5824899.111,13.41305669,52.49180114
3,3020307.0,Buchholz,3200309.0,2018,6,9,5,2,5,3,0,1,0,0,0,0,0,800148.7485,5837865.626,13.43355503,52.60769504
4,4020204.0,Olympiagelände,4200203.0,2018,6,9,7,3,5,2,0,1,0,0,0,0,0,788295.9043,5826859.937,13.24944732,52.51544188
1,1011302.0,Oranienburger Straße                                                                                ,1100309.0,2018,6,19,2,3,5,3,0,1,0,0,0,0,0,797943.8533,5828778.483,13.39292872,52.52745447
12,12224230.0,Heiligensee,12400618.0,2018,6,12,6,3,0,5,0,0,0,0,0,1,0,785958.128,5839267.64,13.22579026,52.62791618
6,6010209.0,Feuerbachstraße                                                                                     ,6100209.0,2018,6,3,7,3,6,7,2,0,1,0,0,0,0,794707.5659,5821542.401,13.3389602,52.46434669
1,2040701.0,Andreasviertel,2400623.0,2018,6,20,7,3,5,3,0,1,0,0,0,0,0,800174.3314,5827350.516,13.42442045,52.5134316
10,10010308.0,Marzahner Chaussee,10100311.0,2018,6,14,6,3,5,2,0,1,0,0,0,0,0,806350.6695,5830182.182,13.51776068,52.53537593
10,10040932.0,Alt-Mahlsdorf,10400939.0,2018,6,11,5,3,0,1,0,0,0,0,0,0,0,813031.58,5827677.764,13.61358382,52.5091381
9,9020502.0,Oberschöneweide Ost,9200512.0,2018,6,13,5,3,0,1,0,0,0,0,0,0,0,808115.5965,5821899.213,13.53603787,52.46014941
1,1011201.0,Wilhelmstraße                                                                                       ,1100205.0,2018,6,8,6,2,0,2,0,1,0,0,0,0,0,796964.3005,5827041.735,13.37698147,52.51242088
1,1033203.0,Humboldthain Nordwest                                                                               ,1300836.0,2018,6,9,4,3,3,6,0,0,0,0,1,0,0,796450.5737,5829960.476,13.37203561,52.53886388
4,4010102.0,Plötzensee,4100101.0,2018,6,19,4,3,5,2,0,0,0,1,0,0,0,793357.274,5829666.251,13.32629815,52.53790034
7,7040401.0,Neu-Tempelhof,7400721.0,2018,6,18,2,3,5,2,0,1,0,0,0,0,0,797755.2275,5822532.624,13.38457243,52.47157073
4,4051654.0,Wilhelmsaue,4501150.0,2018,6,14,7,3,1,5,0,0,0,0,0,1,0,793690.9414,5823956.609,13.32616487,52.4865365
4,4030519.0,Kaiserin-Augusta-Allee,4300518.0,2018,6,18,2,3,5,2,0,1,0,0,0,0,0,792061.5819,5828220.707,13.30597857,52.52563738
4,4051551.0,Brabanter Platz,4501148.0,2018,6,14,4,3,5,3,0,1,0,0,0,0,0,792928.6764,5823070.949,13.31419285,52.47900632
2,2050801.0,Traveplatz,2500831.0,2018,6,14,4,3,5,3,0,1,0,0,0,0,0,802812.6141,5827292.221,13.46312674,52.51145087
3,3040614.0,Pankow Zentrum                                                                                      ,3400725.0,2018,6,13,7,3,5,3,0,1,0,0,0,0,0,799690.392,5835448.036,13.42461859,52.58627855
8,8010212.0,Rollberg,8100207.0,2018,6,12,7,3,0,3,0,0,0,0,0,1,0,800712.8657,5823415.378,13.42878018,52.47786311
3,3040614.0,Pankow Zentrum                                                                                      ,3400721.0,2018,6,13,4,3,0,5,0,1,0,0,0,0,0,797809.666,5832987.97,13.39473106,52.5652603
11,11041128.0,Sewanstraße,11401137.0,2018,6,10,7,3,5,3,0,1,0,0,0,0,0,806984.7065,5825775.311,13.52301355,52.49552428
1,1011402.0,Arkonaplatz,1100416.0,2018,6,13,7,3,5,2,0,1,0,0,0,0,0,798676.818,5829457.174,13.40431076,52.5331369
1,1033102.0,Gesundbrunnen,1300733.0,2018,6,10,4,3,1,5,0,1,0,0,0,0,0,797088.4987,5831426.684,13.38272525,52.55165929
2,2030302.0,Lausitzer Platz,2300315.0,2018,6,3,7,2,0,1,1,0,0,0,0,0,0,800673.884,5825810.583,13.43036891,52.4993536
9,9010201.0,Am Treptower Park Süd,9100202.0,2018,6,9,4,3,9,1,0,0,0,0,0,0,0,803157.6487,5824073.722,13.46526626,52.48241225
4,4020209.0,Eichkamp,4200207.0,2018,6,17,6,3,5,3,0,1,0,0,0,0,0,789215.8558,5824419.914,13.26084703,52.49307926
1,1011103.0,Lützowstraße                                                                                        ,1100103.0,2018,6,14,6,3,5,3,0,1,0,0,0,0,0,795334.6613,5826147.03,13.35224376,52.50528534
7,7070704.0,Nahariyastraße                                                                                      ,7601545.0,2018,6,18,6,3,0,2,0,1,0,0,0,0,0,800300.9359,5813542.967,13.41386571,52.38959789
6,6030609.0,Augustaplatz,6300633.0,2018,6,8,6,3,0,7,0,0,0,0,0,0,0,792979.8654,5817846.727,13.31036044,52.43214486
7,7040401.0,Neu-Tempelhof,7400721.0,2018,6,12,6,3,5,3,0,1,0,0,0,0,0,797836.2656,5822536.387,13.38576531,52.47156029
7,7030303.0,Grazer Platz,7300619.0,2018,6,18,6,3,5,7,0,1,0,0,0,0,0,795350.1708,5821428.105,13.34829052,52.46297513
4,4041134.0,Bismarckallee,4400726.0,2018,6,17,6,3,3,6,0,1,0,0,0,0,0,790850.3947,5823670.667,13.28420084,52.48549369
6,6030605.0,Botanischer Garten,6300629.0,2018,6,16,6,3,0,2,0,1,0,0,0,0,0,791864.063,5819147.303,13.29513047,52.44440102
5,5020417.0,Staakener Straße                                                                                    ,5200420.0,2018,6,7,4,1,5,2,0,0,0,0,1,0,0,783581.2157,5828668.533,13.1816985,52.53413012
1,1033102.0,Gesundbrunnen,1300733.0,2018,6,18,2,2,1,5,0,1,0,0,0,0,0,797093.3735,5831442.386,13.38281098,52.55179738
4,4051655.0,Babelsberger Straße,4501153.0,2018,6,15,3,3,1,5,0,1,0,0,0,0,0,794179.3156,5823791.484,13.33319071,52.48479331
2,2040701.0,Andreasviertel,2400623.0,2018,6,20,6,3,1,5,1,1,0,0,0,0,0,800655.9337,5827462.651,13.43159729,52.51417144
1,1022106.0,Elberfelder Straße                                                                                  ,1200522.0,2018,6,15,3,3,5,2,0,1,0,0,0,0,0,793697.715,5828017.175,13.32984633,52.5229339
8,8010404.0,Rixdorf,8100417.0,2018,6,16,6,3,5,2,0,1,0,0,0,0,0,802343.7243,5822760.013,13.45212621,52.47108865
6,6010101.0,Fichtenberg,6100101.0,2018,6,16,6,3,6,4,0,0,1,0,0,0,0,793287.4989,5820470.175,13.31717522,52.45549859
7,7010102.0,Nollendorfplatz,7100102.0,2018,6,20,6,3,1,5,0,1,0,0,0,0,0,795184.2527,5825342.326,13.34932086,52.49815315
1,1022201.0,Stephankiez,1200623.0,2018,6,17,2,3,3,6,0,1,0,0,0,0,0,795388.4891,5829492.551,13.35600541,52.53524607
1,1011402.0,Arkonaplatz,1100416.0,2018,6,21,6,3,5,3,0,1,0,0,0,0,0,798729.8663,5829565.338,13.40518771,52.53407736
11,11020514.0,Große-Leege-Straße,11200513.0,2018,6,16,2,3,5,2,0,1,0,0,0,0,0,804372.3614,5830844.854,13.48929116,52.54242353
4,4041137.0,Flinsberger Platz,4400727.0,2018,6,15,6,2,5,3,0,1,0,0,0,0,0,790951.5568,5823031.413,13.28512851,52.47970884
2,2030301.0,Oranienplatz,2300314.0,2018,6,13,3,3,0,5,0,1,0,0,0,0,0,799844.2164,5825802.285,13.418176,52.4997357
1,1011401.0,Invalidenstraße                                                                                     ,1100415.0,2018,6,15,6,3,0,6,0,0,0,0,0,1,0,798215.3263,5829357.078,13.39743756,52.53249237
9,9041501.0,Altstadt Kietz,9401534.0,2018,6,13,6,3,5,3,0,1,0,0,0,0,0,810883.6217,5820660.769,13.57549502,52.44748348
1,1033102.0,Gesundbrunnen,1300733.0,2018,6,14,6,3,1,5,0,1,0,0,0,0,0,797048.8428,5831564.778,13.38226564,52.55291877
4,4030623.0,Ernst-Reuter-Platz,4300622.0,2018,6,16,2,3,8,1,0,0,0,0,0,0,0,793527.831,5826085.028,13.32564517,52.50570459
4,4030929.0,Hindemithplatz,4501040.0,2018,6,16,3,3,5,5,0,1,0,0,0,0,0,792711.1123,5825612.928,13.31323146,52.50191115
7,7040405.0,Rathaus Tempelhof,7400927.0,2018,6,15,6,2,3,6,0,0,0,1,0,0,0,798109.966,5821903.181,13.38921707,52.46573503
1,1033202.0,Humboldthain Süd,1300835.0,2018,6,16,2,3,5,2,0,1,0,0,0,0,0,797704.2115,5829652.901,13.39018978,52.53542344
6,6040703.0,Nikolassee,6400737.0,2018,6,17,3,3,5,2,0,1,0,0,0,0,0,784496.1589,5817237.853,13.18539586,52.43116391
9,9010301.0,Baumschulenstraße,9100305.0,2018,6,17,3,3,5,2,0,0,0,0,1,0,0,805008.8506,5822691.438,13.49117814,52.46899258
10,10030725.0,Buckower Ring,10300732.0,2018,6,17,3,3,5,3,0,1,0,0,0,0,0,810131.21,5829594.425,13.57277227,52.5279708
1,1033203.0,Humboldthain Nordwest                                                                               ,1300836.0,2018,6,18,3,2,5,3,0,1,0,0,0,0,0,796938.7441,5830135.083,13.37936833,52.54016324
4,4030726.0,Droysenstraße,4500936.0,2018,6,12,3,3,5,2,0,0,0,0,0,1,0,792288.7741,5825378.206,13.30682121,52.50003331
6,6020408.0,Lichterfelde Süd                                                                                    ,6200420.0,2018,6,15,6,3,0,3,0,0,0,0,0,1,0,792714.4653,5816242.783,13.30506423,52.41790772
9,9030901.0,Dorf Altglienicke,9300920.0,2018,6,11,3,3,1,7,0,1,0,0,0,0,0,808735.8384,5817572.204,13.54114078,52.42102068
2,2020204.0,Urbanstraße,2200210.0,2018,6,11,3,2,3,6,0,1,0,0,0,0,0,798411.8868,5825281.277,13.39667166,52.49585066
3,3061430.0,Volkspark Prenzlauer Berg,3601450.0,2018,6,14,2,3,5,2,0,1,0,0,0,0,0,802328.8842,5829223.813,13.45777609,52.52903194
1,1011303.0,Alexanderplatzviertel,1100310.0,2018,6,7,6,3,3,6,0,0,0,0,0,0,0,799123.635,5828465.621,13.40998628,52.52400409
4,4030827.0,Karl-August-Platz,4300623.0,2018,6,13,6,3,5,2,0,1,0,0,0,0,0,792737.3592,5826592.507,13.31447841,52.51067869
1,1044203.0,Leopoldplatz,1401049.0,2018,6,12,6,3,5,3,0,1,0,0,0,0,0,795931.9602,5831408.203,13.36570117,52.55212321
12,12214424.0,Scharnweberstraße                                                                                   ,12200309.0,2018,6,12,6,3,5,7,0,0,0,0,0,0,0,793341.5653,5832787.59,13.32882496,52.5658899
12,12224229.0,Konradshöhe/Tegelort,12400616.0,2018,6,7,3,2,1,5,0,1,0,0,0,0,0,786653.9295,5833207.4,13.23079465,52.57321642
12,12302107.0,Schorfheidestraße                                                                                   ,12601236.0,2018,6,8,3,3,1,5,0,1,0,0,0,0,0,795008.6281,5836100.322,13.35629705,52.59468475
1,1022204.0,Thomasiusstraße                                                                                     ,1200626.0,2018,6,12,6,2,5,2,0,1,0,0,0,0,0,794549.7433,5828212.47,13.3425412,52.52422498
7,7040404.0,Marienhöhe,7400826.0,2018,6,11,6,3,5,2,0,1,0,0,0,0,0,797372.26,5820506.774,13.37714602,52.45361964