district,LOR,street,LOR_2021,year,month,hour,weekday,category,accident_kind,accident_type,light_condition,car,pedestrian,motorcycle,goods_vehicle,others,road_condition,LINREFX,LINREFY,XGCSWGS84,YGCSWGS84
7,7040401.0,Neu-Tempelhof,7400721.0,2018,6,10,6,3,5,3,0,1,0,0,0,0,0,797387.713,5822614.662,13.37925094,52.47250631
8,8030831.0,Gropiusstadt Ost,8301036.0,2018,6,7,3,3,5,3,0,1,0,0,0,0,0,803326.9419,5817312.471,13.46161099,52.42171742
10,10010203.0,Gewerbegebiet Bitterfelder Straße                                                                   ,10100205.0,2018,6,6,3,3,0,2,0,1,0,0,0,0,0,806962.4877,5832574.556,13.52896351,52.55647225
1,1033203.0,Humboldthain Nordwest                                                                               ,1300836.0,2018,6,9,6,3,5,2,0,1,0,0,0,0,0,796537.2475,5829873.192,13.37323193,52.53803431
1,1011105.0,Nördlicher Landwehrkanal                                                                            ,1100102.0,2018,6,6,3,3,5,2,0,1,0,0,0,0,0,796583.0934,5826874.714,13.37123177,52.51113111
9,9020702.0,Adlershof Ost,9200716.0,2018,6,6,3,2,8,1,0,0,0,0,0,0,0,808813.9827,5819289.696,13.5438721,52.43636881
6,6030503.0,Zehlendorf Mitte                                                                                    ,6300527.0,2018,6,9,6,3,5,2,0,0,0,0,1,0,0,790017.8903,5817505.302,13.26661917,52.43066228
11,11051332.0,Karlshorst Süd,11501341.0,2018,6,18,3,1,5,2,0,0,0,0,0,1,0,805667.6788,5824354.684,13.5023711,52.48353116
6,6030504.0,Teltower Damm,6300528.0,2018,6,16,2,3,5,2,0,1,0,0,0,0,0,790040.4878,5815963.628,13.26561393,52.41682862
11,11041128.0,Sewanstraße,11401136.0,2018,6,7,6,2,0,6,0,0,0,0,0,1,0,806017.14,5826447.234,13.50942311,52.50208961
2,2020204.0,Urbanstraße,2200210.0,2018,6,18,2,3,5,2,0,0,0,0,1,0,0,798287.6396,5824774.458,13.39439314,52.49137558
12,12214422.0,Klixstraße                                                                                          ,12200310.0,2018,6,8,2,3,5,2,0,1,0,0,0,0,0,792185.2419,5832955.314,13.31196154,52.56801533
2,2040701.0,Andreasviertel,2400623.0,2018,6,12,6,3,2,7,0,1,0,0,0,0,0,801051.8226,5827067.304,13.43705597,52.51040951
4,4030622.0,Richard-Wagner-Straße,4300621.0,2018,6,7,6,3,5,2,0,1,0,0,0,0,0,792749.113,5826773.332,13.31481017,52.51229342
3,3030715.0,Heinersdorf,3300516.0,2018,6,7,6,3,5,2,0,1,0,0,0,0,0,801176.8707,5833193.357,13.44444522,52.56524897
4,4030931.0,Breitscheidplatz,4501042.0,2018,6,6,6,2,5,2,0,1,0,0,0,0,0,793976.9763,5826178.331,13.33232596,52.50629918
1,1022204.0,Thomasiusstraße                                                                                     ,1200626.0,2018,6,23,5,3,2,7,2,0,0,0,0,0,0,794532.6392,5828104.084,13.34219383,52.52326261
1,1011301.0,Charitéviertel,1100308.0,2018,6,18,5,3,5,3,0,1,0,0,0,0,0,796679.2277,5828759.029,13.37432471,52.52796976
5,5020419.0,Magistratsweg,5200423.0,2018,6,20,2,3,1,5,0,1,0,0,0,0,0,781375.3723,5828385.617,13.1490246,52.53273666
11,11051330.0,Karlshorst West,11501339.0,2018,6,8,5,3,3,6,0,0,0,0,0,0,0,806367.5215,5824930.132,13.51317373,52.48829631
5,5010314.0,Carl-Schurz-Straße                                                                                  ,5100316.0,2018,6,16,3,3,6,7,0,0,1,0,0,0,0,785189.4096,5829103.709,13.2057172,52.53719272
4,4041343.0,Binger Straße,4400834.0,2018,6,12,6,3,5,5,0,0,0,0,0,1,1,792726.794,5823130.04,13.31128059,52.47964431
4,4030931.0,Breitscheidplatz,4501042.0,2018,6,16,3,3,3,6,0,1,0,0,0,0,0,794432.8883,5825864.425,13.33874619,52.50323935
6,6040807.0,Zehlendorf Eiche                                                                                    ,6400841.0,2018,6,16,3,3,5,3,0,1,0,0,0,0,0,789823.6883,5818650.967,13.26476404,52.44103652
8,8010301.0,Reuterkiez,8100310.0,2018,6,16,3,3,4,6,0,1,0,0,0,0,0,800437.7252,5825127.053,13.42628396,52.49335693
4,4051549.0,Rathaus Wilmersdorf,4501146.0,2018,6,16,3,3,5,2,0,1,0,0,0,0,0,793297.2433,5823599.755,13.32006948,52.48354907
6,6030504.0,Teltower Damm,6300528.0,2018,6,8,6,3,5,2,0,1,0,0,0,0,0,790850.2534,5817574.518,13.27888772,52.43084091
1,1022106.0,Elberfelder Straße                                                                                  ,1200522.0,2018,6,8,6,3,5,2,0,1,0,0,0,0,0,794219.9005,5828302.539,13.33777317,52.52521048
3,3061435.0,Conrad-Blenkle-Straße,3601452.0,2018,6,17,3,3,3,7,0,0,0,0,0,0,0,802077.35,5829108.647,13.45397482,52.52813915
2,2040701.0,Andreasviertel,2400623.0,2018,6,12,1,3,5,3,0,1,0,0,0,0,1,801242.5117,5827686.697,13.44041796,52.51585596
1,1011302.0,Oranienburger Straße                                                                                ,1100309.0,2018,6,17,7,3,5,3,0,0,0,0,0,1,0,797992.7361,5828907.815,13.39376307,52.52858704
10,10010309.0,Springpfuhl,10100312.0,2018,6,17,3,3,5,2,0,1,0,0,0,0,0,808461.0301,5829283.092,13.54794181,52.52612823
3,3050924.0,Behaimstraße,3500935.0,2018,6,21,6,3,1,5,0,1,0,0,0,0,0,801820.6837,5831563.389,13.45243258,52.55028314
2,2020206.0,Graefekiez,2200213.0,2018,6,13,3,3,2,6,0,1,0,0,0,0,0,800152.7958,5825092.399,13.42206853,52.49320307
9,9041501.0,Altstadt Kietz,9401534.0,2018,6,18,6,3,5,3,0,1,0,0,0,0,0,810883.6856,5820660.769,13.57549596,52.44748345
1,1011302.0,Oranienburger Straße                                                                                ,1100309.0,2018,6,12,3,3,5,3,0,0,0,0,0,0,0,798558.4409,5828379.692,13.40160322,52.52354363
2,2030301.0,Oranienplatz,2300417.0,2018,6,18,6,3,5,2,0,1,0,0,0,0,0,800078.585,5825636.823,13.42146916,52.49812377
1,1022104.0,Emdener Straße                                                                                      ,1200520.0,2018,6,16,6,2,6,4,0,0,1,0,0,0,0,794561.3006,5828751.411,13.34318848,52.52904997
2,2010102.0,Mehringplatz,2100102.0,2018,6,11,3,3,5,3,0,1,0,0,0,0,0,798334.3846,5825630.75,13.39584643,52.49902561
2,2030402.0,Wrangelkiez,2300419.0,2018,6,11,3,3,1,5,0,1,0,0,0,0,0,801558.0743,5825966.821,13.44349624,52.50026612
3,3061131.0,Falkplatz,3601142.0,2018,6,1,6,3,9,1,2,0,0,0,0,0,0,798597.5839,5830271.207,13.40387755,52.54047695
5,5020521.0,Döberitzer Weg,5200524.0,2018,6,7,6,3,0,1,0,0,0,0,0,0,0,780790.4245,5827988.346,13.14008816,52.52947614
6,6010103.0,Markelstraße                                                                                        ,6100103.0,2018,6,10,3,3,5,5,0,1,0,0,0,0,0,793901.4417,5820976.963,13.3266306,52.45971197
7,7020203.0,Kaiser-Wilhelm-Platz,7200409.0,2018,6,9,3,3,1,5,0,1,0,0,0,0,0,795770.0598,5824291.634,13.35699244,52.48841738
1,1011204.0,Leipziger Straße                                                                                    ,1100207.0,2018,6,8,3,3,0,5,0,1,0,0,0,1,0,798756.0927,5826895.592,13.40317517,52.51013249
4,4041134.0,Bismarckallee,4400726.0,2018,6,8,3,3,5,3,0,1,0,0,0,0,0,790855.5935,5823646.646,13.28425623,52.48527557
7,7020202.0,Volkspark (Rudolf-Wilde-Park),7200308.0,2018,6,14,6,3,1,5,0,1,0,0,0,0,0,794712.8627,5823868.665,13.34109349,52.48519745
3,3071537.0,Kollwitzplatz,3701555.0,2018,6,8,3,3,5,3,0,1,0,0,0,0,0,799595.4127,5829903.551,13.4182151,52.53663383
7,7030301.0,Friedenau,7300516.0,2018,6,13,6,3,1,5,0,1,0,0,0,0,1,794179.0045,5821924.724,13.33153945,52.46805887
8,8010214.0,Glasower Straße,8100209.0,2018,6,8,3,3,5,7,0,1,0,0,0,0,0,801809.997,5821967.979,13.44357617,52.46428463
2,2020203.0,Viktoriapark,2200209.0,2018,6,7,3,3,2,6,0,1,0,0,0,0,0,797033.8381,5824294.041,13.37555247,52.48775282
4,4051448.0,Schaperstraße,4501045.0,2018,6,13,6,3,5,7,0,1,0,0,0,0,0,794198.4679,5825052.231,13.33458506,52.49608492
7,7010102.0,Nollendorfplatz,7100102.0,2018,6,7,3,3,1,5,0,1,0,0,0,0,0,795376.4192,5825317.912,13.35212177,52.49783032
7,7030303.0,Grazer Platz,7300619.0,2018,6,7,3,3,5,3,0,1,0,0,0,0,0,795356.0213,5822234.997,13.34909059,52.47020522
7,7060602.0,Kirchstraße                                                                                         ,7601237.0,2018,6,15,5,3,5,3,0,0,0,0,0,1,0,797318.9791,5817096.756,13.37333094,52.42308099
4,4030930.0,George-Grosz-Platz,4501041.0,2018,6,14,5,3,5,3,0,1,0,0,0,0,1,793129.5584,5825593.25,13.31936111,52.50151011
1,1011303.0,Alexanderplatzviertel,1100310.0,2018,6,15,5,3,0,5,0,0,0,0,0,1,0,798498.8574,5828173.886,13.4005429,52.52173148
1,1033101.0,Soldiner Straße                                                                                     ,1300732.0,2018,6,22,3,3,6,4,2,0,1,0,0,0,0,797278.2307,5832202.073,13.38620969,52.55850617
1,1011104.0,Körnerstraße                                                                                        ,1100104.0,2018,6,21,3,3,5,2,1,1,0,0,0,0,0,796254.1249,5825960.37,13.36558482,52.50311363
2,2040502.0,Friedenstraße,2400521.0,2018,6,21,5,3,0,1,1,0,0,0,0,0,0,800476.5799,5828214.737,13.42964149,52.52101144
1,1011303.0,Alexanderplatzviertel,1100310.0,2018,6,20,5,3,5,3,1,1,0,0,0,0,0,799325.3067,5828614.767,13.4130842,52.52523028
7,7010102.0,Nollendorfplatz,7100103.0,2018,6,19,3,3,3,6,0,1,0,0,0,0,0,795884.2465,5825168.575,13.35944801,52.49621656
11,11041128.0,Sewanstraße,11401136.0,2018,6,19,5,3,6,4,0,0,1,0,0,0,0,805771.2462,5825899.214,13.50530871,52.49731589
1,1011203.0,Unter den Linden Süd,1100206.0,2018,6,19,3,3,5,2,0,1,0,0,0,0,0,797767.5479,5827349.592,13.38905839,52.51474255
10,10020415.0,Hellersdorfer Promenade,10200422.0,2018,6,18,5,3,5,3,0,1,0,0,0,0,0,812129.6757,5831346.982,13.60378172,52.54253523
5,5020417.0,Staakener Straße                                                                                    ,5200420.0,2018,6,18,5,3,3,6,0,1,0,0,0,0,0,781880.9197,5829077.058,13.15704436,52.53867522
4,4031032.0,Halensee,4500937.0,2018,6,18,3,3,1,5,0,1,0,0,0,0,0,791314.4578,5825030.123,13.29220422,52.49743377
1,1011302.0,Oranienburger Straße                                                                                ,1100309.0,2018,6,17,5,3,5,2,0,1,0,0,0,0,0,798636.1165,5828816.181,13.40313669,52.52741361
8,8010303.0,Donaustraße,8100314.0,2018,6,17,3,3,1,5,0,1,0,0,0,0,0,801421.4503,5823867.638,13.43959078,52.48152621
2,2040702.0,Weberwiese,2400624.0,2018,6,17,5,3,5,3,0,1,0,0,0,0,0,801932.6735,5827696.998,13.45056721,52.51556666
9,9020502.0,Oberschöneweide Ost,9200511.0,2018,6,15,3,2,0,1,0,0,0,0,0,0,0,806626.9313,5822054.098,13.51433826,52.46237481
1,1011303.0,Alexanderplatzviertel,1100310.0,2018,6,22,1,3,5,3,2,1,0,0,0,0,1,799336.4685,5827710.789,13.41243472,52.51712136
1,1011402.0,Arkonaplatz,1100416.0,2018,6,13,3,3,0,1,0,0,0,0,0,0,0,798730.2985,5829566.216,13.40519486,52.534085
9,9041402.0,Siedlung Kämmereiheide,9401432.0,2018,6,16,3,3,0,1,0,0,0,0,0,0,0,812134.9234,5820306.23,13.59351598,52.44359345
12,12231101.0,Hermsdorf,12400723.0,2018,6,16,5,3,5,2,0,1,0,0,0,0,1,791958.0121,5838049.951,13.3131088,52.61380861
3,3061228.0,Erich-Weinert-Straße,3601245.0,2018,6,8,2,3,5,2,0,1,0,0,0,0,0,800874.0394,5831067.314,13.43806394,52.54636044
11,11020411.0,Malchower Weg,11200410.0,2018,6,15,5,2,5,2,0,0,0,0,0,1,1,806123.7528,5832009.863,13.51610986,52.55188346
10,10040932.0,Alt-Mahlsdorf,10400939.0,2018,6,6,2,3,2,6,0,1,0,0,0,0,0,813717.2838,5827360.325,13.62335515,52.50589969
2,2020203.0,Viktoriapark,2200209.0,2018,6,15,5,3,5,2,0,1,0,0,0,0,1,797765.9272,5824734.798,13.38669629,52.49130491
3,3061441.0,Eldenaer Straße,3601453.0,2018,6,18,2,3,0,7,0,0,0,0,0,0,0,802335.4175,5828895.189,13.4575733,52.52608289
3,3061228.0,Erich-Weinert-Straße,3601245.0,2018,6,15,5,3,5,2,0,1,0,0,0,0,1,800192.9689,5830930.912,13.42792712,52.54551353
1,1011102.0,Großer Tiergarten,1100102.0,2018,6,16,2,3,5,3,0,1,0,0,0,0,0,795221.5632,5826710.643,13.35108215,52.51039891
1,1011301.0,Charitéviertel,1100308.0,2018,6,15,5,3,5,2,0,1,0,0,0,0,1,796903.4967,5828888.57,13.3777366,52.52900885
9,9020701.0,Adlershof West,9200715.0,2018,6,16,2,3,5,3,0,1,0,0,0,0,0,807881.4066,5819184.309,13.5300998,52.43595002
6,6010206.0,Stadtpark,6100206.0,2018,6,16,2,3,1,5,0,1,0,0,0,0,0,794519.5205,5820027.274,13.33486365,52.45086572
1,1011401.0,Invalidenstraße                                                                                     ,1100415.0,2018,6,14,5,3,0,1,0,0,0,0,0,0,1,797838.3622,5829083.467,13.39165152,52.5302459
8,8020726.0,Buckow West,8200831.0,2018,6,15,2,3,5,3,0,1,0,0,0,0,0,799335.75,5816286.28,13.40217634,52.41471662
8,8010301.0,Reuterkiez,8100312.0,2018,6,14,5,3,0,2,0,1,0,0,0,0,1,800994.0081,5824208.135,13.43362297,52.48481395
9,9051702.0,Bölschestraße,9501737.0,2018,6,14,5,3,1,5,0,1,0,0,0,0,0,814725.3151,5821751.599,13.63286432,52.45506059
7,7050505.0,Hundsteinweg,7501134.0,2018,6,13,5,3,0,1,0,0,0,0,0,0,1,799342.8334,5819050.914,13.40475447,52.4394942
6,6030504.0,Teltower Damm,6300528.0,2018,6,15,2,2,5,3,0,0,0,0,0,1,0,788950.9513,5816401.826,13.2500165,52.42133361
8,8030831.0,Gropiusstadt Ost,8301037.0,2018,6,13,5,3,5,3,0,1,0,0,0,0,0,804119.4265,5817641.829,13.47352846,52.42422961
1,1044202.0,Sparrplatz,1401046.0,2018,6,15,2,3,5,2,0,1,0,0,0,0,0,794898.2901,5830243.987,13.34946615,52.54224758
11,11040926.0,Weitlingstraße,11400930.0,2018,6,7,2,3,5,3,0,0,0,0,0,1,0,805585.9744,5826430.998,13.50307596,52.50218573
6,6010208.0,Bergstraße                                                                                          ,6100208.0,2018,6,10,5,2,5,3,0,0,0,0,0,1,0,794606.6498,5820284.654,13.33636911,52.45312605
3,3071537.0,Kollwitzplatz,3701556.0,2018,6,8,2,2,5,2,0,0,0,0,0,0,0,799785.3534,5829587.283,13.42072187,52.53369456
4,4051445.0,Eisenzahnstraße,4500939.0,2018,6,10,5,3,1,1,0,1,0,0,0,0,0,792706.3995,5824242.941,13.31195842,52.48963212
1,1033102.0,Gesundbrunnen,1300733.0,2018,6,10,5,3,5,2,0,0,0,0,0,1,0,797659.2597,5831883.029,13.39152756,52.55543822
12,12304314.0,Ziekowstraße/Freie Scholle,12500824.0,2018,6,9,5,3,6,7,0,0,1,0,0,0,0,790976.4024,5835825.803,13.29669662,52.59439618
4,4020313.0,Königin-Elisabeth-Straße,4200311.0,2018,6,10,2,3,6,7,0,0,1,0,0,0,0,790466.136,5826696.41,13.28119685,52.51282434
9,9041501.0,Altstadt Kietz,9401534.0,2018,6,8,5,3,5,3,0,1,0,0,0,0,0,810885.7469,5820660.769,13.57552619,52.44748228
1,1011302.0,Oranienburger Straße                                                                                ,1100309.0,2018,6,14,2,3,0,1,0,0,0,0,0,0,0,799037.1327,5828952.543,13.40915297,52.52841608
5,5010339.0,Freiheit,5100317.0,2018,6,7,2,3,0,7,0,0,0,0,0,0,1,785770.6132,5828522.592,13.21376342,52.53167807
10,10020621.0,Gelbes Viertel,10200628.0,2018,6,8,5,3,5,2,0,1,0,0,0,0,0,811654.8571,5829779.077,13.59533264,52.52875669
1,1011306.0,Heine-Viertel Ost,1100313.0,2018,6,2,2,3,0,1,2,0,0,0,0,0,0,799971.9995,5826913.856,13.42105426,52.50962895
4,4030519.0,Kaiserin-Augusta-Allee,4300518.0,2018,6,14,2,3,5,2,0,0,0,0,0,1,0,791354.3806,5828702.115,13.29600578,52.53033153
1,1044202.0,Sparrplatz,1401047.0,2018,6,7,5,3,5,2,0,1,0,0,0,0,0,795620.7345,5830523.304,13.36033659,52.54435992
3,3010101.0,Bucher Forst,3100101.0,2018,6,7,5,3,5,3,0,1,0,0,0,0,0,804265.2991,5841804.064,13.49778354,52.64070418
2,2030301.0,Oranienplatz,2300314.0,2018,6,8,5,3,6,4,0,0,1,0,0,0,0,799663.6855,5826088.535,13.41578206,52.50240066
1,1044201.0,Reinickendorfer Straße                                                                              ,1401044.0,2018,6,20,1,3,5,3,0,1,0,0,0,0,0,796795.3254,5831285.681,13.37828798,52.55055519
3,3050923.0,Weißenseer Spitze,3500934.0,2018,6,8,5,3,5,3,0,1,0,0,0,0,0,801070.5357,5831429.892,13.4412816,52.54950171
8,8010118.0,Silbersteinstraße,8100104.0,2018,6,19,1,3,5,3,0,1,0,0,0,0,0,800772.0673,5822754.522,13.42905331,52.47190702
1,1044202.0,Sparrplatz,1401047.0,2018,6,19,1,3,5,2,0,1,0,0,0,0,0,796016.2756,5830355.813,13.36600307,52.54264376
1,1011302.0,Oranienburger Straße                                                                                ,1100309.0,2018,6,15,4,3,2,2,0,1,0,1,0,0,0,798514.2955,5829057.465,13.40156294,52.5296431
3,3050923.0,Weißenseer Spitze,3500934.0,2018,6,19,4,2,5,3,0,0,0,0,0,0,0,800357.7144,5831794.51,13.43113038,52.55316336
3,3050924.0,Behaimstraße,3500935.0,2018,6,19,4,3,6,4,0,0,1,0,0,0,0,801400.7423,5831279.175,13.44599997,52.54796823
1,1044101.0,Rehberge,1400937.0,2018,6,17,1,3,0,2,0,1,0,0,0,0,0,793671.0313,5832264.4,13.33320868,52.56102221
6,6040703.0,Nikolassee,6400737.0,2018,6,16,1,3,5,2,0,0,0,0,0,0,0,784630.0978,5819890.156,13.18961996,52.45487545
2,2050801.0,Traveplatz,2500830.0,2018,6,16,1,2,1,5,0,1,0,0,0,0,0,802464.8131,5827411.305,13.45812564,52.51271117
4,4030417.0,Schloßstraße,4300414.0,2018,6,19,4,3,5,3,0,1,0,0,0,0,0,790846.3934,5826735.306,13.28681845,52.51297042
8,8041037.0,Alt-Rudow,8401243.0,2018,6,13,2,3,1,5,0,1,0,0,0,0,0,805792.7038,5817167.516,13.49762639,52.41904605
7,7070705.0,Franziusweg/Rohrbachstraße                                                                          ,7601546.0,2018,6,18,4,2,5,3,0,1,0,0,0,0,0,798172.078,5814267.59,13.38331989,52.39725619
1,1033202.0,Humboldthain Süd,1300835.0,2018,6,15,1,3,5,2,0,1,0,0,0,0,0,796982.7884,5830169.83,13.3800469,52.5404507
6,6020306.0,Lankwitz Süd                                                                                        ,6200317.0,2018,6,17,4,2,0,3,0,0,0,1,0,0,0,795731.3255,5816907.936,13.34988414,52.42224867
6,6020303.0,Lankwitz Kirche                                                                                     ,6200313.0,2018,6,14,1,3,5,3,0,1,0,0,0,0,0,795190.0877,5818770.361,13.34359207,52.43923654
3,3050925.0,Komponistenviertel Weißensee,3500936.0,2018,6,14,1,3,5,3,0,1,0,0,0,0,0,802794.4316,5831197.809,13.46641653,52.54646613
3,3040614.0,Pankow Zentrum                                                                                      ,3400721.0,2018,6,17,4,3,2,6,0,1,0,0,0,0,0,798247.9851,5833057.052,13.40124064,52.56563959
11,11051229.0,Rummelsburg,11501238.0,2018,6,17,4,3,5,2,0,1,0,0,0,0,0,805606.6058,5824295.528,13.5014203,52.48303516
1,1011204.0,Leipziger Straße                                                                                    ,1100207.0,2018,6,17,4,3,5,2,0,1,0,0,0,0,0,798771.8391,5827483.243,13.40393409,52.51539134
11,11030618.0,Fennpfuhl West,11300618.0,2018,6,17,4,3,0,2,0,0,0,0,0,1,0,802414.0218,5828968.051,13.45879468,52.52669235
3,3020209.0,Niederschönhausen,3200205.0,2018,6,12,1,3,0,1,0,0,0,0,0,0,0,797160.5958,5835663.355,13.38758148,52.58959637
1,1044102.0,Schillerpark,1400940.0,2018,6,7,1,3,5,3,0,1,0,0,0,0,0,795883.2108,5832064.578,13.36556931,52.55803344
1,1011203.0,Unter den Linden Süd,1100206.0,2018,6,16,4,3,5,3,0,1,0,0,0,0,0,797766.4445,5827448.963,13.3891311,52.51563389
12,12214528.0,Tegeler Forst,12400619.0,2018,6,0,1,3,1,5,2,1,0,0,0,0,0,788552.5672,5835461.405,13.26069571,52.59242075
4,4020311.0,Reichsstraße,4200310.0,2018,6,15,1,3,1,5,0,1,0,0,0,0,0,789480.1131,5826648.088,13.26666563,52.51291534
9,9051702.0,Bölschestraße,9501737.0,2018,6,13,7,3,1,5,0,1,0,0,0,0,0,814508.9033,5821234.311,13.62920284,52.45054978
9,9020502.0,Oberschöneweide Ost,9200512.0,2018,6,10,7,3,1,3,0,1,0,0,0,0,0,807785.9728,5821961.693,13.53125929,52.4608951
8,8010301.0,Reuterkiez,8100310.0,2018,6,23,7,3,6,4,2,0,1,0,0,0,0,800897.8724,5824983.69,13.43291172,52.49181847
1,1011401.0,Invalidenstraße                                                                                     ,1100415.0,2018,6,21,1,2,0,1,2,0,0,0,0,0,0,797906.8248,5829292.131,13.39284478,52.53207889
12,12301205.0,Waidmannslust,12500928.0,2018,6,21,7,3,0,1,0,0,0,0,0,0,0,791751.6145,5836861.661,13.30902138,52.60326693
1,1011301.0,Charitéviertel,1100308.0,2018,6,20,7,3,5,7,1,1,0,0,0,0,0,797628.8433,5828203.894,13.38778472,52.52247604
2,2020204.0,Urbanstraße,2200210.0,2018,6,20,7,3,5,3,0,0,0,1,0,0,0,798900.5844,5825093.412,13.40368027,52.49389929
4,4031032.0,Halensee,4500937.0,2018,6,12,4,3,5,7,0,1,0,0,0,0,0,791184.8003,5825101.171,13.29036179,52.49813991
10,10030727.0,Biesdorf Süd                                                                                        ,10300734.0,2018,6,13,4,3,5,3,0,1,0,0,0,0,0,809533.7205,5826903.297,13.56148945,52.50419341
2,2030301.0,Oranienplatz,2300314.0,2018,6,18,7,3,5,2,0,1,0,0,0,0,0,800207.3342,5825980.533,13.42366987,52.50113378
1,1022201.0,Stephankiez,1200623.0,2018,6,9,6,3,5,2,0,1,0,0,0,0,0,795035.1485,5829162.478,13.35051814,52.53247862
3,3061429.0,Greifswalder Straße,3601449.0,2018,6,13,4,3,5,3,0,1,0,0,0,0,0,801815.905,5830282.795,13.45119875,52.53880786
2,2020203.0,Viktoriapark,2200207.0,2018,6,12,4,2,5,2,0,1,0,0,1,0,0,797089.3822,5824711.789,13.37674052,52.49146728
3,3030405.0,Karow Nord                                                                                          ,3300411.0,2018,6,14,1,3,5,3,0,1,0,0,0,0,0,803886.2829,5839526.178,13.49010502,52.6205012
1,1022206.0,Lüneburger Straße                                                                                   ,1200628.0,2018,6,11,4,3,5,2,0,0,0,0,0,1,0,795453.3713,5827716.917,13.3553814,52.51929384
12,12103116.0,Hausotterplatz,12100102.0,2018,6,13,7,2,1,5,0,1,0,0,0,0,0,796734.6627,5833372.434,13.37926179,52.56929355
3,3030715.0,Heinersdorf,3300516.0,2018,6,10,4,3,5,3,0,1,0,0,0,0,0,801099.7741,5834687.01,13.44466735,52.57867927
7,7030302.0,Ceciliengärten,7300618.0,2018,6,10,4,3,5,2,0,1,0,0,0,0,0,794425.71,5821929.741,13.33516512,52.46797095
1,1011302.0,Oranienburger Straße                                                                                ,1100309.0,2018,6,9,4,3,1,5,0,1,0,0,0,0,0,798332.5949,5828664.827,13.39854007,52.5262231
9,9041403.0,Allende II,9401433.0,2018,6,11,7,3,5,2,0,1,0,0,0,0,0,812470.3896,5819762.849,13.59792757,52.43853246
8,8020619.0,Buschkrugallee Nord,8200623.0,2018,6,8,4,3,5,2,0,1,0,0,0,0,0,801558.9963,5820648.947,13.43870129,52.45260039
11,11030720.0,Herzbergstraße,11300721.0,2018,6,10,7,3,6,7,0,0,1,0,0,0,0,804183.0298,5829857.719,13.48560435,52.53368199
1,1011302.0,Oranienburger Straße                                                                                ,1100309.0,2018,6,18,4,3,0,1,0,0,0,0,0,0,0,798637.3795,5828455.582,13.40283141,52.52418065
3,3040614.0,Pankow Zentrum                                                                                      ,3400723.0,2018,6,10,7,3,1,5,0,1,0,0,0,0,0,798844.3619,5833227.746,13.41016682,52.56684256
2,2030301.0,Oranienplatz,2300314.0,2018,6,9,7,2,1,5,0,1,0,0,0,0,0,800035.9433,5825931.405,13.42110827,52.50078768
1,1011301.0,Charitéviertel,1100308.0,2018,6,8,4,3,1,5,0,1,0,0,0,0,0,797063.0341,5828823.663,13.38002346,52.52834013
9,9010401.0,Johannisthal West,9100407.0,2018,6,8,4,3,5,5,0,1,0,0,0,0,0,806195.6404,5821032.354,13.50707286,52.45345934
8,8010117.0,Schillerpromenade,8100102.0,2018,6,19,1,2,5,3,1,1,0,0,0,0,1,800526.7407,5823369.238,13.42600631,52.47755199