district,LOR,street,LOR_2021,year,month,hour,weekday,category,accident_kind,accident_type,light_condition,car,pedestrian,motorcycle,goods_vehicle,others,road_condition,LINREFX,LINREFY,XGCSWGS84,YGCSWGS84
7,7010104.0,Dennewitzplatz,7100206.0,2018,6,22,7,3,5,3,2,1,0,0,0,0,1,796256.9413,5824303.485,13.36415265,52.48825961
4,4051447.0,Ludwigkirchplatz,4501044.0,2018,6,15,6,3,2,6,0,1,0,0,0,0,0,793362.189,5825199.337,13.32243142,52.49785382
2,2030302.0,Lausitzer Platz,2300316.0,2018,6,0,6,3,1,5,2,1,0,0,0,0,0,801392.5581,5826023.945,13.441117,52.50086957
4,4041343.0,Binger Straße,4400834.0,2018,6,8,2,3,5,2,0,0,0,0,0,1,0,792684.917,5823088.318,13.3106291,52.47929273
5,5010310.0,Eckschanze,5100312.0,2018,6,15,3,3,5,2,0,1,0,0,0,0,0,784764.2107,5830468.555,13.20063515,52.54965223
4,4051446.0,Preußenpark,4501043.0,2018,6,17,6,3,5,2,0,1,0,0,0,0,0,792589.308,5824847.048,13.31076932,52.49511056
9,9020802.0,Köllnische Vorstadt                                                                                 ,9200819.0,2018,6,17,6,3,5,3,0,1,0,0,0,0,0,810132.947,5820413.985,13.56425584,52.44569818
2,2020206.0,Graefekiez,2200212.0,2018,6,9,3,3,1,6,0,1,0,0,0,1,0,799298.6103,5824562.432,13.40904856,52.48892171
1,1011203.0,Unter den Linden Süd,1100206.0,2018,6,14,3,2,2,2,0,0,0,0,1,0,0,797539.1002,5827529.835,13.385863,52.51648289
6,6030609.0,Augustaplatz,6300633.0,2018,6,15,3,3,5,3,0,1,0,0,0,0,0,792633.2546,5818160.149,13.30555103,52.43514018
9,9041402.0,Siedlung Kämmereiheide,9401432.0,2018,6,16,3,2,5,3,0,1,0,0,0,0,0,812147.601,5820401.371,13.59379077,52.44443881
1,1011303.0,Alexanderplatzviertel,1100310.0,2018,6,12,6,3,5,2,0,1,0,0,0,0,0,799226.8118,5828466.728,13.41150352,52.5239574
4,4041136.0,Hagenplatz,4400728.0,2018,6,9,5,3,5,2,0,0,0,0,0,1,0,790696.7052,5822696.959,13.28109487,52.47684615
1,1011401.0,Invalidenstraße                                                                                     ,1100415.0,2018,7,4,2,2,0,1,1,0,0,0,0,0,0,797960.0131,5829309.693,13.39364232,52.53220724
6,6040806.0,Fischtal,6400840.0,2018,6,9,6,3,5,3,0,1,0,0,0,0,0,788775.1429,5819813.166,13.25038547,52.45201098
4,4030620.0,Alt-Lietzow,4300619.0,2018,6,22,5,3,6,4,2,0,1,0,0,0,0,792397.3271,5827193.007,13.31000996,52.51624438
9,9010201.0,Am Treptower Park Süd,9100202.0,2018,6,16,6,3,5,2,0,1,0,0,0,0,0,803072.108,5824589.288,13.46447922,52.48708071
3,3071537.0,Kollwitzplatz,3701556.0,2018,6,20,5,3,5,5,0,1,0,0,0,0,0,799491.6541,5829708.209,13.41651385,52.53493993
2,2050602.0,Samariterviertel,2500728.0,2018,6,19,5,3,5,3,0,1,0,0,0,0,0,803138.5886,5828303.043,13.46883629,52.52032963
6,6040809.0,Thielallee,6400843.0,2018,6,10,6,3,5,3,0,1,0,0,0,0,0,791392.9685,5819337.374,13.28838462,52.44635628
9,9020802.0,Köllnische Vorstadt                                                                                 ,9200819.0,2018,6,8,5,3,5,3,0,1,0,0,0,0,0,810173.2395,5819673.235,13.56415927,52.43903692
2,2020204.0,Urbanstraße,2200210.0,2018,7,18,1,3,5,2,0,1,0,0,0,0,0,798699.5898,5824703.73,13.40037918,52.49051634
5,5030832.0,Rohrdamm,5300841.0,2018,6,9,6,3,5,3,0,1,0,0,0,0,0,789489.5976,5829420.834,13.26921888,52.53776852
8,8030830.0,Gropiusstadt Süd,8300935.0,2018,6,18,7,3,5,2,0,1,0,0,0,0,0,802281.2474,5817839.022,13.44675613,52.42701561
7,7020204.0,Schöneberger Insel,7200413.0,2018,6,13,5,3,0,6,0,1,0,0,0,0,0,796015.9786,5823524.037,13.35992201,52.48140322
7,7010104.0,Dennewitzplatz,7100205.0,2018,6,7,5,3,6,4,0,0,1,0,0,0,0,796135.0349,5824953.738,13.36294041,52.49415471
2,2030302.0,Lausitzer Platz,2300315.0,2018,6,2,5,3,5,2,2,1,0,0,0,0,0,800418.5288,5825786.541,13.42659682,52.49927873
1,1011401.0,Invalidenstraße                                                                                     ,1100415.0,2018,7,16,2,3,0,1,0,0,0,0,0,0,0,798305.8796,5829373.458,13.39878327,52.53258964
4,4051551.0,Brabanter Platz,4501148.0,2018,6,19,5,3,5,2,0,1,0,0,0,0,0,793330.8158,5823565.372,13.3205322,52.4832228
1,1011306.0,Heine-Viertel Ost,1100313.0,2018,6,18,5,2,2,2,0,1,0,0,0,0,0,800477.6169,5826698.821,13.42828789,52.50742327
4,4020311.0,Reichsstraße,4200310.0,2018,6,13,7,2,5,3,0,1,0,0,0,0,0,789491.0401,5826789.295,13.26694905,52.51417549
9,9020701.0,Adlershof West,9200715.0,2018,6,18,5,3,5,2,0,1,0,0,0,0,0,809326.5063,5818519.849,13.55067536,52.4291799
6,6020302.0,Komponistenviertel Lankwitz,6200312.0,2018,6,17,5,3,5,3,0,0,0,0,0,0,0,795328.082,5819314.026,13.34609672,52.44403567
11,11051332.0,Karlshorst Süd,11501341.0,2018,6,8,5,3,5,3,0,1,0,0,0,0,0,806274.78,5824475.081,13.511394,52.48427002
6,6040701.0,Wannsee,6400735.0,2018,6,10,7,2,0,2,0,0,0,0,0,1,0,784166.7749,5816182.898,13.17966777,52.42187601
12,12214527.0,Alt-Tegel,12200515.0,2018,6,15,5,3,1,5,0,1,0,0,0,0,0,789649.1866,5834659.745,13.27613828,52.58465097
1,1011105.0,Nördlicher Landwehrkanal                                                                            ,1100102.0,2018,7,8,2,2,5,2,0,1,0,0,0,0,0,796036.1981,5826691.698,13.36303391,52.50978761
3,3010102.0,Buch,3100103.0,2018,6,8,5,3,3,6,0,1,0,0,0,0,0,804552.5276,5840881.031,13.50116437,52.63227072
4,4030725.0,Amtsgerichtsplatz,4300416.0,2018,6,4,7,3,1,5,0,1,0,0,0,0,0,791657.7356,5826339.162,13.29839324,52.5089858
4,4051445.0,Eisenzahnstraße,4500939.0,2018,6,14,5,3,5,3,0,1,0,0,0,0,0,791987.7325,5824745.411,13.30184429,52.49452157
4,4031032.0,Halensee,4500937.0,2018,6,8,6,3,5,2,0,0,0,0,1,0,0,791583.742,5825109.905,13.29622956,52.49800519
1,1022102.0,Beusselkiez,1200518.0,2018,6,13,5,3,3,6,0,0,0,0,0,1,0,793367.9018,5828533.423,13.32545456,52.52773937
1,1022207.0,Hansaviertel,1200629.0,2018,6,17,6,3,5,2,0,1,0,0,0,0,0,794553.2272,5827500.464,13.34196188,52.51784044
2,2030301.0,Oranienplatz,2300314.0,2018,6,22,7,3,6,7,1,0,1,0,0,0,0,800021.31,5825734.179,13.42071567,52.4990279
12,12301205.0,Waidmannslust,12500928.0,2018,6,7,5,3,0,1,0,0,0,0,0,0,0,792092.2474,5837114.175,13.31425969,52.6053477
6,6040703.0,Nikolassee,6400737.0,2018,6,12,5,3,1,5,0,1,0,0,0,0,0,784942.5749,5817732.939,13.19236625,52.43537061
4,4051445.0,Eisenzahnstraße,4500939.0,2018,6,8,5,3,1,5,0,1,0,0,0,0,0,792249.4613,5824892.996,13.30581798,52.49570456
9,9051702.0,Bölschestraße,9501737.0,2018,6,9,5,2,2,2,0,1,0,0,0,0,0,813695.3007,5820736.071,13.61680198,52.44655244
7,7010102.0,Nollendorfplatz,7100103.0,2018,6,8,6,3,5,3,0,0,0,0,0,0,0,795714.1024,5825463.395,13.35721079,52.49895159
2,2020206.0,Graefekiez,2200213.0,2018,6,20,6,2,5,3,0,1,0,0,0,0,0,799787.3119,5824820.129,13.41645637,52.49096344
4,4051549.0,Rathaus Wilmersdorf,4501146.0,2018,6,19,4,3,5,2,0,0,0,0,0,0,0,792850.3265,5824095.729,13.31394276,52.48823522
7,7030301.0,Friedenau,7300517.0,2018,6,7,4,3,7,7,0,0,0,0,0,0,0,794058.3648,5822610.414,13.33037306,52.47427072
11,11051229.0,Rummelsburg,11501238.0,2018,6,18,4,3,2,6,0,1,0,0,0,0,0,805593.9,5824318.156,13.50125452,52.48324508
7,7020203.0,Kaiser-Wilhelm-Platz,7200409.0,2018,6,16,7,3,3,6,0,1,0,0,0,0,0,795603.4158,5824206.394,13.3544697,52.48774352
9,9041601.0,Müggelheim,9401635.0,2018,6,20,4,3,2,2,0,1,0,0,0,0,0,816578.1068,5817455.773,13.65597285,52.41549769
8,8041037.0,Alt-Rudow,8401243.0,2018,6,20,4,3,5,7,0,1,0,0,0,0,0,804991.4829,5817755.144,13.48641689,52.42475987
11,11051332.0,Karlshorst Süd,11501341.0,2018,6,7,6,3,3,6,0,1,0,0,0,0,0,806049.7814,5824456.803,13.50807416,52.48423236
10,10010102.0,Havemannstraße                                                                                      ,10100102.0,2018,7,13,1,2,0,2,0,1,0,0,0,0,0,809484.1071,5834643.595,13.56796979,52.57358697
4,4051655.0,Babelsberger Straße,4501153.0,2018,6,20,4,3,3,6,0,1,0,0,0,0,0,794199.9388,5823506.069,13.33324165,52.4822236
7,7030303.0,Grazer Platz,7300619.0,2018,6,12,7,3,5,7,0,1,0,0,0,0,0,795021.0297,5822042.174,13.34400277,52.46865769
1,1011306.0,Heine-Viertel Ost,1100313.0,2018,6,14,6,3,1,5,0,1,0,0,0,0,0,799610.807,5826635.683,13.41549773,52.50733404
10,10010206.0,Ringkolonnaden,10100208.0,2018,6,19,4,3,5,3,0,1,0,0,0,0,0,809406.4386,5832232.063,13.56457878,52.55202008
11,11030618.0,Fennpfuhl West,11300617.0,2018,7,8,2,3,5,2,0,1,0,0,0,0,0,802569.2607,5829283.837,13.46136335,52.52943657
9,9030901.0,Dorf Altglienicke,9300920.0,2018,6,19,4,3,5,3,0,1,0,0,0,0,0,808272.722,5817139.222,13.53395318,52.41740129
9,9052001.0,Köpenick Nord                                                                                       ,9502043.0,2018,6,8,6,3,5,7,0,1,0,0,0,0,0,809220.1067,5823019.439,13.55328058,52.4695649
8,8010301.0,Reuterkiez,8100312.0,2018,6,19,4,3,3,6,0,0,0,0,1,0,0,801254.8962,5824042.79,13.43730389,52.48318805
2,2010103.0,Moritzplatz,2100104.0,2018,6,0,7,3,5,3,2,1,0,0,0,0,0,799300.6396,5826181.583,13.41053316,52.50343396
5,5030730.0,Zitadellenweg,5300736.0,2018,6,18,4,3,5,3,0,1,0,0,0,0,0,786924.7187,5829323.085,13.23142179,52.53824868
2,2020206.0,Graefekiez,2200212.0,2018,6,10,6,3,4,6,0,0,0,0,0,0,0,799550.986,5824524.335,13.41272016,52.48844181
4,4030621.0,Spreestadt,4300620.0,2018,7,19,1,3,5,7,0,1,0,0,0,0,0,793378.3972,5827848.673,13.32500473,52.52159527
1,1011202.0,Unter den Linden Nord,1100206.0,2018,6,16,4,3,5,3,0,1,0,0,0,0,0,797535.7567,5827548.77,13.3858308,52.51665444
6,6020302.0,Komponistenviertel Lankwitz,6200312.0,2018,7,7,2,3,5,2,0,1,0,0,0,0,0,794100.3566,5818814.571,13.32764582,52.44021997
2,2010104.0,Wassertorplatz,2100106.0,2018,6,16,4,3,5,3,0,1,0,0,0,0,0,798583.6172,5825577.533,13.39945932,52.49841228
10,10020415.0,Hellersdorfer Promenade,10200422.0,2018,6,7,6,3,5,3,0,1,0,0,0,0,0,812437.2567,5831416.48,13.60836783,52.54298173
2,2010103.0,Moritzplatz,2100104.0,2018,6,20,7,3,5,2,0,1,0,0,0,0,0,798837.2327,5826145.028,13.40369346,52.50336028
6,6040810.0,Dahlem,6400844.0,2018,6,17,4,3,5,2,0,1,0,0,0,0,0,792354.6084,5820817.56,13.30378945,52.45911264
4,4041239.0,Stadion Wilmersdorf,4400830.0,2018,6,15,4,3,0,2,0,0,0,0,0,1,0,792351.9934,5823118.657,13.30576749,52.47974304
3,3010104.0,Lietzengraben,3100101.0,2018,6,15,6,2,2,6,0,0,0,0,0,1,0,801306.7637,5839034.052,13.45166837,52.6175269
8,8010301.0,Reuterkiez,8100312.0,2018,6,17,4,3,2,2,0,1,0,0,0,0,0,801552.9952,5824024.607,13.44166394,52.48286053
7,7040403.0,Manteuffelstraße                                                                                    ,7400823.0,2018,6,14,4,3,5,2,0,1,0,0,0,0,0,797340.1004,5821871.175,13.37788944,52.46586763
12,12224230.0,Heiligensee,12400617.0,2018,6,7,6,3,5,3,0,1,0,0,0,0,0,786448.4837,5837595.872,13.23156689,52.61266963
5,5010206.0,Gütersloher Weg,5100208.0,2018,6,18,7,3,5,3,0,1,0,0,0,0,0,782104.3602,5830164.166,13.16125339,52.54830704
8,8010301.0,Reuterkiez,8100310.0,2018,6,13,4,3,3,6,0,1,0,0,0,0,0,800932.395,5824979.189,13.43341459,52.4917591
5,5010101.0,Hakenfelde Nord,5100103.0,2018,6,13,4,3,0,7,0,0,0,0,0,0,0,785276.549,5832321.168,13.20976308,52.56599437
2,2020203.0,Viktoriapark,2200209.0,2018,6,13,4,3,5,2,0,1,0,0,0,0,0,797109.7478,5824485.424,13.37683776,52.48942707
1,1022202.0,Heidestraße                                                                                         ,1200624.0,2018,6,6,6,3,5,2,0,1,0,0,0,0,0,795669.3183,5829732.225,13.36034692,52.53724226
5,5020419.0,Magistratsweg,5200423.0,2018,6,13,4,3,0,7,0,0,0,0,0,0,0,781917.6594,5828250.306,13.15688328,52.53124318
1,1011303.0,Alexanderplatzviertel,1100310.0,2018,7,18,3,3,5,2,0,1,0,0,0,0,0,799183.0483,5827742.07,13.41020861,52.51748593
9,9041501.0,Altstadt Kietz,9401534.0,2018,6,14,7,3,5,2,0,0,0,0,0,1,0,811145.1298,5820259.668,13.57895697,52.44374026
7,7050501.0,Rathausstraße                                                                                       ,7501030.0,2018,7,18,3,3,6,4,0,0,1,0,0,0,0,797570.1876,5819909.432,13.37951797,52.44815736
1,1022207.0,Hansaviertel,1200629.0,2018,6,10,4,3,5,7,0,1,0,0,0,0,0,794492.9812,5827812.785,13.34135306,52.52067273
1,1011303.0,Alexanderplatzviertel,1100310.0,2018,7,17,3,3,3,6,0,0,0,0,0,0,0,799567.3272,5828229.896,13.41629423,52.52164759
1,1033202.0,Humboldthain Süd,1300835.0,2018,6,15,6,3,5,3,0,1,0,0,0,0,0,796971.6267,5830138.511,13.37985481,52.54017605
5,5020417.0,Staakener Straße                                                                                    ,5200420.0,2018,6,12,4,2,5,3,0,1,0,0,0,0,0,782458.4635,5828532.535,13.16507442,52.53349376
11,11010205.0,Falkenberg West,11100204.0,2018,7,18,3,3,5,2,0,1,0,0,0,0,0,806852.4118,5832683.49,13.52744565,52.55751055
12,12214423.0,Mellerbogen,12200308.0,2018,6,12,4,3,1,5,0,1,0,0,0,0,0,792919.3493,5833651.333,13.32337649,52.57386026
2,2010103.0,Moritzplatz,2100105.0,2018,7,18,3,3,5,3,0,0,0,0,0,0,0,799010.4477,5825836.153,13.40596042,52.50049676
10,10030724.0,Oberfeldstraße                                                                                      ,10300731.0,2018,6,6,6,2,5,3,0,1,0,0,0,0,0,809131.0169,5829791.383,13.55825871,52.53030393
1,1033203.0,Humboldthain Nordwest                                                                               ,1300836.0,2018,7,20,1,2,5,3,0,1,0,0,0,0,0,796521.5355,5830337.512,13.37341534,52.54220499
4,4010102.0,Plötzensee,4100101.0,2018,7,19,3,3,2,2,0,1,0,0,0,0,0,792583.8387,5829986.969,13.31520951,52.54119125
6,6030609.0,Augustaplatz,6300633.0,2018,6,10,7,3,5,3,0,1,0,0,0,0,0,792291.4432,5818694.512,13.30100459,52.44011348
3,3020209.0,Niederschönhausen,3200206.0,2018,7,17,3,3,5,3,0,1,0,0,0,0,0,797881.9129,5834631.439,13.39727006,52.57995219
4,4061757.0,Forst Grunewald,4200207.0,2018,7,16,3,3,4,6,0,1,0,0,0,0,0,785106.8355,5822292.783,13.19866968,52.47616917
2,2010102.0,Mehringplatz,2100102.0,2018,6,9,4,3,0,6,0,0,0,0,1,0,0,798152.8259,5826501.835,13.39395976,52.50693301
3,3010102.0,Buch,3100102.0,2018,7,7,2,3,5,3,0,1,0,0,0,0,0,804373.3927,5841197.855,13.49881754,52.6352106
4,4041344.0,Rüdesheimer Platz,4400835.0,2018,7,15,3,3,1,5,0,1,0,0,0,0,0,793222.6657,5822158.875,13.31770745,52.4706721
1,1011303.0,Alexanderplatzviertel,1100310.0,2018,6,9,4,3,5,2,0,0,0,0,0,1,0,799057.0309,5828478.083,13.4090187,52.52415232
4,4031032.0,Halensee,4500938.0,2018,7,15,3,3,1,5,0,0,0,0,0,1,0,791763.3869,5824823.661,13.29861765,52.49534304
8,8020620.0,Tempelhofer Weg,8200624.0,2018,6,8,4,3,5,2,0,0,0,0,0,1,0,801355.997,5820641.748,13.43571654,52.45264781
7,7010103.0,Barbarossaplatz,7100204.0,2018,7,15,3,3,1,5,0,1,0,0,0,0,0,795500.617,5824739.545,13.35343294,52.49257847
1,1011201.0,Wilhelmstraße                                                                                       ,1100205.0,2018,7,15,3,3,5,3,0,1,0,0,0,0,0,797290.5695,5826915.091,13.38166198,52.51110793
3,3030406.0,Alt-Karow,3300412.0,2018,6,18,6,3,5,3,0,1,0,0,0,0,0,802924.0039,5839364.042,13.47578551,52.61958536
2,2020204.0,Urbanstraße,2200210.0,2018,6,8,4,3,5,2,0,0,0,0,0,1,0,798343.5485,5825505.686,13.395869,52.49789956
1,1011305.0,Heine-Viertel West,1100312.0,2018,7,14,3,3,5,3,0,1,0,0,0,0,0,799464.0719,5827071.73,13.41373451,52.51132311
2,2020203.0,Viktoriapark,2200209.0,2018,6,7,7,3,5,2,0,1,0,0,0,0,0,797472.8399,5824559.062,13.38223536,52.48988942
1,1011305.0,Heine-Viertel West,1100312.0,2018,6,7,4,3,5,3,0,1,0,0,0,0,0,799457.7287,5827067.563,13.41363757,52.51128924
10,10040932.0,Alt-Mahlsdorf,10400939.0,2018,6,7,4,2,5,3,0,1,0,0,0,0,0,814271.9549,5828040.742,13.63214288,52.51167758
9,9010101.0,Elsenstraße                                                                                         ,9100101.0,2018,6,11,6,3,5,3,0,1,0,0,0,0,0,801550.2442,5824821.998,13.44234497,52.49000922
11,11030721.0,Rüdigerstraße,11300725.0,2018,6,6,4,3,0,1,0,1,0,0,0,0,0,805450.4865,5827651.973,13.50220642,52.51320447
2,2040502.0,Friedenstraße,2400521.0,2018,6,19,7,3,5,2,0,1,0,0,0,0,0,800454.7594,5828446.586,13.42953029,52.5231016
4,4030828.0,Savignyplatz,4300624.0,2018,6,22,6,3,1,5,2,1,0,0,0,0,0,792797.6237,5826107.842,13.31493755,52.50630148
12,12103218.0,Teichstraße,12100205.0,2018,6,18,3,3,2,2,0,1,0,0,0,0,0,794846.4444,5833744.834,13.35181389,52.57365785
6,6010209.0,Feuerbachstraße                                                                                     ,6100209.0,2018,6,17,3,3,1,5,0,1,0,0,0,0,0,794649.9566,5821551.135,13.33812237,52.46445606
3,3061131.0,Falkplatz,3601142.0,2018,6,10,6,3,2,7,0,1,0,0,0,0,0,799019.3284,5830377.573,13.41017338,52.5411991
2,2030301.0,Oranienplatz,2300314.0,2018,6,10,3,3,4,7,0,0,0,0,0,0,0,799858.8806,5825841.374,13.41842657,52.50007802
7,7020203.0,Kaiser-Wilhelm-Platz,7200409.0,2018,7,12,3,3,1,5,0,1,0,0,0,0,0,795094.2582,5823872.844,13.34669756,52.48502892
12,12103115.0,Breitkopfbecken,12100103.0,2018,6,17,3,2,5,2,0,1,0,0,0,0,0,796202.6692,5833946.752,13.37194838,52.57473142
2,2010102.0,Mehringplatz,2100102.0,2018,7,12,3,3,5,2,0,1,0,0,0,0,0,798320.5335,5825553.896,13.39557416,52.49834428
8,8020625.0,Handwerker-Siedlung,8200730.0,2018,6,19,6,3,5,7,0,1,0,0,0,0,0,802209.6237,5818358.467,13.44617534,52.43171108
3,3061332.0,Helmholtzplatz,3601346.0,2018,6,16,3,2,5,3,0,1,0,0,0,0,0,799237.0351,5831105.819,13.41402998,52.54760718
9,9010301.0,Baumschulenstraße,9100305.0,2018,6,16,3,2,5,3,0,1,0,0,0,0,0,805141.4351,5822562.027,13.49300554,52.46775868
10,10010308.0,Marzahner Chaussee,10100311.0,2018,7,11,3,3,5,2,0,1,0,0,0,0,0,806585.4262,5828083.3,13.5192759,52.5164334
1,1033202.0,Humboldthain Süd,1300835.0,2018,6,15,3,3,5,3,0,1,0,0,0,0,0,796971.5073,5830138.681,13.37985321,52.54017764
2,2010102.0,Mehringplatz,2100102.0,2018,7,10,3,3,6,4,0,0,1,0,0,0,0,797909.4531,5826535.289,13.39041449,52.50736583
4,4030621.0,Spreestadt,4300620.0,2018,7,10,3,3,5,2,0,1,0,0,0,0,0,793494.2956,5827600.351,13.32648891,52.51930681
3,3071633.0,Thälmannpark,3701657.0,2018,7,9,3,3,5,2,0,1,0,0,0,0,0,800233.3495,5830323.492,13.42797185,52.54004682
1,1011301.0,Charitéviertel,1100308.0,2018,6,13,3,3,5,3,0,1,0,0,0,0,0,797629.7341,5828204.894,13.38779871,52.52248452
12,12304313.0,Borsigwalde,12500930.0,2018,7,10,2,3,0,2,0,1,0,0,0,0,0,792341.6463,5834069.159,13.31524455,52.57791651
5,5020627.0,Tiefwerder,5200632.0,2018,7,9,3,3,0,2,0,1,0,0,0,0,0,785365.7329,5828185.001,13.20752106,52.52886338
10,10020519.0,Boulevard Kastanienallee,10200526.0,2018,7,8,3,3,5,3,0,1,0,0,0,0,0,812445.2575,5829955.402,13.60711185,52.52988435
9,9020601.0,Schnellerstraße                                                                                     ,9200613.0,2018,6,11,3,3,5,3,0,1,0,0,0,0,0,807017.5113,5821143.794,13.5192321,52.45399712
5,5020627.0,Tiefwerder,5200632.0,2018,7,8,3,3,5,2,0,0,0,0,1,0,0,785626.6468,5828032.572,13.21122582,52.52736008
1,1022106.0,Elberfelder Straße                                                                                  ,1200522.0,2018,6,9,7,3,5,3,0,1,0,0,0,0,0,794218.5567,5828309.904,13.33775994,52.52527723
6,6030609.0,Augustaplatz,6300633.0,2018,7,7,3,3,5,3,0,1,0,0,0,0,0,793027.979,5818240.894,13.3114116,52.43565272
5,5010314.0,Carl-Schurz-Straße                                                                                  ,5100316.0,2018,7,7,3,3,4,6,0,0,0,0,0,0,0,785092.7477,5829388.834,13.20454054,52.53979971
4,4030929.0,Hindemithplatz,4501040.0,2018,6,12,7,3,1,5,0,1,0,0,0,0,0,792379.0285,5825383.993,13.30815209,52.50003684
10,10020622.0,Kaulsdorf Nord I                                                                                    ,10200629.0,2018,7,7,3,3,5,3,0,1,0,0,0,0,0,810505.2851,5827973.647,13.5767559,52.51323335
6,6010208.0,Bergstraße                                                                                          ,6100208.0,2018,6,10,6,3,5,3,0,1,0,0,0,0,0,793862.7854,5820505.012,13.32564788,52.45550189
2,2050602.0,Samariterviertel,2500727.0,2018,6,7,3,3,5,2,0,1,0,0,0,0,0,802041.226,5828020.214,13.45245548,52.51840355
12,12301203.0,Wittenau Süd                                                                                        ,12500930.0,2018,7,7,3,3,5,2,0,1,0,0,0,0,0,792878.3786,5835184.737,13.3241286,52.58762845
1,1011204.0,Leipziger Straße                                                                                    ,1100207.0,2018,6,7,3,2,5,3,0,1,0,0,0,0,0,798008.1135,5826788.706,13.39209073,52.50958352
1,1022104.0,Emdener Straße                                                                                      ,1200519.0,2018,6,7,6,3,0,1,0,0,0,0,0,0,0,793955.8338,5828677.492,13.33422355,52.52871416
11,11051229.0,Rummelsburg,11501238.0,2018,7,0,1,2,5,3,2,1,0,0,0,0,0,803726.4869,5826232.581,13.47558492,52.50144553
2,2050803.0,Stralauer Kiez,2500836.0,2018,7,7,3,3,5,2,0,1,0,0,0,0,0,803251.1321,5826004.361,13.46839565,52.4996644
7,7020204.0,Schöneberger Insel,7200412.0,2018,6,7,3,3,1,5,0,1,0,0,0,0,0,796314.7444,5823016.91,13.36385792,52.47669522
5,5010311.0,Eiswerder,5100313.0,2018,6,4,7,2,5,3,0,1,0,0,0,0,0,785355.5789,5830731.559,13.20955906,52.55170081
4,4030622.0,Richard-Wagner-Straße,4300621.0,2018,6,17,3,3,0,4,0,0,1,0,0,0,0,792032.0608,5826798.458,13.30429608,52.51290304
1,1011204.0,Leipziger Straße                                                                                    ,1100207.0,2018,7,9,3,3,5,2,0,1,0,0,0,0,0,798619.7299,5826918.906,13.40119277,52.51041613
11,11051330.0,Karlshorst West,11501339.0,2018,6,11,6,3,5,2,0,1,0,0,0,0,0,807284.696,5825416.9,13.52708795,52.49214335
3,3030715.0,Heinersdorf,3300516.0,2018,7,7,3,3,0,6,0,1,0,0,0,0,0,800904.2767,5833360.446,13.44058726,52.56689733
4,4030621.0,Spreestadt,4300620.0,2018,6,7,6,2,1,5,0,1,0,0,0,0,0,793428.2782,5827442.202,13.32537924,52.51792459
2,2050802.0,Boxhagener Platz,2500833.0,2018,6,18,7,3,5,2,0,1,0,0,0,0,0,802071.3806,5827363.181,13.45230206,52.51249786
3,3061126.0,Arnimplatz,3601141.0,2018,6,9,3,3,3,6,0,0,0,0,0,0,0,799206.1915,5831774.432,13.41417896,52.55361719
8,8010510.0,Gewerbegebiet Köllnische Heide,8100521.0,2018,7,7,2,3,5,3,0,1,0,0,0,0,0,802482.7368,5822558.296,13.45398362,52.46920369
11,11051229.0,Rummelsburg,11501238.0,2018,6,6,6,3,5,3,0,1,0,0,0,0,0,804071.2758,5825992.348,13.48042938,52.49910039
1,1033201.0,Brunnenstraße                                                                                       ,1300834.0,2018,6,14,3,3,6,7,0,0,1,0,0,0,0,797591.8503,5830893.549,13.38964937,52.54660565
7,7010102.0,Nollendorfplatz,7100102.0,2018,7,9,3,3,0,1,0,0,0,0,0,0,0,794938.6119,5825532.557,13.3458813,52.49999125
2,2050602.0,Samariterviertel,2500727.0,2018,6,7,6,3,5,3,0,1,0,0,0,0,0,802451.4742,5828274.379,13.45871423,52.52045425
9,9051701.0,Hirschgarten,9501736.0,2018,6,15,3,3,2,2,0,1,0,0,0,0,0,813169.0974,5820965.513,13.60929991,52.44891014
3,3061227.0,Humannplatz,3601244.0,2018,6,9,3,2,0,1,0,0,0,0,0,0,0,799924.9551,5830985.617,13.42403606,52.54615148