district,LOR,street,LOR_2021,year,month,hour,weekday,category,accident_kind,accident_type,light_condition,car,pedestrian,motorcycle,goods_vehicle,others,road_condition,LINREFX,LINREFY,XGCSWGS84,YGCSWGS84
3,3061126.0,Arnimplatz,3601141.0,2018,7,16,2,3,6,4,0,0,1,0,0,0,0,799247.2062,5831771.0,13.414779,52.55356389
9,9020601.0,Schnellerstraße                                                                                     ,9200613.0,2018,6,20,2,3,1,5,0,1,0,0,0,0,0,806419.4694,5821469.173,13.51075729,52.45724886
8,8041037.0,Alt-Rudow,8401243.0,2018,7,7,2,3,3,6,0,0,0,0,0,1,0,805308.119,5817748.202,13.49105274,52.42452108
12,12214422.0,Klixstraße                                                                                          ,12200310.0,2018,6,9,6,3,5,2,0,0,0,0,1,0,0,792347.6257,5833917.778,13.31519905,52.57655623
9,9031001.0,Bohnsdorf,9301025.0,2018,6,17,7,3,1,7,0,1,0,0,0,0,0,808685.3548,5815020.689,13.53804845,52.39818221
1,1033101.0,Soldiner Straße                                                                                     ,1300732.0,2018,6,8,2,2,3,6,0,0,0,0,0,0,0,797422.9526,5832534.199,13.38863585,52.56140423
5,5010311.0,Eiswerder,5100313.0,2018,6,20,6,2,5,2,0,1,0,0,0,0,0,785227.6725,5830984.302,13.20789486,52.55403386
5,5010314.0,Carl-Schurz-Straße                                                                                  ,5100316.0,2018,6,20,2,3,5,2,0,0,0,0,0,1,0,785046.1092,5829397.541,13.2038622,52.53990217
1,1011402.0,Arkonaplatz,1100416.0,2018,6,20,2,3,5,2,0,1,0,0,0,0,0,798233.2026,5829630.297,13.39794547,52.53493162
8,8020619.0,Buschkrugallee Nord,8200623.0,2018,7,14,2,3,3,6,0,1,0,0,0,0,0,801552.1074,5820644.527,13.43859623,52.45256457
1,1011102.0,Großer Tiergarten,1100102.0,2018,7,18,2,3,0,7,0,1,0,0,0,0,0,796256.798,5827557.23,13.36704546,52.51742653
1,1011301.0,Charitéviertel,1100308.0,2018,7,18,2,3,1,1,0,1,0,0,0,0,0,797328.5855,5828996.582,13.38408105,52.52974537
2,2020204.0,Urbanstraße,2200210.0,2018,6,14,7,3,5,2,0,1,0,0,0,0,0,798049.5557,5824874.447,13.39098631,52.49240191
2,2040501.0,Barnimkiez,2400520.0,2018,6,18,2,3,5,2,0,1,0,0,0,0,0,799909.9241,5828789.395,13.42183309,52.52647427
7,7020201.0,Bayerischer Platz,7200307.0,2018,7,9,2,3,2,2,0,1,0,0,0,0,0,794961.3584,5824332.151,13.34515258,52.48921812
3,3071536.0,Teutoburger Platz,3701554.0,2018,7,16,2,3,5,2,0,1,0,0,0,0,0,799194.2763,5830030.459,13.41243277,52.53799173
3,3040512.0,Wilhelmsruh,3400619.0,2018,6,17,2,3,5,3,0,1,0,0,0,0,0,795929.8509,5835748.962,13.36954357,52.59103471
4,4030623.0,Ernst-Reuter-Platz,4300622.0,2018,6,10,6,3,5,3,0,1,0,0,0,0,0,793790.6053,5826936.07,13.33025678,52.51319232
1,1011305.0,Heine-Viertel West,1100312.0,2018,7,13,2,3,5,3,0,1,0,0,0,0,0,798968.0137,5827277.611,13.40663169,52.51344065
9,9020502.0,Oberschöneweide Ost,9200511.0,2018,7,15,2,3,4,6,0,1,0,0,0,0,0,807076.5069,5821847.619,13.52074487,52.46027184
6,6040804.0,Krumme Lanke,6400838.0,2018,6,16,2,3,0,2,0,1,0,0,0,0,0,787724.2415,5818254.783,13.23362145,52.43859314
2,2030402.0,Wrangelkiez,2300419.0,2018,7,15,2,3,6,4,0,0,1,0,0,0,0,801766.4515,5825804.475,13.44640957,52.49869581
8,8010301.0,Reuterkiez,8100312.0,2018,7,14,2,3,1,5,0,1,0,0,0,0,0,801275.2668,5824007.708,13.43757126,52.48286237
6,6020410.0,Oberhofer Platz,6200422.0,2018,7,14,2,3,3,6,0,0,0,0,1,0,0,794165.403,5817494.187,13.32743821,52.42834823
3,3020307.0,Buchholz,3200309.0,2018,6,7,6,3,5,2,0,1,0,0,0,0,0,800097.9831,5837573.702,13.43254291,52.60510652
7,7030303.0,Grazer Platz,7300619.0,2018,7,7,2,3,1,5,0,1,0,0,0,0,0,795367.5561,5822150.936,13.34918549,52.46944543
3,3040614.0,Pankow Zentrum                                                                                      ,3400724.0,2018,7,14,2,3,2,6,0,0,0,0,0,0,0,799981.5107,5835110.009,13.42859671,52.5830883
2,2010103.0,Moritzplatz,2100104.0,2018,6,17,5,3,1,5,0,1,0,0,0,0,0,799279.2674,5826121.151,13.41016491,52.50290399
8,8020622.0,Parchimer Allee,8200726.0,2018,6,20,7,2,3,6,1,1,0,0,0,0,0,801259.2608,5819805.55,13.43354316,52.445206
6,6030503.0,Zehlendorf Mitte                                                                                    ,6300526.0,2018,6,13,2,3,5,3,0,1,0,0,0,0,0,789348.292,5817268.96,13.25659337,52.42889794
9,9010401.0,Johannisthal West,9100407.0,2018,6,16,6,3,2,6,0,1,0,0,0,0,0,806333.7071,5820980.886,13.5090511,52.4529207
5,5010314.0,Carl-Schurz-Straße                                                                                  ,5100316.0,2018,7,13,4,3,0,2,0,1,0,0,0,0,0,784832.9529,5829239.796,13.20059252,52.5385993
10,10040932.0,Alt-Mahlsdorf,10400939.0,2018,7,11,4,3,0,1,0,0,0,0,0,0,0,812932.8701,5827910.823,13.61235322,52.51128318
4,4030621.0,Spreestadt,4300620.0,2018,7,16,6,3,5,3,0,1,0,0,0,0,0,793522.6974,5827321.087,13.3266599,52.51678805
2,2040502.0,Friedenstraße,2400521.0,2018,7,13,6,2,3,6,0,0,0,0,0,0,0,801247.2711,5827814.494,13.44060359,52.5169988
1,1033201.0,Brunnenstraße                                                                                       ,1300834.0,2018,7,11,6,3,2,2,0,1,0,0,0,0,0,798082.606,5829987.349,13.39605205,52.5382145
2,2020203.0,Viktoriapark,2200208.0,2018,7,9,4,3,1,5,0,1,0,0,0,0,0,797354.094,5824863.246,13.38076306,52.4926808
5,5010339.0,Freiheit,5100317.0,2018,7,7,6,3,1,5,0,1,0,0,0,0,0,787081.8016,5828217.981,13.23277698,52.52825803
1,1011105.0,Nördlicher Landwehrkanal                                                                            ,1100102.0,2018,7,0,6,3,0,7,2,0,0,0,0,0,0,795325.1369,5826632.31,13.35253436,52.50964066
9,9020701.0,Adlershof West,9200715.0,2018,7,22,6,3,5,3,2,1,0,0,0,0,0,807405.1348,5818330.199,13.52233056,52.42856313
2,2020204.0,Urbanstraße,2200210.0,2018,7,23,4,3,5,2,2,1,0,0,0,0,1,798310.2325,5825310.718,13.39520508,52.49617013
7,7040401.0,Neu-Tempelhof,7400720.0,2018,7,20,6,3,4,6,1,1,0,0,0,0,0,796946.1483,5823100.761,13.37320194,52.47710394
1,1011402.0,Arkonaplatz,1100416.0,2018,7,20,6,3,1,5,0,1,0,0,0,0,0,798790.5853,5829136.374,13.40569464,52.53019904
11,11051229.0,Rummelsburg,11501238.0,2018,7,22,4,3,5,3,2,1,0,0,0,0,1,803700.1944,5826249.349,13.47521406,52.50161046
11,11020515.0,Landsberger Allee,11200514.0,2018,7,19,6,3,5,3,0,1,0,0,0,0,0,804890.9329,5830549.28,13.49664293,52.53948456
8,8010301.0,Reuterkiez,8100311.0,2018,7,19,6,2,1,5,0,1,0,0,0,0,0,800488.9677,5824462.28,13.426437,52.48737013
7,7030301.0,Friedenau,7300517.0,2018,7,19,6,3,5,2,0,1,0,0,0,0,0,793941.2863,5822513.844,13.32856918,52.47346803
2,2010102.0,Mehringplatz,2100103.0,2018,7,19,6,3,5,3,0,0,0,0,0,0,0,798480.5099,5825553.352,13.39792329,52.49825194
2,2010103.0,Moritzplatz,2100105.0,2018,7,0,4,3,5,3,2,1,0,0,0,0,1,799593.7557,5825829.699,13.41452205,52.50011898
12,12214424.0,Scharnweberstraße                                                                                   ,12200309.0,2018,7,20,4,3,5,3,1,1,0,0,0,0,0,793230.906,5832405.52,13.32685935,52.56252447
6,6030609.0,Augustaplatz,6300633.0,2018,7,16,6,3,2,6,0,0,0,0,0,1,0,793212.1001,5819784.832,13.31546705,52.44939511
11,11020513.0,Orankesee,11200512.0,2018,7,17,6,3,4,5,0,1,0,0,0,0,0,804179.7657,5831035.572,13.4866346,52.5442404
1,1044203.0,Leopoldplatz,1401049.0,2018,7,16,6,3,1,1,0,1,0,0,0,0,0,796050.9274,5831991.812,13.36797115,52.55729002
3,3050923.0,Weißenseer Spitze,3500934.0,2018,7,16,4,3,5,2,0,1,0,0,0,0,0,800324.457,5831637.07,13.43049892,52.55177053
9,9010401.0,Johannisthal West,9100407.0,2018,7,16,6,3,3,2,0,1,0,0,0,0,0,806313.8026,5820945.838,13.50872696,52.45261774
7,7030303.0,Grazer Platz,7300619.0,2018,7,16,6,3,5,3,0,1,0,0,0,0,0,794950.2407,5821594.482,13.34256797,52.46468262
1,1011204.0,Leipziger Straße                                                                                    ,1100207.0,2018,7,16,4,3,1,5,0,1,0,0,0,1,1,797849.2641,5826895.302,13.38985244,52.51062578
1,1022206.0,Lüneburger Straße                                                                                   ,1200628.0,2018,7,15,6,3,3,6,0,1,0,0,0,0,0,795796.7677,5828244.914,13.36089716,52.52384071
3,3061126.0,Arnimplatz,3601140.0,2018,7,15,6,3,5,3,0,0,0,1,0,0,0,798418.2035,5831795.341,13.40260995,52.55423691
4,4041239.0,Stadion Wilmersdorf,4400830.0,2018,7,16,4,3,2,7,0,1,0,0,0,0,1,791672.7785,5823354.393,13.29600081,52.48221961
3,3040818.0,Pankow Süd                                                                                          ,3400827.0,2018,7,18,4,3,1,5,0,1,0,0,0,0,1,799253.3904,5832478.467,13.41550776,52.5599018
9,9020502.0,Oberschöneweide Ost,9200511.0,2018,7,14,6,2,6,4,0,0,1,0,0,0,0,807365.5509,5821745.24,13.52489148,52.45919182
3,3071536.0,Teutoburger Platz,3701554.0,2018,7,12,6,3,2,6,0,1,0,0,0,0,0,799068.0796,5829525.729,13.41012345,52.53353685
2,2030402.0,Wrangelkiez,2300419.0,2018,7,12,6,3,1,5,0,0,0,0,1,0,0,801848.9327,5825735.37,13.44755829,52.4980308
11,11040925.0,Victoriastadt,11400927.0,2018,7,7,3,3,5,3,0,1,0,0,0,0,0,803486.6539,5826528.46,13.47233221,52.50423087
1,1022206.0,Lüneburger Straße                                                                                   ,1200628.0,2018,7,18,3,3,5,2,0,1,0,0,0,0,0,795703.6173,5828178.103,13.35946877,52.52329234
3,3061429.0,Greifswalder Straße,3601449.0,2018,7,12,6,3,5,3,0,1,0,0,0,0,0,802023.0738,5830445.154,13.45439163,52.54014829
1,1011303.0,Alexanderplatzviertel,1100310.0,2018,7,23,3,3,5,2,2,0,0,0,0,1,1,799761.2637,5828637.936,13.41951182,52.52519844
4,4030623.0,Ernst-Reuter-Platz,4300622.0,2018,7,15,3,3,5,2,0,1,0,0,0,0,0,793586.03,5826420.756,13.32679626,52.50868293
2,2010101.0,Askanischer Platz,2100101.0,2018,7,14,3,2,5,2,0,0,0,0,1,0,0,797034.4751,5825879.369,13.37697535,52.5019633
2,2030302.0,Lausitzer Platz,2300316.0,2018,7,19,6,3,1,5,0,1,0,0,0,1,0,801495.4046,5826064.002,13.44266379,52.50117179
6,6020411.0,Schütte-Lanz-Straße                                                                                 ,6200423.0,2018,7,11,3,3,5,2,0,1,0,0,0,0,0,793713.5802,5815759.736,13.31928943,52.41304206
2,2050801.0,Traveplatz,2500832.0,2018,7,0,5,3,2,6,2,0,0,1,0,0,0,803634.5675,5827371.944,13.47527407,52.51170852
3,3071633.0,Thälmannpark,3701657.0,2018,7,9,3,3,5,3,0,1,0,0,0,0,0,800113.8716,5830737.388,13.42658935,52.5438225
10,10010308.0,Marzahner Chaussee,10100311.0,2018,7,9,5,2,5,3,0,1,0,0,0,0,0,807517.9851,5828997.42,13.5338208,52.52410076
11,11010308.0,Zingster Straße Ost,11100307.0,2018,7,19,1,3,1,5,0,1,0,0,0,0,0,805040.5682,5833872.389,13.50189579,52.56918373
2,2050804.0,Stralauer Halbinsel,2500836.0,2018,7,9,5,3,5,7,0,1,0,0,0,0,0,803230.5077,5825631.095,13.46775294,52.49633034
4,4030620.0,Alt-Lietzow,4300619.0,2018,7,9,5,3,5,2,0,1,0,0,0,0,0,792764.3411,5827047.279,13.31527494,52.51474109
8,8010117.0,Schillerpromenade,8100102.0,2018,7,3,1,3,0,7,2,0,0,0,0,0,0,800573.2591,5823261.144,13.42659177,52.4765575
2,2050802.0,Boxhagener Platz,2500833.0,2018,7,8,3,3,5,2,0,1,0,0,0,0,0,802074.846,5827362.473,13.45235233,52.51248959
1,1011305.0,Heine-Viertel West,1100312.0,2018,7,8,5,3,1,7,0,1,0,0,0,0,0,798889.0064,5827153.791,13.40535969,52.51237408
9,9020502.0,Oberschöneweide Ost,9200511.0,2018,7,14,7,3,0,2,0,1,0,0,0,0,0,806810.1202,5821999.212,13.51697572,52.46178008
3,3020307.0,Buchholz,3200309.0,2018,7,6,5,3,5,3,0,1,0,0,0,0,0,800456.0984,5836188.59,13.43655827,52.59249387
4,4020204.0,Olympiagelände,4200203.0,2018,7,22,7,3,5,3,2,1,0,0,0,0,0,788308.4722,5826875.263,13.2496453,52.51557264
1,1022104.0,Emdener Straße                                                                                      ,1200520.0,2018,7,14,5,2,5,3,0,1,0,0,0,0,0,794571.7758,5828742.071,13.34333418,52.52896058
4,4030827.0,Karl-August-Platz,4300623.0,2018,7,11,3,2,5,3,0,1,0,0,0,0,0,792401.1875,5826525.273,13.30947995,52.51025626
2,2030301.0,Oranienplatz,2300314.0,2018,7,20,7,3,5,7,1,1,0,0,0,0,0,800108.2802,5825756.261,13.4220129,52.49917802
2,2020204.0,Urbanstraße,2200210.0,2018,7,19,7,3,1,5,0,1,0,0,0,0,0,798294.6641,5824841.344,13.39455617,52.49197129
3,3061434.0,Anton-Saefkow-Park,3601451.0,2018,7,12,3,3,5,3,0,1,0,0,0,0,0,801462.4578,5829791.211,13.44555722,52.53459739
10,10010309.0,Springpfuhl,10100312.0,2018,7,18,7,3,5,2,0,1,0,0,0,0,0,807940.7434,5829230.257,13.54024799,52.52594884
4,4020314.0,Messegelände,4200311.0,2018,7,14,3,3,0,1,0,0,0,0,0,0,0,790550.6819,5825359.498,13.28127233,52.50079382
8,8010404.0,Rixdorf,8100417.0,2018,7,14,7,3,3,6,0,0,0,0,0,1,0,802455.222,5823185.403,13.45414837,52.47483973
11,11041022.0,Rosenfelder Ring,11401032.0,2018,7,3,5,3,0,7,2,0,0,0,0,0,0,806612.5233,5827512.851,13.51914839,52.51130569
2,2050802.0,Boxhagener Platz,2500833.0,2018,7,10,5,2,0,1,0,0,0,0,0,0,0,802256.6422,5827116.518,13.4547997,52.5101844
4,4020311.0,Reichsstraße,4200309.0,2018,7,12,5,3,0,7,0,0,0,0,0,0,0,789015.9923,5827054.202,13.26019825,52.5168024
9,9020702.0,Adlershof Ost,9200717.0,2018,7,21,3,3,1,5,1,1,0,0,0,0,0,809078.4759,5819624.595,13.54806018,52.43922077
6,6010208.0,Bergstraße                                                                                          ,6100208.0,2018,7,18,5,3,1,6,0,1,0,0,0,0,0,794608.8809,5820324.524,13.33643702,52.45348226
6,6040805.0,Fischerhüttenstraße                                                                                 ,6400839.0,2018,7,19,5,3,1,5,0,0,0,0,0,1,0,788689.0449,5818368.589,13.24787373,52.43910503
2,2030302.0,Lausitzer Platz,2300316.0,2018,7,22,5,3,5,2,2,1,0,0,0,0,0,801469.455,5826032.938,13.44225454,52.5009077
12,12214125.0,Waldidyll/Flughafensee,12200412.0,2018,7,22,2,3,0,3,2,1,0,0,0,0,0,791381.0661,5833134.436,13.30028756,52.57005216
6,6020302.0,Komponistenviertel Lankwitz,6200312.0,2018,7,9,7,3,4,6,0,1,0,0,0,0,0,794463.2954,5818028.007,13.33227696,52.43297346
11,11020411.0,Malchower Weg,11200410.0,2018,7,15,5,3,6,7,0,0,1,0,0,0,0,805067.8454,5832856.375,13.50136281,52.5600626
2,2030301.0,Oranienplatz,2300314.0,2018,7,20,2,3,3,6,0,1,0,0,0,0,0,800131.5117,5825762.254,13.4223595,52.49921896
7,7010104.0,Dennewitzplatz,7100206.0,2018,7,18,5,3,5,2,0,0,0,0,0,1,0,796681.7515,5824820.982,13.3708515,52.49266779
4,4051445.0,Eisenzahnstraße,4500939.0,2018,7,19,2,3,5,2,0,1,0,0,0,0,0,792433.9159,5824092.808,13.30782495,52.48843224
2,2040502.0,Friedenstraße,2400521.0,2018,7,18,2,3,6,4,0,0,1,0,0,0,0,800734.8765,5828488.325,13.4336843,52.52332129
11,11041128.0,Sewanstraße,11401136.0,2018,7,9,7,3,5,2,0,1,0,0,0,0,0,805885.3188,5825856.221,13.50694436,52.49686665
3,3040614.0,Pankow Zentrum                                                                                      ,3400723.0,2018,7,18,2,3,5,2,0,1,0,0,0,0,0,798609.4511,5833050.366,13.40655163,52.56538152
1,1033203.0,Humboldthain Nordwest                                                                               ,1300836.0,2018,7,19,5,2,0,1,0,0,0,0,0,0,0,796477.7494,5829934.71,13.37241214,52.53861812
6,6040810.0,Dahlem,6400844.0,2018,7,9,7,3,5,2,0,1,0,0,0,0,0,790387.9079,5820839.826,13.27494459,52.46036086
1,1011303.0,Alexanderplatzviertel,1100310.0,2018,7,23,7,3,6,4,2,0,1,0,0,0,0,799501.8846,5828350.133,13.41544084,52.52276127
4,4051655.0,Babelsberger Straße,4501153.0,2018,7,17,5,3,5,2,0,1,0,0,0,0,0,793862.3474,5823228.992,13.32804051,52.47992151
7,7030301.0,Friedenau,7300516.0,2018,7,17,5,3,0,2,0,1,0,0,0,0,0,793996.6196,5821570.156,13.32854992,52.4649785
1,1044101.0,Rehberge,1400937.0,2018,7,14,2,3,3,6,0,0,0,0,0,1,0,791752.435,5831102.968,13.30396546,52.55164171
2,2020204.0,Urbanstraße,2200210.0,2018,7,20,2,2,5,3,0,1,0,0,0,0,0,798317.1063,5824984.908,13.39501428,52.4932459
2,2040502.0,Friedenstraße,2400521.0,2018,7,8,6,2,5,2,0,0,0,0,0,1,0,801250.8631,5827844.601,13.44068363,52.51726667
11,11030720.0,Herzbergstraße,11300721.0,2018,7,17,5,3,5,3,0,1,0,0,0,0,0,804920.1109,5829935.206,13.49650839,52.53396463
8,8010301.0,Reuterkiez,8100312.0,2018,7,17,5,3,5,2,0,1,0,0,0,0,0,801412.807,5824468.793,13.44000745,52.48691926
2,2020203.0,Viktoriapark,2200209.0,2018,7,6,6,3,5,2,0,1,0,0,0,0,0,797101.4674,5824478.345,13.37670986,52.48936812
8,8010213.0,Körnerpark,8100208.0,2018,7,16,6,3,2,7,0,1,0,0,0,0,0,801648.0562,5822529.694,13.44170746,52.46940883
11,11020412.0,Hauptstraße,11200411.0,2018,7,17,2,2,1,5,0,1,0,0,0,0,0,804909.2732,5831700.842,13.49796955,52.54979507
1,1011304.0,Karl-Marx-Allee,1100311.0,2018,7,15,5,3,5,2,0,0,0,0,1,0,0,799676.2617,5827574.434,13.41730454,52.51571255
7,7020202.0,Volkspark (Rudolf-Wilde-Park),7200308.0,2018,7,17,2,3,5,2,0,1,0,0,0,0,0,795216.5623,5823538.931,13.34819774,52.4819695
4,4030827.0,Karl-August-Platz,4300623.0,2018,7,22,6,3,6,4,2,1,1,0,0,0,0,792420.0716,5826104.023,13.30938735,52.50646974
2,2040701.0,Andreasviertel,2400623.0,2018,7,8,2,3,3,6,0,0,0,0,1,0,0,800587.0945,5827030.415,13.43019551,52.51033513
8,8010404.0,Rixdorf,8100415.0,2018,7,16,6,3,5,2,0,1,0,0,0,0,0,802030.6274,5823470.596,13.44817428,52.47763089
4,4010103.0,Paul-Hertz-Siedlung,4100102.0,2018,7,16,5,3,5,2,0,1,0,0,0,0,0,791429.789,5829183.339,13.29753619,52.53460531
10,10030725.0,Buckower Ring,10300732.0,2018,7,17,6,3,5,3,0,1,0,0,0,0,0,809906.9779,5829668.928,13.56954692,52.52876598
7,7040403.0,Manteuffelstraße                                                                                    ,7400824.0,2018,7,16,6,3,5,3,0,0,0,0,0,1,0,797864.806,5821786.266,13.3855146,52.46482072
2,2020206.0,Graefekiez,2200213.0,2018,7,14,5,3,0,4,0,0,1,0,0,0,0,799658.791,5825210.576,13.41492028,52.49453377
6,6030609.0,Augustaplatz,6300633.0,2018,7,11,2,3,1,5,0,1,0,0,0,0,0,792995.7753,5819676.239,13.31219775,52.44853758
6,6010209.0,Feuerbachstraße                                                                                     ,6100209.0,2018,7,15,6,2,5,3,0,1,0,0,0,0,0,794681.2912,5821654.622,13.33867366,52.46536686
3,3050924.0,Behaimstraße,3500935.0,2018,7,13,5,3,1,5,0,1,0,0,0,0,0,801482.5415,5831232.08,13.4471599,52.54750086
9,9041501.0,Altstadt Kietz,9401534.0,2018,7,17,5,3,6,7,0,0,1,0,0,0,0,811172.5035,5820369.732,13.57946091,52.44471102
6,6020409.0,Königsberger Straße                                                                                 ,6200421.0,2018,7,12,2,3,1,5,0,1,0,0,0,0,0,793027.2926,5816833.156,13.31016801,52.42303294
9,9051901.0,Dammvorstadt,9501941.0,2018,7,15,6,3,5,2,0,1,0,0,0,0,0,811704.0248,5821147.723,13.58798188,52.45138022
4,4030415.0,Schloßgarten,4300412.0,2018,7,13,2,3,5,2,0,1,0,0,0,0,0,790797.7448,5827378.09,13.28666539,52.51875892
6,6040703.0,Nikolassee,6400737.0,2018,7,15,2,3,5,7,0,1,0,0,0,0,0,784495.9179,5817237.221,13.18539179,52.43115838
9,9051801.0,Rahnsdorf/Hessenwinkel,9501838.0,2018,7,10,4,3,4,6,0,0,0,0,0,0,0,822060.5092,5819318.812,13.73810011,52.42899197
3,3010104.0,Lietzengraben,3100101.0,2018,7,22,4,3,5,2,2,1,0,0,0,0,0,801104.6927,5839072.674,13.44872782,52.61798506
9,9010402.0,Johannisthal Ost,9100408.0,2018,7,12,6,3,5,2,0,1,0,0,0,0,0,806452.0564,5820712.775,13.51054128,52.45045145
6,6040808.0,Hüttenweg,6400842.0,2018,7,21,4,3,5,3,2,1,0,0,0,0,0,790135.2543,5819771.027,13.27030765,52.45091298
3,3020209.0,Niederschönhausen,3200205.0,2018,7,21,4,3,5,2,0,1,0,0,0,0,0,798074.9335,5835807.668,13.40116829,52.59038965
5,5010209.0,An der Kappe,5100211.0,2018,7,12,6,3,0,1,0,0,0,0,0,0,0,783537.4745,5829161.625,13.18147609,52.53857404
1,1011202.0,Unter den Linden Nord,1100206.0,2018,7,7,2,3,3,6,0,0,0,0,0,1,0,797168.0641,5827641.937,13.38051126,52.51769005
3,3020307.0,Buchholz,3200310.0,2018,7,18,4,3,5,3,0,1,0,0,0,0,0,799425.3842,5837877.187,13.42291521,52.60819759
12,12103219.0,Schäfersee,12100204.0,2018,7,11,6,3,1,5,0,1,0,0,0,0,0,794833.7179,5832867.648,13.35084688,52.56580152
9,9020701.0,Adlershof West,9200715.0,2018,7,8,2,3,2,6,0,1,0,0,0,0,0,808411.3402,5818728.999,13.53745062,52.43157096
4,4051652.0,Nikolsburger Platz,4501149.0,2018,7,17,4,3,5,2,0,1,0,0,0,0,0,793448.3832,5824501.578,13.32308285,52.49155235
3,3061227.0,Humannplatz,3601243.0,2018,7,8,2,3,0,3,0,1,0,0,0,0,0,799495.3387,5831781.735,13.41843754,52.55352373
3,3020210.0,Herthaplatz,3200207.0,2018,7,17,4,3,5,3,0,1,0,0,0,0,0,798492.4517,5835387.465,13.40693468,52.58639424
3,3030715.0,Heinersdorf,3300516.0,2018,7,9,6,3,5,2,0,1,0,0,0,0,0,800351.3646,5833765.71,13.43282122,52.57083511
2,2050802.0,Boxhagener Platz,2500833.0,2018,7,20,4,2,6,4,0,0,1,0,0,0,0,802344.0737,5827093.823,13.45606346,52.50993253
3,3061227.0,Humannplatz,3601243.0,2018,7,6,6,3,5,3,0,1,0,0,0,0,0,799748.815,5831751.385,13.42213756,52.55311225
1,1011301.0,Charitéviertel,1100308.0,2018,7,8,4,3,0,2,0,1,0,0,0,0,0,797131.0111,5827859.577,13.38016119,52.51966114
9,9041301.0,Kietzer Feld/Nachtheide                                                                             ,9401329.0,2018,7,19,1,3,3,6,0,1,0,0,0,0,1,811411.0059,5819603.296,13.58224457,52.43770682
6,6020304.0,Kaiser-Wilhelm-Straße                                                                               ,6200314.0,2018,7,16,4,3,5,2,0,1,0,0,0,0,0,795065.3977,5818152.215,13.3412174,52.43376247
3,3050925.0,Komponistenviertel Weißensee,3500936.0,2018,7,19,5,3,5,3,0,1,0,0,0,0,1,802772.6669,5831545.336,13.46641338,52.54959305
3,3051021.0,Buschallee,3501037.0,2018,7,15,4,3,5,2,0,1,0,0,0,0,0,803155.0258,5832211.022,13.47264297,52.55534675
11,11051331.0,Karlshorst Nord,11501340.0,2018,7,17,1,3,1,5,0,1,0,0,0,0,0,808067.384,5823793.214,13.53707919,52.47715073
8,8020727.0,Buckow Mitte,8200832.0,2018,7,13,1,3,3,6,0,1,0,0,0,0,0,801611.6568,5817419.257,13.43655962,52.42362263
1,1011302.0,Oranienburger Straße                                                                                ,1100309.0,2018,7,21,5,3,5,2,2,1,0,0,0,0,1,798666.2841,5828556.397,13.40334673,52.52506848
3,3020307.0,Buchholz,3200308.0,2018,7,15,4,3,0,7,0,0,0,0,0,0,0,798977.4654,5837833.365,13.41628065,52.60805134
9,9041601.0,Müggelheim,9401635.0,2018,7,9,1,2,5,3,0,1,0,0,0,0,0,817078.73,5817101.86,13.66297394,52.41203669
11,11030618.0,Fennpfuhl West,11300619.0,2018,7,15,4,3,5,3,0,1,0,0,0,0,0,803417.6749,5828790.645,13.47338175,52.52454468
11,11030618.0,Fennpfuhl West,11300618.0,2018,7,23,5,3,5,3,2,1,0,0,0,0,1,802425.8438,5828888.784,13.45889632,52.52597533
3,3061430.0,Volkspark Prenzlauer Berg,3601450.0,2018,7,15,5,2,5,2,0,1,0,0,0,0,1,801966.278,5829731.856,13.45290858,52.5337865
12,12304314.0,Ziekowstraße/Freie Scholle,12500824.0,2018,7,15,5,3,2,2,0,1,0,0,0,0,1,790667.3776,5835480.804,13.29184458,52.59146857
7,7010104.0,Dennewitzplatz,7100205.0,2018,7,22,4,3,0,1,2,0,0,0,0,0,0,796216.8806,5825331.269,13.36447815,52.49749453
2,2020206.0,Graefekiez,2200213.0,2018,7,1,1,3,1,5,2,1,0,0,0,0,0,799952.5144,5824756.392,13.4188249,52.49030138