district,LOR,street,LOR_2021,year,month,hour,weekday,category,accident_kind,accident_type,light_condition,car,pedestrian,motorcycle,goods_vehicle,others,road_condition,LINREFX,LINREFY,XGCSWGS84,YGCSWGS84
2,2050602.0,Samariterviertel,2500728.0,2018,7,18,7,3,5,2,0,1,0,0,0,0,0,803084.9583,5827631.234,13.4674363,52.51433814
1,1033101.0,Soldiner Straße                                                                                     ,1300732.0,2018,7,13,4,3,5,2,0,1,0,0,0,0,0,797337.4683,5832358.795,13.38722134,52.55987865
1,1011301.0,Charitéviertel,1100308.0,2018,7,21,7,3,0,1,1,0,0,0,0,0,0,796679.5459,5829749.14,13.3752131,52.53684486
4,4030623.0,Ernst-Reuter-Platz,4300622.0,2018,7,12,4,3,5,2,0,0,0,0,1,0,0,793794.2019,5826919.805,13.33029527,52.51304457
2,2010101.0,Askanischer Platz,2100101.0,2018,7,11,4,3,5,2,0,1,0,0,0,0,0,797858.107,5825635.107,13.38885494,52.49932482
1,1033201.0,Brunnenstraße                                                                                       ,1300834.0,2018,7,20,7,3,5,3,0,1,0,0,0,0,0,798508.1782,5830232.657,13.40252854,52.54018039
12,12214125.0,Waldidyll/Flughafensee,12200414.0,2018,7,18,7,3,5,2,0,1,0,0,0,0,0,791906.2974,5831504.651,13.30658148,52.55516024
11,11010310.0,Mühlengrund,11100309.0,2018,7,10,4,3,5,2,0,1,0,0,0,0,0,805419.3122,5833322.524,13.50696041,52.56404334
4,4031032.0,Halensee,4500938.0,2018,7,11,5,3,5,2,0,1,0,0,0,0,1,792069.2581,5824913.334,13.30318895,52.49598335
1,1011302.0,Oranienburger Straße                                                                                ,1100309.0,2018,7,10,4,3,1,5,0,1,0,0,0,0,0,797880.8354,5828338.31,13.39160824,52.52354331
9,9052001.0,Köpenick Nord                                                                                       ,9502043.0,2018,7,18,7,3,5,2,0,1,0,0,0,0,0,811252.0203,5822281.31,13.5824086,52.46179639
1,1022101.0,Huttenkiez,1200517.0,2018,7,10,4,3,5,2,0,1,0,0,0,0,0,793291.94,5829029.876,13.32477602,52.53223071
2,2020204.0,Urbanstraße,2200210.0,2018,7,10,4,3,5,2,0,1,0,0,0,0,0,798005.5156,5825273.365,13.39069639,52.49600177
2,2010102.0,Mehringplatz,2100102.0,2018,7,9,5,3,1,5,0,0,0,0,0,1,1,797999.792,5825967.404,13.39123332,52.5022261
9,9051701.0,Hirschgarten,9501736.0,2018,7,18,7,2,3,6,0,1,0,0,0,0,0,812694.0189,5821273.356,13.60262028,52.45194072
4,4030929.0,Hindemithplatz,4501040.0,2018,7,9,4,3,0,7,0,1,0,0,0,0,0,792427.923,5825775.944,13.30921453,52.50352439
2,2040502.0,Friedenstraße,2400521.0,2018,7,17,7,3,5,3,0,0,0,1,0,0,0,801248.424,5827823.23,13.44062844,52.51707646
1,1011204.0,Leipziger Straße                                                                                    ,1100207.0,2018,7,8,5,3,5,2,0,1,0,0,0,0,1,798490.6881,5826659.538,13.3990644,52.50816187
5,5010207.0,Darbystraße                                                                                         ,5100209.0,2018,7,17,7,3,5,3,0,1,0,0,0,0,0,783279.8923,5830688.639,13.17899082,52.55239952
12,12214422.0,Klixstraße                                                                                          ,12200310.0,2018,7,8,4,3,5,3,0,1,0,0,0,0,0,792095.6933,5832969.645,13.3106567,52.56819186
1,1011203.0,Unter den Linden Süd,1100206.0,2018,7,8,4,3,1,5,0,1,0,0,0,0,0,797651.1645,5827031.727,13.38706406,52.5119568
7,7040401.0,Neu-Tempelhof,7400721.0,2018,7,8,4,3,5,2,0,1,0,0,0,0,0,798735.9318,5823947.705,13.40023521,52.48371968
2,2040701.0,Andreasviertel,2400623.0,2018,7,7,4,3,5,2,0,1,0,0,0,0,0,800310.3304,5827625.699,13.42666686,52.51582329
3,3030711.0,Blankenburg,3300514.0,2018,7,7,4,3,5,3,0,1,0,0,0,0,0,801570.3087,5837855.683,13.45447525,52.60681918
3,3071536.0,Teutoburger Platz,3701554.0,2018,7,15,7,2,0,1,0,0,0,0,0,0,0,799108.2738,5829219.574,13.41043877,52.53077058
5,5010339.0,Freiheit,5100317.0,2018,7,14,7,3,1,1,0,1,0,0,0,1,0,786366.2098,5828455.357,13.22246184,52.53076267
2,2020203.0,Viktoriapark,2200209.0,2018,7,6,5,2,5,3,1,1,0,0,0,0,1,797757.507,5824596.935,13.38644945,52.49007372
11,11040926.0,Weitlingstraße,11400931.0,2018,7,12,4,3,6,4,0,0,1,0,0,0,0,806000.8011,5827075.579,13.50976064,52.50773022
1,1011303.0,Alexanderplatzviertel,1100310.0,2018,7,13,7,3,1,5,0,1,0,0,0,0,0,798998.8281,5828615.16,13.40828662,52.52541294
6,6020410.0,Oberhofer Platz,6200422.0,2018,7,23,4,3,5,3,2,1,0,0,0,0,1,794099.1293,5817410.087,13.32639232,52.42762993
2,2050601.0,Hausburgviertel,2500726.0,2018,7,9,4,3,5,2,0,1,0,0,0,0,0,801868.8676,5829008.274,13.45081981,52.52735498
7,7010103.0,Barbarossaplatz,7100204.0,2018,7,13,7,3,4,6,0,1,0,0,0,0,0,795512.7051,5824871.259,13.35372729,52.49375265
7,7040405.0,Rathaus Tempelhof,7400927.0,2018,7,12,7,3,1,5,0,0,0,0,1,0,0,798031.6781,5822047.343,13.38819683,52.46706998
9,9052001.0,Köpenick Nord                                                                                       ,9502043.0,2018,7,6,4,3,5,2,0,1,0,0,0,0,0,810364.158,5823538.992,13.57055203,52.47357224
5,5040935.0,Groß-Glienicker Weg,5400942.0,2018,7,16,4,3,5,2,0,1,0,0,0,0,1,782283.8462,5820430.861,13.15564051,52.46094058
10,10040933.0,Mahlsdorf Süd                                                                                       ,10400940.0,2018,7,16,4,3,5,3,0,1,0,0,0,0,0,812971.702,5826707.882,13.61179279,52.5004813
6,6040805.0,Fischerhüttenstraße                                                                                 ,6400839.0,2018,7,12,7,3,5,3,0,1,0,0,0,0,0,789258.4874,5818046.419,13.25594883,52.43591573
9,9041301.0,Kietzer Feld/Nachtheide                                                                             ,9401329.0,2018,7,13,3,3,5,3,0,1,0,0,0,0,0,811749.6966,5819775.758,13.58737173,52.4390594
11,11010310.0,Mühlengrund,11100309.0,2018,7,16,3,3,6,4,0,0,1,0,0,0,0,805340.6657,5833268.113,13.50575368,52.5635998
4,4030929.0,Hindemithplatz,4501040.0,2018,7,15,4,2,2,6,0,0,0,0,1,0,0,792364.3168,5825398.419,13.30794865,52.50017405
7,7010102.0,Nollendorfplatz,7100102.0,2018,7,11,7,3,0,5,0,1,0,0,0,0,0,795189.7155,5825417.708,13.34946791,52.49882594
7,7060604.0,Marienfelde Süd,7601339.0,2018,7,17,3,3,5,3,0,0,0,0,0,0,0,795818.6664,5815351.018,13.34978874,52.40824463
9,9051801.0,Rahnsdorf/Hessenwinkel,9501838.0,2018,7,10,7,2,5,3,0,1,0,0,0,0,0,819386.3494,5820522.065,13.70005202,52.44134067
9,9051702.0,Bölschestraße,9501737.0,2018,7,13,4,3,0,2,0,0,0,0,0,1,0,815059.662,5821927.27,13.63793426,52.45644214
6,6010207.0,Mittelstraße                                                                                        ,6100207.0,2018,7,14,3,3,0,6,0,0,0,0,0,1,0,793879.93,5820485.892,13.32588264,52.45532127
5,5010207.0,Darbystraße                                                                                         ,5100209.0,2018,7,14,5,3,6,7,0,0,1,0,0,0,0,783703.6052,5830184.201,13.18479238,52.54765613
1,1011203.0,Unter den Linden Süd,1100206.0,2018,7,13,3,2,5,3,0,1,0,0,0,0,0,798042.3656,5827396.72,13.39313845,52.51501489
6,6030502.0,Zehlendorf Süd                                                                                      ,6300525.0,2018,7,14,5,3,5,3,0,1,0,0,0,0,0,789714.0537,5815446.453,13.26037982,52.4123648
1,1033102.0,Gesundbrunnen,1300733.0,2018,7,12,5,3,5,3,0,0,0,1,0,0,0,797554.0889,5831891.514,13.38998847,52.55557175
9,9010301.0,Baumschulenstraße,9100305.0,2018,7,12,3,3,0,3,0,1,0,0,0,0,0,804931.4743,5822551.129,13.48991436,52.46777823
12,12231102.0,Frohnau,12400721.0,2018,7,9,3,3,1,5,0,1,0,0,0,0,0,790259.9519,5840223.6,13.29000837,52.63420453
4,4031032.0,Halensee,4500938.0,2018,7,9,5,3,5,2,0,1,0,0,0,0,0,791578.0102,5824880.66,13.29594469,52.4959531
3,3061228.0,Erich-Weinert-Straße,3601245.0,2018,7,7,3,3,5,2,0,1,0,0,0,0,0,800293.1595,5831557.077,13.42996636,52.55107079
1,1011202.0,Unter den Linden Nord,1100206.0,2018,7,21,7,3,0,1,2,1,0,0,0,0,1,797562.8704,5827892.291,13.38653646,52.5197189
7,7030303.0,Grazer Platz,7300619.0,2018,7,9,5,3,5,2,0,1,0,0,0,0,0,795351.5498,5821418.003,13.34830182,52.46288383
2,2030402.0,Wrangelkiez,2300419.0,2018,7,8,3,2,1,5,0,0,0,0,0,1,0,801556.7882,5825888.8,13.44340671,52.49956752
12,12103219.0,Schäfersee,12100204.0,2018,7,7,5,3,5,2,0,1,0,0,0,0,0,795051.0311,5832461.86,13.35368283,52.56204626
6,6030608.0,Schweizer Viertel,6300632.0,2018,7,17,6,3,2,2,0,1,0,0,0,0,0,791043.0357,5816474.952,13.2807585,52.42088055
1,1011303.0,Alexanderplatzviertel,1100310.0,2018,7,6,5,3,5,3,0,0,0,0,0,1,0,799334.2321,5828610.671,13.41321168,52.52518867
11,11041128.0,Sewanstraße,11401135.0,2018,7,13,6,3,2,2,0,1,0,0,0,0,0,806411.0403,5825633.2,13.51445916,52.49457299
2,2040502.0,Friedenstraße,2400521.0,2018,7,2,3,3,0,1,2,0,0,0,0,0,0,800751.2754,5828477.226,13.43391524,52.52321277
12,12214424.0,Scharnweberstraße                                                                                   ,12200309.0,2018,7,6,5,3,1,5,0,1,0,0,0,1,0,793193.4781,5832622.342,13.32650038,52.56448832
8,8041035.0,Blumenviertel,8401241.0,2018,7,18,2,3,0,1,0,0,0,0,0,0,0,803954.8931,5819036.122,13.47238353,52.43681794
1,1011302.0,Oranienburger Straße                                                                                ,1100309.0,2018,7,0,5,3,1,5,2,0,0,1,0,0,0,798938.0522,5828950.996,13.40769538,52.52845655
6,6040703.0,Nikolassee,6400737.0,2018,7,12,6,3,5,2,0,1,0,0,0,0,0,786748.7733,5817511.889,13.21867331,52.43244476
8,8010303.0,Donaustraße,8100314.0,2018,7,18,4,3,2,2,0,1,0,0,0,0,0,801025.7738,5823879.254,13.43379238,52.48184859
2,2010103.0,Moritzplatz,2100104.0,2018,7,10,6,3,1,5,0,1,0,0,0,0,0,799585.5207,5826100.842,13.41464503,52.50255389
1,1022104.0,Emdener Straße                                                                                      ,1200520.0,2018,7,11,4,3,5,2,0,1,0,0,0,0,0,794554.2348,5829045.88,13.34334554,52.5316935
1,1011303.0,Alexanderplatzviertel,1100310.0,2018,7,8,6,3,5,2,0,1,0,0,0,0,0,799130.7091,5828465.461,13.4100901,52.52399877
9,9020501.0,Oberschöneweide West,9200510.0,2018,7,8,6,3,0,2,0,1,0,0,0,0,0,806598.9764,5822748.708,13.51456622,52.46861581
3,3071536.0,Teutoburger Platz,3701554.0,2018,7,14,6,3,5,2,0,1,0,0,0,0,0,799195.1814,5830030.784,13.41244637,52.53799415
9,9020502.0,Oberschöneweide Ost,9200511.0,2018,7,15,4,3,2,6,0,0,0,0,0,1,0,807361.8671,5822342.485,13.52538737,52.46454652
1,1011204.0,Leipziger Straße                                                                                    ,1100207.0,2018,7,14,4,3,6,4,0,0,1,0,0,0,0,797888.7856,5826658.555,13.39022119,52.50848205
2,2030302.0,Lausitzer Platz,2300316.0,2018,7,7,6,3,1,5,0,1,0,0,0,0,0,801175.342,5826255.928,13.43813649,52.50306881
7,7010104.0,Dennewitzplatz,7100206.0,2018,7,8,2,3,4,6,0,0,0,0,0,0,0,796844.4795,5824778.693,13.37320362,52.49220024
1,1033201.0,Brunnenstraße                                                                                       ,1300834.0,2018,7,17,6,3,0,7,0,0,0,0,0,0,0,797797.6005,5830493.55,13.392316,52.54290776
1,1022104.0,Emdener Straße                                                                                      ,1200519.0,2018,7,7,2,3,5,7,0,1,0,0,0,0,0,793590.7558,5829126.555,13.32925398,52.53293651
10,10010311.0,Landsberger Tor,10100316.0,2018,7,13,4,3,5,2,0,1,0,0,0,0,0,810062.4087,5831666.791,13.57369485,52.54658143
7,7040403.0,Manteuffelstraße                                                                                    ,7400823.0,2018,7,12,6,3,0,5,0,0,0,0,0,1,0,797287.3341,5821192.66,13.37651063,52.45981413
5,5030730.0,Zitadellenweg,5300736.0,2018,7,11,6,2,0,2,0,1,0,0,0,0,0,785889.9298,5829232.206,13.21612804,52.53797775
1,1011401.0,Invalidenstraße                                                                                     ,1100415.0,2018,7,20,2,3,3,6,0,1,0,0,0,0,0,798339.8192,5829326.499,13.39923999,52.53215014
2,2010102.0,Mehringplatz,2100103.0,2018,7,12,4,3,2,6,0,1,0,0,0,0,0,798470.7738,5825552.375,13.39777941,52.4982485
2,2040701.0,Andreasviertel,2400623.0,2018,7,11,4,2,5,3,0,0,0,0,0,1,0,800274.0306,5827632.433,13.4261396,52.51590364
6,6010205.0,Südende,6100205.0,2018,7,7,6,2,5,2,0,0,0,0,1,0,0,795313.4474,5819983.031,13.34647342,52.4500408
4,4041241.0,Breite Straße,4400832.0,2018,7,17,2,3,5,2,0,1,0,0,0,0,0,791622.1445,5822439.606,13.29445728,52.47404562
3,3030405.0,Karow Nord                                                                                          ,3300411.0,2018,7,21,6,3,5,3,1,0,0,0,0,0,1,803759.6805,5839301.749,13.48803449,52.61856056
3,3020209.0,Niederschönhausen,3200206.0,2018,7,15,2,3,5,3,0,1,0,0,0,0,0,798074.1058,5834704.588,13.40016386,52.58050261
4,4030623.0,Ernst-Reuter-Platz,4300622.0,2018,7,14,2,3,5,2,0,1,0,0,0,0,0,793310.2339,5827215.865,13.32344502,52.51595909
7,7040401.0,Neu-Tempelhof,7400721.0,2018,7,19,6,2,6,4,0,0,1,0,0,0,0,797884.473,5823868.09,13.38766249,52.4834712
6,6020304.0,Kaiser-Wilhelm-Straße                                                                               ,6200314.0,2018,7,14,2,3,1,5,0,1,0,0,0,0,0,794731.3128,5818047.932,13.33622546,52.43300773
8,8010301.0,Reuterkiez,8100311.0,2018,7,20,6,3,1,5,0,1,0,0,0,0,0,800607.251,5824419.714,13.42813537,52.48692348
1,1011105.0,Nördlicher Landwehrkanal                                                                            ,1100102.0,2018,7,9,4,3,0,5,0,1,0,0,0,0,0,796705.6063,5826841.482,13.3730021,52.5107666
4,4030929.0,Hindemithplatz,4501040.0,2018,7,13,2,3,1,5,0,1,0,0,0,0,0,792341.0137,5825888.26,13.30803639,52.50457784
2,2030301.0,Oranienplatz,2300417.0,2018,7,19,6,3,2,4,1,0,1,0,0,0,0,800093.4984,5825671.844,13.42171974,52.49842948
2,2020204.0,Urbanstraße,2200210.0,2018,7,18,4,3,5,2,0,1,0,0,0,0,0,798843.5331,5825088.206,13.40283777,52.49388386
8,8041040.0,Waltersdorfer Chaussee Ost,8401246.0,2018,7,9,6,3,5,3,0,1,0,0,0,0,0,806799.9996,5817066.059,13.51229898,52.41757304
9,9041402.0,Siedlung Kämmereiheide,9401432.0,2018,7,18,2,2,5,3,0,0,0,1,0,0,0,812132.1758,5820446.148,13.59360638,52.44484887
2,2020204.0,Urbanstraße,2200210.0,2018,7,17,5,3,5,3,0,1,0,0,0,0,0,798537.8412,5824746.845,13.39804259,52.49099129
3,3050923.0,Weißenseer Spitze,3500934.0,2018,7,17,4,3,0,2,0,1,0,0,0,0,0,801109.5664,5831520.624,13.44193776,52.55029338
9,9051901.0,Dammvorstadt,9501939.0,2018,7,17,5,3,5,3,0,1,0,0,0,0,0,809933.694,5821624.267,13.56245654,52.45665741
6,6040804.0,Krumme Lanke,6400838.0,2018,7,16,2,2,0,1,0,0,0,0,0,0,0,788197.5537,5819834.18,13.24192758,52.45250421
1,1011105.0,Nördlicher Landwehrkanal                                                                            ,1100102.0,2018,7,15,4,3,1,5,0,1,0,0,0,1,0,796854.4312,5826771.448,13.37512615,52.51005784
4,4030828.0,Savignyplatz,4300624.0,2018,7,16,2,3,1,5,0,1,0,0,0,0,0,792758.896,5826109.013,13.31436961,52.50633276
12,12214424.0,Scharnweberstraße                                                                                   ,12200309.0,2018,7,19,5,3,5,3,0,1,0,0,0,0,0,793266.6359,5832584.56,13.32754319,52.56411022
9,9010101.0,Elsenstraße                                                                                         ,9100101.0,2018,7,22,4,2,1,5,2,1,0,0,0,0,0,801877.8615,5825072.084,13.4473821,52.4920697
7,7070702.0,Alt-Lichtenrade/Töpchiner Weg,7601443.0,2018,7,22,4,2,1,5,2,1,0,0,0,0,0,800047.4222,5814326.324,13.41085286,52.39675858
2,2040701.0,Andreasviertel,2400623.0,2018,7,10,2,3,1,6,0,1,0,0,1,0,0,800617.5627,5827206.051,13.43080175,52.51189262
3,3030715.0,Heinersdorf,3300516.0,2018,7,19,4,2,1,5,0,1,0,0,0,0,0,800368.4664,5833524.117,13.43285401,52.56866023
11,11010103.0,Dorf Falkenberg,11100102.0,2018,7,17,4,2,5,2,0,1,0,0,0,0,0,807845.2335,5833947.888,13.54321726,52.56828158
1,1033102.0,Gesundbrunnen,1300733.0,2018,7,18,5,3,1,7,0,1,0,0,0,0,0,797119.9316,5831802.761,13.38352405,52.55501322
4,4020313.0,Königin-Elisabeth-Straße,4200311.0,2018,7,20,1,2,1,5,0,1,0,0,0,0,0,790484.4419,5826120.481,13.28096319,52.50765136
11,11051330.0,Karlshorst West,11501339.0,2018,7,21,4,1,5,2,2,0,0,0,0,1,0,807282.1195,5825410.039,13.52704379,52.49208331
1,1011302.0,Oranienburger Straße                                                                                ,1100309.0,2018,7,13,1,3,0,3,0,1,0,0,0,0,0,798532.5204,5828982.531,13.40176352,52.52896144
7,7010104.0,Dennewitzplatz,7100206.0,2018,7,13,1,3,5,3,0,1,0,0,0,0,0,796686.9797,5824718.254,13.37083681,52.49174409
2,2040701.0,Andreasviertel,2400521.0,2018,7,21,5,2,5,3,2,1,0,0,0,0,0,800719.271,5827886.036,13.43291048,52.51793144
1,1011103.0,Lützowstraße                                                                                        ,1100103.0,2018,7,19,5,3,0,2,0,1,0,1,0,0,0,795273.1052,5826037.167,13.35124204,52.50433381
6,6030605.0,Botanischer Garten,6300629.0,2018,7,18,5,2,5,2,0,1,0,0,0,0,0,791864.063,5819147.303,13.29513047,52.44440102
4,4051654.0,Wilhelmsaue,4501150.0,2018,7,17,3,3,5,2,0,1,0,0,0,0,0,793786.9975,5823969.516,13.3275868,52.48660052
5,5010312.0,Kurstraße                                                                                           ,5100314.0,2018,7,16,5,2,5,3,0,1,0,0,0,0,0,784896.6918,5830127.147,13.2022908,52.54652192
5,5020419.0,Magistratsweg,5200423.0,2018,7,13,1,3,5,3,0,1,0,0,0,0,0,782292.7713,5828505.812,13.16261547,52.53334
12,12103218.0,Teichstraße,12100205.0,2018,7,12,3,3,0,2,0,1,0,0,0,0,0,794514.3339,5834270.442,13.34739433,52.57854932
4,4031032.0,Halensee,4500937.0,2018,7,13,1,3,4,6,0,0,0,0,0,0,0,790738.3973,5825037.491,13.28374882,52.49780702
6,6040810.0,Dahlem,6400844.0,2018,7,6,3,3,5,3,0,1,0,0,0,0,0,791952.3783,5821445.809,13.29843582,52.46495989
3,3040614.0,Pankow Zentrum                                                                                      ,3400725.0,2018,7,17,5,3,5,3,0,0,0,0,0,1,0,800051.5246,5835720.446,13.43017971,52.58852115
2,2010102.0,Mehringplatz,2100102.0,2018,7,11,3,3,2,6,0,1,0,0,0,0,0,798184.0033,5826495.196,13.39441182,52.50685646
3,3030715.0,Heinersdorf,3300516.0,2018,7,12,3,3,0,1,0,1,0,0,0,0,0,800736.2086,5833304.187,13.43806409,52.56648594
1,1011204.0,Leipziger Straße                                                                                    ,1100207.0,2018,7,16,5,3,2,6,0,1,0,0,0,0,0,797651.1335,5826931.59,13.38697405,52.5110592
8,8030830.0,Gropiusstadt Süd,8300935.0,2018,7,9,1,3,1,5,0,1,0,0,0,0,0,802327.543,5818068.172,13.44764208,52.42904396
2,2050802.0,Boxhagener Platz,2500833.0,2018,7,1,1,2,1,5,2,1,0,0,0,1,0,802729.7683,5827034.761,13.46167554,52.50918927
4,4041241.0,Breite Straße,4400832.0,2018,7,15,5,2,5,2,0,0,0,0,1,0,0,791292.634,5822046.13,13.28927604,52.47069392
1,1011201.0,Wilhelmstraße                                                                                       ,1100207.0,2018,7,16,1,3,5,3,0,1,0,0,0,0,0,797894.0086,5826569.565,13.39021828,52.50768151
5,5020417.0,Staakener Straße                                                                                    ,5200420.0,2018,7,20,3,3,5,2,0,1,0,0,0,0,0,783584.6007,5828663.21,13.18174373,52.53408063
6,6010103.0,Markelstraße                                                                                        ,6100103.0,2018,7,18,7,3,3,6,0,1,0,0,0,0,0,793401.0439,5821330.572,13.31959764,52.46315085
11,11010205.0,Falkenberg West,11100204.0,2018,7,15,5,3,5,2,0,1,0,0,0,0,0,805961.5771,5833712.714,13.51529527,52.56723585
5,5010209.0,An der Kappe,5100211.0,2018,7,16,7,3,2,6,0,0,0,0,0,0,0,782804.9347,5830383.577,13.17174452,52.54991108
2,2010102.0,Mehringplatz,2100102.0,2018,7,15,5,3,5,3,0,1,0,0,0,0,0,798310.5519,5825628.188,13.3954941,52.49901567
6,6030610.0,Lichterfelde West                                                                                   ,6300634.0,2018,7,18,3,3,0,5,0,1,0,0,0,0,0,792138.7688,5818785.191,13.29884416,52.441008
12,12231102.0,Frohnau,12400721.0,2018,7,12,7,3,5,3,0,1,0,0,0,0,0,790149.3562,5842633.257,13.29049619,52.65586564
6,6010210.0,Bismarckstraße                                                                                      ,6100210.0,2018,7,12,7,3,1,5,0,1,0,0,0,0,0,795102.0833,5820958.93,13.34423468,52.45890329
2,2010103.0,Moritzplatz,2100104.0,2018,7,9,3,3,5,2,0,0,0,0,0,1,0,799327.485,5826227.317,13.41096859,52.50382916
5,5020628.0,Graetschelsteig,5200528.0,2018,7,10,7,3,0,2,0,1,0,0,0,0,0,783922.6358,5826614.423,13.18496465,52.5155349
2,2020203.0,Viktoriapark,2200208.0,2018,7,15,5,2,5,1,0,1,0,0,0,0,0,797831.1672,5824902.726,13.38780445,52.4927746
1,1033201.0,Brunnenstraße                                                                                       ,1300834.0,2018,7,10,5,3,5,3,0,0,0,0,0,1,0,797890.5414,5831000.728,13.3941373,52.54740313
4,4030931.0,Breitscheidplatz,4501042.0,2018,7,14,7,3,5,2,0,1,0,0,0,0,0,793924.6472,5825795.981,13.33121963,52.5028998
3,3071537.0,Kollwitzplatz,3701555.0,2018,7,8,5,3,5,3,0,1,0,0,0,0,0,799708.3189,5830076.499,13.42003075,52.53812195
4,4051446.0,Preußenpark,4501043.0,2018,7,13,7,3,1,5,0,1,0,0,0,0,0,792661.9247,5825312.053,13.31224448,52.49924027
4,4030620.0,Alt-Lietzow,4300619.0,2018,7,16,3,3,5,3,0,0,0,1,0,0,0,792447.589,5827189.603,13.31074556,52.51618692
11,11010309.0,Zingster Straße West,11100308.0,2018,7,16,3,3,6,4,0,0,1,0,0,0,0,804924.0899,5833129.433,13.49949967,52.56259035
9,9010402.0,Johannisthal Ost,9100408.0,2018,7,7,5,3,5,2,0,1,0,0,0,0,0,806547.6051,5820533.124,13.51177802,52.44878779
3,3061126.0,Arnimplatz,3601140.0,2018,7,15,3,3,0,2,0,1,0,0,0,0,0,798410.9327,5831802.117,13.40250912,52.55430164
9,9020802.0,Köllnische Vorstadt                                                                                 ,9200819.0,2018,7,15,3,3,5,2,0,0,0,0,0,1,0,809948.2465,5820448.737,13.56157918,52.44611435
2,2040702.0,Weberwiese,2400624.0,2018,7,15,3,3,1,5,0,1,0,0,0,0,0,802026.9234,5827372.27,13.4516572,52.51260394
9,9051801.0,Rahnsdorf/Hessenwinkel,9501838.0,2018,7,19,7,3,1,5,0,1,0,0,0,0,0,819805.8273,5819595.828,13.70531636,52.43279651
5,5020625.0,Borkumer Straße                                                                                     ,5200629.0,2018,7,13,5,3,6,4,0,0,1,0,0,0,0,783455.7536,5828545.333,13.17974871,52.53309075
6,6020410.0,Oberhofer Platz,6200422.0,2018,7,14,6,3,5,3,0,0,0,0,1,0,0,794186.1241,5817496.363,13.327744,52.42835659
10,10010102.0,Havemannstraße                                                                                      ,10100102.0,2018,7,8,6,3,5,3,0,0,0,0,0,1,0,809450.5534,5834611.965,13.56744673,52.5733226
9,9052001.0,Köpenick Nord                                                                                       ,9502043.0,2018,7,13,3,3,5,3,0,1,0,0,0,0,0,810986.9191,5821976.291,13.57823504,52.45921388