district,LOR,street,LOR_2021,year,month,hour,weekday,category,accident_kind,accident_type,light_condition,car,pedestrian,motorcycle,goods_vehicle,others,road_condition,LINREFX,LINREFY,XGCSWGS84,YGCSWGS84
2,2040502.0,Friedenstraße,2400521.0,2018,8,17,3,3,5,2,0,1,0,0,0,0,0,801247.6338,5827817.242,13.44061141,52.51702323
1,1011301.0,Charitéviertel,1100308.0,2018,8,17,3,3,5,5,0,1,0,0,0,0,0,796864.3091,5829197.976,13.37743692,52.53180368
11,11040926.0,Weitlingstraße,11400931.0,2018,8,15,3,3,5,2,0,1,0,0,0,0,0,806698.4459,5826917.582,13.51986207,52.50592248
7,7010101.0,Wittenbergplatz/Viktoria-Luise-Platz,7100101.0,2018,8,15,3,3,5,3,0,0,0,1,0,0,0,794693.4499,5825759.692,13.34248115,52.50215982
6,6040701.0,Wannsee,6400735.0,2018,8,11,1,3,2,7,0,0,0,0,0,1,0,784156.6404,5816179.467,13.17951622,52.42185051
7,7070701.0,Kettinger Straße/Schillerstraße                                                                     ,7601442.0,2018,8,15,3,3,5,2,0,0,0,0,0,1,0,799250.4284,5816260.323,13.40090237,52.41453059
1,1011204.0,Leipziger Straße                                                                                    ,1100207.0,2018,8,12,3,3,6,4,0,0,1,0,0,0,0,797967.7811,5826998.942,13.39168641,52.51149006
3,3061126.0,Arnimplatz,3601140.0,2018,8,16,5,3,5,2,0,1,0,0,0,0,0,798664.0908,5831793.744,13.40622447,52.55408782
2,2040702.0,Weberwiese,2400625.0,2018,8,7,6,3,5,2,0,1,0,0,0,0,0,801285.3894,5827419.919,13.44080638,52.51344111
3,3020209.0,Niederschönhausen,3200205.0,2018,8,15,3,2,5,2,0,1,0,0,0,0,0,797327.9862,5835281.961,13.38970285,52.58608621
12,12214422.0,Klixstraße                                                                                          ,12200310.0,2018,8,19,6,3,1,5,1,1,0,0,0,1,0,792170.6995,5833423.54,13.31216007,52.5722206
1,1022203.0,Lübecker Straße                                                                                     ,1200625.0,2018,8,14,3,3,1,5,0,0,0,0,0,1,0,795102.1346,5828479.349,13.35089643,52.52631865
8,8010211.0,Flughafenstraße,8100206.0,2018,8,17,5,3,1,5,0,1,0,0,0,0,0,800709.0734,5823880.955,13.4291444,52.48203833
12,12214421.0,Reinickes Hof,12200307.0,2018,8,10,3,3,1,5,0,1,0,0,0,0,0,793432.8569,5833465.853,13.33076801,52.57192093
1,1011402.0,Arkonaplatz,1100416.0,2018,8,15,6,3,6,4,0,0,1,0,0,0,0,798540.2977,5829178.055,13.4020534,52.53070978
6,6010103.0,Markelstraße                                                                                        ,6100103.0,2018,8,8,3,3,5,3,0,1,0,0,0,0,0,793796.9477,5821195.778,13.32528966,52.46172975
6,6020302.0,Komponistenviertel Lankwitz,6200312.0,2018,8,8,3,3,2,6,0,0,0,0,0,0,0,794309.0627,5819264.931,13.33110403,52.44414499
9,9051901.0,Dammvorstadt,9501939.0,2018,8,7,3,3,3,6,0,1,0,0,0,0,0,810447.4486,5821233.181,13.56962973,52.45286108
2,2020203.0,Viktoriapark,2200209.0,2018,8,17,5,3,5,2,0,1,0,0,0,0,0,797746.093,5824596.591,13.38628153,52.49007686
12,12103117.0,Letteplatz,12100101.0,2018,8,7,3,3,5,3,0,1,0,0,0,0,0,795864.3389,5832617.674,13.36578487,52.56300165
5,5010339.0,Freiheit,5100317.0,2018,8,18,5,3,5,2,0,0,0,0,0,0,0,787670.7178,5828012.786,13.24125668,52.52610789
5,5030833.0,Motardstraße                                                                                        ,5300840.0,2018,8,5,3,2,5,7,1,1,0,0,0,0,0,788412.6083,5829353.59,13.25332537,52.53773672
10,10010308.0,Marzahner Chaussee,10100311.0,2018,8,10,6,3,5,2,0,1,0,0,0,0,0,806558.366,5829131.591,13.51984447,52.52584359
4,4051655.0,Babelsberger Straße,4501153.0,2018,8,11,3,2,5,2,0,1,0,0,0,0,0,793922.0184,5823255.019,13.32893957,52.48012271
12,12214527.0,Alt-Tegel,12200515.0,2018,8,10,2,3,5,3,0,0,0,1,0,0,0,789923.741,5835686.002,13.28107741,52.59370507
1,1011104.0,Körnerstraße                                                                                        ,1100104.0,2018,8,18,3,3,5,2,0,1,0,0,0,0,0,796269.8253,5825955.939,13.3658115,52.50306538
1,1022204.0,Thomasiusstraße                                                                                     ,1200626.0,2018,8,8,2,3,6,4,0,0,1,0,0,0,0,795125.2077,5828253.155,13.3510348,52.5242785
11,11051331.0,Karlshorst Nord,11501340.0,2018,8,10,7,2,5,7,0,1,0,0,0,0,0,807363.2239,5824277.989,13.52719068,52.48189207
5,5040936.0,Jägerallee,5400943.0,2018,8,15,7,2,5,2,0,0,0,0,0,1,0,781112.08,5820064.624,13.1381309,52.45826068
1,1011304.0,Karl-Marx-Allee,1100311.0,2018,8,19,5,3,5,2,0,1,0,0,0,0,0,799581.5669,5828045.246,13.41633717,52.51998467
1,1011303.0,Alexanderplatzviertel,1100310.0,2018,8,11,2,3,5,2,0,1,0,0,0,0,0,799107.6063,5828466.074,13.40975114,52.52401694
3,3071537.0,Kollwitzplatz,3701555.0,2018,8,8,6,3,5,3,0,1,0,0,0,0,0,799701.9604,5830084.835,13.4199448,52.53820016
8,8010301.0,Reuterkiez,8100310.0,2018,8,22,2,3,5,3,2,0,0,0,0,0,0,800717.3005,5825074.256,13.43034186,52.49272975
1,1033201.0,Brunnenstraße                                                                                       ,1300834.0,2018,8,12,1,3,5,2,0,1,0,0,0,0,0,798267.3254,5830093.476,13.39886278,52.53906472
1,1011302.0,Oranienburger Straße                                                                                ,1100309.0,2018,8,19,2,3,5,2,0,1,0,0,0,0,0,798125.081,5828962.85,13.39575754,52.529008
1,1011203.0,Unter den Linden Süd,1100206.0,2018,8,17,2,3,5,2,0,0,0,0,0,0,0,797896.3564,5827372.07,13.39097107,52.5148737
12,12214424.0,Scharnweberstraße                                                                                   ,12200309.0,2018,8,17,2,3,0,2,0,1,0,0,0,0,0,792879.6056,5832716.332,13.32196604,52.56549984
8,8010211.0,Flughafenstraße,8100206.0,2018,8,16,2,3,2,6,0,1,0,0,0,0,0,800339.6082,5824316.466,13.42411256,52.48614532
2,2040701.0,Andreasviertel,2400623.0,2018,8,15,2,3,4,6,0,0,0,0,0,0,0,800703.2944,5826946.502,13.43182675,52.50951896
8,8020625.0,Handwerker-Siedlung,8200730.0,2018,8,10,5,3,5,2,0,0,0,0,1,0,0,801385.357,5819266.092,13.4349063,52.44030117
3,3040818.0,Pankow Süd                                                                                          ,3400828.0,2018,8,15,2,3,5,3,0,1,0,0,0,0,0,800057.3283,5832600.827,13.42744211,52.56055615
7,7010104.0,Dennewitzplatz,7100205.0,2018,8,14,2,3,5,7,0,1,0,0,0,0,0,796424.6991,5824877.935,13.36712711,52.49331798
9,9020701.0,Adlershof West,9200715.0,2018,8,16,2,2,5,2,0,1,0,0,0,0,0,809193.5638,5818336.345,13.54855661,52.42761049
3,3040508.0,Rosenthal,3400618.0,2018,8,14,6,3,5,3,0,1,0,0,0,0,0,795892.007,5836469.192,13.36963001,52.59751136
3,3050923.0,Weißenseer Spitze,3500934.0,2018,8,12,2,2,6,4,0,0,1,0,0,0,0,800859.659,5832070.587,13.43876155,52.55536085
1,1033203.0,Humboldthain Nordwest                                                                               ,1300836.0,2018,8,20,1,3,5,2,1,1,0,0,0,0,0,796721.2436,5830451.461,13.37645329,52.5431177
2,2020203.0,Viktoriapark,2200209.0,2018,8,15,7,3,5,2,0,1,0,0,0,0,0,797109.8707,5824485.448,13.37683959,52.48942722
8,8020621.0,Mohriner Allee Nord,8200725.0,2018,8,16,2,3,6,7,0,1,1,1,0,0,0,800225.6197,5819683.142,13.41827058,52.44467732
7,7070701.0,Kettinger Straße/Schillerstraße                                                                     ,7601442.0,2018,8,16,1,3,5,2,0,1,0,0,0,0,0,799723.221,5814499.242,13.40625692,52.39848607
9,9010302.0,Späthsfelde,9100306.0,2018,8,9,2,3,1,5,0,1,0,0,0,0,0,804295.0627,5820115.993,13.47835545,52.44630748
2,8010116.0,Wissmannstraße,8100101.0,2018,8,10,7,2,5,3,0,1,0,0,0,0,0,800273.621,5824351.152,13.42317493,52.48649252
7,7020202.0,Volkspark (Rudolf-Wilde-Park),7200308.0,2018,8,10,2,2,5,3,0,1,0,0,0,0,0,794962.3926,5823117.366,13.34409287,52.47832779
1,1011402.0,Arkonaplatz,1100416.0,2018,8,10,1,3,1,5,0,1,0,0,0,0,0,798347.1877,5829391.633,13.39940676,52.53272994
1,1022206.0,Lüneburger Straße                                                                                   ,1200628.0,2018,8,10,2,3,1,5,0,1,0,0,0,1,0,796290.4949,5828494.742,13.36837574,52.5258121
8,8020727.0,Buckow Mitte,8200832.0,2018,8,9,2,3,1,5,0,1,0,0,0,0,0,800617.6968,5816301.615,13.42098225,52.41415156
2,2020205.0,Chamissokiez,2200211.0,2018,8,1,1,2,0,1,2,0,0,0,0,0,0,797917.8898,5824578.53,13.38878816,52.48982124
1,1011301.0,Charitéviertel,1100308.0,2018,8,13,6,3,1,5,0,1,0,0,0,0,0,797012.0549,5828557.13,13.3790361,52.52597873
3,3061227.0,Humannplatz,3601244.0,2018,8,19,1,3,5,3,0,1,0,0,0,0,0,800213.8154,5831583.387,13.42882346,52.55135035
5,5020625.0,Borkumer Straße                                                                                     ,5200629.0,2018,8,19,4,2,5,3,0,1,0,0,0,0,0,784405.4324,5828667.022,13.1938158,52.53368709
4,4051445.0,Eisenzahnstraße,4500939.0,2018,8,18,3,3,5,3,0,1,0,0,0,0,0,792513.2709,5824504.932,13.30935211,52.49208434
4,4030622.0,Richard-Wagner-Straße,4300621.0,2018,8,17,3,3,5,2,0,1,0,0,0,0,0,792380.5783,5826705.976,13.30933589,52.51188726
3,3071536.0,Teutoburger Platz,3701554.0,2018,8,7,4,3,5,3,0,1,0,0,0,0,0,799223.8644,5829440.628,13.41233668,52.53268855
8,8020619.0,Buschkrugallee Nord,8200623.0,2018,8,9,2,3,5,2,0,1,0,0,0,0,0,802610.0531,5820746.45,13.45420966,52.4528935
9,9020601.0,Schnellerstraße                                                                                     ,9200613.0,2018,8,16,3,3,5,5,0,1,0,0,0,0,0,806719.5423,5821290.972,13.51499604,52.45548345
2,2010101.0,Askanischer Platz,2100101.0,2018,8,15,3,3,5,3,0,1,0,0,0,0,0,797369.1443,5826170.997,13.38215168,52.50439514
9,9020601.0,Schnellerstraße                                                                                     ,9200613.0,2018,8,15,3,2,5,2,1,1,0,0,0,0,0,806897.5463,5821381.193,13.51769038,52.45619212
6,6030608.0,Schweizer Viertel,6300632.0,2018,8,15,3,3,5,3,0,1,0,0,0,0,0,791783.1524,5817828.219,13.29279185,52.43261858
5,5010314.0,Carl-Schurz-Straße                                                                                  ,5100316.0,2018,8,15,4,2,5,2,0,1,0,0,0,0,0,784509.5509,5828947.437,13.19558671,52.53614696
4,4030518.0,Tegeler Weg,4300517.0,2018,8,10,4,3,1,5,0,0,0,0,0,1,0,791807.6813,5828322.685,13.30233618,52.52668755
2,2020203.0,Viktoriapark,2200209.0,2018,8,16,4,3,1,5,0,1,0,0,0,1,0,797653.2581,5824586.043,13.38490885,52.49003294
9,9051801.0,Rahnsdorf/Hessenwinkel,9501838.0,2018,8,14,3,3,5,3,0,1,0,0,0,0,0,820706.8579,5819508.173,13.71844046,52.43148369
1,1011102.0,Großer Tiergarten,1100102.0,2018,8,13,3,3,5,2,0,1,0,0,0,0,0,796577.9454,5827796.978,13.37197817,52.51940108
5,5020625.0,Borkumer Straße                                                                                     ,5200629.0,2018,8,8,1,3,5,3,0,0,0,0,0,1,0,784756.8372,5828618.17,13.19894062,52.5330656
7,7040403.0,Manteuffelstraße                                                                                    ,7400823.0,2018,8,18,4,3,5,3,0,1,0,0,0,0,0,797340.0416,5821870.485,13.37788796,52.46586148
1,1022106.0,Elberfelder Straße                                                                                  ,1200522.0,2018,8,21,3,3,5,3,2,1,0,0,0,0,0,793702.0623,5828015.469,13.32990871,52.52291626
3,3061332.0,Helmholtzplatz,3601346.0,2018,8,13,7,3,6,7,0,0,1,0,0,0,0,799295.335,5830776.415,13.41459035,52.54462256
1,1011302.0,Oranienburger Straße                                                                                ,1100309.0,2018,8,12,3,3,1,5,0,1,0,0,0,0,0,798305.1013,5828958.538,13.39839951,52.52887087
8,8010301.0,Reuterkiez,8100310.0,2018,8,12,7,3,1,5,0,1,0,0,0,0,0,800800.9377,5825037.116,13.43153652,52.49235076
11,11051332.0,Karlshorst Süd,11501341.0,2018,8,13,4,3,5,3,0,1,0,0,0,0,0,805886.7061,5824474.699,13.50569658,52.48448413
11,11020514.0,Große-Leege-Straße,11200513.0,2018,8,12,3,2,1,7,0,1,0,0,0,0,0,804171.0248,5830650.924,13.48615393,52.54079784
12,12214422.0,Klixstraße                                                                                          ,12200310.0,2018,8,12,3,3,5,2,0,1,0,0,0,0,0,792292.8127,5833927.087,13.31440068,52.57666913
3,3061228.0,Erich-Weinert-Straße,3601245.0,2018,8,6,7,3,5,3,0,1,0,0,0,0,0,800329.2201,5831575.24,13.43051303,52.55121371
1,1011105.0,Nördlicher Landwehrkanal                                                                            ,1100102.0,2018,8,8,3,3,5,3,0,1,0,0,0,0,0,796122.1891,5826289.55,13.36393952,52.50613605
6,6020305.0,Gemeindepark Lankwitz,6200315.0,2018,8,10,4,3,5,3,0,1,0,0,0,0,0,795461.0457,5817838.003,13.34674263,52.43073218
11,11020514.0,Große-Leege-Straße,11200513.0,2018,8,11,3,3,5,3,0,1,0,0,0,0,0,804727.3301,5831202.269,13.49483708,52.54542845
8,8010301.0,Reuterkiez,8100310.0,2018,8,17,7,3,5,3,0,0,0,0,0,0,0,800414.2219,5825122.29,13.42593452,52.49332718
11,11020513.0,Orankesee,11200512.0,2018,8,11,7,3,2,7,0,1,0,0,0,0,0,803124.6403,5830504.331,13.47063843,52.54006705
7,7030303.0,Grazer Platz,7300619.0,2018,8,16,7,2,5,3,0,1,0,0,0,0,1,795366.1108,5822161.469,13.3491736,52.46954063
1,1011401.0,Invalidenstraße                                                                                     ,1100415.0,2018,8,15,7,3,5,2,0,1,0,0,0,0,1,797488.9449,5829195.218,13.38661576,52.53143841
10,10020413.0,Gut Hellersdorf,10200420.0,2018,8,16,4,2,5,3,0,1,0,0,0,0,0,811347.0419,5830414.812,13.59140516,52.53462956
10,10030724.0,Oberfeldstraße                                                                                      ,10300731.0,2018,8,15,7,3,5,3,0,1,0,0,0,0,0,809411.8801,5828342.68,13.56103815,52.51716182
1,1011202.0,Unter den Linden Nord,1100206.0,2018,8,8,3,3,3,2,0,0,0,0,1,0,0,797531.3442,5827574.364,13.38578885,52.51688627
1,1011302.0,Oranienburger Straße                                                                                ,1100309.0,2018,8,19,4,2,5,2,1,1,0,0,0,0,0,797956.5484,5828499.89,13.39286567,52.5249503
3,3061131.0,Falkplatz,3601142.0,2018,8,14,7,3,1,5,0,1,0,0,0,0,0,798796.4562,5831076.246,13.40752534,52.54758393
2,2050803.0,Stralauer Kiez,2500835.0,2018,8,8,3,3,5,2,0,1,0,0,0,0,0,803093.8728,5826037.208,13.46611598,52.50004617
6,6040810.0,Dahlem,6400844.0,2018,8,8,4,3,5,3,0,1,0,0,0,0,0,792344.8295,5820808.597,13.30363809,52.45903753
4,4051653.0,Prager Platz,4501152.0,2018,8,13,7,2,0,6,0,0,0,0,0,0,0,793967.9618,5824808.833,13.33098465,52.49402719
12,12214125.0,Waldidyll/Flughafensee,12200412.0,2018,8,8,3,3,6,4,0,0,1,0,0,0,0,791369.425,5833107.337,13.30009248,52.56981546
3,3061228.0,Erich-Weinert-Straße,3601245.0,2018,8,15,4,2,5,3,0,0,0,0,0,0,0,800866.7209,5831071.087,13.43795976,52.5463983
12,12224230.0,Heiligensee,12400619.0,2018,8,13,7,3,5,2,0,1,0,0,0,0,0,787288.4907,5836390.112,13.2428922,52.60141617
3,3040818.0,Pankow Süd                                                                                          ,3400830.0,2018,8,8,3,2,5,2,0,1,0,0,0,0,0,799564.9681,5833164.515,13.42070963,52.56587977
2,2020206.0,Graefekiez,2200212.0,2018,8,12,6,3,4,6,0,0,0,0,0,0,0,800162.2658,5824427.902,13.42160905,52.4872417
7,7060603.0,Marienfelde Nordost,7601238.0,2018,8,8,3,3,1,7,0,1,0,0,0,0,0,797641.7503,5817298.219,13.37824286,52.42471145
7,7030301.0,Friedenau,7300516.0,2018,8,18,4,3,2,7,0,1,0,0,0,0,0,794021.1493,5821635.718,13.32896772,52.46555304
2,2010103.0,Moritzplatz,2100104.0,2018,8,21,6,3,2,2,2,1,0,0,0,0,0,799295.682,5826183.511,13.41046207,52.50345395
3,3061430.0,Volkspark Prenzlauer Berg,3601450.0,2018,8,17,3,3,2,2,0,1,0,0,0,0,0,802306.3836,5829214.926,13.45743734,52.52896477
10,10010204.0,Wuhletalstraße                                                                                      ,10100206.0,2018,8,20,6,3,5,3,1,1,0,0,0,0,0,809363.923,5832992.913,13.56466276,52.55886264
11,11041128.0,Sewanstraße,11401137.0,2018,8,7,3,3,5,5,0,1,0,0,0,0,0,806590.0107,5825421.677,13.51689245,52.49257677
12,12214424.0,Scharnweberstraße                                                                                   ,12200309.0,2018,8,18,4,3,5,3,0,1,0,0,0,0,0,793394.9211,5832521.269,13.32937437,52.56347375
12,12214125.0,Waldidyll/Flughafensee,12200412.0,2018,8,18,6,3,5,3,0,1,0,0,0,0,0,790731.312,5834203.463,13.29166496,52.57998326
2,2040502.0,Friedenstraße,2400521.0,2018,8,17,4,3,5,7,0,1,0,0,0,0,0,800428.0049,5828042.85,13.42877248,52.51949754
4,4030931.0,Breitscheidplatz,4501042.0,2018,8,10,6,3,3,5,0,0,0,0,0,1,0,793530.5726,5825721.183,13.32536468,52.5024414
4,4041137.0,Flinsberger Platz,4400727.0,2018,8,6,3,3,2,7,0,0,0,0,0,1,0,790964.3462,5823112.0,13.28538662,52.48042449
5,5010313.0,Ackerstraße                                                                                         ,5100315.0,2018,8,9,4,3,5,2,0,1,0,0,0,0,0,784272.2435,5830369.476,13.19331433,52.54902086
2,2010102.0,Mehringplatz,2100102.0,2018,8,5,3,3,5,3,1,1,0,0,0,0,0,798334.6931,5825630.883,13.39585108,52.49902663
11,11041128.0,Sewanstraße,11401137.0,2018,8,16,6,2,5,3,0,0,0,0,0,0,0,807010.7648,5825954.831,13.52356163,52.49711851
4,4051551.0,Brabanter Platz,4501148.0,2018,8,16,6,3,5,2,0,1,0,0,0,0,0,792832.7613,5823243.897,13.31293647,52.4806082
5,5040936.0,Jägerallee,5400943.0,2018,8,15,6,3,5,3,0,1,0,0,0,0,0,780302.343,5821843.164,13.12773883,52.47462462
7,7040403.0,Manteuffelstraße                                                                                    ,7400824.0,2018,8,13,6,3,5,3,0,0,0,1,0,0,1,797840.4205,5822205.041,13.38553049,52.46858787
2,2010103.0,Moritzplatz,2100104.0,2018,8,15,2,3,0,3,0,0,0,0,0,1,1,799281.6423,5826219.694,13.41028837,52.50378598
1,1011101.0,Stülerstraße                                                                                        ,1100101.0,2018,8,23,4,3,5,3,2,1,0,0,0,0,0,795055.5462,5826303.956,13.34828249,52.50684309
3,3040513.0,Schönholz,3400620.0,2018,8,15,4,3,0,3,0,1,0,0,0,0,0,797406.6006,5833960.326,13.38967398,52.57419654
1,1033202.0,Humboldthain Süd,1300835.0,2018,8,12,6,3,5,2,0,1,0,0,0,0,0,797529.3353,5829430.651,13.38742017,52.53352674
4,4030620.0,Alt-Lietzow,4300619.0,2018,8,9,6,3,2,6,0,1,0,0,0,0,0,792724.1158,5827407.813,13.31500107,52.51799475
11,11010205.0,Falkenberg West,11100204.0,2018,8,9,6,3,5,2,0,1,0,0,0,0,0,806899.4339,5832630.983,13.52808853,52.55701349
2,2040502.0,Friedenstraße,2400521.0,2018,8,8,6,3,6,4,0,0,1,0,0,0,0,800770.0091,5828490.768,13.43420278,52.52332381
10,10020620.0,Kaulsdorf Nord II                                                                                   ,10200627.0,2018,8,7,6,2,5,2,0,1,0,0,0,0,0,811322.9691,5829850.103,13.59052255,52.52958279
3,3071536.0,Teutoburger Platz,3701554.0,2018,8,7,6,3,5,2,0,1,0,0,0,0,0,799169.4186,5830028.126,13.41206526,52.53798446
10,10020414.0,Helle Mitte,10200421.0,2018,8,14,4,3,5,2,0,1,0,0,0,0,0,812185.6403,5830912.439,13.604196,52.53860919
3,3020209.0,Niederschönhausen,3200205.0,2018,8,7,6,3,5,7,0,1,0,0,0,0,0,797842.1128,5836055.794,13.39796474,52.59274129
9,9020502.0,Oberschöneweide Ost,9200511.0,2018,8,19,2,3,1,5,0,1,0,0,0,0,0,807220.3372,5822309.06,13.52327987,52.46432655
3,3020210.0,Herthaplatz,3200207.0,2018,8,6,6,3,5,2,0,1,0,0,0,0,0,799184.1045,5835928.369,13.41760172,52.5908626
9,9051901.0,Dammvorstadt,9501941.0,2018,8,6,6,3,5,2,0,1,0,0,0,0,0,810885.8831,5821260.245,13.57608612,52.45285446
3,3040513.0,Schönholz,3400620.0,2018,8,6,6,3,5,3,0,1,0,0,0,0,0,798047.071,5833594.766,13.39876841,52.57056947
11,11040926.0,Weitlingstraße,11400929.0,2018,8,19,4,3,4,6,0,1,0,0,0,0,0,805101.5248,5826925.08,13.49641381,52.50688501
11,11040925.0,Victoriastadt,11400927.0,2018,8,19,2,3,0,1,2,0,0,0,0,0,0,803983.3808,5826771.36,13.47984971,52.5061314
3,3040614.0,Pankow Zentrum                                                                                      ,3400722.0,2018,8,15,3,3,6,7,0,0,1,0,0,0,0,798187.7774,5833725.882,13.40095627,52.57166767
3,3071536.0,Teutoburger Platz,3701554.0,2018,8,6,6,3,5,3,1,1,0,0,0,0,0,799135.4178,5829207.293,13.41082668,52.5306456
6,6010102.0,Schloßstraße                                                                                        ,6100102.0,2018,8,15,6,2,0,1,0,0,0,0,0,0,0,793342.8577,5820792.645,13.31827091,52.45835973
4,4030726.0,Droysenstraße,4500936.0,2018,8,13,4,3,5,3,0,1,0,0,0,0,0,791974.767,5825575.884,13.30238188,52.50197356
3,3071536.0,Teutoburger Platz,3701554.0,2018,8,16,6,3,0,1,0,0,0,0,0,0,0,799006.0335,5830080.917,13.40971096,52.53854732
7,7020203.0,Kaiser-Wilhelm-Platz,7200409.0,2018,8,18,2,3,1,5,0,1,0,0,0,0,0,795132.5898,5823893.377,13.3472786,52.48519226
1,1011301.0,Charitéviertel,1100308.0,2018,8,17,5,3,0,6,0,1,0,0,0,0,0,797526.4635,5828750.273,13.38676904,52.52742954
2,2020202.0,Rathaus Yorckstraße,2200208.0,2018,8,9,5,3,0,2,0,1,0,0,0,0,0,797275.492,5825525.903,13.38020009,52.49866361
1,1011203.0,Unter den Linden Süd,1100206.0,2018,8,18,5,3,5,3,1,0,0,1,0,0,0,797480.8304,5827289.664,13.38479208,52.51436182
1,1011203.0,Unter den Linden Süd,1100206.0,2018,8,10,4,3,2,2,0,0,0,0,0,1,0,797558.0277,5827422.645,13.38604525,52.51551172
5,5020629.0,Börnicker Straße                                                                                    ,5200634.0,2018,8,16,5,3,5,2,0,0,0,0,0,0,0,785050.846,5826304.019,13.20127985,52.51216331
5,5010204.0,Griesingerstraße                                                                                    ,5100206.0,2018,8,10,4,3,0,1,0,0,0,0,0,0,0,781205.6898,5831054.367,13.14878919,52.55675373
3,3040818.0,Pankow Süd                                                                                          ,3400826.0,2018,8,19,5,2,1,5,0,1,0,0,0,0,0,798424.273,5832288.358,13.40314245,52.55865277
12,12103218.0,Teichstraße,12100205.0,2018,8,19,5,3,5,2,0,1,0,0,0,0,0,794376.3618,5835502.95,13.34645892,52.58967241
12,12231101.0,Hermsdorf,12400722.0,2018,8,8,4,3,2,6,0,1,0,0,0,0,0,790506.7905,5837397.377,13.29116241,52.60873611
3,3061430.0,Volkspark Prenzlauer Berg,3601450.0,2018,8,15,2,3,4,5,0,0,0,0,0,1,0,802128.9037,5830150.27,13.45567922,52.53744661
6,6020411.0,Schütte-Lanz-Straße                                                                                 ,6200423.0,2018,8,9,4,3,5,3,0,1,0,0,0,0,0,795349.0168,5816124.758,13.3435871,52.41543437
2,2010103.0,Moritzplatz,2100104.0,2018,8,15,2,3,5,3,0,1,0,0,0,0,0,799113.4849,5826264.92,13.40785896,52.50428357
3,3061332.0,Helmholtzplatz,3601348.0,2018,8,17,5,3,5,3,0,1,0,0,0,0,0,799834.9203,5830808.008,13.42255198,52.54460907
1,1011102.0,Großer Tiergarten,1100102.0,2018,8,15,2,3,0,1,0,0,0,0,0,0,1,795419.7284,5827460.638,13.35465944,52.51701474
3,3061429.0,Greifswalder Straße,3601449.0,2018,8,15,2,3,2,6,0,1,0,0,0,0,0,801808.94,5830408.117,13.4512102,52.53993497
8,8040933.0,Vogelviertel Süd,8401139.0,2018,8,15,3,2,5,3,0,1,0,0,0,0,0,803581.2858,5818629.658,13.46653534,52.43338231