district,LOR,street,LOR_2021,year,month,hour,weekday,category,accident_kind,accident_type,light_condition,car,pedestrian,motorcycle,goods_vehicle,others,road_condition,LINREFX,LINREFY,XGCSWGS84,YGCSWGS84
1,1011302.0,Oranienburger Straße                                                                                ,1100309.0,2018,8,16,5,3,6,4,0,0,1,0,0,0,0,798681.829,5828637.19,13.40364775,52.52578417
4,4030827.0,Karl-August-Platz,4300623.0,2018,8,15,4,3,6,7,0,0,0,0,0,1,0,792183.0537,5826322.399,13.30609682,52.50855442
11,11030720.0,Herzbergstraße,11300721.0,2018,8,7,2,3,0,7,0,1,0,0,0,0,0,805404.9507,5829110.02,13.50287607,52.52629756
5,5010314.0,Carl-Schurz-Straße                                                                                  ,5100316.0,2018,8,21,5,3,1,5,2,1,0,0,0,0,0,784608.6939,5829462.481,13.19748566,52.54071307
11,11010102.0,Dorf Wartenberg,11100101.0,2018,8,6,3,3,5,3,0,1,0,0,0,0,0,806183.7895,5834997.358,13.51974962,52.57862403
7,7010102.0,Nollendorfplatz,7100102.0,2018,8,15,2,3,5,2,0,1,0,0,0,0,0,795009.2376,5825635.95,13.3470103,52.50087993
4,4051447.0,Ludwigkirchplatz,4501044.0,2018,8,11,5,3,1,5,0,1,0,0,0,0,0,793115.1235,5824998.752,13.31862585,52.4961884
3,3061434.0,Anton-Saefkow-Park,3601451.0,2018,8,9,5,3,0,4,0,0,1,0,0,0,0,801365.3585,5829701.622,13.44404878,52.5338481
9,9020501.0,Oberschöneweide West,9200510.0,2018,8,10,4,3,5,2,0,1,0,0,0,0,0,806153.8844,5822121.442,13.50745898,52.46324359
1,1011401.0,Invalidenstraße                                                                                     ,1100415.0,2018,8,19,5,3,0,7,0,0,0,0,0,0,0,797818.3543,5829105.888,13.39137753,52.53045781
3,3030406.0,Alt-Karow,3300412.0,2018,8,19,5,2,0,1,0,0,0,0,0,0,0,802806.1436,5837950.65,13.47275621,52.60698338
2,2010103.0,Moritzplatz,2100105.0,2018,8,8,5,3,0,7,0,0,0,0,0,1,1,799816.62,5825747.747,13.41772159,52.49926201
1,1044202.0,Sparrplatz,1401047.0,2018,8,14,2,2,0,7,0,0,0,0,0,0,0,795430.0705,5830625.776,13.35762432,52.54538191
1,1011103.0,Lützowstraße                                                                                        ,1100103.0,2018,8,21,5,3,0,1,2,0,0,0,0,0,1,795970.4095,5825957.363,13.3614145,52.50324064
2,2010103.0,Moritzplatz,2100105.0,2018,8,8,5,3,0,7,0,0,0,0,0,1,1,799814.8677,5825748.449,13.41769648,52.49926927
7,7010102.0,Nollendorfplatz,7100102.0,2018,8,14,2,3,5,3,0,1,0,0,0,0,0,794976.7162,5825071.059,13.3460323,52.49583364
4,4030621.0,Spreestadt,4300620.0,2018,8,8,5,3,5,2,0,1,0,0,0,0,0,793197.3236,5827784.433,13.32228695,52.52111677
4,4041238.0,Kissinger Straße,4400830.0,2018,8,7,5,3,0,3,0,1,0,0,0,0,0,791676.3441,5823237.905,13.29595125,52.48117339
10,10010309.0,Springpfuhl,10100312.0,2018,8,7,5,3,5,3,0,1,0,0,0,0,0,808579.9956,5830163.197,13.5505067,52.53394823
1,1011301.0,Charitéviertel,1100308.0,2018,8,6,5,3,0,7,0,0,0,0,0,0,0,797336.9665,5828986.868,13.38419555,52.52965373
2,2040701.0,Andreasviertel,2400521.0,2018,8,12,2,3,5,2,0,1,0,0,0,0,0,800718.0341,5827873.451,13.43288093,52.51781931
2,2050801.0,Traveplatz,2500830.0,2018,8,5,5,2,3,2,0,0,0,0,1,0,0,802145.725,5827550.494,13.45356431,52.51413557
5,5030730.0,Zitadellenweg,5300735.0,2018,8,10,5,3,5,2,0,1,0,0,0,0,0,786437.8609,5831100.392,13.22579598,52.55443955
8,8020620.0,Tempelhofer Weg,8200624.0,2018,8,7,2,3,5,2,0,1,0,0,0,0,0,801271.9332,5820509.119,13.43436357,52.45150534
12,12224230.0,Heiligensee,12400618.0,2018,8,5,4,3,5,7,1,1,0,0,0,0,0,787059.9406,5838241.966,13.24113348,52.61813948
7,7020204.0,Schöneberger Insel,7200412.0,2018,8,7,2,3,5,7,0,1,0,0,0,0,0,796340.7636,5822929.405,13.36416215,52.4758967
1,1011401.0,Invalidenstraße                                                                                     ,1100415.0,2018,9,23,2,3,0,1,2,0,0,0,0,0,0,798302.5929,5829372.194,13.39873383,52.53258011
7,7020201.0,Bayerischer Platz,7200307.0,2018,8,7,5,2,5,5,0,1,0,0,0,0,1,794848.0226,5823988.676,13.34318434,52.48620031
7,7040403.0,Manteuffelstraße                                                                                    ,7400824.0,2018,9,13,2,3,5,3,0,0,0,0,0,0,0,797850.3133,5821887.113,13.38539191,52.46573261
6,6010210.0,Bismarckstraße                                                                                      ,6100210.0,2018,9,13,2,3,5,3,0,1,0,0,0,0,0,795250.214,5821079.374,13.34651504,52.45990299
5,5020523.0,Maulbeerallee,5200528.0,2018,9,13,2,2,1,5,0,1,0,0,0,0,0,782787.4367,5826749.041,13.16839467,52.51733175
8,8010508.0,Weiße Siedlung,8100520.0,2018,8,10,1,3,0,4,0,0,1,0,0,0,0,802951.3326,5822832.42,13.4611098,52.47140101
2,2030301.0,Oranienplatz,2300314.0,2018,9,12,2,3,0,2,0,1,0,0,0,0,0,799901.5317,5825710.76,13.41893539,52.49888383
2,2050802.0,Boxhagener Platz,2500833.0,2018,8,21,5,3,1,1,2,1,0,0,0,0,1,802087.5449,5827155.758,13.45235126,52.51062976
3,3040512.0,Wilhelmsruh,3400619.0,2018,8,19,5,3,2,6,1,1,0,0,0,0,0,795792.5952,5835150.196,13.36698874,52.58574207
2,2040703.0,Wriezener Bahnhof/Entwicklungsgebiet,2400625.0,2018,9,10,2,3,5,2,0,0,0,0,1,0,0,801759.9411,5826240.973,13.44670947,52.50261179
4,4030621.0,Spreestadt,4300620.0,2018,8,19,5,3,5,2,2,1,0,0,0,0,1,793406.9706,5827394.433,13.325024,52.51750784
8,8041038.0,Waßmannsdorfer Chaussee,8401244.0,2018,9,10,2,2,5,2,0,1,0,0,0,0,0,806240.2452,5816366.785,13.50345419,52.41161925
1,1022106.0,Elberfelder Straße                                                                                  ,1200522.0,2018,9,9,2,3,5,3,0,1,0,0,0,0,0,794028.6231,5828245.738,13.33491166,52.52480448
11,11051332.0,Karlshorst Süd,11501341.0,2018,9,5,2,3,3,6,2,1,0,0,0,0,0,807240.4675,5824212.893,13.52532873,52.48137775
2,2010102.0,Mehringplatz,2100102.0,2018,9,8,2,3,1,5,0,1,0,0,0,0,0,797790.0978,5826442.539,13.38857814,52.50659961
2,2010101.0,Askanischer Platz,2100101.0,2018,9,8,2,2,3,6,0,0,0,0,0,0,0,797635.858,5826375.836,13.38625269,52.50608586
4,4030930.0,George-Grosz-Platz,4501041.0,2018,9,8,2,3,0,3,0,0,0,1,0,0,0,793287.7061,5825643.309,13.32172836,52.50187389
1,3071536.0,Teutoburger Platz,3701556.0,2018,8,17,5,3,0,3,0,1,0,0,0,0,1,799081.7838,5829023.418,13.40987296,52.52902687
6,6030609.0,Augustaplatz,6300633.0,2018,9,8,2,3,5,2,0,0,0,0,1,0,0,793277.0318,5819083.822,13.31580438,52.4430759
3,3061131.0,Falkplatz,3601142.0,2018,9,7,2,2,3,6,0,0,0,0,0,0,0,798947.1324,5830383.573,13.4091174,52.54129249
9,9020501.0,Oberschöneweide West,9200510.0,2018,9,7,2,3,3,2,0,1,0,0,0,0,0,806506.3812,5822584.909,13.51305693,52.46719975
1,1022206.0,Lüneburger Straße                                                                                   ,1200628.0,2018,8,20,5,2,0,1,2,0,0,0,0,0,0,796476.8285,5828242.091,13.37088903,52.52344605
1,1011402.0,Arkonaplatz,1100416.0,2018,8,6,5,3,5,7,0,0,0,0,0,1,0,798566.5343,5829237.024,13.40249199,52.53122399
1,1033201.0,Brunnenstraße                                                                                       ,1300834.0,2018,8,12,1,3,2,6,0,0,0,0,0,0,0,798096.1512,5830002.067,13.39626437,52.53833902
8,8020619.0,Buschkrugallee Nord,8200622.0,2018,9,7,2,3,5,3,0,1,0,0,0,0,0,801622.0301,5821707.844,13.44058267,52.46205677
12,12103115.0,Breitkopfbecken,12100103.0,2018,9,7,2,3,2,6,0,1,0,0,0,0,0,795462.6285,5833856.232,13.36097917,52.57432227
5,5020523.0,Maulbeerallee,5200528.0,2018,9,7,2,3,5,2,0,1,0,0,0,0,0,782383.5078,5827030.947,13.16269701,52.52006876
2,2030401.0,Reichenberger Straße,2300417.0,2018,8,22,4,3,5,3,2,1,0,0,0,0,0,800640.6218,5825686.59,13.42976847,52.49826054
5,5010207.0,Darbystraße                                                                                         ,5100209.0,2018,8,13,1,3,5,3,0,1,0,0,0,0,0,782816.5443,5830407.664,13.1719358,52.55012102
3,3061430.0,Volkspark Prenzlauer Berg,3601450.0,2018,9,7,2,3,0,1,0,0,0,0,0,0,0,802275.917,5829279.136,13.45704797,52.52955718
3,3061430.0,Volkspark Prenzlauer Berg,3601450.0,2018,9,6,2,3,5,2,0,1,0,0,0,0,0,802331.5254,5829224.894,13.45781589,52.52904017
1,1011301.0,Charitéviertel,1100308.0,2018,9,15,2,3,3,6,0,0,0,0,0,1,0,797618.4987,5828308.554,13.38772636,52.52341984
1,1044203.0,Leopoldplatz,1401048.0,2018,9,17,2,3,5,3,0,1,0,0,0,0,0,795598.6333,5830994.917,13.36043137,52.54859949
9,9020602.0,Oberspree,9100409.0,2018,8,16,4,3,0,1,0,0,0,0,0,0,0,807278.4098,5820497.507,13.52246492,52.44805834
2,2010104.0,Wassertorplatz,2100106.0,2018,9,19,1,3,5,3,0,0,0,0,0,0,0,799441.043,5825659.768,13.41212629,52.49867962
3,3061228.0,Erich-Weinert-Straße,3601245.0,2018,9,20,1,3,5,2,2,0,0,0,0,1,0,800193.6489,5830930.477,13.42793673,52.54550926
7,7010102.0,Nollendorfplatz,7100102.0,2018,8,15,4,3,1,5,0,1,0,0,0,0,0,795000.4728,5825415.559,13.34668633,52.498909
1,1011301.0,Charitéviertel,1100308.0,2018,9,20,1,3,6,4,2,0,1,0,0,0,0,797544.0127,5828109.342,13.38645351,52.52167479
4,4030620.0,Alt-Lietzow,4300619.0,2018,8,14,4,3,5,2,0,1,0,0,0,0,0,791902.0853,5827433.701,13.30294354,52.51866744
9,9051901.0,Dammvorstadt,9501941.0,2018,8,14,4,3,5,2,0,1,0,0,0,0,0,812049.6506,5821314.216,13.59320697,52.45267506
8,8041037.0,Alt-Rudow,8401243.0,2018,9,14,1,3,5,3,0,0,0,0,0,0,0,805532.5148,5818568.594,13.495092,52.43174871
1,1033102.0,Gesundbrunnen,1300733.0,2018,9,14,1,3,6,7,0,0,1,0,0,0,0,797202.2269,5831350.846,13.38432977,52.55091745
9,9010302.0,Späthsfelde,9100306.0,2018,8,12,4,3,5,3,0,1,0,0,0,0,0,803051.8557,5820920.869,13.46084958,52.45421207
3,3061430.0,Volkspark Prenzlauer Berg,3601450.0,2018,8,12,4,3,5,3,0,1,0,0,0,0,0,802309.7269,5829229.594,13.45749981,52.52909438
1,1044201.0,Reinickendorfer Straße                                                                              ,1401044.0,2018,9,3,1,3,0,7,2,0,0,0,0,0,0,796838.2716,5831499.071,13.37911028,52.55244458
3,3040614.0,Pankow Zentrum                                                                                      ,3400721.0,2018,9,4,1,2,0,1,2,0,0,0,0,0,0,797527.2869,5833258.475,13.39081996,52.56783942
1,1044201.0,Reinickendorfer Straße                                                                              ,1401045.0,2018,8,12,4,3,0,6,0,1,0,0,0,0,0,796883.7351,5831553.273,13.37982731,52.55290566
2,2050601.0,Hausburgviertel,2500726.0,2018,9,12,7,3,5,3,0,1,0,0,0,0,0,801966.6973,5829025.696,13.45227333,52.52745697
6,6020410.0,Oberhofer Platz,6200422.0,2018,8,10,4,3,1,5,0,1,0,0,0,1,0,794361.5546,5817605.865,13.33041313,52.42924388
1,1044201.0,Reinickendorfer Straße                                                                              ,1401043.0,2018,9,23,7,3,4,6,2,1,0,0,0,0,0,796161.3273,5830771.426,13.36850628,52.54629049
6,6030501.0,Berlepschstraße                                                                                     ,6300524.0,2018,8,10,4,2,1,5,0,0,0,0,1,0,0,787583.3167,5817011.925,13.23048493,52.42752408
3,3061126.0,Arnimplatz,3601140.0,2018,9,13,7,3,2,6,0,0,0,0,0,0,0,798327.548,5831438.307,13.40095597,52.55108627
2,2020206.0,Graefekiez,2200213.0,2018,9,15,7,3,6,4,0,0,1,0,0,0,0,800305.5919,5824558.448,13.42383114,52.48833302
1,1022207.0,Hansaviertel,1200629.0,2018,8,9,4,3,5,3,0,1,0,0,0,0,0,794875.4582,5827726.938,13.34689773,52.51969648
4,4030518.0,Tegeler Weg,4300517.0,2018,8,9,4,3,6,4,0,0,1,0,0,0,0,791784.0587,5828216.793,13.30189604,52.52575089
2,2040501.0,Barnimkiez,2400520.0,2018,9,19,7,3,0,6,1,1,0,0,0,0,0,800443.5871,5828720.914,13.42961395,52.52556663
2,2010103.0,Moritzplatz,2100105.0,2018,9,18,7,2,1,5,0,1,0,0,0,0,0,799049.9947,5825821.815,13.40652841,52.50034657
3,3030711.0,Blankenburg,3300514.0,2018,8,7,4,3,5,2,0,1,0,0,0,0,0,801607.5757,5836135.8,13.45345726,52.59138343
7,7020203.0,Kaiser-Wilhelm-Platz,7200409.0,2018,9,15,7,3,1,5,0,1,0,0,0,0,0,795042.6274,5824337.858,13.34635108,52.48922537
4,4030620.0,Alt-Lietzow,4300619.0,2018,8,6,4,3,5,2,0,1,0,0,0,0,0,792765.5758,5827046.735,13.31529261,52.51473555
11,11051330.0,Karlshorst West,11501339.0,2018,9,16,7,3,6,4,0,1,1,0,0,0,0,806645.9509,5824892.861,13.51722721,52.48780597
2,2010103.0,Moritzplatz,2100104.0,2018,8,8,4,3,1,5,0,1,0,0,0,0,0,799134.9489,5826275.428,13.40818368,52.504366
10,10030727.0,Biesdorf Süd                                                                                        ,10300734.0,2018,8,15,3,3,0,3,0,0,0,0,0,1,0,809819.4936,5826942.984,13.5657232,52.50438689
8,8041037.0,Alt-Rudow,8401243.0,2018,9,13,7,2,0,1,0,0,0,0,0,0,0,805480.0172,5818455.558,13.49421895,52.43076493
1,1011305.0,Heine-Viertel West,1100312.0,2018,8,15,3,3,0,6,0,0,0,0,0,0,0,799300.5612,5826875.172,13.41115557,52.509651
4,4051549.0,Rathaus Wilmersdorf,4501146.0,2018,8,17,3,3,1,7,0,1,0,0,0,0,0,792511.4739,5823978.724,13.30886381,52.48736797
12,12214126.0,Tegel Süd                                                                                           ,12200413.0,2018,9,20,7,3,1,5,2,1,0,1,0,0,0,790537.3417,5834297.343,13.28889266,52.5809285
1,1011102.0,Großer Tiergarten,1100102.0,2018,8,15,3,3,2,6,0,0,0,0,0,0,0,795162.1008,5826979.499,13.35044696,52.51284118
6,6040809.0,Thielallee,6400843.0,2018,9,8,7,3,1,5,0,1,0,0,0,0,0,792250.5143,5820576.058,13.30205035,52.45700328
7,7010102.0,Nollendorfplatz,7100102.0,2018,9,20,7,3,5,2,2,1,0,0,0,0,0,795008.0703,5825636.284,13.34699345,52.50088354
2,2040701.0,Andreasviertel,2400623.0,2018,9,4,7,3,5,3,2,1,0,0,0,0,0,800275.8307,5827631.942,13.42616561,52.51589825
1,1011401.0,Invalidenstraße                                                                                     ,1100415.0,2018,9,2,7,2,0,1,2,0,0,0,0,0,0,798304.3206,5829372.859,13.39875982,52.53258512
4,4051550.0,Leon-Jessel-Platz,4501147.0,2018,8,11,3,3,3,6,0,0,0,0,0,1,0,793096.3347,5824102.634,13.31756158,52.4881651
6,6040810.0,Dahlem,6400844.0,2018,8,9,3,3,1,5,0,1,0,0,0,0,0,790347.3463,5820514.013,13.27406589,52.45746142
7,7010104.0,Dennewitzplatz,7100206.0,2018,8,9,3,3,5,3,0,1,0,0,0,0,0,796576.8222,5824830.061,13.3693186,52.4928062
1,1022101.0,Huttenkiez,1200517.0,2018,8,9,3,3,5,3,0,1,0,0,0,0,0,792602.9423,5828766.218,13.31441557,52.53023741
12,12214422.0,Klixstraße                                                                                          ,12200310.0,2018,8,8,6,3,6,7,0,0,1,0,0,0,0,791822.6792,5833266.685,13.30690138,52.57100116
2,2050802.0,Boxhagener Platz,2500833.0,2018,8,7,3,3,0,2,0,1,0,0,0,0,0,802182.8927,5827340.769,13.45391992,52.51223521
5,5010314.0,Carl-Schurz-Straße                                                                                  ,5100316.0,2018,8,15,3,2,0,7,0,0,0,0,0,0,0,784651.5891,5829294.759,13.19797274,52.53918687
1,1044103.0,Westliche Müllerstraße                                                                              ,1400942.0,2018,8,17,6,3,5,2,0,1,0,0,0,0,0,794572.0148,5830712.818,13.34508473,52.54662679
7,7020203.0,Kaiser-Wilhelm-Platz,7200409.0,2018,8,14,3,3,3,3,0,1,0,0,0,0,0,795284.133,5823971.758,13.34957327,52.48581296
5,5020524.0,Weinmeisterhornweg,5200528.0,2018,8,17,6,3,5,3,0,1,0,0,0,0,0,783401.631,5826588.262,13.17728505,52.51557132
10,10010310.0,Alt-Marzahn,10100314.0,2018,8,12,3,3,0,7,0,0,0,0,0,0,0,808693.241,5830154.425,13.55216281,52.53380549
1,1011302.0,Oranienburger Straße                                                                                ,1100309.0,2018,8,21,3,3,6,4,2,0,1,0,0,0,0,798636.437,5828452.652,13.40281493,52.52415491
4,4051446.0,Preußenpark,4501043.0,2018,8,15,6,3,5,3,0,1,0,0,0,0,0,793024.2436,5824445.44,13.31680433,52.49127694
2,2020203.0,Viktoriapark,2200209.0,2018,8,18,3,3,1,5,0,1,0,0,0,0,0,797522.8838,5824899.953,13.38327463,52.49291786
7,7030301.0,Friedenau,7300516.0,2018,8,18,3,3,0,3,0,1,0,0,0,0,0,794087.2767,5821729.48,13.33002094,52.46635798
12,12302107.0,Schorfheidestraße                                                                                   ,12601236.0,2018,8,17,3,2,5,2,0,1,0,0,0,0,0,794334.306,5835708.373,13.34602243,52.59153662
12,12214421.0,Reinickes Hof,12200307.0,2018,8,14,6,3,5,2,0,1,0,0,0,0,0,793303.471,5833177.027,13.3286089,52.56940152
11,11051330.0,Karlshorst West,11501339.0,2018,8,22,3,2,2,6,2,0,0,0,0,1,0,807220.0111,5825521.162,13.52623434,52.49311417
1,1011302.0,Oranienburger Straße                                                                                ,1100309.0,2018,8,13,6,3,5,7,0,1,0,0,0,0,0,798322.0553,5828697.11,13.39841414,52.52651824
9,9020702.0,Adlershof Ost,9200717.0,2018,8,10,2,3,1,5,0,1,0,0,0,0,0,809417.3279,5819598.336,13.55300497,52.43879385
1,1011204.0,Leipziger Straße                                                                                    ,1100207.0,2018,8,22,2,3,6,4,2,0,1,0,0,0,0,798738.5384,5826916.993,13.40293649,52.51033394
5,5010314.0,Carl-Schurz-Straße                                                                                  ,5100316.0,2018,8,13,6,2,2,2,0,1,0,0,0,0,0,784680.562,5829346.265,13.19844291,52.53963354
1,1011301.0,Charitéviertel,1100308.0,2018,8,18,2,3,3,6,0,0,0,1,0,0,0,797063.2126,5828980.929,13.3801666,52.52974974
3,3061332.0,Helmholtzplatz,3601348.0,2018,8,13,6,3,5,3,0,0,0,0,0,0,0,800110.0933,5830739.688,13.42653588,52.5438452
1,1011302.0,Oranienburger Straße                                                                                ,1100309.0,2018,9,17,2,3,2,7,0,0,0,0,0,1,0,798512.7504,5829030.972,13.40151644,52.52940647
11,11030721.0,Rüdigerstraße,11300725.0,2018,8,21,6,3,0,6,2,0,0,0,0,1,0,805194.7006,5827913.367,13.49868862,52.51569038
8,8020619.0,Buschkrugallee Nord,8200623.0,2018,8,18,2,3,5,3,0,1,0,0,0,0,0,801990.7319,5820671.879,13.44505607,52.45256759
1,1011402.0,Arkonaplatz,1100416.0,2018,8,21,6,3,2,2,2,1,0,0,0,0,0,798813.9422,5829365.872,13.40624423,52.53224335
4,4051655.0,Babelsberger Straße,4501153.0,2018,8,17,2,3,5,2,0,0,0,0,0,0,0,794158.7567,5824049.938,13.33311693,52.48712129
7,7010104.0,Dennewitzplatz,7100206.0,2018,9,16,2,3,6,4,0,0,1,0,0,0,0,796733.0994,5824807.973,13.371594,52.49252327
8,8041038.0,Waßmannsdorfer Chaussee,8401244.0,2018,8,19,6,3,5,3,0,0,0,0,0,1,0,805917.1848,5816210.02,13.49857605,52.41039484
8,8020622.0,Parchimer Allee,8200727.0,2018,8,17,2,3,5,2,0,1,0,0,0,0,0,801316.8077,5819563.934,13.43416942,52.4430086
2,2010104.0,Wassertorplatz,2100106.0,2018,8,18,6,2,5,3,0,0,0,1,0,0,0,799066.5705,5825613.594,13.40658489,52.49847108
10,10040932.0,Alt-Mahlsdorf,10400939.0,2018,8,18,6,3,5,3,0,1,0,0,0,0,0,813730.395,5828029.035,13.62417792,52.5118844
2,2030302.0,Lausitzer Platz,2300315.0,2018,8,15,2,3,2,6,0,1,0,0,0,0,0,800228.7327,5825856.748,13.42387257,52.50001247
3,3061430.0,Volkspark Prenzlauer Berg,3601450.0,2018,8,10,6,3,5,2,0,0,0,0,0,1,0,802410.008,5829257.023,13.45899852,52.52928461
7,7070704.0,Nahariyastraße                                                                                      ,7601545.0,2018,8,10,6,3,1,5,0,1,0,0,0,0,0,800192.6423,5813728.54,13.41244531,52.39132066
8,8020727.0,Buckow Mitte,8200832.0,2018,9,17,2,3,2,2,0,1,0,0,0,0,0,801031.8865,5817057.143,13.42773334,52.42069609
2,2010101.0,Askanischer Platz,2100101.0,2018,8,17,2,3,5,3,0,1,0,0,0,0,0,797852.2925,5825682.316,13.38881176,52.49975117
1,1033101.0,Soldiner Straße                                                                                     ,1300730.0,2018,8,14,1,3,2,6,0,1,0,0,0,0,0,796402.2155,5831997.779,13.37314302,52.55715243
2,2030402.0,Wrangelkiez,2300419.0,2018,8,9,6,2,6,4,0,0,1,0,0,0,0,801796.779,5825779.313,13.44683217,52.4984535
8,8010303.0,Donaustraße,8100314.0,2018,8,8,2,3,5,2,0,1,0,0,0,0,0,801072.9742,5823989.193,13.43458461,52.48280798
5,5020523.0,Maulbeerallee,5200527.0,2018,9,13,2,2,5,3,0,1,0,0,0,0,0,782866.9783,5827284.48,13.17001911,52.52209143
1,1044103.0,Westliche Müllerstraße                                                                              ,1400942.0,2018,8,9,6,3,3,6,0,1,0,0,0,0,0,794722.8085,5830416.674,13.34703928,52.54389053
3,3061131.0,Falkplatz,3601142.0,2018,8,9,2,3,2,2,0,1,0,0,0,0,0,799178.8861,5831110.483,13.4131792,52.54768092
11,11040926.0,Weitlingstraße,11400929.0,2018,8,7,6,3,5,3,0,0,0,0,0,0,0,805033.8148,5826691.845,13.49520559,52.5048325
2,2010104.0,Wassertorplatz,2100106.0,2018,8,11,2,3,0,6,0,0,0,0,0,0,0,798999.975,5825433.154,13.40544482,52.49689017
8,8010301.0,Reuterkiez,8100311.0,2018,8,12,2,3,5,2,0,1,0,0,0,0,0,800668.5037,5824373.414,13.42899296,52.48647475
11,11020513.0,Orankesee,11200512.0,2018,8,5,6,3,5,2,1,1,0,0,0,0,0,803024.5698,5830782.975,13.46942157,52.54262012
3,3061332.0,Helmholtzplatz,3601348.0,2018,8,8,6,2,5,3,0,0,0,0,0,1,0,799839.1588,5830802.113,13.42260897,52.5445539
7,7070704.0,Nahariyastraße                                                                                      ,7601545.0,2018,8,11,6,2,5,2,0,1,0,0,0,0,0,800213.8789,5814076.556,13.41306821,52.39442853
9,9051901.0,Dammvorstadt,9501939.0,2018,8,14,2,3,2,6,0,1,0,0,0,0,0,810638.5455,5820305.881,13.57157058,52.4444424
4,4030519.0,Kaiserin-Augusta-Allee,4300518.0,2018,8,8,2,3,5,2,0,1,0,0,0,0,0,792622.9999,5828270.756,13.31427434,52.525785
9,9010402.0,Johannisthal Ost,9100409.0,2018,8,15,2,3,2,2,0,1,0,0,0,0,0,806321.1236,5819352.279,13.50737338,52.43833146
1,1011202.0,Unter den Linden Nord,1100206.0,2018,8,10,5,3,5,2,0,1,0,0,0,0,1,797198.5879,5827497.557,13.38083081,52.51637921
9,9020502.0,Oberschöneweide Ost,9200512.0,2018,8,11,5,3,5,3,0,1,0,0,0,0,1,808012.2776,5821941.157,13.5345607,52.46058355
1,1011306.0,Heine-Viertel Ost,1100313.0,2018,8,11,5,3,5,2,0,0,0,0,1,0,1,799984.3723,5826927.905,13.42124868,52.50974807
4,4030931.0,Breitscheidplatz,4501042.0,2018,8,9,5,3,3,6,0,0,0,0,0,1,0,793988.2347,5826056.497,13.33238377,52.50520093
7,7030303.0,Grazer Platz,7300619.0,2018,8,12,5,3,5,7,0,1,0,0,0,0,1,795049.9909,5821617.333,13.34405222,52.46483361
7,7070703.0,John-Locke-Straße                                                                                   ,7601544.0,2018,8,9,5,3,5,3,0,1,0,0,0,0,0,799609.2497,5813974.771,13.40411783,52.39384719
1,1033203.0,Humboldthain Nordwest                                                                               ,1300836.0,2018,8,18,1,3,5,2,0,1,0,0,0,0,0,796279.0347,5830398.193,13.36990411,52.54288085
2,2030302.0,Lausitzer Platz,2300316.0,2018,8,9,5,3,5,2,0,1,0,0,0,0,1,801621.3502,5826052.913,13.44450354,52.5010028
12,12214423.0,Mellerbogen,12200308.0,2018,9,17,5,2,5,2,0,1,0,0,0,0,0,792608.5137,5833878.79,13.31900359,52.57606651
2,2030301.0,Oranienplatz,2300314.0,2018,9,17,5,3,1,5,0,1,0,0,0,0,0,799860.3593,5825997.266,13.41858866,52.50147453
8,8020622.0,Parchimer Allee,8200726.0,2018,9,17,5,3,5,2,0,1,0,0,0,0,0,801314.1921,5819953.261,13.43448215,52.44649972