district,LOR,street,LOR_2021,year,month,hour,weekday,category,accident_kind,accident_type,light_condition,car,pedestrian,motorcycle,goods_vehicle,others,road_condition,LINREFX,LINREFY,XGCSWGS84,YGCSWGS84
6,6010207.0,Mittelstraße                                                                                        ,6100207.0,2018,9,13,3,3,5,3,0,1,0,0,0,0,0,793720.2506,5819788.192,13.32292582,52.44915245
2,2010102.0,Mehringplatz,2100102.0,2018,9,15,5,3,3,6,0,0,0,0,0,1,0,798082.912,5825495.966,13.39203229,52.49795485
3,3040818.0,Pankow Süd                                                                                          ,3400829.0,2018,9,11,3,2,5,3,0,0,0,0,0,1,0,799662.4816,5832816.656,13.4218298,52.56270813
10,10020415.0,Hellersdorfer Promenade,10200422.0,2018,9,11,3,3,5,2,0,1,0,0,0,0,0,812094.7544,5831799.312,13.60369343,52.5466086
3,3010101.0,Bucher Forst,3100101.0,2018,9,9,3,3,5,3,0,1,0,0,0,0,0,803850.9477,5841447.531,13.49135095,52.63774084
9,9020501.0,Oberschöneweide West,9200510.0,2018,9,8,3,2,5,2,0,1,0,0,0,0,0,806371.0388,5822235.197,13.51074978,52.4641414
1,1011201.0,Wilhelmstraße                                                                                       ,1100205.0,2018,9,13,5,3,3,6,0,1,0,0,0,0,0,796963.7565,5826946.092,13.37688814,52.51156384
11,11040925.0,Victoriastadt,11400927.0,2018,9,10,5,3,5,3,0,1,0,0,0,0,0,803622.4219,5826581.314,13.47437452,52.50462906
2,2030301.0,Oranienplatz,2300314.0,2018,9,9,5,3,0,2,0,1,0,0,0,0,0,799917.2167,5825975.349,13.41940403,52.50124684
1,1011303.0,Alexanderplatzviertel,1100310.0,2018,9,9,5,3,2,7,0,1,0,0,0,0,0,799019.0973,5828495.724,13.40847711,52.52433126
4,4031032.0,Halensee,4500938.0,2018,9,13,2,3,0,1,0,1,0,0,0,0,0,791755.7919,5824825.995,13.29850814,52.49536803
2,2020204.0,Urbanstraße,2200210.0,2018,9,8,5,3,5,2,0,1,0,0,0,0,0,798700.2066,5824703.565,13.40038809,52.49051453
7,7010103.0,Barbarossaplatz,7100204.0,2018,9,8,5,3,3,2,0,0,0,1,0,0,0,795494.7956,5824667.855,13.35328386,52.49193897
4,4051652.0,Nikolsburger Platz,4501149.0,2018,9,7,5,3,5,2,0,1,0,0,0,0,0,793453.0303,5824402.434,13.32306378,52.49066107
4,4051549.0,Rathaus Wilmersdorf,4501146.0,2018,9,7,5,3,5,3,0,0,0,0,0,0,0,792854.3952,5823876.449,13.31380983,52.48626725
2,2030302.0,Lausitzer Platz,2300316.0,2018,9,18,2,3,5,2,0,1,0,0,0,0,0,801470.0658,5826032.482,13.4422631,52.50090328
4,4030621.0,Spreestadt,4300620.0,2018,9,17,2,3,5,2,0,1,0,0,0,0,0,793879.1896,5826970.887,13.33158914,52.51345671
7,7050503.0,Eisenacher Straße                                                                                   ,7501031.0,2018,9,11,5,3,3,6,0,0,0,0,0,0,0,799146.1542,5819901.596,13.40263124,52.4472271
10,10010203.0,Gewerbegebiet Bitterfelder Straße                                                                   ,10100205.0,2018,9,13,5,3,5,3,0,1,0,0,0,0,0,808470.6624,5833236.176,13.55175409,52.5615494
1,7010101.0,Wittenbergplatz/Viktoria-Luise-Platz,7100101.0,2018,9,9,5,3,5,2,0,1,1,0,0,0,0,794697.579,5826033.499,13.34278414,52.5046121
8,8010118.0,Silbersteinstraße,8100104.0,2018,9,13,5,3,2,2,0,1,0,0,0,0,0,800807.5373,5822639.329,13.42947006,52.47085497
3,3040512.0,Wilhelmsruh,3400619.0,2018,9,15,2,3,5,3,0,1,0,0,0,0,0,795956.5159,5835567.7,13.3697741,52.58939539
10,10010310.0,Alt-Marzahn,10100315.0,2018,9,14,2,3,5,2,0,1,0,0,0,0,0,809941.5157,5831628.363,13.57188189,52.54630585
6,6030503.0,Zehlendorf Mitte                                                                                    ,6300527.0,2018,9,13,2,2,5,2,0,1,0,0,0,0,0,790369.994,5818260.119,13.27243913,52.43724266
8,8010214.0,Glasower Straße,8100209.0,2018,9,12,2,3,3,6,0,0,0,0,1,0,0,801728.5884,5822354.185,13.4427307,52.46779124
8,8020622.0,Parchimer Allee,8200726.0,2018,9,7,5,2,5,3,0,0,0,0,0,0,0,802017.2637,5820326.36,13.44513289,52.44945598
10,10020414.0,Helle Mitte,10200421.0,2018,9,13,5,3,5,3,0,1,0,0,0,0,0,812065.2877,5830623.335,13.60215576,52.53608742
12,12214424.0,Scharnweberstraße                                                                                   ,12200309.0,2018,9,8,3,3,5,2,0,0,0,0,1,0,0,793339.0711,5832401.581,13.32844698,52.5624309
12,12224230.0,Heiligensee,12400618.0,2018,9,12,5,2,0,7,0,1,0,0,0,0,0,787997.7363,5837424.643,13.25423576,52.61031577
7,7020202.0,Volkspark (Rudolf-Wilde-Park),7200308.0,2018,9,16,2,3,0,7,0,0,0,0,0,0,0,794647.991,5823914.465,13.3401814,52.48564304
12,12304313.0,Borsigwalde,12500825.0,2018,9,15,3,3,5,2,0,1,0,0,0,0,0,792385.168,5835225.335,13.31690504,52.58825771
9,8041037.0,Alt-Rudow,8401243.0,2018,9,11,5,3,3,6,0,0,0,0,0,0,0,805689.1574,5818777.364,13.49757973,52.43353233
4,4051446.0,Preußenpark,4501043.0,2018,9,10,2,3,5,3,0,1,0,0,0,0,0,792748.5036,5824937.62,13.31318715,52.49583715
3,3050923.0,Weißenseer Spitze,3500934.0,2018,9,14,3,2,0,1,0,0,0,0,0,0,0,801038.8484,5831666.1,13.44102984,52.55163638
5,5030730.0,Zitadellenweg,5300735.0,2018,9,10,5,3,2,6,0,0,0,0,0,1,0,786306.5186,5830462.847,13.22331423,52.54879259
5,5020626.0,Adamstraße                                                                                          ,5200631.0,2018,9,9,2,3,5,3,0,1,0,0,0,0,0,784595.8351,5827970.718,13.19601915,52.52734462
6,6040809.0,Thielallee,6400843.0,2018,9,7,5,3,6,7,0,0,1,0,0,0,0,790430.3358,5819041.408,13.2740033,52.44421508
7,7040401.0,Neu-Tempelhof,7400720.0,2018,9,9,2,3,3,6,0,1,0,0,0,0,0,797166.3202,5823799.694,13.37705713,52.48324941
4,4010101.0,Jungfernheide,4100101.0,2018,9,16,2,3,5,2,0,1,0,0,0,0,0,790422.2934,5829042.969,13.2826018,52.5338847
1,1033101.0,Soldiner Straße                                                                                     ,1300732.0,2018,9,18,4,3,0,2,0,1,0,0,0,0,0,797283.1391,5832230.355,13.38630721,52.55875701
1,1011301.0,Charitéviertel,1100308.0,2018,9,21,2,3,5,2,2,1,0,0,0,0,0,797173.6775,5829176.672,13.3819652,52.53144414
9,9020701.0,Adlershof West,9200715.0,2018,9,20,4,3,5,2,1,1,0,0,0,0,0,809333.3161,5818492.577,13.55074997,52.42893165
10,10030724.0,Oberfeldstraße                                                                                      ,10300731.0,2018,9,19,2,3,2,3,1,1,0,0,0,0,0,809552.0788,5828022.011,13.56279939,52.51420854
1,1011401.0,Invalidenstraße                                                                                     ,1100415.0,2018,9,9,6,3,5,3,0,0,0,0,0,0,0,797396.4307,5829170.324,13.38523367,52.53126575
6,6040703.0,Nikolassee,6400737.0,2018,9,16,3,3,5,2,0,1,0,0,0,0,0,787704.5692,5821695.483,13.23629733,52.46945175
5,5010101.0,Hakenfelde Nord,5100104.0,2018,9,18,4,2,0,7,0,0,0,0,0,0,0,785375.4346,5831696.753,13.21068095,52.56034416
12,12214424.0,Scharnweberstraße                                                                                   ,12200309.0,2018,9,17,4,3,5,2,0,1,0,0,0,0,0,793043.6669,5832662.123,13.32433169,52.5649256
1,1011105.0,Nördlicher Landwehrkanal                                                                            ,1100102.0,2018,9,8,2,3,5,3,0,1,0,0,0,0,0,795764.0228,5826685.499,13.35902965,52.50987967
6,6040810.0,Dahlem,6400844.0,2018,9,16,4,2,3,6,0,1,0,0,0,0,0,791136.5131,5820004.35,13.28520323,52.45247242
1,1011203.0,Unter den Linden Süd,1100206.0,2018,9,21,2,2,0,1,2,0,0,0,0,0,0,797758.5583,5827464.581,13.3890292,52.51577819
2,2050802.0,Boxhagener Platz,2500833.0,2018,9,20,2,2,0,1,1,0,0,0,0,0,0,802292.0997,5827107.853,13.45531271,52.51008708
7,7060602.0,Kirchstraße                                                                                         ,7601237.0,2018,9,16,4,3,5,3,0,1,0,0,0,0,0,797371.515,5816352.057,13.37343944,52.41637688
9,9030901.0,Dorf Altglienicke,9300920.0,2018,9,8,2,3,2,2,0,1,0,0,0,0,0,808096.8338,5816912.002,13.53116591,52.41546393
6,6030503.0,Zehlendorf Mitte                                                                                    ,6300526.0,2018,9,7,2,3,5,2,0,1,0,0,0,0,0,789263.6411,5818038.508,13.25601759,52.43584208
11,11030721.0,Rüdigerstraße,11300722.0,2018,9,14,6,3,5,2,0,1,0,0,0,0,0,803725.7765,5827558.473,13.47678418,52.51332955
1,1011101.0,Stülerstraße                                                                                        ,1100101.0,2018,9,7,2,3,0,4,0,0,1,0,0,0,0,794997.9947,5826325.088,13.34745573,52.50706364
6,6030504.0,Teltower Damm,6300528.0,2018,9,13,4,3,5,3,0,1,0,0,0,0,0,790697.8197,5817496.519,13.27658415,52.43022265
7,7010102.0,Nollendorfplatz,7100102.0,2018,9,10,4,2,5,2,0,1,0,0,0,0,0,795004.9798,5825637.166,13.34694883,52.50089312
3,3020210.0,Herthaplatz,3200207.0,2018,9,14,1,3,5,3,0,1,0,0,0,0,0,798602.405,5835162.229,13.40834984,52.584315
1,1011201.0,Wilhelmstraße                                                                                       ,1100205.0,2018,9,10,4,3,5,2,0,1,0,0,0,0,0,796964.6167,5827041.749,13.37698613,52.51242083
1,1011301.0,Charitéviertel,1100308.0,2018,9,12,6,3,1,5,0,1,0,0,0,0,0,797602.745,5828411.256,13.38758675,52.52434904
3,3040513.0,Schönholz,3400620.0,2018,9,15,4,3,0,3,0,1,0,0,0,0,0,797006.919,5833769.454,13.38362257,52.57270387
8,8010404.0,Rixdorf,8100417.0,2018,9,15,4,3,5,2,0,1,0,0,0,0,0,802348.1271,5822761.626,13.45219229,52.47110067
4,4061757.0,Forst Grunewald,4200207.0,2018,9,13,1,2,5,2,0,1,0,0,0,0,0,784992.0316,5822726.159,13.19735433,52.48011479
1,1022103.0,Westhafen,1200517.0,2018,9,14,4,3,5,3,0,1,0,0,0,0,0,793622.9486,5829145.337,13.32974381,52.53308754
5,5020626.0,Adamstraße                                                                                          ,5200631.0,2018,9,11,1,3,5,2,0,1,0,0,0,0,0,784737.5705,5827492.889,13.19769361,52.52298639
6,6040703.0,Nikolassee,6400737.0,2018,9,10,1,3,5,3,0,0,0,0,0,0,0,787701.6465,5821696.216,13.23625505,52.46945986
1,1011201.0,Wilhelmstraße                                                                                       ,1100205.0,2018,9,8,6,3,1,5,0,1,0,0,0,0,1,797450.0193,5826850.195,13.38394658,52.51043929
4,4051446.0,Preußenpark,4501043.0,2018,9,10,4,3,1,5,0,0,0,0,0,1,0,792617.4928,5824842.332,13.31117915,52.49505317
3,3061126.0,Arnimplatz,3601139.0,2018,9,9,4,3,1,5,0,1,0,0,0,0,0,798837.383,5831884.701,13.40885472,52.55480805
11,11030720.0,Herzbergstraße,11300721.0,2018,9,9,4,3,5,3,0,0,0,0,0,0,0,805311.8915,5829107.1,13.50150594,52.52632352
2,2010103.0,Moritzplatz,2100104.0,2018,9,8,4,3,1,5,0,1,0,0,0,0,0,799233.4936,5826008.902,13.40939169,52.50192294
12,12214528.0,Tegeler Forst,12400619.0,2018,9,8,4,3,0,1,0,0,0,0,0,0,0,789438.415,5836229.657,13.27440787,52.59883745
7,7050503.0,Eisenacher Straße                                                                                   ,7501031.0,2018,9,7,4,3,5,2,0,1,0,0,0,0,0,799105.5296,5819853.579,13.40199228,52.44681892
4,4030931.0,Breitscheidplatz,4501042.0,2018,9,17,1,3,1,5,0,1,0,0,0,1,0,794543.4677,5825968.084,13.34046231,52.50410891
4,4020208.0,Kranzallee,4200206.0,2018,9,5,4,3,0,2,2,0,0,0,0,1,0,788928.0581,5826101.636,13.25807891,52.50830893
2,2040701.0,Andreasviertel,2400623.0,2018,9,1,1,3,0,1,2,0,0,0,0,0,0,800594.9485,5827065.865,13.43034291,52.51064856
1,1011401.0,Invalidenstraße                                                                                     ,1100415.0,2018,9,11,1,2,0,1,0,0,0,0,0,0,0,798414.5471,5829198.878,13.40022381,52.53096529
4,4051653.0,Prager Platz,4501152.0,2018,9,17,3,3,6,4,0,0,1,0,0,0,0,793974.582,5824485.385,13.33079649,52.49112407
11,11051331.0,Karlshorst Nord,11501340.0,2018,9,17,1,2,0,1,0,0,0,0,0,0,0,807249.2672,5824244.267,13.52548681,52.48165398
1,1011303.0,Alexanderplatzviertel,1100310.0,2018,9,20,7,3,6,4,1,0,1,0,0,0,0,798929.7311,5828540.431,13.40720399,52.52478099
8,8030830.0,Gropiusstadt Süd,8300935.0,2018,9,15,3,3,5,2,0,1,0,0,0,0,0,802297.4317,5817829.24,13.44698459,52.42691899
10,10040830.0,Kaulsdorf Süd                                                                                       ,10400837.0,2018,9,15,3,3,5,3,0,1,0,0,0,0,0,810451.233,5824684.506,13.57289632,52.48378838
12,12214527.0,Alt-Tegel,12200515.0,2018,9,15,3,3,5,2,0,1,0,0,0,0,0,789987.0148,5834773.325,13.28120996,52.58548923
1,1033203.0,Humboldthain Nordwest                                                                               ,1300836.0,2018,9,15,3,3,6,4,0,0,1,0,0,0,0,796682.0091,5830794.537,13.37618287,52.54621435
2,2030302.0,Lausitzer Platz,2300316.0,2018,9,12,7,3,1,5,0,1,0,0,0,1,0,801284.259,5826172.412,13.4396607,52.50226011
4,4041344.0,Rüdesheimer Platz,4400835.0,2018,9,7,6,2,0,5,0,1,0,0,0,0,1,793379.1286,5822237.354,13.32007327,52.47129162
1,1044102.0,Schillerpark,1400940.0,2018,9,11,7,3,5,2,0,1,0,0,0,0,0,794599.3835,5832285.143,13.34688244,52.56070668
11,11010310.0,Mühlengrund,11100309.0,2018,9,11,7,3,5,2,0,1,0,0,0,0,0,805420.4366,5833323.318,13.50697768,52.56404982
7,7030303.0,Grazer Platz,7300619.0,2018,9,6,6,3,5,3,1,1,0,0,0,0,1,795032.3668,5821873.362,13.34401991,52.46713827
6,6030608.0,Schweizer Viertel,6300632.0,2018,9,15,3,2,5,3,0,0,0,0,0,0,0,791935.5553,5817211.945,13.29448919,52.42701234
4,4020311.0,Reichsstraße,4200310.0,2018,9,13,3,3,5,2,0,1,0,0,0,0,0,789335.2673,5826421.034,13.26433976,52.5109566
4,4041137.0,Flinsberger Platz,4400727.0,2018,9,13,3,3,1,5,0,1,0,0,0,0,0,791401.1211,5824365.251,13.29289564,52.49142696
7,7070706.0,Horstwalder Straße/Paplitzer Straße                                                                 ,7601547.0,2018,9,13,3,3,2,2,0,1,0,0,0,0,0,799496.2767,5812661.233,13.40128901,52.38213465
4,4030725.0,Amtsgerichtsplatz,4300416.0,2018,9,11,7,2,2,3,0,1,0,0,0,0,0,791287.7345,5826062.486,13.29271477,52.50670312
7,7010104.0,Dennewitzplatz,7100206.0,2018,9,10,7,3,2,7,0,1,0,0,0,0,0,796301.488,5824307.236,13.36481013,52.48826907
1,1044203.0,Leopoldplatz,1401049.0,2018,9,12,3,3,5,2,0,1,0,0,0,0,0,795964.6284,5831980.797,13.36669208,52.55723819
1,1011105.0,Nördlicher Landwehrkanal                                                                            ,1100102.0,2018,9,12,3,3,5,2,0,1,0,0,0,0,0,796012.8981,5826207.685,13.36226119,52.50546151
4,4051448.0,Schaperstraße,4501045.0,2018,9,16,7,3,5,2,0,1,0,0,0,0,0,793475.5207,5824733.03,13.32368527,52.49361264
3,3061227.0,Humannplatz,3601243.0,2018,9,22,3,2,5,3,2,1,0,0,0,0,0,799689.3423,5831264.513,13.42082358,52.54878098
2,2010104.0,Wassertorplatz,2100106.0,2018,9,16,7,3,2,6,0,1,0,0,0,0,0,799653.1206,5825662.495,13.41524354,52.49858766
8,8020726.0,Buckow West,8200831.0,2018,9,21,3,3,5,3,2,0,0,0,0,1,0,800160.783,5817057.179,13.41496208,52.42117488
8,8010214.0,Glasower Straße,8100209.0,2018,9,16,5,3,6,4,0,0,1,0,0,0,0,801849.756,5822383.831,13.44453579,52.46799003
2,2030402.0,Wrangelkiez,2300419.0,2018,9,15,7,3,5,3,0,1,0,0,0,0,0,801232.245,5825619.231,13.4383964,52.49733055
4,4020209.0,Eichkamp,4200207.0,2018,9,15,7,2,0,1,0,0,0,0,0,0,0,789826.6761,5824917.558,13.27025173,52.49721675
1,1011402.0,Arkonaplatz,1100416.0,2018,9,15,7,3,5,3,0,0,0,1,0,0,0,798126.5914,5829905.427,13.39662516,52.53745612
1,1011301.0,Charitéviertel,1100308.0,2018,9,19,3,3,5,2,0,1,0,0,0,0,0,796941.4973,5828909.968,13.37831423,52.52917996
7,7030301.0,Friedenau,7300517.0,2018,9,20,5,3,6,7,2,0,1,0,0,0,0,794404.1677,5822398.237,13.33526234,52.47218239
4,4030827.0,Karl-August-Platz,4300623.0,2018,9,15,7,3,1,5,0,1,0,0,0,0,0,792456.2641,5826261.616,13.31005753,52.50786312
2,2020206.0,Graefekiez,2200212.0,2018,9,0,3,3,5,2,2,1,0,0,0,0,0,799770.6943,5824491.289,13.41591655,52.488025
11,11020411.0,Malchower Weg,11200410.0,2018,9,9,3,3,5,3,0,1,0,0,0,0,0,804974.7079,5833032.79,13.50015527,52.56169586
6,6020301.0,Alt-Lankwitz,6200311.0,2018,9,21,7,2,0,6,2,1,0,0,0,0,0,795823.1635,5818310.563,13.35247144,52.43477268
1,1011304.0,Karl-Marx-Allee,1100311.0,2018,9,21,7,2,2,6,2,1,0,0,0,0,0,800052.9393,5828095.523,13.42330886,52.52017616
1,1033102.0,Gesundbrunnen,1300733.0,2018,9,9,3,2,5,3,0,0,0,0,1,0,0,797674.3862,5831310.16,13.39123638,52.55029494
12,12304313.0,Borsigwalde,12500825.0,2018,9,9,3,2,5,2,0,0,0,0,0,1,0,791841.5587,5834653.118,13.30839966,52.58341992
5,5010102.0,Goltzstraße,5100103.0,2018,9,13,7,3,5,3,0,1,0,0,0,0,0,785208.3767,5831862.668,13.20836587,52.56191926
11,11041128.0,Sewanstraße,11401136.0,2018,9,19,5,3,5,2,1,1,0,0,0,0,0,805898.1007,5825851.253,13.50712749,52.49681496
4,4051551.0,Brabanter Platz,4501148.0,2018,9,13,7,3,0,2,0,1,0,0,0,0,0,792837.5617,5823210.159,13.31297733,52.48030317
3,3071536.0,Teutoburger Platz,3701554.0,2018,9,20,7,1,0,7,1,0,0,0,1,0,0,799114.8688,5830271.855,13.41148277,52.54019906
6,6040810.0,Dahlem,6400844.0,2018,9,19,5,2,5,2,0,1,0,0,0,0,0,792355.0426,5820818.798,13.30379691,52.45912351
3,3010102.0,Buch,3100103.0,2018,9,18,5,3,5,3,0,1,0,0,0,0,0,804436.178,5840688.804,13.49927346,52.63061316
7,7020201.0,Bayerischer Platz,7200307.0,2018,9,18,3,3,5,2,1,1,0,0,0,0,0,794963.3163,5824306.103,13.34515827,52.48898356
2,2020206.0,Graefekiez,2200212.0,2018,9,20,6,3,1,5,2,1,0,0,0,0,0,799869.6955,5824462.415,13.41734424,52.48771183
6,6030502.0,Zehlendorf Süd                                                                                      ,6300525.0,2018,9,8,3,3,0,1,0,0,0,0,0,0,0,790234.9453,5814947.731,13.26758438,52.40761764
5,5040938.0,Kafkastraße                                                                                         ,5400945.0,2018,9,7,3,3,4,2,0,1,0,0,0,0,0,780055.8171,5819247.508,13.12194052,52.45147594
8,8010214.0,Glasower Straße,8100209.0,2018,9,19,6,3,3,6,1,0,0,1,0,0,0,802092.0397,5822441.483,13.44814378,52.46837286
5,5020626.0,Adamstraße                                                                                          ,5200630.0,2018,9,19,6,3,5,2,0,1,0,0,0,0,0,784148.8035,5827297.437,13.18887206,52.52154111
2,2040502.0,Friedenstraße,2400521.0,2018,9,18,6,3,5,3,0,1,0,0,0,0,0,800459.645,5828466.641,13.4296202,52.52327866
5,5020523.0,Maulbeerallee,5200527.0,2018,9,17,3,3,5,3,0,1,0,0,0,0,0,782319.0391,5827350.057,13.16202025,52.52296342
1,1044203.0,Leopoldplatz,1401048.0,2018,9,17,6,3,1,5,0,1,0,0,0,1,0,795173.0248,5831295.898,13.35444041,52.5515283
9,9020802.0,Köllnische Vorstadt                                                                                 ,9200819.0,2018,9,15,6,3,1,5,0,0,0,0,0,0,0,810194.9118,5820381.451,13.56513444,52.44537147
1,1022106.0,Elberfelder Straße                                                                                  ,1200522.0,2018,9,16,3,3,2,2,0,1,0,0,0,0,0,793964.2263,5828206.564,13.33393057,52.52448804
1,1011304.0,Karl-Marx-Allee,1100311.0,2018,9,1,6,3,5,3,2,1,0,0,0,0,0,799746.807,5827565.503,13.41833299,52.51559372
4,4051654.0,Wilhelmsaue,4501150.0,2018,9,9,6,3,5,2,0,0,0,0,0,1,1,793436.0842,5823923.222,13.32239295,52.48637423
8,8030829.0,Gropiusstadt Nord,8300934.0,2018,9,13,3,3,5,2,0,1,0,0,0,0,0,802776.0258,5818729.004,13.4548166,52.43471906
12,12231101.0,Hermsdorf,12400722.0,2018,9,6,3,3,5,3,0,1,0,0,0,0,0,790883.2405,5838373.081,13.29756399,52.61728171
1,1022104.0,Emdener Straße                                                                                      ,1200519.0,2018,9,9,6,2,5,2,0,0,0,1,0,0,0,794052.1686,5828470.242,13.33545625,52.52680433
11,11041128.0,Sewanstraße,11401135.0,2018,9,19,2,3,5,3,1,1,0,0,0,0,0,805525.3887,5825984.202,13.50177629,52.49821527
11,11030618.0,Fennpfuhl West,11300619.0,2018,9,9,6,3,2,6,0,1,0,0,0,0,1,803270.458,5828973.827,13.47138552,52.5262684
8,8010214.0,Glasower Straße,8100209.0,2018,9,17,2,3,5,2,0,1,0,0,0,0,0,801859.5144,5822386.125,13.44468108,52.4680052
4,4051655.0,Babelsberger Straße,4501153.0,2018,9,20,4,3,5,7,2,1,0,0,0,0,0,794190.4101,5823111.7,13.33275377,52.47869341
12,12103218.0,Teichstraße,12100205.0,2018,9,19,4,3,5,2,2,1,0,0,0,0,0,794539.102,5833158.71,13.34677129,52.56857013
3,3040614.0,Pankow Zentrum                                                                                      ,3400721.0,2018,9,19,4,3,0,3,1,1,0,0,0,0,0,798244.0469,5833445.156,13.40153165,52.56912053
3,3061227.0,Humannplatz,3601243.0,2018,9,17,4,3,1,5,0,1,0,0,0,0,0,799417.1701,5831751.703,13.41726097,52.55329751
2,2040703.0,Wriezener Bahnhof/Entwicklungsgebiet,2400625.0,2018,9,19,7,3,2,6,0,1,0,0,0,0,0,801199.2929,5826553.392,13.43875738,52.50572182
2,2040701.0,Andreasviertel,2400623.0,2018,9,17,4,3,3,2,0,1,0,0,0,0,0,800575.518,5827015.748,13.4300122,52.51021004
4,4041137.0,Flinsberger Platz,4400727.0,2018,9,17,7,3,5,2,0,1,0,0,0,0,0,790960.1739,5823006.557,13.28523334,52.47948141
1,1011202.0,Unter den Linden Nord,1100206.0,2018,9,20,5,2,0,1,2,0,0,0,0,0,0,798199.2752,5827955.025,13.39594431,52.5199336
3,3040818.0,Pankow Süd                                                                                          ,3400829.0,2018,9,13,7,3,5,3,0,1,0,0,0,0,0,799993.7421,5833017.541,13.42688367,52.5643263
3,3050923.0,Weißenseer Spitze,3500934.0,2018,9,11,4,3,5,2,0,1,0,0,0,0,0,801056.7983,5831435.323,13.44108454,52.54955799
7,7040403.0,Manteuffelstraße                                                                                    ,7400823.0,2018,9,11,4,3,5,2,0,0,0,0,0,1,0,797349.3107,5822066.065,13.37819828,52.46760962
2,2040703.0,Wriezener Bahnhof/Entwicklungsgebiet,2400625.0,2018,9,16,5,3,5,3,0,1,0,0,0,0,0,801756.9663,5826236.156,13.44666141,52.50257025
6,6030502.0,Zehlendorf Süd                                                                                      ,6300525.0,2018,9,11,4,3,1,5,0,0,0,0,0,1,0,789776.8315,5815381.091,13.26124365,52.41174557
1,1011402.0,Arkonaplatz,1100416.0,2018,9,19,6,3,6,4,1,0,1,0,0,0,0,798757.4789,5829621.347,13.40564394,52.53456427
4,4051655.0,Babelsberger Straße,4501153.0,2018,9,15,5,3,6,4,0,0,1,0,0,0,0,794434.6536,5823919.635,13.33705328,52.48580448
2,2040503.0,Richard-Sorge-Viertel,2400522.0,2018,9,10,4,3,5,3,0,1,0,0,0,0,0,801743.8946,5828382.062,13.44841504,52.5218114
1,1011303.0,Alexanderplatzviertel,1100310.0,2018,9,10,4,3,1,5,0,0,0,0,0,1,0,799250.5018,5828649.041,13.41201571,52.52557855
8,8010117.0,Schillerpromenade,8100102.0,2018,9,18,6,3,1,5,0,1,0,0,0,0,0,800465.4514,5823629.268,13.4253409,52.47991646
8,8010211.0,Flughafenstraße,8100206.0,2018,9,19,6,3,5,2,0,1,0,0,0,0,0,800617.3586,5823774.652,13.42770206,52.48113599
2,2040502.0,Friedenstraße,2400521.0,2018,9,19,6,3,4,6,1,0,0,0,0,0,0,800655.0331,5828465.721,13.43249058,52.52316272
4,4030623.0,Ernst-Reuter-Platz,4300622.0,2018,9,8,6,3,1,5,0,1,0,0,0,0,0,793754.2642,5826076.686,13.32896435,52.50550794
3,3050923.0,Weißenseer Spitze,3500934.0,2018,9,9,4,3,1,5,0,1,0,0,0,0,0,800543.8427,5831814.713,13.43388565,52.55324178
2,2030301.0,Oranienplatz,2300314.0,2018,9,9,4,3,2,2,0,1,0,0,0,0,0,799984.327,5826187.948,13.42058126,52.50311556