district,LOR,street,LOR_2021,year,month,hour,weekday,category,accident_kind,accident_type,light_condition,car,pedestrian,motorcycle,goods_vehicle,others,road_condition,LINREFX,LINREFY,XGCSWGS84,YGCSWGS84
10,10010311.0,Landsberger Tor,10100316.0,2018,9,23,6,2,5,3,2,1,0,0,0,0,0,810167.8469,5831721.914,13.57529624,52.54701539
2,2050801.0,Traveplatz,2500831.0,2018,9,16,4,3,2,6,0,1,0,0,0,0,0,803068.7042,5827455.866,13.46703779,52.51277537
10,10030727.0,Biesdorf Süd                                                                                        ,10300734.0,2018,9,16,4,2,5,2,0,1,0,0,0,0,0,808956.757,5826425.433,13.55257279,52.50023788
2,2010103.0,Moritzplatz,2100104.0,2018,9,15,4,3,5,2,0,1,0,0,0,0,0,799292.6658,5826222.021,13.41045238,52.50380079
12,12103220.0,Humboldtstraße,12100206.0,2018,9,10,6,3,5,7,0,1,0,0,0,0,0,794125.0056,5833877.339,13.34131656,52.57523602
2,2020204.0,Urbanstraße,2200210.0,2018,9,8,5,3,0,1,0,0,0,0,0,0,0,798369.1579,5825302.057,13.39606273,52.49606028
3,3020307.0,Buchholz,3200309.0,2018,9,15,4,3,1,5,0,1,0,0,0,0,0,800616.8776,5836754.315,13.43943811,52.59747565
2,2020204.0,Urbanstraße,2200210.0,2018,9,15,4,3,5,3,0,1,0,0,0,0,0,798718.5666,5824698.719,13.40065336,52.49046103
2,2010104.0,Wassertorplatz,2100106.0,2018,9,15,4,3,3,6,0,0,0,0,0,0,0,798596.1517,5825583.8,13.39964904,52.4984616
5,5030832.0,Rohrdamm,5300841.0,2018,9,9,6,2,1,5,0,1,0,0,0,0,0,789888.2488,5829235.378,13.27491839,52.53589397
6,6020302.0,Komponistenviertel Lankwitz,6200312.0,2018,9,14,4,3,5,3,0,1,0,0,0,0,0,794430.1303,5818843.384,13.33250872,52.44030082
1,1022207.0,Hansaviertel,1200629.0,2018,9,9,6,3,0,6,0,1,0,0,0,0,0,794450.5614,5827709.567,13.3406383,52.51977035
8,8010405.0,Hertzbergplatz,8100418.0,2018,9,18,6,2,6,4,1,0,1,0,0,0,0,802116.1921,5823638.033,13.44958201,52.47908432
6,6020409.0,Königsberger Straße                                                                                 ,6200421.0,2018,9,8,6,3,6,7,0,0,1,0,0,0,0,794125.7147,5817635.156,13.32698015,52.4296333
6,6040810.0,Dahlem,6400844.0,2018,9,0,6,3,0,5,2,1,0,0,0,0,0,791301.5048,5821512.655,13.2889405,52.46590657
1,1011302.0,Oranienburger Straße                                                                                ,1100309.0,2018,9,10,6,3,0,1,0,0,0,0,0,0,0,799038.6265,5828956.153,13.40917817,52.52844761
4,4030620.0,Alt-Lietzow,4300619.0,2018,9,15,4,3,0,1,0,0,0,0,0,0,0,791971.6326,5827402.083,13.30393785,52.51834676
8,8010301.0,Reuterkiez,8100311.0,2018,9,18,6,2,3,6,0,0,0,0,0,1,0,800676.999,5824384.907,13.42912806,52.48657308
1,1011302.0,Oranienburger Straße                                                                                ,1100309.0,2018,9,15,5,2,3,6,0,1,0,0,0,0,0,798902.139,5829041.789,13.40724919,52.52929007
2,2020206.0,Graefekiez,2200213.0,2018,9,8,6,3,6,4,0,0,1,0,0,0,1,800342.8033,5824554.407,13.42437389,52.48827633
7,7020202.0,Volkspark (Rudolf-Wilde-Park),7200308.0,2018,9,17,4,3,5,2,0,0,0,1,0,0,0,794718.6879,5823910.479,13.341216,52.48556915
6,6010205.0,Südende,6100205.0,2018,9,19,5,3,1,5,2,1,0,0,0,0,0,795527.5355,5819721.531,13.3493832,52.44758092
10,10010309.0,Springpfuhl,10100312.0,2018,9,17,6,3,2,6,0,1,0,0,0,0,0,807961.6504,5829232.433,13.5405572,52.52595652
10,10040829.0,Alt-Kaulsdorf,10400836.0,2018,9,7,6,3,5,3,0,1,0,0,0,0,1,811009.4667,5827597.047,13.58380966,52.50957127
7,7010104.0,Dennewitzplatz,7100205.0,2018,9,15,5,3,5,3,0,1,0,0,0,0,0,796422.6064,5824866.118,13.36708587,52.49321318
2,2020204.0,Urbanstraße,2200210.0,2018,9,11,4,3,5,3,0,0,0,0,0,0,0,798137.283,5824852.092,13.39225461,52.49215361
11,11010103.0,Dorf Falkenberg,11100102.0,2018,9,17,5,2,5,2,0,1,0,0,0,0,0,808265.3157,5834028.266,13.54947035,52.5687642
1,1011402.0,Arkonaplatz,1100416.0,2018,9,17,4,2,0,1,0,0,0,0,0,0,0,798742.3168,5829590.615,13.40539344,52.53429711
2,2030401.0,Reichenberger Straße,2300418.0,2018,9,16,6,3,3,6,0,1,0,0,0,0,0,801175.8765,5825154.465,13.43714838,52.49319586
2,2050802.0,Boxhagener Platz,2500833.0,2018,9,9,4,3,3,6,0,0,0,0,0,1,0,802108.4556,5827355.752,13.45283998,52.51241074
4,4030930.0,George-Grosz-Platz,4501041.0,2018,9,9,4,3,5,2,0,1,0,0,0,0,0,792961.8239,5825713.037,13.3170025,52.50267404
1,1011302.0,Oranienburger Straße                                                                                ,1100309.0,2018,9,16,6,3,6,6,0,0,1,0,0,0,0,798002.6745,5828813.989,13.39382504,52.52774058
1,1011303.0,Alexanderplatzviertel,1100310.0,2018,9,16,5,3,6,4,0,0,1,0,0,0,0,798685.5199,5828161.221,13.40327452,52.52151575
4,4030623.0,Ernst-Reuter-Platz,4300622.0,2018,9,20,6,3,1,5,2,0,0,0,0,1,0,793853.1095,5826245.879,13.33056583,52.50697144
11,11020514.0,Große-Leege-Straße,11200513.0,2018,9,6,4,3,5,3,0,1,0,0,0,0,0,804727.266,5831202.333,13.4948362,52.54542906
1,1011304.0,Karl-Marx-Allee,1100311.0,2018,9,16,4,3,6,7,0,0,1,0,0,0,0,799454.5891,5827994.77,13.41442591,52.51960197
12,12214423.0,Mellerbogen,12200308.0,2018,9,15,6,2,1,5,0,1,0,0,0,0,0,792956.9645,5833650.923,13.32392959,52.57383634
1,1022204.0,Thomasiusstraße                                                                                     ,1200626.0,2018,9,15,6,3,1,5,0,1,0,0,0,0,0,794966.2791,5828284.708,13.34872704,52.52464735
7,7040403.0,Manteuffelstraße                                                                                    ,7400823.0,2018,9,10,5,3,6,7,0,0,1,0,0,0,0,797008.0069,5822212.159,13.37331885,52.46910485
8,8010301.0,Reuterkiez,8100312.0,2018,9,13,6,3,5,7,0,1,0,0,0,0,0,800984.3773,5824424.191,13.43367666,52.48675584
4,4051655.0,Babelsberger Straße,4501153.0,2018,9,11,6,3,5,2,0,1,0,0,0,0,0,794007.4947,5823930.96,13.33079072,52.48613619
2,2030302.0,Lausitzer Platz,2300315.0,2018,9,11,3,3,5,2,0,1,0,0,0,0,0,800489.8968,5825778.958,13.42763816,52.49917147
3,3061430.0,Volkspark Prenzlauer Berg,3601450.0,2018,9,20,5,3,3,6,2,0,0,0,0,0,0,801839.5567,5829916.443,13.45121367,52.53551114
2,2010104.0,Wassertorplatz,2100106.0,2018,9,7,5,3,5,3,0,1,0,0,0,0,0,799444.7509,5825658.822,13.4121799,52.49866911
3,3061332.0,Helmholtzplatz,3601348.0,2018,9,17,5,3,5,3,0,1,0,0,0,0,0,799839.0079,5830805.413,13.42260973,52.54458357
5,5020626.0,Adamstraße                                                                                          ,5200631.0,2018,9,10,3,3,1,5,0,1,0,0,0,0,0,784856.1998,5827701.685,13.19961623,52.52479649
9,9010101.0,Elsenstraße                                                                                         ,9100101.0,2018,9,22,5,3,5,2,2,1,0,0,0,0,0,802349.6895,5824751.002,13.45401913,52.48893069
2,2050801.0,Traveplatz,2500830.0,2018,9,9,3,3,5,3,0,1,0,0,0,0,0,802445.0467,5827424.217,13.45784698,52.51283786
1,1011303.0,Alexanderplatzviertel,1100310.0,2018,9,9,3,3,5,2,0,1,0,0,0,0,0,799135.6982,5828465.406,13.41016337,52.52399554
1,1044202.0,Sparrplatz,1401046.0,2018,9,9,3,3,5,2,0,0,0,1,0,0,0,794884.6056,5830241.458,13.34926271,52.54223231
10,10010206.0,Ringkolonnaden,10100209.0,2018,9,6,5,3,1,5,1,1,0,0,0,0,0,809513.169,5832172.574,13.56609245,52.55142634
2,2020206.0,Graefekiez,2200212.0,2018,9,6,3,3,6,4,1,0,1,0,0,0,0,799186.537,5824591.414,13.40742891,52.48924293
4,4031032.0,Halensee,4500938.0,2018,9,11,5,3,1,5,0,1,0,0,0,0,1,791454.4246,5825007.545,13.29424043,52.49715663
8,8041038.0,Waßmannsdorfer Chaussee,8401244.0,2018,9,6,3,3,5,2,0,1,0,0,0,0,0,806241.698,5816373.601,13.50348172,52.41167952
8,8010118.0,Silbersteinstraße,8100104.0,2018,9,13,5,3,3,2,0,1,0,0,0,0,0,800878.7365,5822453.257,13.43034728,52.46914794
1,1033102.0,Gesundbrunnen,1300733.0,2018,9,6,6,3,0,2,1,0,0,0,0,1,0,797662.0866,5831882.427,13.39156859,52.55543128
10,10020622.0,Kaulsdorf Nord I                                                                                    ,10200629.0,2018,9,8,3,3,3,6,0,1,0,0,0,0,0,810493.224,5827972.621,13.57657778,52.51323102
1,1033102.0,Gesundbrunnen,1300733.0,2018,9,11,5,3,5,2,0,0,0,0,1,0,1,797108.2445,5831770.618,13.38332341,52.55473147
7,7020201.0,Bayerischer Platz,7200307.0,2018,9,15,3,3,1,5,0,1,0,0,0,0,0,794959.5316,5824125.446,13.3449428,52.48736614
4,4051550.0,Leon-Jessel-Platz,4501147.0,2018,9,9,5,2,5,3,0,1,0,0,0,0,1,792875.4236,5824328.469,13.31451587,52.4903082
4,4061757.0,Forst Grunewald,4200207.0,2018,9,13,5,3,3,6,0,1,0,0,0,0,0,785073.8399,5824447.265,13.20002796,52.49550361
2,2010102.0,Mehringplatz,2100102.0,2018,9,9,5,3,5,3,0,0,0,0,0,0,1,798034.9391,5825825.941,13.39162298,52.50093888
4,4010101.0,Jungfernheide,4100101.0,2018,9,17,3,3,5,2,0,1,0,0,0,0,0,791214.8302,5829726.371,13.2948519,52.53958843
1,1011303.0,Alexanderplatzviertel,1100310.0,2018,9,9,5,3,5,3,0,0,0,0,0,0,1,799134.8605,5828913.569,13.41055421,52.52801311
1,1011301.0,Charitéviertel,1100308.0,2018,9,8,5,3,3,6,0,1,0,0,0,0,1,797066.8744,5829301.315,13.38050673,52.53261964
3,3050925.0,Komponistenviertel Weißensee,3500936.0,2018,9,18,3,3,5,3,0,0,0,0,0,1,0,801852.906,5831378.02,13.45273786,52.54860383
1,1011201.0,Wilhelmstraße                                                                                       ,1100205.0,2018,9,18,3,3,6,4,0,0,1,0,0,0,0,797082.5977,5826529.318,13.37826217,52.5077632
8,8010214.0,Glasower Straße,8100209.0,2018,9,17,5,3,5,2,0,0,0,0,0,1,0,801875.2185,5822389.857,13.44491493,52.46802997
10,10010310.0,Alt-Marzahn,10100314.0,2018,9,16,3,3,1,5,0,1,0,0,0,0,0,808974.4101,5830930.027,13.55701594,52.5405969
1,1011402.0,Arkonaplatz,1100416.0,2018,9,7,5,3,5,3,0,1,0,0,0,0,0,798527.8918,5830051.461,13.40265556,52.53854543
7,7040403.0,Manteuffelstraße                                                                                    ,7400824.0,2018,9,16,5,3,5,3,0,1,0,0,0,0,0,797826.3689,5822204.281,13.38532357,52.46858872
4,4030415.0,Schloßgarten,4300412.0,2018,9,16,5,3,5,2,0,1,0,0,0,0,0,791028.2083,5827413.101,13.29008295,52.51894984
1,1011303.0,Alexanderplatzviertel,1100310.0,2018,9,9,6,3,5,2,0,1,0,0,0,0,0,799109.9674,5828466.007,13.40978578,52.52401505
4,4051655.0,Babelsberger Straße,4501153.0,2018,9,17,2,3,0,2,0,1,0,0,0,0,0,793862.1702,5823227.816,13.32803687,52.47991105
9,9010301.0,Baumschulenstraße,9100304.0,2018,9,22,2,3,0,3,2,1,0,0,0,0,0,804598.516,5822054.97,13.48457523,52.46351704
4,4030827.0,Karl-August-Platz,4300623.0,2018,9,15,5,3,5,2,0,1,0,0,0,0,0,792718.1154,5826110.239,13.31377156,52.50636563
7,7030301.0,Friedenau,7300517.0,2018,9,17,5,3,2,4,0,0,1,0,0,0,0,793895.1799,5822936.441,13.32826472,52.47728124
3,3040508.0,Rosenthal,3400618.0,2018,9,7,5,3,0,2,1,1,0,0,0,0,0,796288.4498,5836456.541,13.37545467,52.59718211
1,1011203.0,Unter den Linden Süd,1100206.0,2018,9,15,2,3,2,6,0,1,0,0,0,0,0,797578.0096,5827309.166,13.38623736,52.51448362
5,5020417.0,Staakener Straße                                                                                    ,5200420.0,2018,9,18,4,3,5,3,0,1,0,0,0,0,0,781915.3426,5828603.557,13.15714885,52.53441178
1,1033201.0,Brunnenstraße                                                                                       ,1300834.0,2018,9,14,2,3,5,2,0,1,0,0,0,0,0,798051.1222,5830032.63,13.39562983,52.53863761
8,8041037.0,Alt-Rudow,8401243.0,2018,9,13,2,3,5,2,0,1,0,0,0,0,0,805576.7445,5817406.151,13.49467858,52.42130547
3,3050923.0,Weißenseer Spitze,3500934.0,2018,9,7,4,3,1,5,0,1,0,0,0,0,0,800467.761,5831752.481,13.43271056,52.55272596
10,10010308.0,Marzahner Chaussee,10100311.0,2018,9,8,4,3,5,3,0,1,0,0,0,0,0,807140.711,5828478.622,13.52779838,52.5196639
8,8020727.0,Buckow Mitte,8200832.0,2018,9,13,2,3,5,3,0,1,0,0,0,0,0,800950.1121,5816269.985,13.42582659,52.41368539
2,2050601.0,Hausburgviertel,2500726.0,2018,9,19,4,3,6,4,1,0,1,0,0,0,0,801856.6447,5828437.662,13.45012225,52.52224735
10,10040933.0,Mahlsdorf Süd                                                                                       ,10400940.0,2018,9,16,5,3,5,3,0,1,0,0,0,0,0,812120.1359,5825970.641,13.59859773,52.49436241
7,7060604.0,Marienfelde Süd,7601339.0,2018,9,18,4,3,5,2,0,1,0,0,0,0,0,795532.534,5816090.734,13.34624755,52.41503031
4,4030415.0,Schloßgarten,4300412.0,2018,9,19,2,3,5,3,2,1,0,0,0,0,0,790794.1572,5827391.898,13.28662474,52.51888461
10,10020517.0,Adele-Sandrock-Straße                                                                               ,10200524.0,2018,9,18,4,3,1,7,0,1,0,0,0,0,0,813063.4962,5830710.427,13.61690693,52.53629541
6,6040703.0,Nikolassee,6400737.0,2018,9,12,5,3,5,2,0,1,0,0,0,0,0,786863.0935,5817434.342,13.22028372,52.43168954
6,6030503.0,Zehlendorf Mitte                                                                                    ,6300526.0,2018,9,18,5,3,2,6,0,1,0,0,0,0,0,789267.9735,5817479.598,13.25559756,52.43082889
12,12103117.0,Letteplatz,12100101.0,2018,9,7,4,2,1,5,0,0,0,0,0,1,0,796695.3456,5832979.266,13.37833172,52.5657907
4,4051447.0,Ludwigkirchplatz,4501044.0,2018,9,10,4,3,2,7,0,1,0,0,0,0,0,793192.7462,5824715.368,13.31951657,52.49360628
11,11010308.0,Zingster Straße Ost,11100307.0,2018,9,7,4,3,1,5,0,1,0,0,0,0,0,805032.6534,5834143.991,13.50202916,52.57162236
3,3040614.0,Pankow Zentrum                                                                                      ,3400725.0,2018,9,7,4,3,5,3,0,0,0,0,0,0,0,799302.4879,5835045.836,13.41854686,52.58288706
3,3040513.0,Schönholz,3400620.0,2018,9,16,4,3,5,3,0,1,0,0,0,0,0,796624.5271,5834171.231,13.37835607,52.57651386
4,4051447.0,Ludwigkirchplatz,4501044.0,2018,9,14,4,2,5,2,0,0,0,1,0,0,0,793156.2301,5824516.293,13.31880508,52.49184125
4,4010101.0,Jungfernheide,4100101.0,2018,9,9,2,3,5,3,0,0,0,0,0,1,0,789701.8694,5829564.278,13.27246494,52.53894171
1,1022106.0,Elberfelder Straße                                                                                  ,1200522.0,2018,9,5,5,3,5,3,2,1,0,0,0,0,0,793702.5636,5828015.272,13.3299159,52.52291422
2,2050801.0,Traveplatz,2500831.0,2018,9,18,2,2,1,5,1,1,0,0,0,0,0,802712.5179,5827352.607,13.46171122,52.51204766
2,2040701.0,Andreasviertel,2400623.0,2018,9,7,4,2,6,4,0,0,1,0,0,0,0,800940.8266,5827598.834,13.43590604,52.51523498
1,1022104.0,Emdener Straße                                                                                      ,1200520.0,2018,9,13,4,3,7,7,0,0,0,0,0,0,0,794575.9308,5828503.156,13.34318358,52.52681663
1,1011101.0,Stülerstraße                                                                                        ,1100101.0,2018,9,13,4,2,1,5,0,1,0,0,0,0,0,794995.9456,5825948.843,13.34709224,52.50369198
8,8010211.0,Flughafenstraße,8100206.0,2018,9,11,4,3,3,6,0,1,0,0,0,0,0,800919.3438,5823852.625,13.43220584,52.48166857
1,1011302.0,Oranienburger Straße                                                                                ,1100309.0,2018,9,9,2,3,1,5,0,1,0,0,0,1,0,798098.0289,5828455.546,13.39490514,52.52447548
1,1044101.0,Rehberge,1400938.0,2018,9,7,2,2,5,3,0,0,0,1,0,0,0,794183.9571,5830382.933,13.33908636,52.54387928
1,7010101.0,Wittenbergplatz/Viktoria-Luise-Platz,7100101.0,2018,9,11,4,3,5,2,0,1,0,0,0,0,0,794697.5918,5826032.693,13.34278362,52.50460486
9,9020701.0,Adlershof West,9200715.0,2018,9,7,2,2,5,3,0,1,0,0,0,0,0,807878.8101,5819181.516,13.53005916,52.43592646
1,1011302.0,Oranienburger Straße                                                                                ,1100309.0,2018,9,14,4,2,0,1,0,0,0,0,0,0,0,798528.8233,5829003.601,13.4017281,52.52915233
6,6020302.0,Komponistenviertel Lankwitz,6200312.0,2018,9,11,4,3,5,3,0,1,0,0,0,0,0,794339.7641,5819040.842,13.33135704,52.4421196
4,4051446.0,Preußenpark,4501043.0,2018,9,18,2,3,5,3,1,1,0,0,0,0,0,792557.2322,5824695.033,13.3101647,52.49376498
4,4030930.0,George-Grosz-Platz,4501041.0,2018,9,9,4,3,5,3,0,1,0,0,0,0,0,793127.9119,5825402.941,13.31916941,52.49980495
4,4030518.0,Tegeler Weg,4300517.0,2018,9,18,4,3,5,7,0,1,0,0,0,0,0,791981.0049,5828211.183,13.30478587,52.52559515
1,1011302.0,Oranienburger Straße                                                                                ,1100309.0,2018,9,9,4,3,0,1,0,0,0,0,0,0,0,799040.1691,5828959.88,13.40920419,52.52848017
1,1044101.0,Rehberge,1400937.0,2018,9,18,4,3,5,2,0,1,0,0,0,0,0,794304.9251,5831741.814,13.34206941,52.55599536
3,3071639.0,Bötzowstraße,3701660.0,2018,9,17,2,3,3,6,0,1,0,0,0,0,0,800487.537,5829704.886,13.43114918,52.534362
1,1011302.0,Oranienburger Straße                                                                                ,1100309.0,2018,9,8,4,3,6,4,0,0,1,0,0,0,0,798630.2608,5828827.241,13.40306057,52.52751595
8,8010212.0,Rollberg,8100207.0,2018,9,17,4,3,3,6,0,1,0,0,0,0,0,801308.0226,5823558.311,13.43764604,52.47881624
10,10010310.0,Alt-Marzahn,10100313.0,2018,9,16,2,3,6,7,0,0,1,0,0,0,0,808518.8161,5831109.118,13.5504858,52.54245999
1,1022104.0,Emdener Straße                                                                                      ,1200520.0,2018,9,16,4,3,0,2,0,1,0,0,0,0,0,794569.3907,5828430.19,13.34302281,52.52616607
10,10040828.0,Kaulsdorf Nord                                                                                      ,10400835.0,2018,9,16,4,3,5,3,0,1,0,0,0,0,0,812418.4335,5829677.224,13.60645633,52.52740694
6,6020306.0,Lankwitz Süd                                                                                        ,6200317.0,2018,9,15,2,3,5,7,0,1,0,0,0,0,0,795737.263,5816792.865,13.34986949,52.42121392
6,6040810.0,Dahlem,6400844.0,2018,9,14,5,3,5,3,0,1,0,0,0,0,0,792358.6948,5820779.376,13.30381599,52.45876815
2,2030302.0,Lausitzer Platz,2300315.0,2018,9,8,4,3,5,3,0,0,0,0,0,0,0,800771.5825,5825870.722,13.43185811,52.4998388
8,8010213.0,Körnerpark,8100208.0,2018,9,13,4,3,5,3,0,1,0,0,0,0,0,801249.8031,5822883.806,13.43618213,52.47280258
1,1011306.0,Heine-Viertel Ost,1100313.0,2018,9,23,2,3,3,6,2,0,0,1,0,0,0,799934.6007,5826626.042,13.42024552,52.50706972
7,7040403.0,Manteuffelstraße                                                                                    ,7400823.0,2018,9,15,4,3,5,2,0,1,0,0,0,0,0,797317.2669,5821758.52,13.37745394,52.46487022
1,1011202.0,Unter den Linden Nord,1100206.0,2018,9,11,2,3,0,2,0,1,0,0,0,0,0,797199.138,5827496.139,13.38083762,52.5163662
11,11040926.0,Weitlingstraße,11400931.0,2018,9,8,4,3,5,2,0,0,0,0,0,1,0,806295.1049,5826843.631,13.51386999,52.50548628
4,4061757.0,Forst Grunewald,4200207.0,2018,9,17,4,3,3,6,0,1,0,0,0,0,0,785229.7825,5824204.838,13.2021112,52.49324854
8,8010301.0,Reuterkiez,8100312.0,2018,9,21,1,3,5,3,2,1,0,0,0,0,0,801096.5671,5824349.407,13.43525635,52.48602367
8,8020622.0,Parchimer Allee,8200726.0,2018,9,8,4,3,5,2,0,0,0,0,0,1,0,801257.5551,5819683.411,13.43340802,52.44411216
6,6030504.0,Teltower Damm,6300528.0,2018,9,17,1,2,3,6,0,0,0,0,0,0,0,790056.5376,5815898.31,13.26579265,52.41623451
1,1044103.0,Westliche Müllerstraße                                                                              ,1400942.0,2018,9,22,5,3,1,5,2,1,0,0,0,1,0,794960.1901,5831091.228,13.35112867,52.5498089
2,2020205.0,Chamissokiez,2200211.0,2018,9,8,4,3,5,7,0,1,0,0,0,0,0,799194.0271,5824236.711,13.40722047,52.4860594
1,1033201.0,Brunnenstraße                                                                                       ,1300834.0,2018,9,15,1,3,3,6,0,0,0,1,0,0,0,798241.6277,5830912.208,13.39922004,52.54641758
8,8010115.0,Hasenheide,8100102.0,2018,9,13,1,3,5,3,0,0,0,1,0,0,0,799224.766,5823833.38,13.40730976,52.48242726
7,7060604.0,Marienfelde Süd,7601341.0,2018,9,7,4,3,5,3,0,1,0,0,0,0,0,797600.9441,5815579.753,13.37611636,52.40932919
4,4041240.0,Messelpark,4400831.0,2018,9,15,4,3,0,3,0,1,0,0,0,0,0,790988.1139,5821910.977,13.28468774,52.46964457
8,8040933.0,Vogelviertel Süd,8401139.0,2018,9,13,4,3,5,3,0,1,0,0,0,0,0,803027.0524,5819381.443,13.45908933,52.4404279
9,9010101.0,Elsenstraße                                                                                         ,9100101.0,2018,9,8,4,3,0,2,0,0,0,1,0,0,0,802210.107,5824891.637,13.45209717,52.4902685
7,7040403.0,Manteuffelstraße                                                                                    ,7400823.0,2018,9,17,3,3,2,6,0,1,0,0,0,0,0,797255.2713,5820695.808,13.37559775,52.45537778
6,6030608.0,Schweizer Viertel,6300632.0,2018,9,7,3,3,1,5,1,0,0,0,0,1,0,790674.2704,5816292.534,13.27519251,52.41944113
12,12231101.0,Hermsdorf,12400723.0,2018,9,7,5,3,5,3,0,1,0,0,0,0,0,791806.1587,5839580.502,13.31222304,52.62761086
3,3061126.0,Arnimplatz,3601141.0,2018,9,10,5,3,5,5,0,1,0,0,0,0,0,798860.3956,5831348.775,13.40871073,52.54999166
2,2050804.0,Stralauer Halbinsel,2500836.0,2018,9,6,7,3,5,2,0,1,0,0,0,0,0,803209.7013,5825584.093,13.46740461,52.49592063
1,1044203.0,Leopoldplatz,1401048.0,2018,9,18,3,3,0,1,0,0,0,0,0,0,0,795608.5657,5831715.143,13.36121867,52.55505024
10,10020416.0,Böhlener Straße                                                                                     ,10200423.0,2018,9,11,7,3,2,2,0,1,0,0,0,1,0,812887.5869,5831169.425,13.61475402,52.54050949
4,4051447.0,Ludwigkirchplatz,4501044.0,2018,9,18,3,3,0,5,0,1,0,0,0,0,0,793420.6711,5825195.285,13.32328686,52.49778606
1,1033102.0,Gesundbrunnen,1300733.0,2018,9,14,3,2,5,2,0,1,0,0,0,0,0,797661.1443,5831882.627,13.39155491,52.5554336
4,4041241.0,Breite Straße,4400832.0,2018,9,14,3,3,1,5,0,1,0,0,0,0,0,791344.5664,5822420.798,13.29036566,52.47402514
12,12103117.0,Letteplatz,12100101.0,2018,9,8,3,3,5,2,0,1,0,0,0,0,0,795769.4805,5832572.027,13.36434886,52.56264401
6,6010208.0,Bergstraße                                                                                          ,6100208.0,2018,9,14,3,3,5,3,0,1,0,0,0,0,0,794115.5035,5820813.053,13.32962771,52.45812742
12,12224230.0,Heiligensee,12400618.0,2018,9,18,5,3,4,6,0,0,0,0,0,0,0,787154.6934,5838088.202,13.24239572,52.61671087
1,1011202.0,Unter den Linden Nord,1100206.0,2018,9,9,3,3,4,2,0,1,0,0,0,0,0,797199.138,5827496.139,13.38083762,52.5163662
3,3061332.0,Helmholtzplatz,3601346.0,2018,9,16,3,3,1,5,0,0,0,0,0,1,0,799233.4229,5831106.111,13.41397713,52.54761178
1,1011301.0,Charitéviertel,1100308.0,2018,9,16,2,3,2,2,0,1,0,0,0,0,1,796735.53,5829686.093,13.3759798,52.53624924
11,11030721.0,Rüdigerstraße,11300722.0,2018,9,13,3,3,5,2,0,1,0,0,0,0,0,803586.8664,5828338.209,13.47545496,52.52039544
11,11051331.0,Karlshorst Nord,11501340.0,2018,9,16,6,3,5,3,0,0,0,0,0,1,0,807246.414,5824298.118,13.52549456,52.4821382
5,5010313.0,Ackerstraße                                                                                         ,5100315.0,2018,9,15,5,3,5,2,0,1,0,0,0,0,0,784377.46,5830003.761,13.19454869,52.54568694
1,1011303.0,Alexanderplatzviertel,1100310.0,2018,9,15,2,3,0,5,0,1,0,0,0,0,0,798906.3148,5828320.84,13.40666251,52.52282552
7,7010102.0,Nollendorfplatz,7100103.0,2018,9,18,4,3,6,4,1,0,1,0,0,0,0,795857.5045,5825395.592,13.35925688,52.49826607