district,LOR,street,LOR_2021,year,month,hour,weekday,category,accident_kind,accident_type,light_condition,car,pedestrian,motorcycle,goods_vehicle,others,road_condition,LINREFX,LINREFY,XGCSWGS84,YGCSWGS84
5,5020524.0,Weinmeisterhornweg,5200528.0,2018,9,15,2,2,6,4,0,0,1,0,0,0,0,783604.767,5825675.629,13.17949284,52.50728284
5,5020625.0,Borkumer Straße                                                                                     ,5200629.0,2018,9,15,2,3,5,2,0,0,0,0,0,1,1,784710.1559,5828610.777,13.19824794,52.53302369
3,3061131.0,Falkplatz,3601142.0,2018,9,16,4,3,5,3,0,1,0,0,0,0,0,799114.1967,5830591.189,13.4117604,52.54306177
10,10010308.0,Marzahner Chaussee,10100311.0,2018,9,15,2,2,3,6,0,1,0,0,0,0,1,807537.2343,5830662.236,13.53564375,52.53900994
1,1011202.0,Unter den Linden Nord,1100206.0,2018,9,15,6,3,5,2,0,1,0,0,0,0,0,797496.9299,5827753.782,13.38544362,52.51851331
4,4030726.0,Droysenstraße,4500936.0,2018,9,18,5,3,5,2,1,1,0,0,0,0,0,791857.6564,5825371.53,13.30048238,52.50020421
6,6010102.0,Schloßstraße                                                                                        ,6100102.0,2018,9,10,3,2,5,2,0,0,0,0,1,0,0,793396.7044,5820322.936,13.31864839,52.45412002
7,7030301.0,Friedenau,7300516.0,2018,9,11,3,2,1,5,0,1,0,0,0,0,0,794098.9135,5821750.312,13.33021011,52.46653847
1,1022201.0,Stephankiez,1200623.0,2018,9,20,5,3,5,2,2,1,0,0,0,0,0,794821.4616,5828959.276,13.3471968,52.53077269
8,8010211.0,Flughafenstraße,8100206.0,2018,9,8,5,3,3,6,0,1,0,0,0,0,0,800815.0611,5823825.285,13.43065019,52.48148097
1,1011204.0,Leipziger Straße                                                                                    ,1100207.0,2018,9,10,3,2,5,3,0,1,0,0,0,0,0,798581.7431,5826874.258,13.40059465,52.51003671
7,7060604.0,Marienfelde Süd,7601339.0,2018,9,21,2,2,5,3,1,1,0,0,0,0,0,795806.9778,5816017.335,13.35020616,52.41422409
12,12214125.0,Waldidyll/Flughafensee,12200411.0,2018,9,9,4,3,0,6,0,0,0,0,0,1,0,792503.7807,5832027.232,13.31582971,52.5595244
4,4030725.0,Amtsgerichtsplatz,4300416.0,2018,9,17,2,3,5,3,0,1,0,0,0,0,1,791577.1431,5826514.816,13.29736299,52.51060361
1,1011202.0,Unter den Linden Nord,1100206.0,2018,9,17,3,3,5,2,0,0,0,0,0,0,0,797184.1382,5827523.815,13.38064194,52.51662246
3,3020209.0,Niederschönhausen,3200205.0,2018,9,18,5,3,5,2,1,1,0,0,0,0,0,797201.9233,5835579.189,13.38811423,52.58881935
4,4030931.0,Breitscheidplatz,4501042.0,2018,9,17,2,3,3,6,0,0,0,0,0,0,1,794120.5269,5826091.899,13.33435852,52.50544699
1,1011402.0,Arkonaplatz,1100416.0,2018,9,10,4,3,0,3,0,1,0,0,0,0,0,798734.7222,5829552.852,13.40524787,52.53396278
3,3010102.0,Buch,3100103.0,2018,9,15,4,3,3,6,0,1,0,0,0,0,0,804729.7048,5840720.372,13.50362603,52.63073148
2,2040703.0,Wriezener Bahnhof/Entwicklungsgebiet,2400625.0,2018,9,15,6,3,5,3,0,0,0,1,0,0,0,801554.3214,5826341.681,13.44378058,52.50362811
4,4051655.0,Babelsberger Straße,4501153.0,2018,9,11,6,3,5,2,0,1,0,0,0,0,0,794012.6354,5823813.357,13.33076247,52.48507916
1,1011301.0,Charitéviertel,1100308.0,2018,9,8,3,3,3,6,0,1,0,0,0,0,0,797050.1576,5828335.717,13.37939831,52.52397325
2,2040701.0,Andreasviertel,2400521.0,2018,9,11,2,3,5,2,0,1,0,0,0,0,0,800426.9598,5827980.902,13.42870118,52.51894285
1,1011202.0,Unter den Linden Nord,1100206.0,2018,9,8,6,3,5,2,0,0,0,0,0,1,0,797155.9861,5827685.169,13.3803724,52.51808416
5,5010314.0,Carl-Schurz-Straße                                                                                  ,5100317.0,2018,9,15,5,3,6,4,0,0,1,0,0,0,0,785297.8036,5828685.028,13.20695159,52.53338213
7,7040403.0,Manteuffelstraße                                                                                    ,7400823.0,2018,9,23,4,2,3,6,2,1,0,0,0,0,0,797327.9795,5821865.811,13.37770676,52.46582615
1,1044101.0,Rehberge,1400937.0,2018,9,11,2,3,0,2,0,1,0,0,0,0,1,793668.8401,5832202.69,13.33312184,52.56047021
6,6020409.0,Königsberger Straße                                                                                 ,6200421.0,2018,9,10,3,3,5,3,0,1,0,0,0,0,0,793734.2611,5817592.696,13.32120184,52.42946298
4,1022207.0,Hansaviertel,1200629.0,2018,9,8,6,2,5,2,0,1,0,0,0,0,0,794178.3131,5827075.762,13.33607703,52.51423561
7,7040401.0,Neu-Tempelhof,7400720.0,2018,9,9,5,3,1,5,0,1,0,0,0,0,0,797296.2713,5822685.933,13.37797218,52.47319497
1,1011101.0,Stülerstraße                                                                                        ,1100101.0,2018,9,8,3,3,5,2,0,1,0,0,0,0,0,795230.5272,5826625.853,13.35113864,52.50963398
3,3020307.0,Buchholz,3200310.0,2018,9,8,2,3,5,3,0,1,0,0,0,0,0,799442.9943,5837762.662,13.42307086,52.60716137
4,4030623.0,Ernst-Reuter-Platz,4300622.0,2018,9,8,2,3,0,3,0,0,0,0,0,1,1,792922.5016,5826762.278,13.31734813,52.51210123
3,3051017.0,Rennbahnstraße,3501037.0,2018,9,13,4,3,5,2,0,1,0,0,0,0,0,802357.5274,5833214.088,13.46182965,52.56478039
4,4041134.0,Bismarckallee,4400726.0,2018,9,17,3,3,5,2,0,1,0,0,0,0,0,790850.4752,5824616.627,13.28502769,52.49397423
1,1011301.0,Charitéviertel,1100308.0,2018,9,12,5,3,0,7,0,0,0,0,0,0,0,796869.321,5828791.451,13.37714757,52.5281569
4,4030417.0,Schloßstraße,4300414.0,2018,9,17,5,3,5,2,0,1,0,0,0,0,0,791509.2953,5826850.138,13.29665981,52.51364599
9,9010101.0,Elsenstraße                                                                                         ,9100101.0,2018,9,17,4,3,5,2,0,1,0,0,0,0,0,802326.6514,5825299.393,13.45417842,52.4938587
3,3071633.0,Thälmannpark,3701657.0,2018,9,16,1,3,5,3,1,0,0,0,0,1,1,800140.4885,5830723.022,13.42696769,52.54367907
3,3050925.0,Komponistenviertel Weißensee,3500936.0,2018,9,15,4,3,0,2,0,0,0,0,0,1,0,802768.7281,5831650.094,13.46645098,52.55053416
10,10010102.0,Havemannstraße                                                                                      ,10100104.0,2018,9,13,1,3,0,3,0,1,0,0,0,0,1,810170.7185,5833675.474,13.57716375,52.56452044
11,11040926.0,Weitlingstraße,11400931.0,2018,9,12,1,2,5,3,0,1,0,0,0,0,0,805431.1453,5827324.347,13.50162163,52.51027899
4,4041241.0,Breite Straße,4400832.0,2018,9,11,1,3,3,6,0,1,0,0,0,0,0,791962.0514,5821883.738,13.29896098,52.46888072
7,7010104.0,Dennewitzplatz,7100205.0,2018,9,20,3,3,5,2,2,1,0,0,0,0,0,796422.2953,5824864.499,13.36707986,52.49319883
9,9020802.0,Köllnische Vorstadt                                                                                 ,9200819.0,2018,9,15,6,3,5,3,0,1,0,0,0,0,0,810127.2781,5819519.586,13.56334273,52.43768602
6,6010207.0,Mittelstraße                                                                                        ,6100207.0,2018,9,19,3,3,5,2,1,1,0,0,0,0,0,794084.2157,5820368.519,13.32877701,52.45415919
4,4030623.0,Ernst-Reuter-Platz,4300622.0,2018,9,8,1,3,5,3,0,1,0,0,0,0,0,793246.1092,5826749.901,13.32209209,52.5118164
7,7020201.0,Bayerischer Platz,7200307.0,2018,9,18,3,3,5,3,0,1,0,0,0,0,0,794669.3914,5824241.307,13.34078462,52.48856143
1,1011302.0,Oranienburger Straße                                                                                ,1100309.0,2018,9,14,6,3,6,4,0,0,1,0,0,0,0,798117.967,5828448.681,13.395192,52.52440304
9,9020501.0,Oberschöneweide West,9200510.0,2018,9,8,5,2,3,6,0,1,0,0,0,0,0,806566.5609,5822255.332,13.51363728,52.4642122
9,9020502.0,Oberschöneweide Ost,9200511.0,2018,9,15,6,3,5,2,0,1,0,0,0,0,0,806893.9403,5821973.718,13.51818215,52.46150453
3,3050925.0,Komponistenviertel Weißensee,3500936.0,2018,9,14,5,3,1,5,0,0,0,0,0,1,0,802624.5542,5831588.994,13.46427546,52.55006664
8,8010214.0,Glasower Straße,8100209.0,2018,9,11,5,3,5,3,0,1,0,0,0,0,0,801377.4469,5821949.262,13.43721155,52.46435561
2,2050602.0,Samariterviertel,2500727.0,2018,9,12,4,3,0,5,0,0,0,0,0,1,0,802673.1869,5828062.87,13.4617795,52.51843551
7,7030303.0,Grazer Platz,7300619.0,2018,9,12,7,3,3,6,0,1,0,0,0,0,1,795311.6607,5821712.324,13.34797683,52.46554378
2,2050804.0,Stralauer Halbinsel,2500836.0,2018,9,16,1,3,4,6,0,1,0,0,0,0,0,803317.9599,5825828.377,13.46921683,52.49804995
3,3051022.0,Hansastraße,3501038.0,2018,9,20,5,2,0,3,2,1,0,0,0,0,0,803401.8921,5831692.646,13.47579937,52.55056325
9,9051901.0,Dammvorstadt,9501939.0,2018,9,15,1,3,2,6,0,0,0,0,0,0,0,810783.861,5821278.913,13.57460698,52.45307977
4,4030931.0,Breitscheidplatz,4501042.0,2018,9,8,7,3,5,3,0,1,0,0,0,0,0,793922.9494,5826057.515,13.33142557,52.50524523
3,3040614.0,Pankow Zentrum                                                                                      ,3400725.0,2018,9,12,5,2,5,3,0,1,0,0,0,0,0,799996.6671,5835731.041,13.42938198,52.58864637
9,9020501.0,Oberschöneweide West,9200510.0,2018,9,11,1,2,0,7,0,0,0,0,0,0,0,805594.3944,5822683.64,13.49976413,52.46859547
4,4020313.0,Königin-Elisabeth-Straße,4200311.0,2018,9,18,7,2,5,3,0,1,0,0,0,0,0,790297.702,5826006.399,13.27811999,52.506728
1,1011302.0,Oranienburger Straße                                                                                ,1100309.0,2018,9,19,3,3,0,2,0,1,0,0,0,0,0,798185.5659,5828524.347,13.39625328,52.52504432
4,4030519.0,Kaiserin-Augusta-Allee,4300518.0,2018,9,16,3,3,5,2,0,0,0,0,1,0,0,792022.2902,5828894.175,13.3059926,52.53169589
7,7040401.0,Neu-Tempelhof,7400721.0,2018,9,7,4,3,5,2,0,1,0,0,0,0,0,798135.6325,5823963.696,13.39143563,52.48419112
8,8010117.0,Schillerpromenade,8100103.0,2018,9,7,6,3,5,3,0,1,0,0,0,0,0,800683.1071,5822914.963,13.42789218,52.47339409
8,8010303.0,Donaustraße,8100314.0,2018,9,15,4,3,5,2,0,1,0,0,0,0,0,800329.7449,5824358.517,13.42400563,52.48652767
4,4030518.0,Tegeler Weg,4300517.0,2018,9,22,6,3,6,4,2,0,1,0,0,0,1,791431.0538,5828393.01,13.29686191,52.52751946
1,1033102.0,Gesundbrunnen,1300733.0,2018,9,7,6,3,5,3,0,1,0,0,0,0,0,797140.9444,5831804.109,13.38383428,52.55501384
7,7050505.0,Hundsteinweg,7501134.0,2018,9,13,3,3,1,5,0,1,0,0,0,0,0,799271.1875,5818693.009,13.40338316,52.43632526
9,9010101.0,Elsenstraße                                                                                         ,9100101.0,2018,9,7,6,3,5,7,0,1,0,0,0,0,0,802416.1671,5825505.893,13.45568038,52.49565997
1,1011303.0,Alexanderplatzviertel,1100310.0,2018,9,0,6,3,0,1,2,0,0,0,0,0,0,799182.8592,5827742.487,13.4102062,52.51748978
6,6030504.0,Teltower Damm,6300528.0,2018,9,13,7,3,5,2,0,1,0,0,0,0,0,789040.1309,5816687.526,13.25157112,52.42384798
7,7020203.0,Kaiser-Wilhelm-Platz,7200409.0,2018,9,16,3,2,5,3,0,1,0,0,0,0,0,795512.176,5824438.328,13.35333555,52.48987203
1,1011402.0,Arkonaplatz,1100416.0,2018,9,7,6,3,4,6,0,0,0,0,0,0,0,798302.9045,5829412.56,13.39877463,52.53294176
7,7050503.0,Eisenacher Straße                                                                                   ,7501031.0,2018,9,14,5,3,5,7,0,1,0,0,0,0,0,798256.7887,5820503.342,13.39012126,52.45310696
3,3061126.0,Arnimplatz,3601140.0,2018,9,17,5,3,5,2,0,0,0,0,0,1,0,798412.0284,5831802.077,13.40252519,52.55430068
4,4020205.0,Siedlung Ruhleben,4200203.0,2018,9,15,4,2,0,7,0,0,0,0,0,0,1,787916.9794,5827822.168,13.24471156,52.52426891
7,7010102.0,Nollendorfplatz,7100102.0,2018,9,17,7,3,5,3,0,1,0,0,0,0,0,795109.128,5825316.999,13.34819497,52.49796674
8,8041040.0,Waltersdorfer Chaussee Ost,8401246.0,2018,9,17,5,3,5,3,0,0,0,0,0,0,0,806358.6806,5817130.823,13.50588932,52.41840068
4,4020314.0,Messegelände,4200311.0,2018,9,16,3,3,0,2,0,0,0,0,1,0,0,790075.7772,5825290.584,13.27423574,52.50042865
8,8010117.0,Schillerpromenade,8100102.0,2018,9,13,7,3,1,5,0,1,0,0,0,0,0,800345.4649,5823692.863,13.42363671,52.48055249
10,10030724.0,Oberfeldstraße                                                                                      ,10300731.0,2018,9,16,6,2,5,2,0,1,0,0,0,0,0,809184.9745,5830215.142,13.55944573,52.53407091
2,2010103.0,Moritzplatz,2100104.0,2018,9,19,6,2,5,3,2,1,0,0,0,0,1,799287.4743,5826212.22,13.41036731,52.50371579
8,8030829.0,Gropiusstadt Nord,8300934.0,2018,9,7,7,3,6,7,0,0,1,0,0,0,0,802769.3041,5818416.866,13.45443537,52.43192506
2,2030301.0,Oranienplatz,2300314.0,2018,9,9,5,3,0,6,0,1,0,0,0,0,0,799958.2866,5825960.148,13.41999357,52.50108801
11,11010103.0,Dorf Falkenberg,11100102.0,2018,9,4,7,3,3,6,2,0,0,0,0,1,0,807076.9556,5834114.608,13.53207188,52.57020962
6,6020305.0,Gemeindepark Lankwitz,6200315.0,2018,9,17,6,3,2,7,0,1,0,0,0,0,0,795465.3291,5817838.808,13.34680616,52.43073709
1,1011303.0,Alexanderplatzviertel,1100310.0,2018,9,17,6,3,2,7,0,1,0,0,0,0,1,798641.5489,5828133.959,13.4026039,52.52129547
3,3030406.0,Alt-Karow,3300413.0,2018,9,19,6,3,5,3,2,1,0,0,0,0,0,803440.9949,5838508.013,13.48261352,52.61162476
11,11020411.0,Malchower Weg,11200410.0,2018,9,17,6,3,5,3,0,1,0,0,0,0,0,805964.2649,5832533.444,13.51424748,52.5566655
1,1011306.0,Heine-Viertel Ost,1100313.0,2018,9,19,5,3,5,2,1,0,0,1,0,0,0,800357.7338,5826761.173,13.4265831,52.50804816
2,2040702.0,Weberwiese,2400624.0,2018,9,15,6,3,5,3,0,1,0,0,0,0,0,801313.004,5827450.055,13.44123936,52.51369597
1,1011203.0,Unter den Linden Süd,1100206.0,2018,9,15,6,3,5,5,0,1,0,0,0,0,0,798031.5547,5827091.815,13.39270653,52.5122877
10,10040933.0,Mahlsdorf Süd                                                                                       ,10400941.0,2018,9,15,4,3,5,3,0,1,0,0,0,0,0,812399.3603,5824300.624,13.60113205,52.47923732
3,3061332.0,Helmholtzplatz,3601346.0,2018,9,16,6,3,2,6,0,1,0,0,0,0,0,799400.5718,5831066.182,13.41639878,52.54716204
11,11030619.0,Fennpfuhl Ost,11300620.0,2018,9,15,3,3,5,3,0,1,0,0,0,0,0,803967.7276,5829283.248,13.4819147,52.52865333
8,8020619.0,Buschkrugallee Nord,8200623.0,2018,9,18,5,3,5,3,0,1,0,0,0,0,0,802552.7593,5821041.057,13.45363601,52.4555658
2,2050802.0,Boxhagener Platz,2500833.0,2018,9,19,6,3,5,3,1,1,0,0,0,0,0,802671.5006,5827235.422,13.46100208,52.5110201
10,10020414.0,Helle Mitte,10200421.0,2018,9,14,6,3,5,3,0,1,0,0,0,0,0,812116.5281,5830643.447,13.60292766,52.5362383
2,2030401.0,Reichenberger Straße,2300418.0,2018,9,14,6,3,5,3,0,0,0,0,0,1,0,801079.7293,5824970.529,13.43557027,52.49160024
7,7070706.0,Horstwalder Straße/Paplitzer Straße                                                                 ,7601547.0,2018,9,9,6,2,5,3,0,1,0,0,0,0,0,800053.7864,5812707.345,13.40949692,52.38224302
1,1011203.0,Unter den Linden Süd,1100206.0,2018,9,16,6,3,2,6,0,1,0,0,0,0,0,797892.453,5827459.016,13.39099156,52.51565519
1,1011202.0,Unter den Linden Nord,1100206.0,2018,9,12,6,3,0,1,0,0,0,0,0,0,0,797893.0644,5827840.888,13.39134247,52.51907786
7,7030301.0,Friedenau,7300517.0,2018,9,13,6,3,5,3,0,1,0,0,0,0,0,794234.732,5822037.868,13.33245722,52.46904314
4,4030828.0,Savignyplatz,4300624.0,2018,9,14,6,3,5,3,0,0,0,0,0,1,0,793248.8852,5826078.199,13.32154111,52.50579337
5,5030730.0,Zitadellenweg,5300736.0,2018,9,14,6,3,1,5,0,1,0,0,0,0,0,786796.5861,5829891.675,13.2300286,52.54341389
8,8020727.0,Buckow Mitte,8200832.0,2018,9,13,6,3,2,2,0,0,0,0,0,1,0,801747.3178,5817033.659,13.43820086,52.4200916
6,6030503.0,Zehlendorf Mitte                                                                                    ,6300527.0,2018,9,9,6,3,5,2,0,1,0,0,0,0,0,790766.1642,5817688.934,13.27775387,52.43191138
11,11041128.0,Sewanstraße,11401137.0,2018,9,13,6,3,5,2,0,1,0,0,0,0,0,807065.0498,5825810.667,13.52422588,52.49579595
1,1022104.0,Emdener Straße                                                                                      ,1200520.0,2018,9,9,6,3,2,6,0,1,0,0,0,0,0,794572.7689,5828565.673,13.34319249,52.52737876
4,4051446.0,Preußenpark,4501043.0,2018,9,12,6,3,3,6,0,1,0,0,0,0,0,792948.8838,5825315.626,13.31646281,52.49911834
1,1011102.0,Großer Tiergarten,1100102.0,2018,9,12,6,2,5,2,0,0,0,0,0,1,0,795420.2531,5827461.912,13.35466828,52.51702587
1,1011204.0,Leipziger Straße                                                                                    ,1100207.0,2018,9,12,6,3,2,6,0,0,0,0,0,0,0,798613.7969,5827010.31,13.40118762,52.51123869
6,6040701.0,Wannsee,6400735.0,2018,9,11,5,3,5,3,0,1,0,0,0,0,0,783328.5475,5815963.368,13.16718824,52.42034224
6,6010206.0,Stadtpark,6100206.0,2018,9,11,6,3,5,2,0,1,0,0,0,0,0,794927.5949,5819447.33,13.34033913,52.44544682
8,8010301.0,Reuterkiez,8100311.0,2018,9,9,6,3,0,3,0,1,0,0,0,0,0,800512.7684,5824557.801,13.4268726,52.48821321
7,7010104.0,Dennewitzplatz,7100205.0,2018,9,12,6,3,5,3,0,1,0,0,0,0,0,796347.0189,5825091.49,13.36617625,52.49527448
7,7010102.0,Nollendorfplatz,7100102.0,2018,9,12,5,3,0,1,0,0,0,0,0,0,0,794984.462,5825083.313,13.34615691,52.4959393
11,11020515.0,Landsberger Allee,11200514.0,2018,9,8,4,3,5,2,0,1,0,0,0,0,0,803359.0372,5830082.922,13.47369928,52.53615964
8,8010301.0,Reuterkiez,8100312.0,2018,10,19,3,3,1,5,2,1,0,0,0,0,0,801307.9322,5824549.627,13.43854069,52.48770168
9,9020701.0,Adlershof West,9200715.0,2018,10,11,6,1,5,2,0,0,0,0,1,0,0,807217.1524,5818310.968,13.51955677,52.42849635
11,11051229.0,Rummelsburg,11501238.0,2018,10,19,3,3,5,3,2,1,0,0,0,0,0,804473.5357,5825743.194,13.48610913,52.49664304
2,2010104.0,Wassertorplatz,2100106.0,2018,10,13,3,3,5,3,0,1,0,0,0,0,0,798828.8482,5825603.239,13.40308413,52.49850847
6,6030502.0,Zehlendorf Süd                                                                                      ,6300525.0,2018,10,17,5,3,5,3,0,1,0,0,0,0,0,789714.6804,5815446.969,13.26038946,52.41236909
1,1033102.0,Gesundbrunnen,1300733.0,2018,10,18,3,3,1,5,2,1,0,0,0,1,0,797123.2077,5831400.268,13.38321201,52.55140357
10,10040933.0,Mahlsdorf Süd                                                                                       ,10400940.0,2018,10,18,3,2,5,2,0,1,0,0,0,0,0,812389.078,5824302.056,13.60098248,52.47925603
1,1011303.0,Alexanderplatzviertel,1100310.0,2018,10,15,5,3,5,3,0,1,0,0,0,0,0,798946.4164,5828386.91,13.4073112,52.52339575
9,9020502.0,Oberschöneweide Ost,9200511.0,2018,10,17,3,2,5,3,0,0,0,0,0,0,0,806696.1436,5822033.118,13.51533453,52.46214794
8,8010406.0,Treptower Straße Nord,8100419.0,2018,10,16,3,3,5,2,0,1,0,0,0,0,0,802524.4167,5824227.578,13.45610956,52.48414245
2,2020201.0,Gleisdreieck/Entwicklungsgebiet,2200207.0,2018,10,11,3,3,1,5,0,1,0,0,0,0,0,796909.379,5825771.918,13.37504202,52.5010682
4,4030621.0,Spreestadt,4300620.0,2018,10,9,5,3,0,2,0,1,0,0,0,0,0,793146.978,5827763.67,13.32152876,52.52095771
1,1033203.0,Humboldthain Nordwest                                                                               ,1300836.0,2018,10,8,5,3,5,3,0,1,0,0,0,0,0,795656.7589,5829913.211,13.36032332,52.53887145
3,3040818.0,Pankow Süd                                                                                          ,3400826.0,2018,10,8,5,3,6,7,0,0,1,0,0,1,0,798539.7829,5832661.336,13.40517681,52.56193265
10,10010204.0,Wuhletalstraße                                                                                      ,10100206.0,2018,10,7,5,3,5,2,0,1,0,0,0,0,0,810056.1517,5832604.028,13.57447799,52.554984
1,1011204.0,Leipziger Straße                                                                                    ,1100207.0,2018,10,9,3,3,5,3,0,1,0,0,0,0,0,797890.4811,5826670.858,13.39025711,52.50859141
2,2010102.0,Mehringplatz,2100102.0,2018,10,8,3,3,5,2,0,1,0,0,0,0,0,798183.262,5826500.126,13.39440534,52.50690106
6,6030609.0,Augustaplatz,6300633.0,2018,10,7,3,3,5,2,1,1,0,0,0,0,0,793208.0182,5819520.806,13.31517541,52.44703037
8,8010405.0,Hertzbergplatz,8100418.0,2018,10,11,5,3,5,3,0,1,0,0,0,0,0,802112.8818,5823649.596,13.44954389,52.47918979
1,1022207.0,Hansaviertel,1200629.0,2018,10,22,5,3,5,2,2,1,0,0,0,0,0,794497.4077,5827803.046,13.34140949,52.52058304
2,2010102.0,Mehringplatz,2100102.0,2018,10,18,5,3,5,3,1,1,0,0,0,0,0,798248.402,5826086.082,13.39499136,52.50315408
7,7020202.0,Volkspark (Rudolf-Wilde-Park),7200308.0,2018,10,9,2,3,4,6,0,0,0,0,0,0,0,794969.6283,5823128.802,13.34420922,52.47842641
1,2040701.0,Andreasviertel,2400623.0,2018,10,18,5,3,5,3,0,1,0,0,0,0,0,800271.9173,5827633.01,13.42610907,52.51590997
4,4030417.0,Schloßstraße,4300414.0,2018,10,17,5,3,5,2,0,1,0,0,0,0,0,790946.3572,5826751.539,13.28830154,52.51306264
1,1011303.0,Alexanderplatzviertel,1100310.0,2018,10,17,2,3,3,2,1,1,0,0,0,0,0,799341.8552,5827559.686,13.41237792,52.51576399
1,1011303.0,Alexanderplatzviertel,1100310.0,2018,10,17,5,2,5,3,0,1,0,0,0,0,0,799517.9189,5828123.132,13.41547205,52.52071776
8,8020620.0,Tempelhofer Weg,8200624.0,2018,10,17,2,3,6,7,0,0,1,0,0,0,0,800884.7429,5820919.424,13.42905277,52.45539631
9,9030901.0,Dorf Altglienicke,9300920.0,2018,10,17,5,2,5,2,0,1,0,0,0,0,0,808159.0395,5816992.372,13.53215165,52.41614921
10,10040932.0,Alt-Mahlsdorf,10400939.0,2018,10,17,2,3,5,3,0,1,0,0,0,0,0,813197.2638,5827255.155,13.61561956,52.50525601
1,1011401.0,Invalidenstraße                                                                                     ,1100415.0,2018,10,16,2,3,0,7,0,1,0,0,0,0,0,798177.2473,5829351.999,13.3968733,52.53246767
3,3061131.0,Falkplatz,3601142.0,2018,10,10,5,3,5,3,0,1,0,0,0,0,0,799177.4026,5831224.202,13.41325983,52.54870105
8,8010303.0,Donaustraße,8100314.0,2018,10,10,5,3,5,2,0,0,0,0,0,1,0,801011.0798,5823894.039,13.43359,52.48198921
11,11020515.0,Landsberger Allee,11200514.0,2018,10,20,4,2,0,7,2,0,0,0,0,0,0,804579.4122,5830043.991,13.49160075,52.53513011
2,2040502.0,Friedenstraße,2400521.0,2018,10,15,2,3,5,5,0,1,0,0,0,0,0,800618.231,5828253.792,13.43175823,52.52128344
1,1011304.0,Karl-Marx-Allee,1100311.0,2018,10,20,2,3,5,2,1,0,0,0,0,1,0,799583.3828,5828042.773,13.41636163,52.5199615
1,1011302.0,Oranienburger Straße                                                                                ,1100309.0,2018,10,15,2,3,0,1,0,0,0,0,0,0,0,798652.4812,5828502.528,13.4030955,52.52459318
4,4051652.0,Nikolsburger Platz,4501149.0,2018,10,17,5,3,2,2,0,1,0,0,0,0,0,793570.9636,5824276.854,13.32468513,52.48947189
12,12214424.0,Scharnweberstraße                                                                                   ,12200309.0,2018,10,15,5,3,0,3,0,1,0,0,0,0,0,793322.2743,5832664.438,13.32843228,52.56479632
2,2040701.0,Andreasviertel,2400623.0,2018,10,14,2,3,5,2,0,1,0,0,0,0,0,800602.5549,5827108.656,13.4304933,52.51102791
1,1044101.0,Rehberge,1400938.0,2018,10,15,2,3,5,2,0,1,0,0,0,0,0,793963.8495,5830886.619,13.33629578,52.54851331
4,4031032.0,Halensee,4500937.0,2018,10,12,5,3,5,2,0,0,0,0,0,1,0,791017.1067,5824861.076,13.28768871,52.4960769
3,3020307.0,Buchholz,3200308.0,2018,10,12,5,3,5,2,0,1,0,0,0,0,0,799054.8846,5837549.178,13.41716373,52.6054615
2,2020203.0,Viktoriapark,2200209.0,2018,10,16,5,3,0,2,0,1,0,0,0,0,0,797472.8723,5824559.274,13.38223603,52.4898913
12,12103219.0,Schäfersee,12100204.0,2018,10,16,5,3,5,2,0,1,0,0,0,0,0,795064.8062,5832482.666,13.35390396,52.56222529