district,LOR,street,LOR_2021,year,month,hour,weekday,category,accident_kind,accident_type,light_condition,car,pedestrian,motorcycle,goods_vehicle,others,road_condition,LINREFX,LINREFY,XGCSWGS84,YGCSWGS84
2,2040701.0,Andreasviertel,2400623.0,2018,10,9,2,3,5,3,0,0,0,0,0,0,0,800614.4524,5827116.145,13.43067485,52.51108848
6,6030607.0,Goerzwerke,6300631.0,2018,10,16,5,3,2,2,0,1,0,0,0,0,0,791479.7561,5816159.441,13.28688758,52.41781952
4,4051448.0,Schaperstraße,4501045.0,2018,10,11,2,3,2,7,0,1,0,0,0,0,0,793476.0105,5824888.902,13.32382978,52.4950097
9,9020701.0,Adlershof West,9200715.0,2018,10,16,5,3,1,5,0,1,0,0,0,0,0,808277.564,5818729.455,13.53548958,52.43165045
9,9010101.0,Elsenstraße                                                                                         ,9100101.0,2018,10,15,5,3,5,3,0,1,0,0,0,0,0,802336.3353,5825301.343,13.45432239,52.49387082
9,9020502.0,Oberschöneweide Ost,9200512.0,2018,10,11,2,3,5,2,0,1,0,0,0,0,0,809419.9166,5821478.217,13.55478399,52.45563962
2,2050801.0,Traveplatz,2500832.0,2018,10,20,3,3,0,5,2,0,0,0,0,1,1,803602.9329,5827394.976,13.47483036,52.51193256
4,4030725.0,Amtsgerichtsplatz,4300416.0,2018,10,15,5,3,3,6,0,1,0,0,0,0,0,791430.8831,5826078.418,13.29483186,52.5067695
6,6040804.0,Krumme Lanke,6400838.0,2018,10,11,2,3,5,2,0,1,0,0,0,0,0,788152.3109,5818746.929,13.24032577,52.44278017
3,3061131.0,Falkplatz,3601142.0,2018,10,13,3,3,1,5,0,1,0,0,0,0,1,799112.5043,5831096.839,13.41219087,52.54759508
8,8041035.0,Blumenviertel,8401241.0,2018,10,15,5,3,5,2,0,0,0,1,0,0,0,803930.404,5819011.369,13.47200189,52.43660969
2,2050802.0,Boxhagener Platz,2500833.0,2018,10,13,1,3,2,2,0,1,0,0,0,0,0,802110.6052,5827355.32,13.45287117,52.51240567
11,11040926.0,Weitlingstraße,11400929.0,2018,10,11,3,3,5,3,0,1,0,0,0,0,0,804998.818,5826570.498,13.49458042,52.50376449
2,2020202.0,Rathaus Yorckstraße,2200208.0,2018,10,15,1,3,1,5,0,1,0,0,0,0,0,797265.1046,5825110.336,13.37967666,52.49494417
7,7020202.0,Volkspark (Rudolf-Wilde-Park),7200308.0,2018,10,14,7,3,6,7,0,0,1,0,0,0,0,794923.757,5823923.793,13.34423903,52.48557777
4,4020313.0,Königin-Elisabeth-Straße,4200311.0,2018,10,8,3,3,5,2,0,1,0,0,0,0,0,790493.1603,5826551.384,13.28146736,52.51150978
1,1011301.0,Charitéviertel,1100308.0,2018,10,22,7,3,3,6,2,0,0,0,0,1,0,797575.3882,5828577.294,13.38733329,52.5258523
4,4020311.0,Reichsstraße,4200310.0,2018,10,7,3,3,2,2,0,1,0,0,0,0,0,789638.2713,5826254.713,13.26864736,52.50930468
1,1011201.0,Wilhelmstraße                                                                                       ,1100205.0,2018,10,19,3,3,5,3,2,1,0,0,0,0,1,796940.528,5826780.293,13.37639894,52.51009027
6,6010207.0,Mittelstraße                                                                                        ,6100207.0,2018,10,20,7,3,5,2,2,1,0,0,0,0,0,793474.4312,5820157.881,13.3196439,52.45259863
7,7020202.0,Volkspark (Rudolf-Wilde-Park),7200308.0,2018,10,20,5,3,0,3,2,1,0,0,0,0,0,795011.0914,5823759.975,13.34537646,52.48406206
1,1033102.0,Gesundbrunnen,1300733.0,2018,10,12,5,3,5,3,0,0,0,0,0,1,0,797160.4822,5831919.307,13.38422474,52.55603579
1,1011302.0,Oranienburger Straße                                                                                ,1100309.0,2018,10,8,7,3,6,4,0,0,1,0,0,0,0,798473.222,5828621.574,13.40056797,52.52575843
8,8010214.0,Glasower Straße,8100209.0,2018,10,17,7,3,1,5,1,1,0,0,0,0,0,801386.217,5821914.595,13.43730895,52.46404005
2,2020203.0,Viktoriapark,2200209.0,2018,10,9,4,3,5,2,0,1,0,0,0,0,0,797101.6907,5824472.478,13.3767079,52.4893154
1,1022104.0,Emdener Straße                                                                                      ,1200520.0,2018,10,17,3,3,5,2,0,1,0,0,0,0,1,794554.3032,5829064.71,13.34336323,52.53186226
11,11040926.0,Weitlingstraße,11400931.0,2018,10,15,4,3,5,2,0,1,0,0,0,0,0,806465.9092,5826869.657,13.5164026,52.50562363
5,5010101.0,Hakenfelde Nord,5100103.0,2018,10,17,3,3,5,3,0,1,0,0,0,0,1,785246.174,5832264.726,13.20926762,52.56550424
1,1011102.0,Großer Tiergarten,1100102.0,2018,10,2,7,3,5,2,2,1,0,0,0,0,0,796021.2,5827563.314,13.36358893,52.51760899
10,10010311.0,Landsberger Tor,10100316.0,2018,10,0,7,3,5,3,2,1,0,0,0,0,0,810699.9339,5831975.975,13.58335548,52.54898895
2,2050802.0,Boxhagener Platz,2500833.0,2018,10,18,4,3,3,6,1,0,0,0,0,1,0,802697.4349,5827237.587,13.46138503,52.51102511
3,3030715.0,Heinersdorf,3300516.0,2018,10,16,3,3,5,2,0,0,0,0,0,1,1,800132.0773,5833862.177,13.42968262,52.57182072
4,4030726.0,Droysenstraße,4500936.0,2018,10,16,7,3,5,3,0,1,0,0,0,0,0,792051.5457,5825772.253,13.30368201,52.50369288
2,2030402.0,Wrangelkiez,2300419.0,2018,10,19,4,3,0,7,1,1,0,0,0,0,0,801803.6865,5825773.582,13.44692842,52.49839832
2,2050802.0,Boxhagener Platz,2500834.0,2018,10,15,7,3,6,4,0,0,1,0,0,0,0,801974.9014,5826927.592,13.4504895,52.50864707
6,6030503.0,Zehlendorf Mitte                                                                                    ,6300526.0,2018,10,14,3,3,5,2,0,1,0,0,0,0,1,789518.2721,5817755.43,13.25950766,52.43316944
8,8010405.0,Hertzbergplatz,8100418.0,2018,10,18,4,3,1,5,2,1,0,0,0,0,0,801992.8195,5824039.859,13.44813487,52.48275417
9,9041501.0,Altstadt Kietz,9401534.0,2018,10,14,7,3,3,6,0,0,0,0,0,0,0,811337.5545,5820158.637,13.58168482,52.44272534
2,2020205.0,Chamissokiez,2200211.0,2018,10,18,4,3,2,6,1,0,0,0,0,0,0,798541.6413,5824513.102,13.39788899,52.48889401
3,3050920.0,Weißer See,3500933.0,2018,10,17,4,3,0,1,0,0,0,0,0,0,0,802296.9797,5832635.717,13.46041221,52.55963016
2,2040703.0,Wriezener Bahnhof/Entwicklungsgebiet,2400625.0,2018,10,17,4,3,5,2,0,1,0,0,0,0,0,801514.7158,5826374.146,13.44322824,52.50394099
9,9051702.0,Bölschestraße,9501737.0,2018,10,13,7,3,5,3,0,0,0,0,0,0,0,814595.3509,5821417.231,13.63064302,52.45213917
12,12214125.0,Waldidyll/Flughafensee,12200412.0,2018,10,12,7,3,5,2,0,1,0,0,0,0,0,791233.164,5834075.732,13.29893823,52.57856981
6,6010205.0,Südende,6100205.0,2018,10,16,2,3,0,2,0,1,0,0,0,0,1,795778.1921,5819921.444,13.35323765,52.44923747
12,12103219.0,Schäfersee,12100204.0,2018,10,17,2,3,5,3,0,1,0,0,0,0,0,795077.7402,5832468.472,13.35408159,52.56209105
1,1011303.0,Alexanderplatzviertel,1100310.0,2018,10,20,6,3,5,3,2,1,0,0,0,0,0,799124.1773,5827846.055,13.40943709,52.5184503
11,11051331.0,Karlshorst Nord,11501340.0,2018,10,16,4,3,2,2,0,1,0,0,0,0,0,807993.795,5823864.98,13.53606538,52.47783539
4,4051551.0,Brabanter Platz,4501148.0,2018,10,17,2,3,0,2,0,1,0,0,0,0,1,793328.4475,5823399.056,13.32035109,52.48173311
10,10040828.0,Kaulsdorf Nord                                                                                      ,10400835.0,2018,10,19,6,3,5,2,2,1,0,0,0,0,0,811685.1286,5828600.597,13.59467306,52.51817875
8,8010404.0,Rixdorf,8100415.0,2018,10,22,2,3,6,4,2,0,1,0,0,0,0,801624.5658,5823760.379,13.44247564,52.48045268
3,11030618.0,Fennpfuhl West,11300617.0,2018,10,20,2,3,5,3,2,1,0,0,0,0,0,802552.4603,5829317.305,13.4611469,52.52974587
11,11041128.0,Sewanstraße,11401136.0,2018,10,17,2,2,5,3,0,1,0,0,0,0,1,806029.7514,5826502.289,13.50965892,52.50257596
3,3040614.0,Pankow Zentrum                                                                                      ,3400724.0,2018,10,18,6,3,5,3,0,1,0,0,0,0,0,800010.5715,5834507.955,13.42847942,52.57767595
4,4020313.0,Königin-Elisabeth-Straße,4200311.0,2018,10,17,2,2,2,2,0,1,0,0,0,0,0,790653.2557,5826707.699,13.28395631,52.51282587
7,7040401.0,Neu-Tempelhof,7400720.0,2018,10,15,2,3,5,2,0,1,0,0,0,0,0,797291.4518,5822594.461,13.37781991,52.47237763
2,2050802.0,Boxhagener Platz,2500833.0,2018,10,15,4,3,5,2,0,1,0,0,0,0,0,802988.8135,5826884.408,13.46534395,52.50769786
6,6020302.0,Komponistenviertel Lankwitz,6200312.0,2018,10,21,6,3,5,3,2,1,0,0,0,0,0,794339.9411,5819040.492,13.33135932,52.44211636
6,6030503.0,Zehlendorf Mitte                                                                                    ,6300527.0,2018,10,12,4,2,5,3,0,1,0,0,0,0,0,790937.5638,5818774.755,13.28121294,52.44155483
9,9020501.0,Oberschöneweide West,9200510.0,2018,10,17,6,2,5,2,1,1,0,0,0,0,0,806090.2852,5823418.315,13.5077155,52.47490233
10,10040933.0,Mahlsdorf Süd                                                                                       ,10400941.0,2018,10,15,6,3,5,3,0,1,0,0,0,0,0,813201.9398,5825966.984,13.6144769,52.49371
4,4030931.0,Breitscheidplatz,4501042.0,2018,10,13,2,3,1,5,0,1,0,0,0,1,1,794382.1419,5826066.051,13.338179,52.50507419
5,5040936.0,Jägerallee,5400943.0,2018,10,15,6,3,5,7,0,1,0,0,0,0,0,779808.2926,5821945.572,13.12056981,52.47579624
10,10020416.0,Böhlener Straße                                                                                     ,10200423.0,2018,10,7,2,3,5,3,0,1,0,0,0,0,0,813246.9163,5831084.054,13.61995455,52.53953806
2,2040701.0,Andreasviertel,2400521.0,2018,10,7,6,3,5,3,0,0,0,0,0,1,0,800720.71,5827902.625,13.43294662,52.51807934
4,4031032.0,Halensee,4500937.0,2018,10,13,4,3,3,6,0,1,0,0,0,0,0,791322.531,5825032.718,13.29232508,52.49745272
6,6010206.0,Stadtpark,6100206.0,2018,10,15,6,3,0,2,0,1,0,0,0,0,0,794885.3437,5819746.751,13.33998357,52.44815376
1,1011204.0,Leipziger Straße                                                                                    ,1100207.0,2018,10,17,2,3,5,2,0,0,0,1,0,0,1,798547.9066,5826814.073,13.40004357,52.50951576
1,1011302.0,Oranienburger Straße                                                                                ,1100309.0,2018,10,16,6,3,6,4,0,0,1,0,0,0,0,798680.9635,5828621.213,13.40362068,52.52564143
8,8010508.0,Weiße Siedlung,8100520.0,2018,10,12,4,3,5,3,0,0,0,0,0,1,0,803194.34,5822726.506,13.46458015,52.4703169
10,10040933.0,Mahlsdorf Süd                                                                                       ,10400940.0,2018,10,12,4,3,5,3,0,1,0,0,0,0,0,812386.0313,5824308.53,13.60094383,52.47931579
9,9020701.0,Adlershof West,9200715.0,2018,10,11,4,3,5,3,0,1,0,0,0,0,0,808959.3509,5818270.3,13.54506187,52.42715089
4,4041241.0,Breite Straße,4400832.0,2018,10,13,2,3,1,5,0,1,0,0,0,1,0,791633.1735,5822479.312,13.29465392,52.47439569
6,6030608.0,Schweizer Viertel,6300632.0,2018,10,16,6,2,0,1,0,0,0,0,0,0,0,792651.2088,5817293.905,13.30505623,52.42736478
6,6040805.0,Fischerhüttenstraße                                                                                 ,6400839.0,2018,10,8,2,3,0,3,0,0,0,0,0,1,0,787512.1264,5817717.845,13.23004776,52.43389063
2,2030301.0,Oranienplatz,2300314.0,2018,10,9,4,3,3,6,0,1,0,0,0,0,0,799843.0787,5825799.252,13.41815656,52.49970914
2,2050602.0,Samariterviertel,2500727.0,2018,10,7,2,3,0,7,0,0,0,0,0,1,0,802657.5345,5827996.981,13.46148958,52.51785363
12,12224230.0,Heiligensee,12400619.0,2018,10,9,4,3,5,3,0,1,0,0,0,0,0,787002.3527,5836494.733,13.23876959,52.60250526
2,2040502.0,Friedenstraße,2400521.0,2018,10,9,4,3,5,2,0,0,0,0,0,1,0,801250.9189,5827845.047,13.44068485,52.51727064
2,2020203.0,Viktoriapark,2200208.0,2018,10,7,2,2,5,2,0,1,0,0,0,0,0,797833.4594,5824902.044,13.3878375,52.49276723
4,4020208.0,Kranzallee,4200206.0,2018,10,15,4,3,0,2,0,1,0,0,0,0,0,787288.089,5825684.431,13.23362169,52.50543456
2,2040701.0,Andreasviertel,2400623.0,2018,10,13,6,3,1,5,0,1,0,0,0,1,0,800515.6256,5827053.366,13.42916631,52.51058022
4,4041137.0,Flinsberger Platz,4400727.0,2018,10,8,2,2,0,2,0,1,0,0,0,0,0,791121.6798,5823172.289,13.28774946,52.48088113
1,1022206.0,Lüneburger Straße                                                                                   ,1200628.0,2018,10,9,2,3,6,4,0,0,1,0,0,0,0,796132.2075,5828453.132,13.36601233,52.52552511
2,2010104.0,Wassertorplatz,2100106.0,2018,10,8,4,3,3,6,0,1,0,0,0,0,0,799881.9439,5825711.263,13.41864816,52.4988991
2,2040701.0,Andreasviertel,2400623.0,2018,10,11,2,3,5,3,0,1,0,0,0,0,0,800602.4782,5827039.536,13.43042975,52.51040841
12,12103115.0,Breitkopfbecken,12100103.0,2018,10,7,2,3,5,2,0,0,0,0,0,1,0,796305.1103,5833955.892,13.37346379,52.57475759
1,1022101.0,Huttenkiez,1200517.0,2018,10,8,4,2,3,6,0,0,0,0,0,1,0,793524.0322,5829121.524,13.32826869,52.53292735
3,3030716.0,Märchenland,3300517.0,2018,10,7,4,3,5,2,0,1,0,0,0,0,0,802581.1176,5833487.672,13.46536777,52.56710825
2,2010103.0,Moritzplatz,2100104.0,2018,10,7,2,2,0,7,0,0,0,0,0,0,0,799292.2261,5826221.478,13.41044543,52.50379617
8,8010404.0,Rixdorf,8100415.0,2018,10,7,4,3,5,3,0,1,0,0,0,0,0,802008.6363,5823486.243,13.44786563,52.4777833
1,1011101.0,Stülerstraße                                                                                        ,1100101.0,2018,10,19,4,3,5,2,2,0,0,0,0,1,0,795230.903,5826625.961,13.35114425,52.50963475
11,11041128.0,Sewanstraße,11401136.0,2018,10,10,6,3,5,2,0,1,0,0,0,0,0,806067.6611,5825798.939,13.50956934,52.49625105
9,9051901.0,Dammvorstadt,9501939.0,2018,10,13,6,3,5,2,0,1,0,0,0,0,0,810938.5402,5821589.185,13.57716479,52.45577233
6,6030503.0,Zehlendorf Mitte                                                                                    ,6300527.0,2018,9,12,1,3,6,4,0,0,1,0,0,0,0,791030.3241,5818743.803,13.28254683,52.44122799
10,10010308.0,Marzahner Chaussee,10100311.0,2018,10,9,6,3,2,1,0,1,0,0,0,0,0,807670.9068,5830767.089,13.53770556,52.53987417
4,4030929.0,Hindemithplatz,4501040.0,2018,10,15,3,3,1,5,0,1,0,0,0,0,0,792473.7272,5825405.722,13.30956225,52.50018088
8,8010213.0,Körnerpark,8100208.0,2018,10,9,6,3,2,2,0,1,0,0,0,0,0,801634.1807,5822640.655,13.44160413,52.47041106
7,7010102.0,Nollendorfplatz,7100102.0,2018,10,16,3,3,1,5,0,1,0,0,0,0,0,795188.8133,5825426.293,13.34946226,52.49890339
7,7010102.0,Nollendorfplatz,7100103.0,2018,9,0,1,3,0,1,2,1,0,0,0,0,0,795848.2948,5825208.893,13.35895578,52.49659746
10,10040830.0,Kaulsdorf Süd                                                                                       ,10400837.0,2018,10,15,3,3,0,2,0,1,0,0,0,0,0,810598.9786,5825518.924,13.57584264,52.49118203
1,1011301.0,Charitéviertel,1100308.0,2018,10,9,6,3,3,2,0,1,0,0,0,0,0,797514.5153,5828449.745,13.38632454,52.52474219
1,1011402.0,Arkonaplatz,1100416.0,2018,10,22,3,3,5,2,2,1,0,0,0,0,0,798796.7892,5829172.435,13.40581824,52.53051887
8,8010211.0,Flughafenstraße,8100206.0,2018,9,20,1,3,5,3,2,1,0,0,0,0,0,801107.4839,5823535.043,13.43468112,52.47871828
1,1011202.0,Unter den Linden Nord,1100206.0,2018,10,8,6,3,5,3,0,1,0,0,0,0,0,797183.1136,5827555.094,13.38065483,52.5169034
9,9041301.0,Kietzer Feld/Nachtheide                                                                             ,9401329.0,2018,9,18,1,3,5,2,0,1,0,0,0,0,0,812411.47,5819585.114,13.5968975,52.43697337
7,7070703.0,John-Locke-Straße                                                                                   ,7601544.0,2018,10,7,2,3,3,6,0,1,0,0,0,1,0,799934.3164,5813196.92,13.40818479,52.38669685
4,4051551.0,Brabanter Platz,4501148.0,2018,10,8,5,3,5,2,0,1,0,0,0,0,0,793338.0449,5823073.106,13.32020524,52.47880593
2,2050801.0,Traveplatz,2500832.0,2018,10,16,5,3,5,2,0,1,0,0,0,0,0,803339.1163,5827193.011,13.47077075,52.51026915
8,8010301.0,Reuterkiez,8100310.0,2018,10,8,5,3,5,7,0,1,0,0,0,0,0,801021.9274,5824857.276,13.43461918,52.49061699
9,9031001.0,Bohnsdorf,9301025.0,2018,10,14,2,2,5,3,0,1,0,0,0,0,0,811345.8701,5815650.184,13.57761137,52.40231774
9,9041402.0,Siedlung Kämmereiheide,9401432.0,2018,10,6,3,3,5,3,2,1,0,0,0,0,0,812129.7713,5820784.397,13.59388711,52.44788143
3,3071536.0,Teutoburger Platz,3701554.0,2018,10,14,2,3,0,1,0,0,0,0,0,0,0,799137.9554,5830315.739,13.41186168,52.54057975
3,3061227.0,Humannplatz,3601243.0,2018,10,15,5,3,5,3,0,1,0,0,0,0,0,799500.6475,5831775.853,13.4185103,52.55346808
5,5010314.0,Carl-Schurz-Straße                                                                                  ,5100316.0,2018,10,13,2,3,5,3,0,1,0,0,0,0,0,785067.4737,5829483.16,13.20424983,52.54065865
1,1011301.0,Charitéviertel,1100308.0,2018,10,12,3,3,0,1,0,0,0,0,0,0,1,797445.3005,5828860.678,13.38567494,52.52846348
5,5020419.0,Magistratsweg,5200423.0,2018,10,15,5,2,5,7,1,1,0,0,0,0,0,781744.116,5828438.504,13.15449122,52.53302038
7,7030303.0,Grazer Platz,7300619.0,2018,10,18,2,3,7,7,2,0,0,0,0,0,1,795449.1245,5820988.39,13.34935361,52.45897988
6,6020306.0,Lankwitz Süd                                                                                        ,6200317.0,2018,10,14,5,2,5,3,0,1,0,0,0,0,0,796184.5232,5817202.995,13.35679051,52.42464856
4,4030929.0,Hindemithplatz,4501040.0,2018,10,13,2,3,5,3,0,0,0,0,0,1,1,792616.2848,5825438.431,13.3116851,52.50039769
3,3061227.0,Humannplatz,3601244.0,2018,10,14,2,3,5,3,0,1,0,0,0,0,0,800083.2939,5831671.701,13.42698404,52.55221385
1,1011201.0,Wilhelmstraße                                                                                       ,1100205.0,2018,10,11,2,3,5,2,0,1,0,0,0,0,1,797455.5821,5826836.803,13.38401634,52.51031621
1,1011402.0,Arkonaplatz,1100416.0,2018,10,10,5,3,0,1,0,0,0,0,0,0,0,798522.385,5829137.794,13.40175397,52.53035871
3,3061228.0,Erich-Weinert-Straße,3601245.0,2018,10,11,2,3,5,7,0,1,0,0,0,0,0,800565.9485,5831408.4,13.43384291,52.54958772
4,4041133.0,Güterbahnhof Grunewald,4400725.0,2018,10,10,2,2,5,3,0,1,0,0,0,0,0,790561.4899,5825208.311,13.2812992,52.49943266
1,1022103.0,Westhafen,1200517.0,2018,10,8,5,3,5,3,0,0,0,0,0,1,0,794876.8454,5829526.328,13.34851396,52.53582592
8,8010301.0,Reuterkiez,8100312.0,2018,10,11,2,3,5,3,0,1,0,0,0,0,0,801450.8388,5823878.197,13.44003178,52.48160463
1,1044101.0,Rehberge,1400937.0,2018,10,8,5,3,1,5,0,1,0,0,0,0,0,794263.176,5831383.828,13.34113805,52.55280883
6,6040807.0,Zehlendorf Eiche                                                                                    ,6400841.0,2018,10,10,2,3,5,2,0,1,0,0,0,0,0,789997.0912,5819165.06,13.26775417,52.44555361
2,2020205.0,Chamissokiez,2200211.0,2018,10,7,5,3,3,6,0,1,0,0,0,0,0,797789.4387,5824596.965,13.38691838,52.49005657
5,5010314.0,Carl-Schurz-Straße                                                                                  ,5100316.0,2018,10,9,2,3,5,3,0,1,0,0,0,0,0,785066.9298,5829482.029,13.20424086,52.54064879
7,7030303.0,Grazer Platz,7300619.0,2018,10,9,2,3,5,3,0,0,0,0,0,0,0,794874.8387,5822203.823,13.34199978,52.47018571
3,3061126.0,Arnimplatz,3601140.0,2018,10,15,5,3,5,2,2,1,0,0,0,0,0,798417.3869,5831797.886,13.40260023,52.55426017
3,3050925.0,Komponistenviertel Weißensee,3500936.0,2018,10,9,2,3,4,2,0,1,0,0,0,0,0,801703.147,5831084.887,13.45026967,52.54605944
2,2020203.0,Viktoriapark,2200209.0,2018,10,15,2,3,5,3,0,1,0,0,0,0,1,797117.1263,5823986.167,13.37650104,52.48494773
1,1011304.0,Karl-Marx-Allee,1100311.0,2018,10,9,2,3,6,4,0,0,1,0,0,0,0,799698.4752,5827820.864,13.41785289,52.5179092
2,2020204.0,Urbanstraße,2200210.0,2018,10,12,4,3,5,2,0,1,0,0,0,0,0,798581.8366,5825148.429,13.39904854,52.49456691
4,4020311.0,Reichsstraße,4200310.0,2018,10,9,2,3,1,5,0,1,0,0,0,0,0,789490.6837,5826609.401,13.26678731,52.51256288
1,1011301.0,Charitéviertel,1100308.0,2018,10,8,2,3,0,3,0,1,0,0,0,0,0,797014.1778,5828941.838,13.37941096,52.52942605
4,4030623.0,Ernst-Reuter-Platz,4300622.0,2018,10,12,2,3,2,6,0,1,0,0,0,0,0,793895.0944,5826218.155,13.33115817,52.50670029
4,4030828.0,Savignyplatz,4300624.0,2018,10,18,4,3,1,5,1,1,0,0,0,0,0,792750.5338,5826271.404,13.31438957,52.50779303
6,6020305.0,Gemeindepark Lankwitz,6200315.0,2018,10,14,2,2,5,3,0,0,0,0,0,1,0,795399.0983,5817607.145,13.3456302,52.42869613
2,2040701.0,Andreasviertel,2400623.0,2018,10,17,4,3,5,3,0,0,0,1,0,0,0,800586.4061,5827585.07,13.43068638,52.51530704
7,7040406.0,Germaniagarten,7400928.0,2018,10,16,4,3,5,2,0,1,0,0,0,0,0,800125.499,5821937.344,13.41882793,52.46493787
8,8030831.0,Gropiusstadt Ost,8301036.0,2018,10,13,1,2,5,2,0,1,0,0,0,0,0,803726.0178,5817995.389,13.46808165,52.42761705
3,3061429.0,Greifswalder Straße,3601449.0,2018,10,18,4,3,5,3,1,1,0,0,0,0,0,801940.6762,5830654.819,13.45337092,52.54207317
5,5010314.0,Carl-Schurz-Straße                                                                                  ,5100316.0,2018,10,11,1,2,5,2,0,1,0,0,0,0,0,784795.2884,5828783.446,13.19964757,52.53452737
4,4030622.0,Richard-Wagner-Straße,4300621.0,2018,10,11,1,3,1,5,0,1,0,0,0,0,0,791937.888,5826921.564,13.30302031,52.51405708
4,4030622.0,Richard-Wagner-Straße,4300621.0,2018,10,18,4,3,5,2,2,1,0,0,0,0,0,792748.8432,5826753.328,13.31478861,52.51211423
11,11010309.0,Zingster Straße West,11100308.0,2018,10,9,1,3,5,3,0,1,0,0,0,0,0,804842.8129,5833272.274,13.49843559,52.56391606
9,9041501.0,Altstadt Kietz,9401534.0,2018,10,9,1,2,6,4,0,0,1,0,0,0,0,811365.6332,5820119.781,13.5820604,52.44236114
9,9041301.0,Kietzer Feld/Nachtheide                                                                             ,9401329.0,2018,10,16,4,3,0,1,0,0,0,0,0,0,0,811650.9186,5818578.63,13.58480745,52.42838763
12,12304313.0,Borsigwalde,12500825.0,2018,10,15,4,3,0,1,0,0,0,0,0,0,1,791914.6367,5834170.036,13.30904971,52.57905007
7,7040403.0,Manteuffelstraße                                                                                    ,7400824.0,2018,10,19,2,2,5,2,2,0,0,0,0,1,0,797836.8831,5821341.705,13.38470809,52.46085094
4,4030931.0,Breitscheidplatz,4501042.0,2018,10,18,1,3,0,7,1,0,0,0,0,1,1,794095.1955,5826439.419,13.3342934,52.50857597
9,9041501.0,Altstadt Kietz,9401534.0,2018,10,14,4,2,5,2,0,1,0,0,0,0,0,811362.817,5820170.329,13.58206619,52.44281573
6,6030609.0,Augustaplatz,6300633.0,2018,10,18,2,3,1,5,1,1,0,0,0,0,0,792715.4339,5819504.974,13.30793439,52.44715239
5,5010208.0,Germersheimer Platz,5100210.0,2018,10,13,4,3,2,7,0,1,0,0,0,0,0,784179.1731,5830019.452,13.19164591,52.54593109
2,2040702.0,Weberwiese,2400624.0,2018,10,17,2,3,0,1,1,0,0,0,0,0,1,801969.3955,5827384.031,13.45082273,52.5127412
7,7040404.0,Marienhöhe,7400826.0,2018,10,8,4,3,5,2,0,1,0,0,0,0,0,797371.9953,5820512.279,13.37714704,52.45366913
1,1011301.0,Charitéviertel,1100308.0,2018,10,13,1,3,0,7,0,1,0,0,0,0,0,796830.5619,5829574.548,13.37727717,52.53519761
2,2030302.0,Lausitzer Platz,2300315.0,2018,10,17,2,3,1,5,0,0,0,0,0,1,1,800486.931,5825974.717,13.42777123,52.50092776
4,4051654.0,Wilhelmsaue,4501150.0,2018,10,7,4,3,4,6,0,0,0,0,0,0,0,793719.3006,5823968.696,13.32659197,52.4866296
1,1011102.0,Großer Tiergarten,1100102.0,2018,10,13,4,3,5,3,0,0,0,0,0,0,0,795181.5575,5826887.966,13.35065165,52.51201013
1,1011402.0,Arkonaplatz,1100416.0,2018,10,5,1,2,1,1,2,1,0,0,0,0,0,798563.2395,5829229.619,13.40243691,52.53115941
9,9010101.0,Elsenstraße                                                                                         ,9100101.0,2018,10,14,7,3,1,5,0,1,0,0,0,0,0,802408.4566,5824690.808,13.45482739,52.48835863