district,LOR,street,LOR_2021,year,month,hour,weekday,category,accident_kind,accident_type,light_condition,car,pedestrian,motorcycle,goods_vehicle,others,road_condition,LINREFX,LINREFY,XGCSWGS84,YGCSWGS84
10,10010308.0,Marzahner Chaussee,10100311.0,2018,10,6,4,3,5,3,1,1,0,0,0,0,0,806582.2474,5828261.232,13.51939316,52.51802985
1,1011301.0,Charitéviertel,1100308.0,2018,10,12,4,3,5,2,0,1,0,0,0,0,0,797074.5561,5829292.35,13.38061163,52.53253509
11,11030721.0,Rüdigerstraße,11300722.0,2018,10,11,4,3,1,5,0,1,0,0,0,0,0,803972.1972,5828204.406,13.48099435,52.51898156
1,1033203.0,Humboldthain Nordwest                                                                               ,1300836.0,2018,10,6,4,3,5,2,1,1,0,0,0,0,0,796858.0047,5830648.378,13.37864001,52.54480834
7,7010102.0,Nollendorfplatz,7100102.0,2018,10,17,7,2,5,2,0,0,0,0,0,1,0,794957.1044,5825673.102,13.34627741,52.50124115
3,3030715.0,Heinersdorf,3300516.0,2018,10,17,1,3,5,3,0,1,0,0,0,0,0,800548.9518,5833675.026,13.43564569,52.56991323
1,1044202.0,Sparrplatz,1401046.0,2018,10,16,7,2,5,2,0,1,0,0,0,0,0,794908.1695,5830225.385,13.34959489,52.54207547
6,6010101.0,Fichtenberg,6100101.0,2018,10,16,7,3,5,2,0,1,0,0,0,0,0,793526.7991,5820643.128,13.32083888,52.45692059
1,1033101.0,Soldiner Straße                                                                                     ,1300732.0,2018,10,20,4,3,0,2,2,1,0,0,0,0,0,797528.5037,5832707.298,13.39034355,52.56289817
2,2030301.0,Oranienplatz,2300417.0,2018,10,13,1,3,1,5,0,1,0,0,0,0,0,800069.0813,5825614.609,13.42130956,52.49792988
4,4030931.0,Breitscheidplatz,4501042.0,2018,10,9,4,3,1,5,0,0,0,0,1,0,0,794530.1363,5825966.533,13.34026509,52.5041022
4,4030417.0,Schloßstraße,4300414.0,2018,10,15,7,3,2,6,0,0,0,0,0,0,0,791547.164,5826720.404,13.2971026,52.5124627
12,12302107.0,Schorfheidestraße                                                                                   ,12601236.0,2018,10,13,7,3,5,2,0,1,0,0,0,0,0,793844.4083,5836157.94,13.33921024,52.59583154
2,2050801.0,Traveplatz,2500830.0,2018,10,19,4,3,1,5,2,1,0,0,0,0,0,802674.6667,5827365.88,13.46116724,52.51218763
2,2030301.0,Oranienplatz,2300314.0,2018,10,17,7,3,1,5,1,1,0,0,0,1,0,799870.1869,5825871.862,13.41862008,52.50034508
10,10040828.0,Kaulsdorf Nord                                                                                      ,10400835.0,2018,10,16,7,2,6,7,0,0,1,0,0,0,0,813239.5957,5829400.326,13.61826046,52.52445451
2,2050803.0,Stralauer Kiez,2500835.0,2018,10,14,7,3,1,5,0,1,0,0,0,0,0,803051.8657,5825853.4,13.4653318,52.49842205
6,6040702.0,Düppel,6400736.0,2018,10,13,7,3,1,1,0,1,0,0,0,0,0,787468.5553,5816675.236,13.22851235,52.4245657
4,4051653.0,Prager Platz,4501152.0,2018,10,8,3,3,6,4,0,0,1,0,0,0,0,794149.2122,5824199.312,13.33310861,52.4884655
2,2050601.0,Hausburgviertel,2500726.0,2018,10,16,3,3,5,2,0,1,0,0,0,0,0,801865.7288,5828983.034,13.45075077,52.5271305
4,4020311.0,Reichsstraße,4200310.0,2018,10,8,3,3,5,7,0,1,0,0,0,0,0,789652.5333,5826551.054,13.26911482,52.51195387
6,6020410.0,Oberhofer Platz,6200422.0,2018,10,12,7,3,4,6,0,0,0,0,0,0,0,794317.2688,5817584.764,13.32974508,52.42907854
1,1011303.0,Alexanderplatzviertel,1100310.0,2018,10,12,7,3,5,3,0,0,0,0,0,0,0,799158.564,5827808.203,13.40990832,52.51809215
2,2020203.0,Viktoriapark,2200208.0,2018,10,17,3,3,5,2,0,1,0,0,0,0,0,797833.5346,5824902.022,13.38783859,52.49276699
2,2050802.0,Boxhagener Platz,2500833.0,2018,10,22,3,3,6,4,2,0,1,0,0,0,0,802482.9588,5827047.66,13.45806172,52.50944178
1,1011302.0,Oranienburger Straße                                                                                ,1100309.0,2018,10,16,6,3,5,3,0,0,0,0,0,0,0,798233.2766,5828933.095,13.39732105,52.5286821
2,2030302.0,Lausitzer Platz,2300315.0,2018,10,19,3,3,1,5,2,1,0,0,0,0,0,800302.6526,5825828.358,13.42493265,52.49971732
8,8010406.0,Treptower Straße Nord,8100419.0,2018,10,11,7,2,5,3,0,1,0,0,0,0,0,802023.7618,5824295.603,13.44882084,52.48502932
9,9020501.0,Oberschöneweide West,9200510.0,2018,10,18,3,3,5,3,1,1,0,0,0,0,0,806282.4789,5822205.037,13.50942261,52.46392075
4,4020205.0,Siedlung Ruhleben,4200203.0,2018,10,15,6,3,5,3,0,1,0,0,0,0,0,788007.6702,5827624.818,13.2458737,52.52245168
3,3040614.0,Pankow Zentrum                                                                                      ,3400725.0,2018,10,10,7,2,5,3,0,1,0,0,0,0,0,799236.8126,5835176.805,13.4176987,52.5840971
9,9051702.0,Bölschestraße,9501737.0,2018,10,15,6,3,3,6,0,0,0,0,0,0,0,814298.9943,5821210.497,13.62610176,52.45045709
3,3030405.0,Karow Nord                                                                                          ,3300411.0,2018,10,17,3,3,5,3,1,1,0,0,0,0,0,803734.2172,5839242.094,13.48760475,52.61804014
3,3030716.0,Märchenland,3300517.0,2018,10,16,3,3,5,2,0,1,0,0,0,0,0,803373.5276,5833513.554,13.47704673,52.56689922
1,1022204.0,Thomasiusstraße                                                                                     ,1200626.0,2018,10,16,3,3,4,6,0,0,0,0,0,0,0,794538.0077,5828226.526,13.34238117,52.52435732
3,3040512.0,Wilhelmsruh,3400619.0,2018,10,9,7,3,5,2,0,1,0,0,0,0,0,796316.892,5835016.892,13.37458558,52.58426184
9,9010402.0,Johannisthal Ost,9100408.0,2018,10,15,3,3,5,2,0,1,0,0,0,0,0,806536.8694,5820106.377,13.51122899,52.44496913
5,5020522.0,Pillnitzer Weg,5200526.0,2018,10,15,3,3,5,2,0,1,0,0,0,0,0,781907.1438,5827188.424,13.15582835,52.52172726
8,8020622.0,Parchimer Allee,8200726.0,2018,10,9,7,3,5,2,0,1,0,0,0,0,0,801265.8958,5819701.045,13.43354626,52.44426563
7,7040401.0,Neu-Tempelhof,7400720.0,2018,10,8,3,3,5,3,0,1,0,0,0,0,0,796646.4868,5823486.308,13.36914569,52.48072287
1,1011401.0,Invalidenstraße                                                                                     ,1100415.0,2018,10,20,6,3,0,6,2,1,0,0,0,0,0,797954.4549,5828951.475,13.39323956,52.52899932
1,1033203.0,Humboldthain Nordwest                                                                               ,1300836.0,2018,10,8,3,3,2,6,0,1,0,0,0,0,0,796365.121,5830774.065,13.37150517,52.54620333
11,11010205.0,Falkenberg West,11100204.0,2018,10,18,6,3,5,3,1,1,0,0,0,0,0,806518.378,5833546.261,13.52333077,52.56543087
2,2050801.0,Traveplatz,2500832.0,2018,10,8,3,3,5,2,0,1,0,0,0,0,0,803199.1451,5826826.389,13.46838066,52.507061
2,2020202.0,Rathaus Yorckstraße,2200208.0,2018,10,15,6,3,5,3,0,1,0,0,0,0,0,797278.9303,5825035.985,13.37981336,52.49427016
4,4030930.0,George-Grosz-Platz,4501041.0,2018,10,17,6,3,1,5,1,0,0,0,0,1,0,792811.7525,5825892.352,13.3149556,52.5043621
1,1011204.0,Leipziger Straße                                                                                    ,1100207.0,2018,10,8,3,3,3,6,0,0,0,0,0,0,0,798364.4366,5827461.045,13.39792826,52.51541538
5,5030833.0,Motardstraße                                                                                        ,5300840.0,2018,10,14,6,2,3,6,0,1,0,0,0,0,0,787917.0835,5829315.161,13.24600622,52.53765422
1,1044101.0,Rehberge,1400937.0,2018,10,7,3,3,4,6,0,0,0,0,0,0,0,793461.7057,5830047.427,13.32817015,52.54126114
3,3061429.0,Greifswalder Straße,3601449.0,2018,10,7,3,2,5,2,0,1,0,0,0,0,0,801052.7822,5830464.211,13.44014532,52.54085601
1,1011304.0,Karl-Marx-Allee,1100311.0,2018,10,18,6,3,5,2,1,1,0,0,0,0,0,799985.7863,5827426.315,13.42171872,52.51421475
9,9041501.0,Altstadt Kietz,9401534.0,2018,10,13,6,3,5,3,0,1,0,0,0,0,0,811636.4822,5820017.531,13.58593701,52.44129056
4,4041343.0,Binger Straße,4400834.0,2018,10,13,6,3,0,1,0,0,0,0,0,0,0,792728.1953,5823131.436,13.31130239,52.47965608
2,2040503.0,Richard-Sorge-Viertel,2400522.0,2018,10,18,6,3,1,5,1,1,0,0,0,0,0,801768.2873,5827910.924,13.44834608,52.51757507
2,2020205.0,Chamissokiez,2200211.0,2018,10,16,3,3,5,2,0,1,0,0,0,0,0,798400.885,5824560.831,13.39586484,52.48939879
5,5010312.0,Kurstraße                                                                                           ,5100314.0,2018,10,6,3,3,5,3,2,0,0,0,0,1,0,785134.9646,5829611.972,13.20535284,52.54177825
1,1022201.0,Stephankiez,1200623.0,2018,10,12,6,3,5,3,0,1,0,0,0,0,0,795425.9875,5829544.405,13.35660274,52.53569057
6,6020304.0,Kaiser-Wilhelm-Straße                                                                               ,6200314.0,2018,10,15,3,3,3,5,0,1,0,0,0,0,0,794790.5707,5817216.539,13.33636171,52.42552275
1,1011303.0,Alexanderplatzviertel,1100310.0,2018,10,11,6,3,1,5,0,1,0,0,0,0,0,798825.7419,5827715.636,13.40493479,52.51744488
4,4030623.0,Ernst-Reuter-Platz,4300622.0,2018,10,15,3,3,5,2,0,0,0,0,0,1,0,793788.6425,5826945.596,13.33023635,52.51327877
1,1011303.0,Alexanderplatzviertel,1100310.0,2018,10,17,6,3,2,6,1,1,0,0,0,0,0,799525.4024,5828770.044,13.41616464,52.52651221
1,1011402.0,Arkonaplatz,1100416.0,2018,10,23,6,2,0,1,2,0,0,0,0,0,0,798547.2302,5829193.636,13.40216929,52.53084565
2,2050802.0,Boxhagener Platz,2500834.0,2018,10,15,3,3,5,3,0,1,0,0,0,0,0,801989.5206,5826924.827,13.45070174,52.50861419
4,4030827.0,Karl-August-Platz,4300623.0,2018,10,10,6,3,2,7,0,1,0,0,0,0,0,792052.7284,5826110.545,13.30399615,52.50672498
11,11041128.0,Sewanstraße,11401137.0,2018,10,10,6,3,5,3,0,1,0,0,0,0,0,806543.9522,5825400.29,13.5161965,52.49241096
3,3040513.0,Schönholz,3400620.0,2018,10,15,3,3,1,5,0,1,0,0,0,0,0,796814.8083,5834531.432,13.38147831,52.57963887
3,3040614.0,Pankow Zentrum                                                                                      ,3400725.0,2018,10,15,3,3,5,3,0,1,0,0,0,0,0,799023.1201,5835063.674,13.41445202,52.58320055
2,2020202.0,Rathaus Yorckstraße,2200208.0,2018,10,8,6,3,5,2,0,1,0,0,0,0,0,797913.354,5825279.649,13.38934847,52.49610841
6,6010209.0,Feuerbachstraße                                                                                     ,6100209.0,2018,10,14,3,3,5,3,0,0,0,0,0,0,0,794635.9108,5821304.41,13.33769841,52.46225187
2,2040703.0,Wriezener Bahnhof/Entwicklungsgebiet,2400625.0,2018,10,8,6,3,5,2,0,0,0,0,0,1,0,801515.1649,5826373.923,13.44323464,52.50393874
1,1011201.0,Wilhelmstraße                                                                                       ,1100205.0,2018,10,17,6,3,3,6,1,0,0,0,0,0,0,796978.0171,5827308.57,13.37742114,52.5148053
3,3061131.0,Falkplatz,3601142.0,2018,10,22,6,3,5,3,2,1,0,0,0,0,0,799177.8784,5830743.487,13.4128338,52.54439193
1,1011402.0,Arkonaplatz,1100416.0,2018,10,11,6,2,5,3,0,1,0,0,0,0,0,798672.4801,5829459.768,13.40424933,52.53316253
4,4051549.0,Rathaus Wilmersdorf,4501146.0,2018,10,10,3,3,5,2,0,1,0,0,0,0,0,793300.6962,5823601.707,13.3201219,52.48356472
8,8010214.0,Glasower Straße,8100209.0,2018,10,9,3,3,5,3,0,1,0,0,0,0,0,801377.0866,5821950.686,13.43720755,52.46436857
3,3040818.0,Pankow Süd                                                                                          ,3400828.0,2018,10,21,6,3,5,3,2,1,0,0,0,0,0,800056.0937,5832600.54,13.4274237,52.56055426
2,2010103.0,Moritzplatz,2100104.0,2018,10,9,3,3,5,2,0,1,0,0,0,0,0,799218.123,5825991.973,13.40915071,52.50177963
2,2020205.0,Chamissokiez,2200211.0,2018,10,11,6,3,5,2,0,0,0,0,0,1,0,798153.658,5824670.305,13.39233242,52.49051517
12,12103116.0,Hausotterplatz,12100102.0,2018,10,20,6,2,2,6,2,1,0,0,0,0,0,796509.7691,5833559.626,13.37612065,52.57109407
6,6030610.0,Lichterfelde West                                                                                   ,6300634.0,2018,10,9,3,3,5,3,0,1,0,0,0,0,0,792108.6411,5818553.323,13.29819952,52.43894541
8,8010301.0,Reuterkiez,8100312.0,2018,10,20,6,3,1,5,2,1,0,0,0,0,0,801504.3162,5823956.042,13.44088727,52.48227285
12,12103218.0,Teichstraße,12100205.0,2018,10,7,6,2,0,2,0,1,0,0,0,0,0,794465.0356,5832953.978,13.34549991,52.56677494
1,1022103.0,Westhafen,1200517.0,2018,10,7,6,3,5,2,0,1,0,0,0,0,0,793370.6254,5829575.967,13.32641473,52.53708379
1,1011306.0,Heine-Viertel Ost,1100313.0,2018,10,7,6,3,5,2,0,1,0,0,0,0,0,799809.9172,5826990.812,13.41874249,52.51040784
1,1011304.0,Karl-Marx-Allee,1100311.0,2018,10,15,6,3,5,2,0,1,0,0,0,0,0,799987.8942,5827425.315,13.42174878,52.51420462
1,1011302.0,Oranienburger Straße                                                                                ,1100309.0,2018,10,3,6,3,0,1,2,0,0,0,0,0,0,797942.088,5828446.556,13.39260537,52.52448013
4,4051447.0,Ludwigkirchplatz,4501044.0,2018,10,11,2,3,5,2,0,1,0,0,0,0,0,793195.2775,5824562.658,13.31941936,52.49223593
2,2030301.0,Oranienplatz,2300314.0,2018,10,17,6,3,5,3,0,0,0,0,0,1,0,799944.2915,5826093.01,13.41990768,52.5022866
3,3040818.0,Pankow Süd                                                                                          ,3400829.0,2018,10,18,2,3,5,3,0,1,0,0,0,0,0,799599.6033,5832922.632,13.42100066,52.56369263
7,7030301.0,Friedenau,7300517.0,2018,10,15,5,3,5,2,0,1,0,0,0,0,0,794400.726,5822306.666,13.335131,52.47136336
1,1044203.0,Leopoldplatz,1401048.0,2018,10,10,5,3,7,7,0,0,0,0,0,0,0,795710.733,5831115.594,13.36218723,52.5496204
4,4030417.0,Schloßstraße,4300414.0,2018,10,17,2,3,5,2,0,1,0,0,0,0,0,791430.9926,5827346.568,13.29594404,52.51813827
11,11020514.0,Große-Leege-Straße,11200513.0,2018,10,14,5,3,5,3,0,1,0,0,0,0,0,804207.1272,5830666.157,13.48669857,52.54091422
1,1011202.0,Unter den Linden Nord,1100206.0,2018,10,19,6,3,6,4,2,0,1,0,0,0,0,797739.8647,5827582.854,13.38886037,52.51684857
4,4020313.0,Königin-Elisabeth-Straße,4200311.0,2018,10,19,6,3,5,2,2,1,0,0,0,0,0,790472.2378,5826691.257,13.28128202,52.5127749
1,1011104.0,Körnerstraße                                                                                        ,1100104.0,2018,10,20,6,3,1,5,2,1,0,0,0,0,0,796639.7242,5825755.957,13.37106694,52.50107177
1,1011303.0,Alexanderplatzviertel,1100310.0,2018,10,14,5,3,6,7,0,0,1,0,0,0,0,799537.6075,5827576.095,13.41526883,52.5158036
11,11020515.0,Landsberger Allee,11200514.0,2018,10,17,2,3,5,3,0,0,0,0,0,0,0,803604.152,5830121.409,13.47733721,52.5363681
3,3030715.0,Heinersdorf,3300516.0,2018,10,11,5,3,5,3,0,0,0,0,0,1,0,800209.4788,5833828.128,13.43079046,52.57147284
3,3061227.0,Humannplatz,3601244.0,2018,10,16,2,3,5,3,0,1,0,0,0,0,0,800109.9659,5831695.941,13.42739815,52.55241643
11,11020412.0,Hauptstraße,11200411.0,2018,10,15,2,3,5,3,0,1,0,0,0,0,0,805063.0911,5831515.686,13.50006095,52.54804952
12,12231102.0,Frohnau,12400720.0,2018,10,15,2,3,5,3,0,1,0,0,0,0,0,789539.073,5840175.329,13.27934394,52.63415661
1,1011204.0,Leipziger Straße                                                                                    ,1100207.0,2018,10,19,5,3,2,6,2,0,0,0,0,0,0,797971.1192,5826967.636,13.39170743,52.51120761
2,2040503.0,Richard-Sorge-Viertel,2400522.0,2018,10,15,2,3,5,3,0,1,0,0,0,0,0,801331.4426,5828692.123,13.44263533,52.5248186
1,1033102.0,Gesundbrunnen,1300733.0,2018,10,15,6,3,2,6,0,1,0,0,0,0,0,797812.4009,5831834.497,13.39373617,52.55491948
5,5030731.0,Gartenfelder Straße                                                                                 ,5300737.0,2018,10,9,5,3,5,2,0,1,0,0,0,0,0,787211.9774,5829407.472,13.23571851,52.53885392
4,4030417.0,Schloßstraße,4300414.0,2018,10,19,5,3,0,3,2,1,0,0,0,0,1,791547.5298,5826647.276,13.29704392,52.51180692
1,1011103.0,Lützowstraße                                                                                        ,1100103.0,2018,10,14,6,3,5,2,0,0,0,0,1,0,0,795271.403,5826033.423,13.35121371,52.50430118
1,1011104.0,Körnerstraße                                                                                        ,1100104.0,2018,10,16,2,3,5,3,0,1,0,0,0,0,0,796349.339,5826136.498,13.36714022,52.50464075
3,3061126.0,Arnimplatz,3601141.0,2018,10,17,5,3,5,2,0,1,0,0,0,0,0,799243.0387,5831771.474,13.41471814,52.55357042
2,11051229.0,Rummelsburg,11501238.0,2018,10,17,5,3,5,3,1,1,0,0,0,0,0,803275.5916,5826013.872,13.46876353,52.49973606
6,6020303.0,Lankwitz Kirche                                                                                     ,6200313.0,2018,10,8,5,3,5,2,0,0,0,0,0,1,0,795717.7622,5818894.8,13.35144239,52.44006698
1,1011301.0,Charitéviertel,1100308.0,2018,10,17,5,3,5,2,0,1,0,0,0,0,0,797044.307,5829327.61,13.38019851,52.53286764
2,2020201.0,Gleisdreieck/Entwicklungsgebiet,2200207.0,2018,10,16,5,3,1,5,0,1,0,0,0,0,0,797044.5517,5825644.276,13.37691367,52.49985045
5,5010208.0,Germersheimer Platz,5100210.0,2018,10,21,5,2,1,7,2,1,0,0,0,0,0,783628.6324,5829954.936,13.18349389,52.54563955
9,9020802.0,Köllnische Vorstadt                                                                                 ,9200819.0,2018,10,16,5,3,5,2,0,1,0,0,0,0,0,810076.2927,5820412.718,13.56342375,52.44571895
2,2010104.0,Wassertorplatz,2100106.0,2018,10,16,2,2,6,4,0,0,1,0,0,0,0,799815.838,5825702.171,13.41766907,52.49885393
3,3030405.0,Karow Nord                                                                                          ,3300411.0,2018,10,20,5,3,5,2,2,1,0,0,0,0,0,803700.4925,5839174.098,13.4870457,52.61744958
10,10040830.0,Kaulsdorf Süd                                                                                       ,10400837.0,2018,10,15,2,3,5,3,0,1,0,0,0,0,0,810608.3762,5825513.806,13.57597583,52.49113082
11,11051332.0,Karlshorst Süd,11501341.0,2018,10,16,5,3,5,3,0,1,0,0,0,0,0,806277.4956,5824486.815,13.51144465,52.48437366
7,7020201.0,Bayerischer Platz,7200307.0,2018,10,10,2,3,5,3,0,1,0,0,0,0,0,794719.1642,5824653.56,13.34188016,52.49223016
1,1033203.0,Humboldthain Nordwest                                                                               ,1300836.0,2018,11,13,5,3,1,5,0,1,0,0,0,0,0,796100.691,5830605.446,13.36746672,52.54483561
10,10040933.0,Mahlsdorf Süd                                                                                       ,10400940.0,2018,10,8,7,3,5,3,0,1,0,0,0,0,0,811993.1175,5826861.509,13.59756729,52.50241831
8,8010303.0,Donaustraße,8100314.0,2018,10,14,7,3,1,5,0,1,0,0,0,0,0,801344.5018,5823843.745,13.43843952,52.48135452
4,4041342.0,Schlangenbader Straße,4400833.0,2018,11,9,5,2,1,5,0,1,0,0,0,0,0,792544.0793,5822709.013,13.30822847,52.4759678
10,10040933.0,Mahlsdorf Süd                                                                                       ,10400940.0,2018,10,11,7,2,1,5,0,1,0,0,0,0,0,811469.9264,5824470.296,13.58764923,52.48128866
1,1011302.0,Oranienburger Straße                                                                                ,1100309.0,2018,11,9,5,3,5,2,0,1,0,0,0,0,0,797750.4382,5828572.567,13.38990169,52.52571436
1,1011204.0,Leipziger Straße                                                                                    ,1100207.0,2018,11,8,5,3,3,6,0,1,0,0,0,0,0,797840.8765,5826947.969,13.38977634,52.51110245
4,4030725.0,Amtsgerichtsplatz,4300416.0,2018,11,8,5,3,1,5,0,0,0,0,1,0,0,791382.0437,5826276.488,13.29428769,52.50857127
4,4051448.0,Schaperstraße,4501045.0,2018,10,17,4,3,6,4,1,0,1,0,0,0,0,793479.5382,5825116.239,13.32408189,52.49704579
1,1011303.0,Alexanderplatzviertel,1100310.0,2018,10,16,4,3,5,3,1,0,0,0,0,0,0,799147.7273,5827820.221,13.40975989,52.51820582
1,1011301.0,Charitéviertel,1100308.0,2018,10,19,4,3,1,5,2,1,0,0,0,1,0,797121.8224,5829237.189,13.38125709,52.53201487
1,1011303.0,Alexanderplatzviertel,1100310.0,2018,11,12,3,3,5,2,0,0,0,0,0,1,0,798763.4184,5828040.039,13.40431038,52.52038685
6,6030609.0,Augustaplatz,6300633.0,2018,11,7,3,3,1,5,0,1,0,0,0,0,0,792609.1678,5818400.564,13.30540817,52.43730836
1,1011302.0,Oranienburger Straße                                                                                ,1100309.0,2018,10,17,6,3,0,3,1,1,0,0,0,0,0,797998.441,5828669.023,13.3936329,52.52644346
1,1011201.0,Wilhelmstraße                                                                                       ,1100205.0,2018,10,16,4,3,0,1,1,0,0,0,0,0,0,797375.2293,5826487.871,13.3825241,52.50723224
9,9051702.0,Bölschestraße,9501737.0,2018,11,8,3,3,5,2,0,0,0,0,0,1,0,814778.1129,5820870.978,13.63280888,52.44713907
4,4041240.0,Messelpark,4400831.0,2018,11,17,3,3,5,3,2,1,0,0,0,0,0,790741.892,5822658.91,13.28172515,52.47648098
1,1044202.0,Sparrplatz,1401047.0,2018,11,10,3,2,5,2,0,0,0,0,1,0,0,795523.5396,5830731.071,13.35909235,52.54627509
11,11020412.0,Hauptstraße,11200411.0,2018,10,15,4,3,0,1,0,0,0,0,0,0,0,805126.208,5831400.105,13.5008827,52.54697829
4,4041137.0,Flinsberger Platz,4400727.0,2018,11,17,3,2,5,2,2,1,0,0,0,0,0,791918.952,5823991.346,13.30017341,52.48779826
12,12103115.0,Breitkopfbecken,12100103.0,2018,10,14,6,3,5,2,0,1,0,0,0,0,1,795333.1295,5833753.831,13.3589826,52.57347463
2,7010104.0,Dennewitzplatz,7100206.0,2018,10,12,6,2,5,3,0,1,0,0,0,0,1,796890.4772,5824296.907,13.37344989,52.4878565
1,1011101.0,Stülerstraße                                                                                        ,1100101.0,2018,10,8,6,3,5,2,0,1,0,0,0,1,0,795275.5407,5826388.874,13.35158975,52.50748529
8,8040933.0,Vogelviertel Süd,8401139.0,2018,10,14,4,3,5,2,0,1,0,0,0,0,0,803570.4486,5818642.805,13.46638836,52.43350616
1,1011303.0,Alexanderplatzviertel,1100310.0,2018,11,9,3,3,1,5,0,1,0,0,0,1,0,798752.2116,5828248.523,13.40433296,52.52226175
6,6020303.0,Lankwitz Kirche                                                                                     ,6200313.0,2018,10,7,6,3,1,5,0,1,0,0,0,0,0,795471.8197,5818573.911,13.34755102,52.43732333
4,4020310.0,Park Ruhwald,4200308.0,2018,10,6,6,3,5,3,2,1,0,0,0,0,0,788152.4848,5827846.009,13.24819386,52.52435824
1,1022206.0,Lüneburger Straße                                                                                   ,1200628.0,2018,10,12,4,2,5,2,0,1,0,0,0,0,0,795540.1937,5828196.642,13.35708351,52.52354713
2,2020204.0,Urbanstraße,2200210.0,2018,11,9,3,3,5,3,0,1,0,0,0,0,0,798493.4594,5825222.911,13.39781737,52.49528287
1,1033102.0,Gesundbrunnen,1300733.0,2018,11,15,3,3,5,3,0,1,0,0,0,0,0,797234.5611,5831333.237,13.38478949,52.55074197
6,6030608.0,Schweizer Viertel,6300632.0,2018,10,13,5,3,5,2,0,1,0,0,0,0,1,792236.3498,5816660.546,13.29841877,52.42190847
9,9020502.0,Oberschöneweide Ost,9200512.0,2018,11,15,3,3,3,6,0,0,0,0,0,0,0,809083.2901,5821554.88,13.54991666,52.45651711
5,5010339.0,Freiheit,5100317.0,2018,10,17,5,3,5,2,1,1,0,0,0,0,1,787593.4164,5828011.728,13.24011947,52.52613919
2,2020203.0,Viktoriapark,2200208.0,2018,10,17,4,3,5,3,2,1,0,0,0,0,0,797806.1351,5824909.417,13.38744282,52.49284823
9,9010101.0,Elsenstraße                                                                                         ,9100101.0,2018,10,16,5,3,5,3,0,1,0,0,0,0,1,801492.9516,5824878.97,13.44155525,52.49055151
4,4051655.0,Babelsberger Straße,4501153.0,2018,10,15,5,3,3,6,0,1,0,0,0,0,1,794241.3416,5823115.308,13.33350473,52.47869831