district,LOR,street,LOR_2021,year,month,hour,weekday,category,accident_kind,accident_type,light_condition,car,pedestrian,motorcycle,goods_vehicle,others,road_condition,LINREFX,LINREFY,XGCSWGS84,YGCSWGS84
12,12224230.0,Heiligensee,12400618.0,2018,10,15,5,2,5,2,0,1,0,0,0,0,0,786686.862,5838549.796,13.23590475,52.62109628
8,8010115.0,Hasenheide,8100102.0,2018,11,7,3,3,5,3,0,1,0,0,0,0,0,799829.505,5823660.859,13.41603316,52.48054915
10,10030726.0,Alt-Biesdorf,10300733.0,2018,11,7,3,2,5,3,0,1,0,0,0,0,0,809226.2232,5827224.945,13.55727229,52.50725028
1,1022202.0,Heidestraße                                                                                         ,1200624.0,2018,10,14,4,3,6,7,0,0,1,0,0,0,0,795654.5979,5829729.608,13.36012819,52.53722678
11,11010101.0,Dorf Malchow,11100101.0,2018,11,6,3,3,2,6,1,1,0,0,0,0,0,803966.096,5834704.204,13.48685377,52.57723991
7,7010102.0,Nollendorfplatz,7100102.0,2018,10,14,5,3,5,3,0,1,0,0,0,0,1,795419.2281,5825754.495,13.35313781,52.50172079
1,1011202.0,Unter den Linden Nord,1100206.0,2018,10,7,4,2,0,2,0,1,0,0,0,0,0,797150.8707,5827684.258,13.38029642,52.51807878
11,11030721.0,Rüdigerstraße,11300724.0,2018,10,7,4,3,5,2,0,1,0,0,0,0,0,804508.5343,5827512.331,13.48824105,52.51247958
7,7050503.0,Eisenacher Straße                                                                                   ,7501031.0,2018,10,6,4,3,5,3,0,1,0,0,0,0,0,798887.085,5820519.128,13.39938322,52.4529042
4,4030931.0,Breitscheidplatz,4501042.0,2018,10,19,4,3,1,6,2,1,0,0,0,0,0,793671.448,5825896.925,13.32758914,52.50394105
6,6040810.0,Dahlem,6400844.0,2018,11,14,3,3,1,5,0,0,0,0,0,1,0,792369.7665,5820997.377,13.30416941,52.46071657
3,3071536.0,Teutoburger Platz,3701554.0,2018,10,13,5,3,1,1,0,1,0,0,0,0,1,798951.171,5829983.066,13.40881643,52.53770033
7,7060601.0,Marienfelder Allee Nordwest,7601236.0,2018,11,6,2,3,5,3,2,1,0,0,0,0,0,797231.2503,5817338.208,13.37225914,52.42529305
2,2030301.0,Oranienplatz,2300314.0,2018,11,23,2,3,1,5,2,1,0,0,0,0,0,799918.2005,5826002.174,13.41944264,52.50148674
5,5030730.0,Zitadellenweg,5300736.0,2018,10,13,5,3,5,2,0,1,0,0,0,0,1,786253.4108,5829129.419,13.22138408,52.53686537
8,8010301.0,Reuterkiez,8100312.0,2018,10,15,3,3,5,2,0,1,0,0,0,0,1,801559.55,5824033.807,13.4417685,52.48293937
11,11051229.0,Rummelsburg,11501238.0,2018,11,20,2,3,6,4,2,0,1,0,0,0,0,803337.3535,5826308.532,13.46993897,52.50234272
4,4030519.0,Kaiserin-Augusta-Allee,4300518.0,2018,10,12,5,3,5,2,0,0,0,0,0,1,1,792311.4441,5828248.046,13.3096751,52.52574855
8,8010213.0,Körnerpark,8100208.0,2018,10,15,3,3,1,5,0,1,0,0,0,0,1,801090.6231,5822356.969,13.43337021,52.46816814
1,1011402.0,Arkonaplatz,1100416.0,2018,11,19,2,3,1,5,2,0,0,0,0,1,0,798735.2242,5829988.831,13.40564715,52.53787043
10,10010308.0,Marzahner Chaussee,10100311.0,2018,10,12,5,2,3,6,0,1,0,0,0,0,1,807159.7557,5829120.09,13.52867056,52.52540205
1,1011304.0,Karl-Marx-Allee,1100311.0,2018,11,9,2,3,3,6,0,1,0,0,0,0,0,799696.0133,5827861.62,13.41785343,52.51827586
4,4030930.0,George-Grosz-Platz,4501041.0,2018,11,9,2,3,1,5,0,1,0,0,0,0,0,793129.6227,5825436.957,13.31922448,52.50010896
2,2050802.0,Boxhagener Platz,2500833.0,2018,10,12,5,3,0,1,0,0,0,0,0,0,1,802789.1976,5826949.856,13.4624713,52.50839529
2,2020203.0,Viktoriapark,2200209.0,2018,10,13,3,3,1,5,0,1,0,0,0,0,0,797117.7419,5824092.294,13.37660468,52.48589871
3,3061228.0,Erich-Weinert-Straße,3601245.0,2018,11,11,2,3,1,7,0,1,0,0,0,0,0,800815.9382,5830898.101,13.43705646,52.54487584
1,1022106.0,Elberfelder Straße                                                                                  ,1200522.0,2018,10,8,5,3,5,2,0,1,0,0,0,0,1,794139.1485,5828274.167,13.33656123,52.52499972
10,10040933.0,Mahlsdorf Süd                                                                                       ,10400940.0,2018,10,13,3,3,5,2,0,1,0,0,0,0,0,812947.4641,5826137.45,13.61090097,52.49538351
3,3040512.0,Wilhelmsruh,3400619.0,2018,10,8,5,3,5,2,0,0,0,0,0,1,1,796044.5817,5835726.686,13.37121235,52.5907726
4,4030620.0,Alt-Lietzow,4300619.0,2018,10,8,5,3,0,3,0,1,0,0,0,0,1,792631.5243,5827088.004,13.3133591,52.51517745
1,1044203.0,Leopoldplatz,1401048.0,2018,11,15,2,2,5,3,0,0,0,0,0,0,0,795187.8717,5831357.949,13.35471392,52.55207649
1,1044202.0,Sparrplatz,1401047.0,2018,10,7,5,3,5,2,0,1,0,0,0,0,1,795356.4847,5830374.937,13.3563193,52.54317325
9,9010401.0,Johannisthal West,9100407.0,2018,10,10,3,3,3,6,0,0,0,0,1,0,0,806362.6699,5821018.539,13.50951053,52.45324193
3,3020209.0,Niederschönhausen,3200206.0,2018,10,5,5,3,5,2,2,1,0,0,0,0,1,798343.935,5834830.5,13.40424762,52.58148335
6,6030608.0,Schweizer Viertel,6300632.0,2018,10,10,3,3,5,3,0,0,0,0,1,0,0,791635.9092,5816259.487,13.28926439,52.41863326
1,1011305.0,Heine-Viertel West,1100312.0,2018,10,18,4,3,1,5,0,1,0,0,0,0,0,799177.5179,5827041.384,13.40949737,52.51120835
9,9010402.0,Johannisthal Ost,9100408.0,2018,10,9,3,3,5,3,0,1,0,0,0,0,0,806565.5057,5820150.026,13.51168905,52.44534428
4,4030930.0,George-Grosz-Platz,4501041.0,2018,10,10,4,3,5,2,0,1,0,0,0,0,0,793134.0862,5825609.133,13.3194416,52.50165006
3,3010102.0,Buch,3100102.0,2018,10,7,3,3,5,3,0,0,0,1,0,0,0,804411.5766,5841174.284,13.49935831,52.63497795
12,12231101.0,Hermsdorf,12400723.0,2018,11,6,2,3,6,7,0,1,1,0,0,0,0,792250.5885,5839442.438,13.31864834,52.62613426
1,1011303.0,Alexanderplatzviertel,1100310.0,2018,10,8,3,3,0,5,0,0,0,0,0,1,1,799582.2153,5828468.853,13.41672824,52.52378128
12,12231101.0,Hermsdorf,12400722.0,2018,11,19,1,2,3,6,1,1,0,0,0,0,0,790997.5188,5839022.051,13.29981828,52.62303834
12,12214125.0,Waldidyll/Flughafensee,12200412.0,2018,10,10,4,3,3,2,0,0,0,0,0,1,1,790745.6535,5834201.552,13.29187435,52.57995847
3,3020307.0,Buchholz,3200310.0,2018,10,18,4,3,5,2,1,1,0,0,0,0,0,799955.4316,5838348.462,13.43114649,52.61212947
9,9020501.0,Oberschöneweide West,9200510.0,2018,10,6,3,3,5,3,1,1,0,0,0,0,1,806457.632,5822273.719,13.51205578,52.4644381
3,3071536.0,Teutoburger Platz,3701554.0,2018,10,8,3,3,3,6,0,1,0,0,0,0,1,799063.6178,5830186.249,13.41065228,52.53945987
2,2040503.0,Richard-Sorge-Viertel,2400522.0,2018,11,14,1,2,5,3,0,1,0,0,0,0,0,801520.5859,5828544.607,13.44528107,52.52339184
8,8010406.0,Treptower Straße Nord,8100419.0,2018,11,13,1,3,5,3,0,1,0,0,0,0,0,802148.2892,5824475.073,13.45081181,52.48656903
1,1011305.0,Heine-Viertel West,1100312.0,2018,10,19,3,3,5,7,2,1,0,0,0,0,1,799665.4307,5827104.788,13.41672248,52.51150885
7,7060603.0,Marienfelde Nordost,7601238.0,2018,10,18,4,3,1,5,1,1,0,0,0,1,0,798149.1716,5815838.969,13.3843831,52.41135452
2,2020205.0,Chamissokiez,2200211.0,2018,10,19,3,3,0,4,2,0,1,0,0,0,1,798099.6046,5824547.741,13.39142902,52.48944605
1,1011306.0,Heine-Viertel Ost,1100313.0,2018,11,4,1,3,0,1,2,0,0,0,0,0,0,800478.012,5826700.311,13.42829504,52.50743641
3,3040513.0,Schönholz,3400620.0,2018,10,16,4,3,5,3,0,1,0,0,0,0,0,797412.3571,5833971.488,13.38976868,52.57429345
6,6010103.0,Markelstraße                                                                                        ,6100103.0,2018,10,18,3,2,6,4,2,0,1,0,0,0,1,793624.8556,5821512.496,13.32304259,52.46466151
4,4051448.0,Schaperstraße,4501045.0,2018,10,17,3,3,5,2,2,1,0,0,0,0,1,794172.6292,5825316.703,13.33443912,52.4984697
2,2050602.0,Samariterviertel,2500727.0,2018,11,14,7,2,0,1,0,0,0,0,0,0,0,802588.4299,5827711.333,13.46021448,52.51533174
4,4041136.0,Hagenplatz,4400728.0,2018,10,18,3,3,2,6,2,1,0,0,0,0,1,789884.0457,5823102.462,13.2695155,52.48091353
1,1011102.0,Großer Tiergarten,1100102.0,2018,11,13,7,3,5,3,0,1,0,0,0,0,0,794105.7109,5826761.35,13.33473236,52.51145623
4,4030827.0,Karl-August-Platz,4300623.0,2018,11,13,7,3,5,7,0,1,0,0,0,0,0,792708.8438,5826095.399,13.3136223,52.50623757
6,6040807.0,Zehlendorf Eiche                                                                                    ,6400841.0,2018,11,11,7,3,5,3,0,1,0,0,0,0,0,790009.8477,5819155.712,13.26793322,52.44546304
5,5010101.0,Hakenfelde Nord,5100101.0,2018,10,13,4,3,5,3,0,1,0,0,0,0,0,781917.2924,5831964.148,13.16003077,52.56454327
1,1011201.0,Wilhelmstraße                                                                                       ,1100205.0,2018,11,11,7,3,5,2,0,1,0,0,0,0,0,796960.7328,5826703.413,13.37662719,52.50939013
1,1011302.0,Oranienburger Straße                                                                                ,1100309.0,2018,10,12,4,3,5,2,0,1,0,0,0,0,0,798680.9496,5828659.062,13.40365447,52.52598069
2,2030301.0,Oranienplatz,2300314.0,2018,10,18,3,3,5,3,2,1,0,0,0,0,0,800040.9928,5826344.258,13.42155444,52.50448547
2,2010101.0,Askanischer Platz,2100101.0,2018,11,10,7,3,5,2,0,1,0,0,0,0,0,797391.0783,5826179.859,13.38248179,52.50446262
12,12231101.0,Hermsdorf,12400723.0,2018,10,12,4,3,6,7,0,0,1,0,0,0,0,792803.3244,5839410.99,13.32676307,52.6255547
1,1044203.0,Leopoldplatz,1401048.0,2018,11,12,7,3,5,7,0,0,0,0,0,1,0,795602.9799,5831756.7,13.36117352,52.55542579
8,8010404.0,Rixdorf,8100417.0,2018,10,7,3,3,0,4,0,0,1,0,0,0,1,802525.6034,5823133.783,13.45513463,52.47433808
1,1033101.0,Soldiner Straße                                                                                     ,1300730.0,2018,10,14,3,3,5,2,0,0,0,0,1,0,0,796412.126,5831986.239,13.37327847,52.55704358
6,6030605.0,Botanischer Garten,6300629.0,2018,10,16,2,3,1,5,0,1,0,0,0,0,0,792440.5066,5819625.998,13.3040066,52.44838448
10,10040828.0,Kaulsdorf Nord                                                                                      ,10400835.0,2018,10,5,2,3,5,2,2,1,0,0,0,0,0,811196.9289,5827957.089,13.58689958,52.51269083
10,10040828.0,Kaulsdorf Nord                                                                                      ,10400835.0,2018,10,5,4,2,5,3,2,1,0,0,0,0,1,811797.1697,5828680.927,13.59639421,52.51883456
6,6010209.0,Feuerbachstraße                                                                                     ,6100209.0,2018,11,15,6,3,5,2,0,1,0,0,0,0,0,794409.469,5821499.583,13.33454721,52.46412355
1,1011302.0,Oranienburger Straße                                                                                ,1100309.0,2018,10,20,2,3,0,5,2,1,0,0,0,0,1,798429.7259,5829045.598,13.40030932,52.52958303
8,8010406.0,Treptower Straße Nord,8100419.0,2018,10,9,3,3,5,3,0,0,0,0,0,0,0,802523.7954,5823955.855,13.45585387,52.48170734
9,9020701.0,Adlershof West,9200715.0,2018,10,20,3,3,5,2,2,1,0,0,0,0,1,807402.5331,5818799.94,13.52272421,52.43277454
3,3050923.0,Weißenseer Spitze,3500934.0,2018,10,20,3,3,5,7,2,1,0,0,0,0,1,800860.1808,5832071.013,13.43876961,52.55536438
7,7010104.0,Dennewitzplatz,7100206.0,2018,11,9,6,3,0,2,0,0,0,1,0,0,0,796693.814,5824817.748,13.37102577,52.49263224
9,9010401.0,Johannisthal West,9100407.0,2018,11,8,6,3,5,3,0,1,0,0,0,0,0,805814.4567,5819650.013,13.50021542,52.44128345
8,8030831.0,Gropiusstadt Ost,8301037.0,2018,11,13,6,3,5,3,0,1,0,0,0,0,0,804698.1327,5817818.192,13.48217349,52.42548839
5,5010204.0,Griesingerstraße                                                                                    ,5100206.0,2018,11,11,6,3,5,7,0,1,0,0,0,0,0,781740.399,5831180.02,13.15676218,52.55760401
4,4041344.0,Rüdesheimer Platz,4400835.0,2018,10,18,3,3,5,2,2,1,0,0,0,0,1,792986.8647,5822304.701,13.31437405,52.47210591
1,1011304.0,Karl-Marx-Allee,1100311.0,2018,10,17,3,3,5,2,1,1,0,0,0,0,1,799727.578,5827761.402,13.41822694,52.51736022
5,5030832.0,Rohrdamm,5300839.0,2018,10,14,2,2,5,3,0,1,0,0,0,0,0,789003.3711,5829788.27,13.26238949,52.54132075
8,8010510.0,Gewerbegebiet Köllnische Heide,8100521.0,2018,10,14,2,3,5,3,0,1,0,0,0,0,0,802482.6435,5822558.432,13.45398237,52.46920496
2,2050602.0,Samariterviertel,2500729.0,2018,10,14,3,3,2,6,0,0,0,0,0,0,1,803310.9195,5827758.486,13.47087192,52.51535307
2,2030301.0,Oranienplatz,2300314.0,2018,11,8,6,3,2,6,0,1,0,0,0,0,0,799983.6362,5826185.973,13.42056933,52.50309824
7,7060603.0,Marienfelde Nordost,7601238.0,2018,10,14,3,3,5,3,0,1,0,0,0,0,1,798684.3106,5816535.079,13.39284859,52.41730268
2,2050802.0,Boxhagener Platz,2500834.0,2018,11,23,5,3,6,7,2,0,1,0,0,0,0,803028.4748,5826552.855,13.46562475,52.50470417
2,2050801.0,Traveplatz,2500830.0,2018,11,22,5,3,5,3,2,0,0,0,0,1,0,802145.725,5827550.494,13.45356431,52.51413557
2,2050801.0,Traveplatz,2500830.0,2018,10,17,2,3,0,1,1,0,0,0,0,0,1,802238.1611,5827515.439,13.45489049,52.51377016
1,1011204.0,Leipziger Straße                                                                                    ,1100207.0,2018,11,19,5,3,1,5,2,1,0,0,0,0,0,798536.6278,5826785.111,13.3998519,52.50926232
1,1044202.0,Sparrplatz,1401047.0,2018,10,17,1,3,1,5,1,1,0,0,0,0,0,795441.8889,5830190.842,13.35741127,52.5414767
2,2040502.0,Friedenstraße,2400521.0,2018,10,13,3,2,3,1,0,1,0,0,0,0,1,800435.7937,5828028.875,13.42887431,52.51936799
1,1011201.0,Wilhelmstraße                                                                                       ,1100205.0,2018,10,14,1,3,1,5,0,0,0,0,0,1,0,797089.7113,5827152.693,13.37892311,52.5133472
11,11030618.0,Fennpfuhl West,11300617.0,2018,11,17,5,2,5,3,2,0,0,0,0,1,0,803125.8826,5829571.08,13.46980549,52.53170185
10,10030724.0,Oberfeldstraße                                                                                      ,10300731.0,2018,10,13,3,2,0,2,0,1,0,0,0,0,1,809641.3716,5829675.99,13.56565068,52.52898018
8,8041036.0,Zittauer Straße,8401242.0,2018,10,12,1,2,3,6,0,1,0,0,0,0,0,804794.8433,5816248.34,13.48216158,52.41136427
1,1011302.0,Oranienburger Straße                                                                                ,1100309.0,2018,10,16,1,3,0,1,0,0,0,0,0,0,0,798037.3488,5828921.429,13.39443096,52.52868468
1,1011301.0,Charitéviertel,1100308.0,2018,11,16,5,3,0,1,0,0,0,0,0,0,0,797468.637,5828833.573,13.38599367,52.52820779
1,1011301.0,Charitéviertel,1100308.0,2018,10,11,3,3,1,5,0,1,0,0,0,0,1,797141.7104,5827792.403,13.38025841,52.51905317
4,4051549.0,Rathaus Wilmersdorf,4501146.0,2018,10,10,3,3,2,2,0,1,0,0,0,0,1,792960.6295,5823914.212,13.31540306,52.48654879
1,1011306.0,Heine-Viertel Ost,1100313.0,2018,10,10,1,3,5,3,0,1,0,0,0,0,0,800480.3165,5826685.624,13.42831564,52.50730349
8,8010212.0,Rollberg,8100207.0,2018,11,14,5,3,5,2,0,0,0,0,0,1,0,800971.1314,5823485.032,13.43263433,52.47834518
10,10040828.0,Kaulsdorf Nord                                                                                      ,10400835.0,2018,10,7,3,3,5,3,1,1,0,0,0,0,1,811346.0629,5828406.815,13.58951086,52.51663587
1,1011101.0,Stülerstraße                                                                                        ,1100101.0,2018,11,14,7,3,0,1,0,0,0,0,0,0,0,795335.9609,5826272.879,13.35237449,52.50641277
5,5010103.0,Amorbacher Weg,5100105.0,2018,11,16,3,3,5,3,1,1,0,0,0,0,1,784119.0925,5830471.241,13.19114884,52.55001319
3,3040614.0,Pankow Zentrum                                                                                      ,3400725.0,2018,11,13,7,3,5,3,0,1,0,0,0,0,0,799981.2046,5835115.006,13.42859673,52.58313326
12,12214125.0,Waldidyll/Flughafensee,12200414.0,2018,11,11,7,3,5,3,0,1,0,0,0,0,0,788037.5551,5830946.387,13.24919216,52.55221515
7,7010101.0,Wittenbergplatz/Viktoria-Luise-Platz,7100101.0,2018,11,20,1,3,0,7,2,0,0,0,0,0,0,794674.2098,5825076.195,13.34159378,52.49604309
3,3040818.0,Pankow Süd                                                                                          ,3400830.0,2018,11,10,7,3,5,3,0,1,0,0,0,0,0,799045.9758,5833040.844,13.41296405,52.56505657
8,8010508.0,Weiße Siedlung,8100520.0,2018,11,11,7,3,0,3,0,1,0,0,0,0,0,803094.5736,5822630.881,13.46302905,52.46951518
2,2040502.0,Friedenstraße,2400521.0,2018,11,8,3,3,5,2,0,1,0,0,0,0,1,800725.5025,5827976.69,13.43308399,52.51874056
1,7010102.0,Nollendorfplatz,7100102.0,2018,11,7,6,3,0,2,0,0,0,0,0,1,1,795426.3789,5825792.877,13.3532769,52.50206098
4,4030725.0,Amtsgerichtsplatz,4300416.0,2018,11,13,6,3,1,5,0,1,0,0,0,0,0,791940.2983,5826084.111,13.30232116,52.50654818
2,2020204.0,Urbanstraße,2200210.0,2018,11,9,3,3,5,3,0,1,0,0,0,0,1,798043.4069,5824863.697,13.39088639,52.4923089
9,9051901.0,Dammvorstadt,9501939.0,2018,11,19,6,3,4,2,2,1,0,0,0,0,0,810938.5402,5821589.185,13.57716479,52.45577233
2,2020203.0,Viktoriapark,2200208.0,2018,11,8,6,3,0,2,0,0,0,0,0,1,1,797842.2244,5824926.622,13.38798819,52.49298276
2,2040701.0,Andreasviertel,2400521.0,2018,11,9,6,3,0,1,0,0,0,0,0,0,1,800720.6937,5827902.37,13.43294615,52.51807706
4,4051655.0,Babelsberger Straße,4501153.0,2018,11,9,6,3,5,3,0,1,0,0,0,0,1,794070.2915,5823687.613,13.33149817,52.48392089
1,1011401.0,Invalidenstraße                                                                                     ,1100415.0,2018,11,15,2,3,0,5,0,1,0,0,0,0,0,798195.1986,5829614.3,13.39737248,52.53480902
7,7060604.0,Marienfelde Süd,7601339.0,2018,11,18,3,3,5,3,2,1,0,0,0,0,1,795648.1532,5816048.097,13.34790492,52.41458565
3,3050924.0,Behaimstraße,3500935.0,2018,11,8,6,3,1,5,0,1,0,0,0,0,1,801700.0227,5831501.638,13.45060233,52.54979651
9,9031101.0,Grünau,9301126.0,2018,11,7,2,2,0,1,0,0,0,0,0,0,1,810986.5071,5818178.056,13.57469449,52.42517588
4,4030623.0,Ernst-Reuter-Platz,4300622.0,2018,11,7,6,3,1,5,1,1,0,0,0,0,1,793962.1497,5826804.004,13.33266071,52.51191599
4,4030726.0,Droysenstraße,4500936.0,2018,11,13,6,3,2,6,0,1,0,0,0,0,0,792267.0146,5825444.198,13.30655949,52.50063657
8,8020619.0,Buschkrugallee Nord,8200623.0,2018,11,14,3,3,0,4,0,0,1,0,0,0,1,801358.7452,5821240.665,13.43629738,52.45801457
4,4030930.0,George-Grosz-Platz,4501041.0,2018,11,1,6,3,0,1,2,0,0,0,0,0,0,793054.3461,5825587.351,13.31825106,52.50149763
5,5020626.0,Adamstraße                                                                                          ,5200630.0,2018,11,12,6,3,4,6,0,0,0,0,0,0,0,784526.1193,5828040.195,13.19505373,52.52800394
5,5010314.0,Carl-Schurz-Straße                                                                                  ,5100316.0,2018,11,16,2,3,5,2,1,1,0,0,0,0,0,783788.7148,5829112.407,13.18512849,52.53800195
1,1033102.0,Gesundbrunnen,1300733.0,2018,11,17,6,3,3,6,2,1,0,0,0,0,0,797203.829,5831349.433,13.38435207,52.55090391
1,1011104.0,Körnerstraße                                                                                        ,1100104.0,2018,11,17,3,3,3,6,2,0,0,0,0,1,0,796428.1387,5825517.567,13.36774683,52.49904981
8,8010118.0,Silbersteinstraße,8100105.0,2018,11,8,6,3,0,2,0,1,0,0,0,0,0,801081.5918,5821967.616,13.43288637,52.46468323
7,7030303.0,Grazer Platz,7300619.0,2018,11,18,5,3,1,5,2,1,0,0,0,0,0,795004.3665,5822160.669,13.34386295,52.46972893
8,8010117.0,Schillerpromenade,8100102.0,2018,11,21,5,3,1,5,2,1,0,0,0,0,0,800520.2321,5823423.653,13.42595981,52.47804331
8,8010302.0,Bouchéstraße,8100313.0,2018,11,19,5,3,0,1,2,0,0,0,0,0,0,801856.9728,5824452.644,13.44651429,52.48652914
2,2050801.0,Traveplatz,2500831.0,2018,11,13,1,3,5,2,0,1,0,0,0,0,1,802856.7912,5827467.975,13.46393566,52.51300161
4,4030417.0,Schloßstraße,4300414.0,2018,11,10,2,3,5,7,0,1,0,0,0,0,0,791183.1478,5826514.223,13.29157335,52.51080874
8,8041037.0,Alt-Rudow,8401243.0,2018,11,13,5,2,6,4,0,0,1,0,0,0,0,806165.9757,5817736.86,13.50361909,52.42394014
2,2020203.0,Viktoriapark,2200208.0,2018,11,9,3,3,5,2,0,1,0,0,0,0,1,797280.9244,5824851.246,13.37967781,52.49261308
7,7020201.0,Bayerischer Platz,7200307.0,2018,11,19,5,3,5,7,2,1,0,0,0,0,0,794942.5015,5824454.272,13.34498375,52.49032305
4,4051446.0,Preußenpark,4501043.0,2018,11,10,5,3,6,4,0,0,1,0,0,0,0,792488.9321,5824753.208,13.30921262,52.49432311
3,3061441.0,Eldenaer Straße,3601453.0,2018,11,18,5,3,1,5,2,1,0,0,0,0,0,802473.9544,5828340.907,13.45910504,52.52103807
3,3061126.0,Arnimplatz,3601141.0,2018,11,10,5,3,5,3,0,1,0,0,0,0,0,798978.9139,5831613.163,13.41069151,52.55229646
5,5040935.0,Groß-Glienicker Weg,5400942.0,2018,11,9,5,3,5,2,0,1,0,0,0,0,0,782220.1938,5820362.456,13.15464829,52.46036009
1,1022104.0,Emdener Straße                                                                                      ,1200520.0,2018,11,8,5,3,0,2,0,1,0,0,0,0,0,794567.4728,5828660.589,13.34319874,52.52823248
5,5010314.0,Carl-Schurz-Straße                                                                                  ,5100316.0,2018,11,17,5,3,5,2,2,1,0,0,0,0,0,783644.9236,5829307.542,13.18318068,52.53982643
8,8010211.0,Flughafenstraße,8100206.0,2018,11,7,5,2,1,5,0,1,0,0,0,0,0,800545.3154,5823757.496,13.42662893,52.48102187
5,5020625.0,Borkumer Straße                                                                                     ,5200629.0,2018,11,7,5,3,5,3,1,1,0,0,0,0,0,784452.9133,5828665.06,13.19451223,52.53364472
9,9020701.0,Adlershof West,9200715.0,2018,11,9,1,3,5,3,0,0,0,0,0,1,1,808808.9339,5819002.66,13.54353293,52.43379923
3,3051021.0,Buschallee,3501038.0,2018,11,16,5,3,5,2,2,1,0,0,0,0,0,803557.7666,5832295.112,13.47864204,52.5558761
10,10030727.0,Biesdorf Süd                                                                                        ,10300734.0,2018,11,16,5,3,5,2,2,1,0,0,0,0,0,809583.048,5824504.827,13.5599853,52.48267105
9,9020702.0,Adlershof Ost,9200717.0,2018,11,7,3,3,5,3,1,1,0,0,0,0,1,809273.077,5819595.726,13.55088721,52.43885204
4,4020208.0,Kranzallee,4200206.0,2018,11,9,1,3,6,7,0,0,1,0,0,0,1,788765.4823,5825875.092,13.2554936,52.50636396
6,6030503.0,Zehlendorf Mitte                                                                                    ,6300526.0,2018,11,14,2,2,6,4,1,0,1,0,0,0,0,789538.9643,5817826.836,13.25987301,52.43379867
4,4030417.0,Schloßstraße,4300414.0,2018,11,13,2,3,6,4,0,0,1,0,0,0,1,791681.6614,5827489.219,13.29975289,52.5192831
2,2040703.0,Wriezener Bahnhof/Entwicklungsgebiet,2400625.0,2018,11,16,5,3,3,7,2,1,0,0,0,0,0,801714.046,5826170.451,13.44597147,52.50200507
11,11030619.0,Fennpfuhl Ost,11300620.0,2018,11,8,2,3,5,2,0,0,0,0,1,0,1,804212.5136,5829070.692,13.48531752,52.52661174
4,4031032.0,Halensee,4500938.0,2018,11,19,3,3,0,2,2,1,0,0,0,0,1,791958.4694,5824809.268,13.30147044,52.49510969
2,2030301.0,Oranienplatz,2300314.0,2018,11,1,5,3,6,4,2,0,1,0,0,0,0,799931.8681,5826039.856,13.41967733,52.50181699
11,11040925.0,Victoriastadt,11400927.0,2018,11,13,1,2,0,1,0,0,0,0,0,0,1,803709.336,5826292.916,13.47538806,52.50199585
1,1044203.0,Leopoldplatz,1401049.0,2018,11,13,3,3,5,2,0,1,0,0,0,0,1,795899.65,5831965.086,13.3657224,52.55713266
2,2030402.0,Wrangelkiez,2300419.0,2018,11,22,4,3,0,7,2,0,0,0,0,0,0,800988.7189,5825720.645,13.43491157,52.4983739
7,7030303.0,Grazer Platz,7300619.0,2018,11,22,1,3,5,2,2,1,0,0,0,0,0,794664.2967,5821801.912,13.33855428,52.4666964