district,LOR,street,LOR_2021,year,month,hour,weekday,category,accident_kind,accident_type,light_condition,car,pedestrian,motorcycle,goods_vehicle,others,road_condition,LINREFX,LINREFY,XGCSWGS84,YGCSWGS84
11,11020412.0,Hauptstraße,11200411.0,2018,11,21,4,2,0,1,2,0,0,0,0,0,0,805621.9271,5831618.278,13.50837118,52.54865576
8,8010301.0,Reuterkiez,8100311.0,2018,11,21,4,3,1,5,2,1,0,0,0,0,0,800623.0894,5824411.773,13.42836076,52.48684358
7,7020204.0,Schöneberger Insel,7200413.0,2018,11,12,3,2,0,1,0,0,0,0,0,0,1,795965.2898,5823869.268,13.35948428,52.48452541
6,6030605.0,Botanischer Garten,6300629.0,2018,11,18,4,3,6,4,2,0,1,0,0,0,0,791857.0734,5819141.908,13.29502321,52.44435639
9,9010101.0,Elsenstraße                                                                                         ,9100101.0,2018,11,15,4,3,2,6,1,1,0,0,0,0,0,802614.7234,5824476.481,13.45766135,52.48632332
1,1022207.0,Hansaviertel,1200629.0,2018,11,7,4,3,2,6,0,1,0,0,0,0,1,794893.004,5827773.771,13.3471971,52.52010682
9,9020702.0,Adlershof Ost,9200717.0,2018,11,15,1,3,0,3,0,1,0,0,0,0,0,809547.3302,5819794.512,13.55509304,52.44047838
4,4030827.0,Karl-August-Platz,4300623.0,2018,11,19,2,3,0,3,2,0,0,0,0,0,0,792272.9616,5826501.273,13.30757486,52.51010982
6,6040810.0,Dahlem,6400844.0,2018,11,7,4,3,5,3,0,1,0,0,0,0,1,792416.7733,5821433.659,13.30524154,52.46460263
7,7030301.0,Friedenau,7300515.0,2018,11,7,4,3,5,3,0,1,0,0,0,0,0,793499.7625,5822495.232,13.32207105,52.4735386
11,11051229.0,Rummelsburg,11501238.0,2018,11,7,4,2,5,2,0,0,0,0,0,0,0,804766.9963,5825411.833,13.49011542,52.49350941
4,4051551.0,Brabanter Platz,4501148.0,2018,11,7,4,3,5,7,0,1,0,0,0,0,0,792903.341,5823281.644,13.31400596,52.48090874
1,1033102.0,Gesundbrunnen,1300733.0,2018,11,23,7,3,1,5,2,1,0,0,0,0,0,797338.2964,5831617.76,13.38656971,52.55323575
9,9010401.0,Johannisthal West,9100407.0,2018,11,7,2,3,6,4,0,0,1,0,0,0,0,806130.8769,5820389.778,13.50553384,52.44773655
5,5010314.0,Carl-Schurz-Straße                                                                                  ,5100316.0,2018,11,17,3,3,5,2,2,1,0,0,0,0,1,783602.1945,5829160.744,13.18242703,52.53853245
1,1011202.0,Unter den Linden Nord,1100206.0,2018,11,12,4,2,5,2,0,1,0,0,0,0,0,797197.8977,5827499.336,13.38082226,52.51639554
4,4030930.0,George-Grosz-Platz,4501041.0,2018,11,10,2,3,1,5,0,1,0,0,0,0,0,792815.5462,5825762.456,13.31489709,52.50319559
1,1011301.0,Charitéviertel,1100308.0,2018,11,10,4,3,5,7,0,1,0,0,0,0,0,797149.0315,5828207.54,13.38073685,52.52277041
4,4030518.0,Tegeler Weg,4300517.0,2018,11,10,4,3,5,2,0,0,0,0,0,0,0,791467.0778,5828249.951,13.29726602,52.52621769
1,1011204.0,Leipziger Straße                                                                                    ,1100207.0,2018,11,8,4,3,5,2,0,1,0,0,0,0,0,798695.3668,5827086.798,13.40245465,52.51187964
4,4030620.0,Alt-Lietzow,4300619.0,2018,11,8,4,3,5,7,0,1,0,0,0,0,0,791853.8817,5827440.842,13.30224141,52.51875726
9,9010101.0,Elsenstraße                                                                                         ,9100101.0,2018,11,5,4,3,2,2,2,1,0,0,0,0,1,802116.5726,5824765.877,13.45060975,52.48919308
2,2030302.0,Lausitzer Platz,2300315.0,2018,11,10,4,3,3,6,0,1,0,0,0,0,0,800502.6699,5826009.154,13.42803347,52.50122776
4,7030301.0,Friedenau,7300515.0,2018,11,8,4,2,0,1,0,0,0,0,0,0,1,793366.5069,5822919.125,13.32048766,52.47741025
12,12231101.0,Hermsdorf,12400722.0,2018,11,7,3,3,5,3,0,1,0,0,0,0,1,790535.7128,5837210.381,13.29142415,52.60704427
10,10020517.0,Adele-Sandrock-Straße                                                                               ,10200524.0,2018,11,21,3,3,5,3,0,0,0,0,0,1,0,812920.7618,5830251.188,13.61437704,52.53226215
10,10010309.0,Springpfuhl,10100312.0,2018,11,18,1,2,5,2,2,1,0,0,0,0,1,807934.6073,5829198.169,13.54012811,52.52566473
11,11030720.0,Herzbergstraße,11300721.0,2018,11,18,2,3,2,2,2,1,0,0,0,0,1,805203.6875,5828708.63,13.49955024,52.52281284
11,11040925.0,Victoriastadt,11400927.0,2018,11,9,3,3,0,3,0,1,0,0,0,0,0,803698.7103,5826382.587,13.47531378,52.50280546
1,1011302.0,Oranienburger Straße                                                                                ,1100309.0,2018,11,8,2,3,5,3,0,1,0,0,0,0,0,797993.6161,5828648.627,13.39354371,52.52626327
5,5020627.0,Tiefwerder,5200632.0,2018,11,18,3,3,5,2,2,0,0,0,0,1,0,785662.8369,5828038.789,13.21176317,52.52739686
1,1011103.0,Lützowstraße                                                                                        ,1100103.0,2018,11,18,3,3,5,2,2,0,0,1,0,0,0,795204.078,5825904.697,13.35011057,52.50318367
5,5010314.0,Carl-Schurz-Straße                                                                                  ,5100316.0,2018,11,15,3,3,3,6,1,0,0,0,0,0,1,785191.2559,5829361.547,13.20596566,52.53950351
6,6020409.0,Königsberger Straße                                                                                 ,6200421.0,2018,11,17,5,3,4,7,2,0,0,0,0,0,0,793796.5634,5817578.71,13.32210327,52.42930415
2,2020206.0,Graefekiez,2200213.0,2018,11,8,4,3,5,2,0,1,0,0,0,0,0,799809.5407,5824993.785,13.41693904,52.49250779
1,1033202.0,Humboldthain Süd,1300835.0,2018,11,20,1,3,5,2,2,1,0,0,0,0,0,797542.8673,5829415.72,13.38760572,52.53338552
4,4041342.0,Schlangenbader Straße,4400833.0,2018,11,12,1,2,5,2,0,1,0,0,0,0,0,791983.0204,5822391.492,13.29971321,52.47342149
11,11040926.0,Weitlingstraße,11400928.0,2018,11,10,4,3,2,6,0,0,0,0,0,1,0,804751.9006,5825973.037,13.49040716,52.49854767
1,1011301.0,Charitéviertel,1100308.0,2018,11,7,4,3,5,2,0,1,0,0,0,0,0,797077.8347,5828989.213,13.38038892,52.52981602
8,8010301.0,Reuterkiez,8100311.0,2018,11,18,1,3,1,5,2,1,0,0,0,0,1,800544.5736,5824451.258,13.42724353,52.48724072
3,3061126.0,Arnimplatz,3601141.0,2018,11,18,1,3,2,2,2,1,0,0,0,0,1,799244.5983,5831803.823,13.41477023,52.55385953
1,1011401.0,Invalidenstraße                                                                                     ,1100415.0,2018,11,20,3,3,1,5,2,1,0,0,0,0,0,798175.2682,5829351.736,13.39684397,52.53246639
7,7020203.0,Kaiser-Wilhelm-Platz,7200409.0,2018,11,3,7,2,3,6,2,0,0,0,0,1,0,795274.6075,5824389.905,13.34980387,52.4895665
9,9020701.0,Adlershof West,9200715.0,2018,11,7,7,3,5,3,1,1,0,0,0,0,0,807643.4362,5819360.867,13.52677271,52.43766627
1,2010101.0,Askanischer Platz,2100101.0,2018,11,19,4,3,2,2,2,1,0,0,0,0,1,797044.8213,5826531.225,13.3777089,52.50780086
4,4051446.0,Preußenpark,4501043.0,2018,11,12,7,3,1,5,0,1,0,0,0,1,0,792884.7363,5824345.404,13.31466753,52.49045502
4,4030415.0,Schloßgarten,4300412.0,2018,11,11,7,3,5,2,0,1,0,0,0,0,0,791672.4039,5827545.115,13.29966585,52.51978915
3,3071537.0,Kollwitzplatz,3701555.0,2018,11,9,4,3,2,6,0,0,0,0,0,0,0,799901.3746,5829991.252,13.42279175,52.53725164
2,2020204.0,Urbanstraße,2200210.0,2018,11,21,3,3,5,2,2,1,0,0,0,0,0,798885.4568,5825088.15,13.40345339,52.49386041
3,3040614.0,Pankow Zentrum                                                                                      ,3400723.0,2018,11,20,7,3,5,3,2,1,0,0,0,0,0,798847.7106,5833244.827,13.41023146,52.56699383
6,6010208.0,Bergstraße                                                                                          ,6100208.0,2018,11,16,5,3,5,3,2,1,0,0,0,0,0,794312.6855,5820581.019,13.33231684,52.45594119
4,4020311.0,Reichsstraße,4200309.0,2018,11,13,6,3,4,6,0,1,0,0,0,0,0,788992.1113,5826561.202,13.2594191,52.51239515
2,2010103.0,Moritzplatz,2100104.0,2018,11,19,6,3,5,3,2,1,0,0,0,0,0,799281.6423,5826219.694,13.41028837,52.50378598
3,3040614.0,Pankow Zentrum                                                                                      ,3400721.0,2018,11,8,6,3,1,5,0,1,0,0,0,0,0,798100.4329,5833061.666,13.39907434,52.56576175
2,2050802.0,Boxhagener Platz,2500833.0,2018,11,17,3,3,1,5,2,1,0,0,0,0,0,802768.2824,5827223.884,13.46241333,52.51086299
2,2050801.0,Traveplatz,2500832.0,2018,11,14,6,3,5,3,0,0,0,0,0,1,0,803463.8423,5827401.071,13.47279264,52.51206457
11,11030720.0,Herzbergstraße,11300721.0,2018,11,8,3,3,3,6,0,0,0,0,1,0,0,805181.9496,5828716.087,13.49923768,52.52289184
4,4010101.0,Jungfernheide,4100101.0,2018,11,20,4,2,0,1,2,0,0,0,0,0,1,791159.1795,5829357.947,13.29371084,52.53631528
12,12214424.0,Scharnweberstraße                                                                                   ,12200309.0,2018,11,16,6,3,1,5,2,1,0,0,0,1,0,793163.6958,5832622.686,13.32606257,52.56450745
9,9010402.0,Johannisthal Ost,9100408.0,2018,11,7,3,3,5,2,1,1,0,0,0,0,0,806722.909,5820287.651,13.51412408,52.44648945
1,1011204.0,Leipziger Straße                                                                                    ,1100207.0,2018,11,8,6,3,1,5,0,1,0,0,0,0,0,798791.2943,5827462.892,13.40420167,52.51519827
8,8010301.0,Reuterkiez,8100311.0,2018,11,21,3,3,5,2,2,1,0,0,0,0,0,800429.6109,5824492.082,13.42559233,52.48766992
1,1044201.0,Reinickendorfer Straße                                                                              ,1401044.0,2018,11,11,6,3,5,3,0,1,0,0,0,0,0,796115.312,5831189.894,13.36820281,52.55006664
4,4051447.0,Ludwigkirchplatz,4501044.0,2018,11,15,6,3,4,6,0,0,0,0,0,0,0,793357.6946,5824667.379,13.32189694,52.49308745
2,2020203.0,Viktoriapark,2200209.0,2018,11,17,4,3,5,2,2,1,0,0,0,0,0,796896.9364,5823983.684,13.37326572,52.48504525
1,1022201.0,Stephankiez,1200623.0,2018,11,10,6,3,0,2,0,0,0,1,0,0,1,795045.3996,5829172.099,13.35067736,52.53255932
4,4030621.0,Spreestadt,4300620.0,2018,11,16,3,3,6,4,1,0,1,0,0,0,0,793187.3928,5827867.242,13.322214,52.52186446
4,4030828.0,Savignyplatz,4300624.0,2018,11,13,3,3,1,5,0,1,0,0,0,0,0,793222.1089,5826079.098,13.32114852,52.50581582
1,1011204.0,Leipziger Straße                                                                                    ,1100207.0,2018,11,8,6,3,5,2,0,0,0,0,0,1,0,797853.2027,5826870.571,13.38988817,52.51040194
4,4051549.0,Rathaus Wilmersdorf,4501146.0,2018,11,8,6,3,2,2,0,1,0,0,0,0,0,793312.7393,5823635.053,13.32032808,52.48385717
3,3040818.0,Pankow Süd                                                                                          ,3400828.0,2018,11,7,6,2,3,2,0,1,0,0,0,0,0,799721.758,5832500.893,13.42241645,52.55984522
4,4020313.0,Königin-Elisabeth-Straße,4200311.0,2018,11,12,3,3,5,3,0,1,0,0,0,0,0,790740.8358,5826718.263,13.28525246,52.5128739
10,10030724.0,Oberfeldstraße                                                                                      ,10300731.0,2018,11,7,6,3,0,2,0,1,0,0,0,0,0,809654.1804,5829677.231,13.56584005,52.52898402
1,1011204.0,Leipziger Straße                                                                                    ,1100207.0,2018,11,11,3,3,5,7,0,1,0,0,0,0,0,797970.8049,5826971.98,13.3917067,52.51124672
8,8010301.0,Reuterkiez,8100311.0,2018,11,13,5,3,5,3,0,0,0,0,0,1,0,800675.773,5824385.507,13.4291106,52.48657913
7,7030301.0,Friedenau,7300517.0,2018,11,18,5,3,1,5,2,1,0,0,0,0,0,794202.717,5822914.518,13.33276049,52.47691914
2,2010102.0,Mehringplatz,2100102.0,2018,11,10,3,3,3,6,0,1,0,0,0,0,0,798334.3999,5825557.189,13.39578077,52.49836622
1,1011202.0,Unter den Linden Nord,1100206.0,2018,11,18,5,3,5,3,2,1,0,0,0,0,0,798548.1438,5827805.651,13.40093667,52.51840378
1,1022104.0,Emdener Straße                                                                                      ,1200519.0,2018,11,8,3,3,5,2,0,1,0,0,0,0,0,793700.8865,5828502.027,13.33032116,52.52727863
4,4030622.0,Richard-Wagner-Straße,4300621.0,2018,11,17,5,3,0,1,2,0,0,0,0,0,0,792466.6262,5826903.675,13.31077398,52.51361344
7,7060604.0,Marienfelde Süd,7601340.0,2018,11,16,5,3,5,2,1,1,0,0,0,0,0,796455.2686,5815900.757,13.3596069,52.41282833
4,4030518.0,Tegeler Weg,4300517.0,2018,11,8,3,3,4,6,0,1,0,0,0,0,0,791579.6608,5828146.936,13.29883049,52.52523398
1,1011303.0,Alexanderplatzviertel,1100310.0,2018,11,15,5,3,5,3,0,0,0,0,0,1,0,799511.705,5828130.703,13.41538756,52.52078903
3,3061430.0,Volkspark Prenzlauer Berg,3601450.0,2018,11,9,5,2,1,5,0,1,0,0,0,1,0,802271.7338,5829171.631,13.45688875,52.52859593
7,7030301.0,Friedenau,7300517.0,2018,11,19,2,3,5,2,2,1,0,0,0,0,0,794082.9779,5822170.903,13.33034692,52.47031746
1,1022104.0,Emdener Straße                                                                                      ,1200520.0,2018,11,17,5,3,5,2,1,1,0,0,0,0,0,794560.7859,5829090.37,13.34348126,52.53208878
8,8010303.0,Donaustraße,8100314.0,2018,11,19,4,3,5,7,2,1,0,0,0,0,0,801195.9608,5823795.94,13.43621563,52.48100798
10,10030727.0,Biesdorf Süd                                                                                        ,10300734.0,2018,11,19,2,3,6,4,2,0,1,0,0,0,1,808799.132,5825899.6,13.54977062,52.49561467
7,7040401.0,Neu-Tempelhof,7400720.0,2018,11,12,5,3,1,5,0,1,0,0,0,0,0,797146.9229,5823862.319,13.37682815,52.48382134
4,4030620.0,Alt-Lietzow,4300619.0,2018,11,12,5,3,5,3,0,1,0,0,0,0,0,791779.135,5827470.222,13.30116871,52.51906065
2,2030301.0,Oranienplatz,2300314.0,2018,11,7,6,3,5,2,0,0,0,0,1,0,0,800138.3046,5825758.498,13.42245588,52.49918156
4,4031032.0,Halensee,4500937.0,2018,11,12,5,3,1,5,0,1,0,0,0,0,0,791803.3642,5825197.277,13.29953216,52.49867109
9,9031101.0,Grünau,9301126.0,2018,11,11,5,3,0,7,0,1,0,0,0,0,0,810841.5383,5818462.638,13.57283379,52.42780858
2,2010102.0,Mehringplatz,2100102.0,2018,11,9,5,3,5,3,0,1,0,0,0,0,0,798440.3057,5826524.839,13.3982035,52.50698203
4,4030931.0,Breitscheidplatz,4501042.0,2018,11,8,5,3,1,5,0,1,0,0,0,0,0,794367.5209,5825669.76,13.33761385,52.50152956
7,7020202.0,Volkspark (Rudolf-Wilde-Park),7200308.0,2018,11,19,5,3,2,6,2,1,0,0,0,0,0,794971.7344,5823958.661,13.34497439,52.48586442
2,2050803.0,Stralauer Kiez,2500835.0,2018,11,8,5,3,5,2,0,1,0,0,0,0,0,801941.0598,5826197.768,13.4493305,52.50212434
7,7030303.0,Grazer Platz,7300619.0,2018,11,8,5,3,0,2,0,0,0,0,0,1,0,795406.7638,5821002.748,13.34874467,52.45913149
9,9031001.0,Bohnsdorf,9301025.0,2018,11,7,5,3,5,3,0,1,0,0,0,0,1,811072.2979,5815663.297,13.57361523,52.40259071
3,3040614.0,Pankow Zentrum                                                                                      ,3400725.0,2018,11,14,2,3,5,2,0,1,0,0,0,0,1,799874.5978,5835602.488,13.42746916,52.58756144
2,2020204.0,Urbanstraße,2200210.0,2018,11,6,5,3,2,3,1,1,0,0,0,0,0,798426.7425,5824786.302,13.39644647,52.49140572
1,1011303.0,Alexanderplatzviertel,1100310.0,2018,11,13,2,2,0,1,0,0,0,0,0,0,1,799590.1347,5828480.681,13.41685527,52.52388295
6,6020306.0,Lankwitz Süd                                                                                        ,6200317.0,2018,11,13,2,3,5,3,0,1,0,0,0,0,1,796228.1775,5817019.424,13.35726809,52.42297935
12,12231102.0,Frohnau,12400720.0,2018,11,17,5,3,6,7,2,0,1,0,0,0,0,789464.2126,5839728.984,13.27784988,52.63019507
12,12301203.0,Wittenau Süd                                                                                        ,12500926.0,2018,11,13,2,3,5,2,0,1,0,0,0,0,1,793439.5775,5836096.49,13.33319624,52.59549927
6,6010208.0,Bergstraße                                                                                          ,6100208.0,2018,11,8,5,3,5,3,0,1,0,0,0,0,0,794125.1327,5820615.236,13.32959475,52.45634889
2,2050803.0,Stralauer Kiez,2500835.0,2018,11,19,4,3,3,6,2,1,0,0,0,0,0,803054.0179,5825719.671,13.46524173,52.49722226
1,1011301.0,Charitéviertel,1100308.0,2018,11,7,4,3,0,6,2,0,0,0,0,1,0,796740.2495,5829662.602,13.3760282,52.5360361
4,4030931.0,Breitscheidplatz,4501042.0,2018,11,19,4,3,1,5,2,1,0,0,0,0,1,794282.0936,5825515.293,13.33622247,52.50019093
8,8010510.0,Gewerbegebiet Köllnische Heide,8100521.0,2018,11,8,4,3,1,5,0,1,0,0,0,0,0,803598.1685,5821655.605,13.46953272,52.46049428
3,3071633.0,Thälmannpark,3701657.0,2018,11,17,4,3,5,3,2,1,0,0,0,0,0,800027.2852,5830417.144,13.42502715,52.54099975
9,9052001.0,Köpenick Nord                                                                                       ,9502043.0,2018,11,18,4,3,0,1,2,0,0,0,0,0,1,809589.9098,5823104.05,13.55878575,52.47011374
1,1011302.0,Oranienburger Straße                                                                                ,1100309.0,2018,11,16,4,3,5,3,1,0,0,0,0,1,0,797682.806,5828783.407,13.38909649,52.52764121
7,7060604.0,Marienfelde Süd,7601341.0,2018,11,15,4,2,5,3,0,1,0,0,0,0,0,797732.1858,5815402.2,13.37788223,52.40766624
7,7010103.0,Barbarossaplatz,7100204.0,2018,11,14,4,3,5,3,0,1,0,0,0,0,0,795496.3208,5824836.485,13.35345582,52.49344979
6,6030609.0,Augustaplatz,6300633.0,2018,11,8,2,2,0,3,0,0,0,0,0,1,0,792247.7244,5818662.66,13.30033539,52.4398513
2,2050804.0,Stralauer Halbinsel,2500836.0,2018,11,15,4,3,5,7,1,1,0,0,0,0,1,803147.4048,5825729.891,13.46662247,52.497262
1,1011202.0,Unter den Linden Nord,1100206.0,2018,11,17,4,3,5,7,1,1,0,0,0,0,0,798323.2204,5827909.762,13.39772503,52.51946008
3,3071537.0,Kollwitzplatz,3701556.0,2018,11,9,2,3,5,2,0,0,0,0,0,1,1,799684.3389,5829247.705,13.41893095,52.53070633
1,1011203.0,Unter den Linden Süd,1100206.0,2018,11,12,4,3,1,5,0,0,0,0,0,1,0,798387.5778,5827583.966,13.3983785,52.51650455
4,4051654.0,Wilhelmsaue,4501150.0,2018,11,17,2,3,2,6,2,1,0,0,0,0,0,793983.92,5824048.413,13.33054814,52.48720179
6,6020408.0,Lichterfelde Süd                                                                                    ,6200420.0,2018,11,18,5,3,1,5,2,1,0,0,0,0,0,792618.7387,5815215.07,13.30276222,52.40874551
1,1022201.0,Stephankiez,1200623.0,2018,11,6,4,3,1,5,1,1,0,0,0,0,0,795226.4432,5829340.676,13.35348835,52.53397244
11,11051331.0,Karlshorst Nord,11501340.0,2018,11,17,4,3,5,2,2,1,0,0,0,0,0,807339.2971,5825073.968,13.52757336,52.48903921
8,8041037.0,Alt-Rudow,8401243.0,2018,11,7,2,3,5,3,1,1,0,0,0,0,0,806305.4847,5818062.314,13.50596235,52.42677895
2,2020206.0,Graefekiez,2200213.0,2018,11,11,4,3,5,3,0,1,0,0,0,0,0,800143.4692,5825079.615,13.42192005,52.49309361
10,10040933.0,Mahlsdorf Süd                                                                                       ,10400941.0,2018,11,7,2,3,5,3,1,1,0,0,0,0,0,812498.8751,5824884.772,13.6031401,52.48441505
8,8010118.0,Silbersteinstraße,8100104.0,2018,11,17,2,3,6,4,2,0,1,0,0,1,0,800862.9688,5822365.793,13.43003699,52.46837265
1,1011306.0,Heine-Viertel Ost,1100313.0,2018,11,10,4,3,5,5,0,1,0,0,0,0,1,799396.1528,5826340.867,13.41207935,52.5048093
7,7010104.0,Dennewitzplatz,7100205.0,2018,11,9,4,3,5,3,0,1,0,0,0,0,1,796329.909,5825093.033,13.36592634,52.4952976
1,1044101.0,Rehberge,1400938.0,2018,11,8,4,3,0,7,0,1,0,0,0,0,1,794274.4716,5830471.135,13.34049538,52.54462107
9,9051901.0,Dammvorstadt,9501939.0,2018,11,9,4,2,5,3,0,0,0,1,0,0,1,809666.9916,5821535.211,13.55846139,52.45601047
5,5030730.0,Zitadellenweg,5300736.0,2018,11,8,4,2,5,2,0,1,0,0,0,0,1,785752.2195,5829266.934,13.21413301,52.53836134
3,3020209.0,Niederschönhausen,3200206.0,2018,11,7,5,3,4,6,0,1,0,0,0,0,0,798043.0233,5834767.361,13.39976294,52.58108231
4,4030620.0,Alt-Lietzow,4300619.0,2018,11,15,4,3,0,2,0,1,0,0,0,0,1,792434.224,5827195.653,13.31055448,52.51624832
1,1044201.0,Reinickendorfer Straße                                                                              ,1401044.0,2018,11,19,4,3,6,7,2,0,1,0,0,0,0,796315.296,5830824.079,13.37081717,52.54667875
1,3071537.0,Kollwitzplatz,3701556.0,2018,11,0,2,2,6,4,2,0,1,0,0,0,1,799498.6313,5828864.828,13.41585658,52.52737651
2,2020205.0,Chamissokiez,2200211.0,2018,11,21,4,3,1,5,2,1,0,0,0,0,0,798097.5086,5824548.109,13.39139857,52.48945049
7,7040406.0,Germaniagarten,7400928.0,2018,11,22,4,3,5,2,2,1,0,0,0,0,0,800165.6401,5821501.827,13.41902536,52.46101207
3,3050920.0,Weißer See,3500933.0,2018,11,9,6,3,6,4,0,0,1,0,0,0,0,802262.5871,5832657.193,13.45992597,52.55984174
9,9051901.0,Dammvorstadt,9501939.0,2018,11,6,3,3,0,2,2,1,0,0,0,0,0,810995.9708,5821744.99,13.57815238,52.45713591
2,2010102.0,Mehringplatz,2100103.0,2018,11,17,3,3,0,7,2,0,0,0,0,0,1,798558.4094,5825561.168,13.39907442,52.49827939
5,5010209.0,An der Kappe,5100211.0,2018,11,15,2,3,5,2,0,1,0,0,0,0,1,781899.2831,5829572.954,13.15773519,52.54311214
1,1011203.0,Unter den Linden Süd,1100206.0,2018,11,20,5,3,2,6,2,1,0,0,0,0,0,797611.0071,5827024.971,13.38646802,52.51191814
3,3071536.0,Teutoburger Platz,3701554.0,2018,11,21,3,3,5,3,2,1,0,0,0,0,1,798995.7069,5829262.158,13.40882258,52.53121404
1,1011301.0,Charitéviertel,1100308.0,2018,12,21,2,3,1,5,2,1,0,0,0,1,0,797641.49,5828170.444,13.38794064,52.5221693
11,11010310.0,Mühlengrund,11100309.0,2018,11,12,4,3,5,3,0,1,0,0,0,0,0,805859.457,5833275.312,13.51339005,52.56337314
3,3071537.0,Kollwitzplatz,3701556.0,2018,11,14,4,3,3,6,0,1,0,0,0,0,0,799468.0706,5829352.731,13.41584692,52.53176658
11,11030721.0,Rüdigerstraße,11300725.0,2018,11,18,4,3,3,6,2,1,0,0,0,0,0,805169.118,5827700.133,13.49811723,52.5137936
9,9010202.0,Köpenicker Landstraße,9100203.0,2018,12,17,2,3,5,2,2,1,0,0,0,0,1,804702.5568,5823427.861,13.48735572,52.47576379
4,4030620.0,Alt-Lietzow,4300619.0,2018,12,9,2,3,5,3,0,1,0,0,0,0,1,792433.1171,5827205.705,13.31054705,52.51633903
7,7040403.0,Manteuffelstraße                                                                                    ,7400823.0,2018,12,8,2,3,5,3,1,1,0,0,0,0,1,797277.7952,5821224.093,13.37639864,52.46010109
4,4051448.0,Schaperstraße,4501045.0,2018,11,17,4,3,5,3,2,1,0,0,0,0,0,793971.4754,5824964.483,13.3311736,52.49542061
6,6020303.0,Lankwitz Kirche                                                                                     ,6200313.0,2018,12,7,2,3,5,3,1,1,0,0,0,0,1,795555.6199,5818327.411,13.34856225,52.43506834
9,9020701.0,Adlershof West,9200715.0,2018,12,7,2,3,5,3,1,1,0,0,0,0,1,807641.7912,5819359.113,13.52674697,52.43765148
8,8020726.0,Buckow West,8200831.0,2018,12,7,2,2,5,3,1,1,0,0,0,0,1,799596.718,5816405.433,13.4061086,52.4156419
1,1044203.0,Leopoldplatz,1401048.0,2018,12,11,2,2,5,3,0,1,0,0,0,0,1,795593.7867,5831748.0,13.36103057,52.5553528
4,4030828.0,Savignyplatz,4300624.0,2018,11,10,4,3,2,2,0,1,0,0,0,0,0,793140.7394,5826081.815,13.3199555,52.50588391
12,12224229.0,Konradshöhe/Tegelort,12400616.0,2018,11,10,4,2,2,2,0,1,0,0,0,0,0,786537.7059,5833216.26,13.22909202,52.57335706
1,1011401.0,Invalidenstraße                                                                                     ,1100415.0,2018,12,5,2,2,0,1,2,0,0,0,0,0,1,798286.3998,5829367.856,13.39849192,52.53255008
9,9020702.0,Adlershof Ost,9200716.0,2018,11,9,4,3,5,3,0,1,0,0,0,0,0,808791.752,5819471.116,13.5437137,52.43800725
3,3051017.0,Rennbahnstraße,3501038.0,2018,12,19,1,3,5,2,2,1,0,0,0,0,1,803956.414,5832366.224,13.48456917,52.55629111