district,LOR,street,LOR_2021,year,month,hour,weekday,category,accident_kind,accident_type,light_condition,car,pedestrian,motorcycle,goods_vehicle,others,road_condition,LINREFX,LINREFY,XGCSWGS84,YGCSWGS84
1,1011301.0,Charitéviertel,1100308.0,2018,11,18,4,3,2,2,2,1,0,0,0,0,0,796753.4743,5829110.377,13.37572957,52.5310788
8,8041040.0,Waltersdorfer Chaussee Ost,8401246.0,2018,11,8,4,3,5,3,0,1,0,0,0,0,0,806581.6111,5816282.884,13.5083805,52.41067622
2,2050802.0,Boxhagener Platz,2500833.0,2018,12,13,1,3,5,2,0,1,0,0,0,0,0,802079.0346,5827361.618,13.45241309,52.51247961
3,3040818.0,Pankow Süd                                                                                          ,3400830.0,2018,11,6,4,3,5,2,2,1,0,0,0,0,0,800014.0174,5833422.153,13.4275478,52.56794176
2,2020206.0,Graefekiez,2200212.0,2018,11,14,4,3,5,2,0,1,0,0,0,0,0,799077.3494,5824615.028,13.40584679,52.48951442
3,3071536.0,Teutoburger Platz,3701554.0,2018,11,15,4,2,6,4,0,0,1,0,0,0,0,799215.8101,5829279.618,13.41207336,52.53124977
2,2050803.0,Stralauer Kiez,2500835.0,2018,11,15,4,3,5,3,0,1,0,0,0,0,0,802560.7386,5825957.41,13.45821356,52.49962679
4,4030726.0,Droysenstraße,4500936.0,2018,11,14,4,3,3,6,0,1,0,0,0,0,0,791843.4793,5825742.198,13.30059898,52.50353478
1,1011401.0,Invalidenstraße                                                                                     ,1100415.0,2018,12,15,1,3,1,5,1,1,0,0,0,1,1,797613.681,5829337.553,13.38857663,52.53264618
1,1033102.0,Gesundbrunnen,1300733.0,2018,11,7,4,3,0,7,0,1,0,0,0,0,0,797343.943,5831228.076,13.38630378,52.54973964
1,1044103.0,Westliche Müllerstraße                                                                              ,1400942.0,2018,11,14,3,3,0,4,0,0,1,0,0,0,0,794809.034,5830943.763,13.34877495,52.54856882
2,2010101.0,Askanischer Platz,2100101.0,2018,12,13,1,2,1,5,1,1,0,0,0,0,1,797778.8315,5826004.307,13.3880207,52.50267752
2,2020204.0,Urbanstraße,2200210.0,2018,11,15,3,3,0,1,0,0,0,0,0,0,0,798476.8121,5825218.448,13.39756888,52.49525198
6,6010209.0,Feuerbachstraße                                                                                     ,6100209.0,2018,11,9,3,3,3,2,0,1,0,0,0,0,0,794542.7116,5821410.192,13.33642393,52.4632504
1,1033201.0,Brunnenstraße                                                                                       ,1300834.0,2018,11,17,3,3,5,3,2,1,0,0,0,0,0,797967.2611,5830849.338,13.39512954,52.54600417
1,1011101.0,Stülerstraße                                                                                        ,1100101.0,2018,11,9,3,3,5,3,0,1,0,0,0,0,0,794712.4454,5826056.255,13.34302268,52.50480806
11,11020515.0,Landsberger Allee,11200514.0,2018,11,8,3,3,2,2,0,1,0,0,0,0,0,805503.1317,5830313.014,13.50542434,52.53702421
2,2040701.0,Andreasviertel,2400623.0,2018,11,8,3,2,5,3,0,0,0,0,0,0,0,800590.332,5827007.211,13.43022212,52.51012536
8,8020726.0,Buckow West,8200831.0,2018,11,7,3,3,5,3,0,1,0,0,0,0,0,799838.1178,5816530.951,13.40975986,52.41663482
11,11010102.0,Dorf Wartenberg,11100101.0,2018,11,7,4,3,5,3,1,1,0,0,0,0,0,806133.3263,5834730.187,13.51876052,52.57625801
4,4030518.0,Tegeler Weg,4300517.0,2018,11,7,3,2,5,3,1,1,0,0,0,0,0,791910.6459,5828199.621,13.30374158,52.52552918
3,3051022.0,Hansastraße,3501038.0,2018,11,6,3,3,5,3,2,1,0,0,0,0,1,803553.8781,5831428.45,13.47779253,52.54811069
10,10040931.0,Mahlsdorf Nord                                                                                      ,10400938.0,2018,11,6,3,3,1,5,2,1,0,0,0,0,0,812905.8524,5828158.005,13.6121888,52.51351368
2,2030301.0,Oranienplatz,2300314.0,2018,12,2,7,3,3,6,2,1,0,0,0,0,0,799847.9502,5825812.238,13.4182398,52.49982286
2,2030302.0,Lausitzer Platz,2300315.0,2018,11,20,3,3,2,6,2,0,0,0,0,0,0,800295.6092,5825831.063,13.42483164,52.49974545
4,4030724.0,Lietzensee,4300415.0,2018,12,15,7,3,0,2,0,1,0,0,0,0,1,791051.7799,5826360.368,13.28950855,52.50949955
6,6040809.0,Thielallee,6400843.0,2018,11,8,2,2,1,5,0,1,0,0,0,1,0,792203.9148,5820492.377,13.30129325,52.456278
2,2020204.0,Urbanstraße,2200210.0,2018,11,22,6,3,5,2,2,1,0,0,0,0,1,798843.4125,5825086.653,13.4028346,52.49387001
12,12103116.0,Hausotterplatz,12100102.0,2018,11,22,2,3,1,5,2,1,0,0,0,0,0,795967.2558,5833229.023,13.36784413,52.56842582
7,7030301.0,Friedenau,7300517.0,2018,11,19,2,3,6,4,2,0,1,0,0,0,0,794206.3004,5822834.769,13.33274275,52.47620229
4,4051448.0,Schaperstraße,4501045.0,2018,11,14,4,3,5,3,0,1,0,0,0,0,0,794169.0487,5825308.234,13.33437905,52.49839571
9,9031101.0,Grünau,9301126.0,2018,11,19,6,3,0,2,2,0,0,0,1,0,1,811478.3271,5817279.361,13.58106764,52.41684245
6,6040807.0,Zehlendorf Eiche                                                                                    ,6400841.0,2018,11,18,6,3,5,3,2,1,0,0,0,0,1,790006.0908,5819160.021,13.26788184,52.44550366
10,10040932.0,Alt-Mahlsdorf,10400939.0,2018,11,14,6,3,5,3,0,1,0,0,0,0,1,813551.5372,5827270.826,13.62083684,52.50519297
11,11010308.0,Zingster Straße Ost,11100307.0,2018,11,14,6,3,0,2,0,1,0,0,0,0,1,805496.7597,5833466.299,13.50823181,52.56528844
6,6040807.0,Zehlendorf Eiche                                                                                    ,6400841.0,2018,11,14,6,3,5,3,1,1,0,0,0,0,1,790003.6021,5819162.876,13.26784781,52.44553057
1,1011102.0,Großer Tiergarten,1100102.0,2018,11,18,6,3,5,3,2,1,0,0,0,0,1,795040.7987,5827226.595,13.34888375,52.51512184
11,11030619.0,Fennpfuhl Ost,11300620.0,2018,11,16,2,3,0,1,2,0,0,0,0,0,0,804211.7845,5829100.257,13.48533385,52.52687713
1,1044103.0,Westliche Müllerstraße                                                                              ,1400942.0,2018,11,10,6,2,5,2,0,1,0,0,0,0,1,794480.2412,5830671.276,13.34369842,52.54630401
2,2020203.0,Viktoriapark,2200209.0,2018,11,18,4,3,0,7,2,0,0,0,0,0,1,797078.5294,5824293.265,13.37620803,52.48772155
9,9010402.0,Johannisthal Ost,9100408.0,2018,12,11,2,3,6,7,0,0,1,0,0,0,0,806407.0962,5821040.676,13.51018257,52.45341543
2,2010104.0,Wassertorplatz,2100106.0,2018,11,12,2,3,3,6,0,0,0,0,0,1,0,799027.6543,5825594.685,13.40599635,52.49832291
1,1022201.0,Stephankiez,1200623.0,2018,12,15,2,3,0,7,0,1,0,0,0,0,1,795083.6677,5828974.232,13.35106424,52.53076488
2,2040701.0,Andreasviertel,2400623.0,2018,11,17,6,3,6,7,2,0,1,0,0,0,1,801233.0944,5827707.074,13.44029804,52.51604381
6,6040810.0,Dahlem,6400844.0,2018,12,15,2,3,5,3,0,1,0,0,0,0,1,790411.3785,5820903.914,13.27534483,52.46092295
3,3061429.0,Greifswalder Straße,3601449.0,2018,11,16,6,3,5,2,2,1,0,0,0,0,1,801709.5546,5830082.686,13.44945374,52.53707317
4,4030931.0,Breitscheidplatz,4501042.0,2018,11,12,2,3,1,5,0,1,0,0,0,1,0,793880.4303,5825527.405,13.33033306,52.50051596
1,1011105.0,Nördlicher Landwehrkanal                                                                            ,1100102.0,2018,11,16,6,3,4,7,2,1,0,0,0,0,1,796893.4997,5826991.609,13.37589652,52.5120101
4,4030415.0,Schloßgarten,4300412.0,2018,11,12,2,3,5,2,0,0,0,0,0,1,0,790788.1964,5827381.975,13.28652847,52.51879884
3,3020307.0,Buchholz,3200308.0,2018,11,11,2,3,5,3,0,0,0,0,0,1,0,799448.713,5837508.866,13.42292543,52.60488339
10,10010311.0,Landsberger Tor,10100316.0,2018,11,10,2,3,5,3,0,1,0,0,0,0,0,810300.1176,5831811.381,13.57732419,52.54774183
11,11030618.0,Fennpfuhl West,11300618.0,2018,11,10,2,3,5,2,0,1,0,0,0,0,0,802416.215,5828960.187,13.45881976,52.52662065
7,7010101.0,Wittenbergplatz/Viktoria-Luise-Platz,7100101.0,2018,12,19,2,3,0,2,2,1,0,0,0,0,0,794899.7365,5825408.748,13.34520064,52.4989024
12,12214527.0,Alt-Tegel,12200515.0,2018,11,17,6,3,1,5,2,1,0,0,0,0,1,790393.1125,5834610.931,13.28704482,52.58381678
3,3050919.0,Gustav-Adolf-Straße,3500932.0,2018,11,16,6,3,5,3,2,1,0,0,0,0,1,800946.2799,5832140.854,13.44009905,52.5559428
12,12301203.0,Wittenau Süd                                                                                        ,12500926.0,2018,11,16,1,3,0,2,2,1,0,0,0,0,0,792953.5239,5835406.243,13.32543049,52.58957366
9,9020702.0,Adlershof Ost,9200717.0,2018,12,13,2,3,6,7,0,0,1,0,0,0,1,809125.0227,5819502.981,13.5486303,52.43810457
1,1011402.0,Arkonaplatz,1100416.0,2018,11,16,1,3,1,5,1,1,0,0,0,0,0,798616.594,5829340.409,13.40332064,52.53212327
2,2040703.0,Wriezener Bahnhof/Entwicklungsgebiet,2400625.0,2018,11,19,5,3,5,2,2,1,0,0,0,0,0,801761.103,5826242.855,13.44672824,52.50262801
1,1011301.0,Charitéviertel,1100308.0,2018,11,11,5,3,1,5,0,1,0,0,0,0,0,797032.8331,5828439.494,13.3792364,52.52491294
1,1011105.0,Nördlicher Landwehrkanal                                                                            ,1100205.0,2018,11,12,1,3,5,3,0,1,0,0,0,0,0,796937.7364,5826779.854,13.37635753,52.51008785
4,4030620.0,Alt-Lietzow,4300619.0,2018,11,1,1,3,1,5,2,1,0,0,0,0,0,792865.2894,5827300.653,13.31698133,52.51695829
1,1044201.0,Reinickendorfer Straße                                                                              ,1401045.0,2018,11,8,5,3,3,6,0,0,0,0,0,0,0,796485.6956,5831965.958,13.37434237,52.55682174
6,6040805.0,Fischerhüttenstraße                                                                                 ,6400839.0,2018,11,12,7,3,6,7,0,0,1,0,0,0,1,789201.673,5818471.899,13.25548355,52.43976041
4,4041241.0,Breite Straße,4400832.0,2018,11,7,5,3,1,5,0,1,0,0,0,0,0,791350.1702,5822460.125,13.29048229,52.47437472
12,12304314.0,Ziekowstraße/Freie Scholle,12500824.0,2018,11,7,5,3,4,7,1,1,0,0,0,0,0,790902.2958,5836103.763,13.29584985,52.59692767
10,10040830.0,Kaulsdorf Süd                                                                                       ,10400837.0,2018,11,7,5,3,5,2,0,1,0,0,0,0,0,811277.0597,5826859.543,13.58705033,52.50280962
2,2050602.0,Samariterviertel,2500727.0,2018,11,19,7,3,5,3,2,0,0,0,0,0,0,802593.0554,5827778.87,13.46034386,52.5159345
6,6030609.0,Augustaplatz,6300633.0,2018,11,20,5,3,5,3,2,1,0,0,0,0,0,793195.9618,5819910.622,13.31534068,52.45053144
12,12301203.0,Wittenau Süd                                                                                        ,12500926.0,2018,11,17,5,3,5,3,2,1,0,0,0,0,0,793647.2271,5836118.542,13.33627259,52.59558488
8,8010510.0,Gewerbegebiet Köllnische Heide,8100521.0,2018,11,15,7,3,5,3,1,0,0,0,0,1,0,802482.6435,5822558.432,13.45398237,52.46920496
4,4020312.0,Branitzer Platz,4200308.0,2018,11,14,4,3,1,5,0,1,0,0,0,0,0,790160.8727,5827063.049,13.27703091,52.51627379
12,12304313.0,Borsigwalde,12500825.0,2018,11,15,7,3,3,6,1,1,0,0,0,0,0,792064.4736,5834838.266,13.31184356,52.58496008
6,6010103.0,Markelstraße                                                                                        ,6100103.0,2018,11,18,4,3,6,4,2,0,1,0,0,0,0,793740.8066,5821453.211,13.32469227,52.46406772
7,7030301.0,Friedenau,7300515.0,2018,11,14,7,3,5,3,0,0,0,0,0,1,0,793890.7463,5822405.31,13.32773161,52.47252227
2,2040701.0,Andreasviertel,2400521.0,2018,11,17,5,3,3,6,1,0,0,0,0,0,0,800373.1394,5827885.132,13.4278239,52.51811408
4,4030930.0,George-Grosz-Platz,4501041.0,2018,11,13,7,2,5,3,0,1,0,0,0,0,0,793286.9911,5825643.082,13.32171765,52.50187224
4,4051447.0,Ludwigkirchplatz,4501044.0,2018,11,15,5,3,5,2,1,1,0,0,0,0,0,793158.9286,5824518.023,13.31884624,52.49185531
2,2040502.0,Friedenstraße,2400521.0,2018,11,11,7,3,1,5,0,1,0,0,0,0,0,801027.4288,5828116.351,13.43764666,52.51982579
12,12214423.0,Mellerbogen,12200308.0,2018,11,13,5,3,5,3,0,1,0,0,0,0,0,792900.7713,5833855.33,13.32328334,52.57569898
9,9010402.0,Johannisthal Ost,9100408.0,2018,11,13,5,3,5,3,0,1,0,0,0,0,0,806482.7365,5820067.535,13.51039938,52.44465135
1,1011301.0,Charitéviertel,1100308.0,2018,11,1,7,3,0,1,2,0,0,0,0,0,0,797560.4977,5828661.048,13.38718939,52.52661117
2,2040502.0,Friedenstraße,2400521.0,2018,11,13,5,3,5,2,0,0,0,0,0,0,0,801251.1817,5827847.148,13.44069061,52.51728932
4,4030620.0,Alt-Lietzow,4300619.0,2018,11,15,7,3,5,3,1,0,0,1,0,0,0,792305.3508,5827415.3,13.30885368,52.51828648
9,9031101.0,Grünau,9301126.0,2018,11,21,6,3,1,5,2,1,0,0,0,0,1,810818.3983,5818413.072,13.57244849,52.42737753
1,1011302.0,Oranienburger Straße                                                                                ,1100309.0,2018,11,9,4,3,2,7,0,0,0,0,0,1,1,798662.2123,5828361.122,13.40311152,52.52332034
3,3071536.0,Teutoburger Platz,3701554.0,2018,11,19,4,3,1,5,2,1,0,0,0,0,0,798898.507,5829889.134,13.40795777,52.53688726
1,1011401.0,Invalidenstraße                                                                                     ,1100415.0,2018,11,18,6,3,2,6,1,1,0,0,0,0,0,798291.2697,5829368.638,13.3985642,52.53255442
12,12214421.0,Reinickes Hof,12200307.0,2018,11,16,6,3,1,5,2,1,0,0,0,0,0,793480.0807,5833686.941,13.33165849,52.57387738
11,11030619.0,Fennpfuhl Ost,11300620.0,2018,12,15,4,3,5,3,0,1,0,0,0,0,0,804220.6754,5829078.508,13.48544461,52.52667723
4,4030620.0,Alt-Lietzow,4300619.0,2018,12,11,6,3,5,7,0,1,0,0,0,0,1,792795.4355,5827489.799,13.3161213,52.51869143
10,10020517.0,Adele-Sandrock-Straße                                                                               ,10200524.0,2018,12,11,6,3,5,3,0,1,0,0,0,0,1,812429.3944,5830413.447,13.60730924,52.53399801
2,2040502.0,Friedenstraße,2400521.0,2018,12,9,6,2,5,3,0,1,0,0,0,0,1,800755.1925,5828470.755,13.43396695,52.5231526
11,11020411.0,Malchower Weg,11200410.0,2018,12,7,6,2,5,3,0,1,0,0,0,0,1,804920.549,5833112.194,13.49943176,52.56243783
10,10040931.0,Mahlsdorf Nord                                                                                      ,10400938.0,2018,12,6,4,3,5,3,2,1,0,0,0,0,1,812913.4771,5828059.566,13.61220824,52.51262719
4,4030931.0,Breitscheidplatz,4501042.0,2018,12,11,4,3,1,5,0,1,0,0,0,0,1,793620.1449,5825758.779,13.32671365,52.50273025
1,1011306.0,Heine-Viertel Ost,1100313.0,2018,12,10,4,3,5,3,0,1,0,0,0,0,1,800084.639,5826454.44,13.42229486,52.50544908
1,1011305.0,Heine-Viertel West,1100312.0,2018,12,9,4,3,2,2,0,1,0,0,0,0,1,799213.4881,5826985.973,13.40997601,52.51069194
2,2040503.0,Richard-Sorge-Viertel,2400522.0,2018,12,3,6,2,5,2,2,0,0,0,0,0,1,801711.2786,5827901.344,13.44749978,52.51752074
8,8010510.0,Gewerbegebiet Köllnische Heide,8100521.0,2018,12,15,5,3,5,3,0,1,0,0,0,0,1,803323.1499,5822144.626,13.4659417,52.46503005
2,2010102.0,Mehringplatz,2100102.0,2018,12,0,5,3,0,3,2,1,0,0,0,0,0,798022.7528,5825830.104,13.39144771,52.50098284
2,2050802.0,Boxhagener Platz,2500833.0,2018,12,19,3,3,5,7,2,1,0,0,0,0,1,802403.6573,5827062.617,13.45691039,52.50961981
2,2010103.0,Moritzplatz,2100104.0,2018,12,18,3,3,5,3,2,1,0,0,0,0,1,799419.3399,5826147.957,13.41224647,52.50306743
3,3040614.0,Pankow Zentrum                                                                                      ,3400725.0,2018,12,15,3,3,1,5,1,1,0,0,0,0,1,799752.0441,5835013.962,13.42513324,52.58235388
8,8041037.0,Alt-Rudow,8401243.0,2018,12,17,5,3,1,5,2,1,0,0,0,0,1,805484.933,5818462.611,13.49429748,52.43082539
3,3020307.0,Buchholz,3200310.0,2018,12,16,5,3,5,3,2,1,0,0,0,0,1,799468.9814,5837743.188,13.42343585,52.60697251
3,3020209.0,Niederschönhausen,3200206.0,2018,12,16,3,3,5,2,2,1,0,0,0,0,1,798247.3476,5835083.226,13.40305377,52.58380161
7,7040403.0,Manteuffelstraße                                                                                    ,7400824.0,2018,12,17,5,3,5,2,2,1,0,0,0,0,0,797836.3055,5821341.747,13.38469965,52.46085163
1,1044103.0,Westliche Müllerstraße                                                                              ,1400942.0,2018,12,15,3,3,5,2,2,1,0,0,0,0,1,794594.5035,5830734.515,13.34543466,52.54680912
1,1011302.0,Oranienburger Straße                                                                                ,1100309.0,2018,12,9,3,3,1,5,0,1,0,0,0,0,1,798479.4037,5828976.662,13.40097757,52.52893792
11,11041128.0,Sewanstraße,11401135.0,2018,12,9,3,3,5,3,0,1,0,0,0,0,1,805525.8697,5825986.35,13.50178533,52.49823426
2,2040703.0,Wriezener Bahnhof/Entwicklungsgebiet,2400625.0,2018,12,13,3,3,2,6,0,0,0,0,0,1,1,801413.4032,5826423.904,13.44178519,52.50444296
11,11020513.0,Orankesee,11200512.0,2018,12,13,5,3,5,3,0,0,0,0,0,1,0,802953.2901,5830972.063,13.46854616,52.54435452
2,2030302.0,Lausitzer Platz,2300316.0,2018,12,17,3,3,1,5,2,1,0,0,0,0,1,801383.1388,5826099.131,13.4410467,52.50154868
2,2030302.0,Lausitzer Platz,2300316.0,2018,12,10,5,3,1,5,0,1,0,0,0,0,0,800790.7237,5826496.849,13.43270482,52.5054404
1,1011302.0,Oranienburger Straße                                                                                ,1100309.0,2018,12,9,5,3,6,2,0,0,1,0,0,0,0,797636.613,5828308.856,13.38799283,52.52341266
11,11030721.0,Rüdigerstraße,11300722.0,2018,12,18,3,3,1,5,2,0,0,0,1,1,1,804280.1672,5827946.136,13.48528296,52.51649505
1,1011204.0,Leipziger Straße                                                                                    ,1100207.0,2018,12,8,5,3,2,6,0,1,0,0,0,0,0,797920.7494,5826573.792,13.3906149,52.50770479
6,6010209.0,Feuerbachstraße                                                                                     ,6100209.0,2018,12,18,2,3,1,5,2,1,0,0,0,0,0,794291.2947,5821559.726,13.33286579,52.46472636
2,2040701.0,Andreasviertel,2400623.0,2018,12,8,5,3,0,3,0,1,0,0,0,0,0,800292.4051,5827628.521,13.42640604,52.51585846
10,10010206.0,Ringkolonnaden,10100209.0,2018,12,7,6,3,6,6,2,1,1,0,0,0,1,810010.9972,5832300.377,13.57353057,52.55228855
3,3061228.0,Erich-Weinert-Straße,3601245.0,2018,12,5,4,3,5,2,2,1,0,0,0,0,0,800248.7669,5831349.792,13.42912618,52.54923732
7,7010104.0,Dennewitzplatz,7100205.0,2018,12,18,2,3,5,2,2,1,0,0,0,0,1,796013.6296,5824976.54,13.36117765,52.49442496
9,9020702.0,Adlershof Ost,9200717.0,2018,12,15,4,3,0,2,0,1,0,0,0,0,0,809478.8132,5818716.259,13.55309011,52.43085398
1,1011201.0,Wilhelmstraße                                                                                       ,1100205.0,2018,12,18,2,3,0,2,2,1,0,0,0,0,1,797452.6574,5826843.844,13.38397966,52.51038092
1,1011201.0,Wilhelmstraße                                                                                       ,1100205.0,2018,12,14,4,3,6,4,0,0,1,0,0,0,0,796964.0164,5826950.997,13.37689633,52.51160766
10,10040933.0,Mahlsdorf Süd                                                                                       ,10400940.0,2018,12,13,4,3,5,3,0,1,0,0,0,0,0,812386.5247,5824605.917,13.60122968,52.48198046
11,11040925.0,Victoriastadt,11400927.0,2018,12,15,2,3,6,4,1,0,1,0,0,0,1,803495.1563,5826625.088,13.47254517,52.5050922
3,3030406.0,Alt-Karow,3300413.0,2018,12,12,4,3,1,5,0,1,0,0,0,0,0,803433.6089,5837430.758,13.48151712,52.60197397
12,12231102.0,Frohnau,12400721.0,2018,12,10,4,3,5,3,0,1,0,0,0,0,1,791221.1635,5839954.947,13.30393466,52.63128157
2,2030301.0,Oranienplatz,2300314.0,2018,12,19,2,3,5,3,2,0,0,0,0,0,1,799915.4073,5825976.019,13.41937806,52.50125383
2,2020204.0,Urbanstraße,2200210.0,2018,12,22,4,3,1,5,2,1,0,0,0,0,0,798952.7742,5824795.765,13.40417965,52.49120271
3,3061228.0,Erich-Weinert-Straße,3601245.0,2018,12,12,2,3,5,3,0,1,0,0,0,0,0,800605.0183,5831420.566,13.43442839,52.5496752
4,4030726.0,Droysenstraße,4500936.0,2018,12,20,4,2,5,3,2,1,0,0,0,0,0,791958.137,5825264.573,13.30186465,52.49919161
4,4031032.0,Halensee,4500938.0,2018,12,12,2,3,5,2,0,1,0,0,0,0,0,791580.9291,5825003.318,13.29609494,52.49705116
8,8010405.0,Hertzbergplatz,8100418.0,2018,12,10,2,3,1,5,0,1,0,0,0,0,0,801659.4792,5823780.753,13.44300662,52.480616
1,1011303.0,Alexanderplatzviertel,1100310.0,2018,12,10,2,3,5,3,0,0,0,0,0,1,0,799776.8236,5828663.012,13.41976309,52.52541465
1,1022206.0,Lüneburger Straße                                                                                   ,1200628.0,2018,12,9,4,3,5,2,0,1,0,0,0,0,0,795523.5703,5828187.403,13.356831,52.52347332
8,8010406.0,Treptower Straße Nord,8100419.0,2018,12,9,4,3,1,5,0,1,0,0,0,0,0,802375.734,5824018.948,13.45373746,52.48235485
3,3040614.0,Pankow Zentrum                                                                                      ,3400723.0,2018,12,15,6,3,5,2,2,1,0,0,0,0,1,798731.947,5833692.834,13.40893208,52.57107306
1,1011305.0,Heine-Viertel West,1100312.0,2018,12,9,2,3,1,5,0,0,0,0,1,0,0,799236.3099,5827183.321,13.41048872,52.51244835
11,11020412.0,Hauptstraße,11200411.0,2018,12,9,4,3,5,2,0,0,0,0,1,0,0,805701.8751,5831366.412,13.50931473,52.54635362
11,11010204.0,Falkenberg Ost,11100203.0,2018,12,9,4,3,5,3,0,1,0,0,0,0,0,806710.1403,5833421.197,13.52603543,52.56420205
2,2040701.0,Andreasviertel,2400623.0,2018,12,9,2,3,5,2,0,0,0,0,0,1,0,800506.2492,5827059.255,13.42903389,52.51063817
2,2020206.0,Graefekiez,2200213.0,2018,12,15,6,3,1,5,1,1,0,0,0,0,1,799631.0816,5825077.087,13.41439329,52.49335246
10,10040828.0,Kaulsdorf Nord                                                                                      ,10400835.0,2018,12,8,4,3,5,3,0,1,0,0,0,0,1,812929.2958,5829712.903,13.6139958,52.52743369
1,1011103.0,Lützowstraße                                                                                        ,1100103.0,2018,12,7,2,2,5,2,0,1,0,0,0,0,0,795592.1252,5825810.573,13.35572731,52.50212985
9,9020701.0,Adlershof West,9200715.0,2018,12,8,4,3,5,3,0,1,0,0,0,0,0,807821.875,5818872.766,13.52894,52.43319142
12,12103218.0,Teichstraße,12100205.0,2018,12,8,4,3,5,2,0,1,0,0,0,0,1,794834.331,5833066.451,13.35103259,52.56758329
4,4030931.0,Breitscheidplatz,4501042.0,2018,12,14,6,3,5,2,0,1,0,0,0,0,1,793527.6714,5825443.169,13.325077,52.4999507
1,1011306.0,Heine-Viertel Ost,1100313.0,2018,12,17,4,3,5,2,2,0,0,0,0,1,0,799980.4669,5826936.644,13.42119919,52.50982855
2,2010103.0,Moritzplatz,2100104.0,2018,12,20,1,3,5,3,2,0,0,0,0,1,1,799115.3988,5826269.419,13.40789111,52.50432286
1,1044201.0,Reinickendorfer Straße                                                                              ,1401045.0,2018,12,13,6,3,3,6,0,1,0,0,0,0,1,796839.1526,5831562.456,13.3791799,52.55301227
3,3061126.0,Arnimplatz,3601141.0,2018,12,16,4,2,6,4,1,0,1,0,0,0,0,798947.9043,5831449.916,13.41008854,52.55085022
4,4051550.0,Leon-Jessel-Platz,4501147.0,2018,12,16,4,3,1,5,0,1,0,0,0,0,0,793330.4995,5824278.933,13.32115556,52.48961978
3,3061228.0,Erich-Weinert-Straße,3601245.0,2018,12,7,4,3,5,2,1,1,0,0,0,0,0,800559.7238,5831407.563,13.43375063,52.54958365
11,11010205.0,Falkenberg West,11100204.0,2018,12,7,4,3,5,2,2,1,0,0,0,0,1,806852.4118,5832683.49,13.52744565,52.55751055
10,10010308.0,Marzahner Chaussee,10100311.0,2018,12,12,6,3,0,3,0,0,0,0,1,0,1,806585.2221,5828094.724,13.51928343,52.5165359
1,1011301.0,Charitéviertel,1100308.0,2018,12,18,3,3,5,2,2,1,0,0,0,0,0,797244.4862,5829094.05,13.38293211,52.53066492
8,8010211.0,Flughafenstraße,8100206.0,2018,12,17,3,3,2,6,2,1,0,0,0,0,0,800588.0803,5823767.68,13.42726594,52.48108961