district,LOR,street,LOR_2021,year,month,hour,weekday,category,accident_kind,accident_type,light_condition,car,pedestrian,motorcycle,goods_vehicle,others,road_condition,LINREFX,LINREFY,XGCSWGS84,YGCSWGS84
1,1011201.0,Wilhelmstraße                                                                                       ,1100205.0,2018,12,21,3,2,6,7,2,0,1,0,0,0,0,797140.041,5826446.409,13.37903205,52.50698873
9,9030901.0,Dorf Altglienicke,9300920.0,2018,12,13,7,3,2,2,0,1,0,0,0,0,0,808578.7364,5817508.592,13.5387792,52.42053919
7,7010101.0,Wittenbergplatz/Viktoria-Luise-Platz,7100101.0,2018,12,14,7,3,1,6,0,1,0,0,0,1,1,794490.2091,5825832.13,13.33955968,52.50291891
6,6020408.0,Lichterfelde Süd                                                                                    ,6200420.0,2018,12,14,3,3,5,3,0,0,0,0,0,1,1,792570.931,5815896.666,13.3026571,52.41488154
2,2020202.0,Rathaus Yorckstraße,2200208.0,2018,12,12,3,3,5,2,0,1,0,0,0,0,0,797267.2239,5825380.554,13.37994892,52.49736522
1,1011203.0,Unter den Linden Süd,1100206.0,2018,12,9,3,3,6,4,0,0,1,0,0,0,1,798024.339,5827468.758,13.39293811,52.51567047
11,11051229.0,Rummelsburg,11501238.0,2018,12,8,3,3,5,2,0,1,0,0,0,0,1,803347.724,5826306.075,13.47008905,52.50231493
3,3030715.0,Heinersdorf,3300516.0,2018,12,7,6,3,6,4,2,0,1,0,0,0,1,801542.981,5833537.516,13.45014301,52.56813101
5,5040934.0,Alt-Gatow,5400942.0,2018,12,8,3,3,6,7,0,0,1,0,0,0,0,783944.3793,5823358.478,13.18250789,52.48633009
6,6020410.0,Oberhofer Platz,6200422.0,2018,12,16,6,3,5,2,2,1,0,0,0,0,1,794440.4191,5817642.747,13.33160219,52.42953207
12,12301205.0,Waidmannslust,12500928.0,2018,12,7,3,3,5,3,0,1,0,0,0,0,1,792107.5419,5836833.018,13.31423677,52.60281903
2,2030302.0,Lausitzer Platz,2300315.0,2018,12,18,6,3,5,3,2,1,0,0,0,0,1,800678.7942,5825793.11,13.43042525,52.49919427
1,1033202.0,Humboldthain Süd,1300835.0,2018,12,17,6,3,3,6,2,1,0,0,0,0,1,796984.185,5830162.442,13.38006083,52.54038372
4,4030726.0,Droysenstraße,4500936.0,2018,12,18,6,3,3,6,2,1,0,0,0,0,1,792149.2668,5825308.942,13.30471114,52.49948708
3,3040818.0,Pankow Süd                                                                                          ,3400830.0,2018,12,6,3,3,5,3,2,1,0,0,0,0,0,800034.51,5833421.877,13.42784899,52.567928
10,10030727.0,Biesdorf Süd                                                                                        ,10300734.0,2018,12,8,3,3,5,3,0,1,0,0,0,0,0,809470.1701,5825897.147,13.55962127,52.49521263
1,1011203.0,Unter den Linden Süd,1100206.0,2018,12,20,6,3,5,2,2,1,0,0,0,0,1,797904.2733,5827374.799,13.39108984,52.51489384
1,1044202.0,Sparrplatz,1401047.0,2018,12,19,6,3,6,4,2,0,1,0,0,0,1,795602.672,5830512.464,13.36006136,52.54427255
1,1033102.0,Gesundbrunnen,1300733.0,2018,12,12,2,3,5,2,0,0,0,0,1,0,1,797012.5249,5831490.286,13.38166492,52.55227084
9,9020701.0,Adlershof West,9200715.0,2018,12,16,6,3,5,3,1,1,0,0,0,0,1,808200.8531,5818698.676,13.53433645,52.43141783
2,2050802.0,Boxhagener Platz,2500833.0,2018,12,17,6,3,5,2,2,1,0,0,0,0,1,802065.394,5827160.95,13.45203057,52.51068857
9,9020601.0,Schnellerstraße                                                                                     ,9200613.0,2018,12,16,2,3,1,5,2,1,0,0,0,0,1,806980.2346,5821076.134,13.51862305,52.45341167
1,1022104.0,Emdener Straße                                                                                      ,1200520.0,2018,12,17,4,3,6,7,1,0,1,0,0,0,0,794595.3594,5828452.249,13.34342403,52.52634979
1,1011102.0,Großer Tiergarten,1100206.0,2018,12,18,4,3,5,3,1,0,0,0,0,1,0,796921.2075,5827634.763,13.37687753,52.5177602
3,3061227.0,Humannplatz,3601244.0,2018,12,19,4,3,5,3,2,1,0,0,0,0,0,800082.6116,5831671.844,13.42697414,52.55221551
2,2050803.0,Stralauer Kiez,2500835.0,2018,12,19,4,3,5,3,2,1,0,0,0,0,0,801942.6519,5826202.822,13.44935847,52.50216876
1,1011301.0,Charitéviertel,1100308.0,2018,12,20,4,3,1,5,2,1,0,0,0,0,0,797491.9249,5828805.89,13.38631118,52.52794694
2,2010103.0,Moritzplatz,2100104.0,2018,12,23,7,3,5,3,2,1,0,0,0,0,1,799282.1246,5826219.518,13.41029529,52.50378414
1,1011303.0,Alexanderplatzviertel,1100310.0,2018,12,13,4,3,0,1,0,0,0,0,0,0,1,799106.7798,5828259.445,13.40955317,52.52216527
10,10010207.0,Marzahner Promenade,10100210.0,2018,12,5,3,3,0,3,2,1,0,0,0,0,1,808331.6246,5831149.509,13.54777177,52.54292792
9,9020501.0,Oberschöneweide West,9200510.0,2018,12,19,3,3,0,1,2,0,0,0,0,0,0,806588.6835,5822781.424,13.51444524,52.4689148
8,8010303.0,Donaustraße,8100314.0,2018,12,15,7,3,0,1,1,0,0,0,0,0,0,800975.7644,5824064.712,13.43322562,52.48353847
1,1011301.0,Charitéviertel,1100308.0,2018,12,16,3,3,2,6,0,1,0,0,0,0,0,797054.6875,5828171.076,13.37931783,52.52249496
5,5010206.0,Gütersloher Weg,5100208.0,2018,12,13,7,2,5,3,0,1,0,0,0,0,0,782148.7265,5829922.304,13.16170046,52.54611544
11,11030721.0,Rüdigerstraße,11300722.0,2018,12,15,3,3,5,3,1,1,0,0,0,0,0,804308.6101,5828168.371,13.4859041,52.51847098
9,9051702.0,Bölschestraße,9501737.0,2018,12,7,3,3,5,2,2,1,0,0,0,0,1,814214.5777,5821931.183,13.6255417,52.45696366
1,1022207.0,Hansaviertel,1200629.0,2018,12,16,6,3,5,2,2,1,0,0,0,0,1,794497.5732,5827803.729,13.34141253,52.52058907
8,8040933.0,Vogelviertel Süd,8401139.0,2018,12,6,3,3,5,3,2,1,0,0,0,0,1,803027.1916,5819381.573,13.45909149,52.44042899
3,3061228.0,Erich-Weinert-Straße,3601245.0,2018,12,15,3,3,0,2,0,1,0,0,0,0,0,800170.0766,5830963.826,13.4276203,52.54582117
3,3040614.0,Pankow Zentrum                                                                                      ,3400723.0,2018,12,15,3,2,0,1,0,0,0,0,0,0,1,798702.9041,5833102.504,13.40797322,52.5657976
2,2030302.0,Lausitzer Platz,2300316.0,2018,12,17,6,3,2,6,2,1,0,0,0,0,1,801073.066,5826324.293,13.43669607,52.50373802
1,1011302.0,Oranienburger Straße                                                                                ,1100309.0,2018,12,17,6,3,5,3,2,1,0,0,0,0,1,797993.0657,5828660.372,13.39354615,52.52636885
9,9020501.0,Oberschöneweide West,9200510.0,2018,12,13,3,2,5,2,0,1,0,0,0,0,1,805785.1349,5822864.331,13.50272889,52.47010819
10,10040829.0,Alt-Kaulsdorf,10400836.0,2018,12,17,6,3,5,2,2,1,0,0,0,0,1,811298.8588,5827465.429,13.58793693,52.50822674
1,1011305.0,Heine-Viertel West,1100312.0,2018,12,11,3,3,5,2,0,1,0,0,0,0,0,799648.6808,5827039.581,13.41641769,52.51093357
6,6040809.0,Thielallee,6400843.0,2018,12,11,3,3,5,2,0,1,0,0,0,0,0,792370.0789,5820769.024,13.30397399,52.45866925
4,4030622.0,Richard-Wagner-Straße,4300621.0,2018,12,23,6,3,6,7,2,0,1,0,0,0,1,792177.8579,5827122.859,13.30672326,52.51573314
1,1011301.0,Charitéviertel,1100308.0,2018,12,12,2,3,2,6,0,0,0,0,0,0,1,797572.1795,5828595.857,13.38730274,52.52602045
1,1011202.0,Unter den Linden Nord,1100206.0,2018,12,14,2,3,2,7,0,1,0,0,0,0,0,797680.9912,5827934.365,13.38830984,52.52003157
1,1044202.0,Sparrplatz,1401046.0,2018,12,9,6,3,5,2,0,0,0,0,0,1,1,794611.3298,5829878.987,13.34492333,52.53913085
1,1011201.0,Wilhelmstraße                                                                                       ,1100205.0,2018,12,17,2,3,5,2,2,1,0,0,0,0,0,797686.9802,5826835.104,13.3874144,52.51017476
9,9020502.0,Oberschöneweide Ost,9200511.0,2018,12,14,6,3,5,3,0,1,0,0,0,0,1,807850.2902,5822047.757,13.53228233,52.46163019
8,8020622.0,Parchimer Allee,8200726.0,2018,12,14,6,3,6,4,0,0,1,0,0,0,1,802368.9827,5819904.553,13.44991082,52.44548086
3,3040513.0,Schönholz,3400620.0,2018,12,13,6,3,5,2,0,0,0,0,0,1,1,796412.8169,5834654.405,13.37567305,52.58096031
1,1011302.0,Oranienburger Straße                                                                                ,1100309.0,2018,12,11,3,3,0,7,0,0,0,0,0,0,1,798664.2881,5828359.832,13.40314087,52.52330765
8,8010405.0,Hertzbergplatz,8100418.0,2018,12,16,2,3,3,6,2,1,0,0,0,0,0,802179.2287,5823743.637,13.45060307,52.47999599
9,9010101.0,Elsenstraße                                                                                         ,9100101.0,2018,12,15,2,3,5,3,0,1,0,0,0,0,0,802328.3987,5825301.483,13.45420598,52.49387646
3,3040818.0,Pankow Süd                                                                                          ,3400830.0,2018,12,10,3,3,5,3,0,1,0,0,0,0,1,799977.6258,5833095.096,13.42671674,52.56503033
3,3050923.0,Weißenseer Spitze,3500934.0,2018,12,7,6,3,5,2,0,1,0,0,0,0,1,801311.9577,5831932.036,13.44528701,52.55386897
2,2050803.0,Stralauer Kiez,2500835.0,2018,12,12,6,3,5,3,0,1,0,0,0,0,0,802821.6287,5826108.208,13.46218222,52.50083368
2,2010104.0,Wassertorplatz,2100106.0,2018,12,12,2,3,5,3,0,0,0,0,0,0,1,799586.1033,5825642.877,13.41424161,52.4984486
1,1022104.0,Emdener Straße                                                                                      ,1200519.0,2018,12,6,2,3,6,7,2,0,1,0,0,0,0,793739.1615,5828872.462,13.33121102,52.53057875
4,4051655.0,Babelsberger Straße,4501153.0,2018,12,9,2,3,5,2,0,0,0,0,0,1,0,793912.8801,5823083.377,13.3286541,52.47858893
1,1011101.0,Stülerstraße                                                                                        ,1100101.0,2018,12,10,2,3,1,5,0,1,0,0,0,1,0,794985.5346,5825966.147,13.34695464,52.50385272
2,2010103.0,Moritzplatz,2100104.0,2018,12,7,6,3,5,3,2,1,0,0,0,0,1,799236.4477,5826249.31,13.40965113,52.50407624
6,6020302.0,Komponistenviertel Lankwitz,6200312.0,2018,12,9,1,3,0,7,0,0,0,0,0,0,1,795147.5082,5818816.124,13.3430079,52.43966975
8,8010405.0,Hertzbergplatz,8100418.0,2018,12,2,6,2,1,5,2,1,0,0,0,0,0,801740.7349,5824225.143,13.4446017,52.48455425
7,7020204.0,Schöneberger Insel,7200412.0,2018,12,13,1,3,1,5,0,1,0,0,0,1,0,796284.8206,5823028.232,13.36342868,52.47681295
1,1011302.0,Oranienburger Straße                                                                                ,1100309.0,2018,12,19,5,3,5,2,2,1,0,0,0,0,1,797993.9572,5828901.166,13.39377505,52.52852677
11,11020514.0,Große-Leege-Straße,11200513.0,2018,12,5,6,3,5,3,2,1,0,0,0,0,1,803676.279,5830264.281,13.47852791,52.53760844
7,7010104.0,Dennewitzplatz,7100205.0,2018,12,19,5,3,5,3,2,1,0,0,0,0,1,796039.4042,5825375.464,13.36191072,52.497987
9,9051702.0,Bölschestraße,9501737.0,2018,12,10,5,3,6,7,0,0,1,0,0,0,0,814405.902,5821511.913,13.62795346,52.4530966
2,2050802.0,Boxhagener Platz,2500833.0,2018,12,20,7,3,4,1,2,1,0,0,0,0,0,802168.5714,5827137.096,13.45352462,52.51041762
1,1011104.0,Körnerstraße                                                                                        ,1100104.0,2018,12,9,5,2,0,1,0,0,0,0,0,0,0,796642.0827,5826174.63,13.37147457,52.50482348
3,3040818.0,Pankow Süd                                                                                          ,3400827.0,2018,12,17,2,3,1,5,2,1,0,0,0,0,0,799397.3533,5832471.781,13.41761905,52.55976274
1,1011202.0,Unter den Linden Nord,1100206.0,2018,12,9,7,2,0,1,0,0,0,0,0,0,0,796934.4303,5827496.309,13.37694825,52.5165119
1,1011204.0,Leipziger Straße                                                                                    ,1100207.0,2018,12,8,5,3,0,3,0,0,0,1,0,0,0,798642.7437,5827120.648,13.4017119,52.51221188
2,2050803.0,Stralauer Kiez,2500835.0,2018,12,1,7,3,8,1,2,0,0,0,0,0,0,803387.6951,5826576.735,13.47092271,52.50471858
5,5010101.0,Hakenfelde Nord,5100104.0,2018,12,6,5,2,5,3,2,0,0,0,1,0,0,785918.224,5831718.835,13.21868519,52.56025739
7,7020203.0,Kaiser-Wilhelm-Platz,7200410.0,2018,12,1,5,3,2,2,2,0,0,0,0,0,1,795714.0587,5824031.066,13.35593888,52.48611193
4,4030726.0,Droysenstraße,4500936.0,2018,12,12,5,3,5,2,0,1,0,0,0,0,0,791867.9243,5825710.506,13.30093032,52.50323759
4,4051656.0,Hildegardstraße,4501151.0,2018,12,16,5,3,0,2,1,1,0,0,0,0,0,793766.043,5823430.977,13.32680449,52.48178402
12,12103115.0,Breitkopfbecken,12100103.0,2018,12,9,1,3,5,3,0,1,0,0,0,0,0,795977.7162,5833372.513,13.36812605,52.56970637
4,4051551.0,Brabanter Platz,4501148.0,2018,12,14,6,3,6,6,0,0,1,0,0,0,0,793036.3818,5823373.675,13.31604029,52.48166239
1,1044202.0,Sparrplatz,1401046.0,2018,12,11,6,3,5,2,0,0,0,0,0,1,0,794726.0215,5830011.296,13.34672688,52.54025489
1,1011201.0,Wilhelmstraße                                                                                       ,1100205.0,2018,12,13,5,3,5,3,0,1,0,0,0,0,1,796974.6759,5826858.692,13.37697058,52.51077444
4,4030828.0,Savignyplatz,4300624.0,2018,12,13,5,3,5,3,0,1,0,0,0,0,0,792989.3148,5826515.678,13.31811275,52.50985467
8,8020619.0,Buschkrugallee Nord,8200623.0,2018,12,11,6,2,5,2,0,1,0,0,0,0,0,802792.4863,5820807.728,13.45694168,52.45334171
10,10040830.0,Kaulsdorf Süd                                                                                       ,10400837.0,2018,12,11,6,2,5,3,0,1,0,0,0,0,0,810707.0838,5826306.808,13.57816453,52.49818113
3,3071639.0,Bötzowstraße,3701660.0,2018,12,8,6,3,6,7,0,0,1,0,0,0,0,800555.4954,5829438.55,13.43190724,52.5319373
10,10020517.0,Adele-Sandrock-Straße                                                                               ,10200524.0,2018,12,10,5,3,5,3,0,1,0,0,0,0,0,812315.5849,5830590.703,13.60580338,52.53565163
3,3030406.0,Alt-Karow,3300412.0,2018,12,9,6,3,5,3,0,1,0,0,0,0,0,803079.0112,5838398.206,13.47718327,52.61084257
1,1022206.0,Lüneburger Straße                                                                                   ,1200628.0,2018,12,9,6,3,5,2,0,1,0,0,0,0,0,795542.7424,5828196.355,13.35712072,52.52354318
3,3071536.0,Teutoburger Platz,3701554.0,2018,12,18,5,3,1,5,2,1,0,0,0,0,1,799114.8099,5829948.752,13.41119105,52.53730298
1,1011303.0,Alexanderplatzviertel,1100310.0,2018,12,18,5,3,5,2,2,1,0,0,0,0,0,798965.4661,5827834.124,13.4070943,52.51843038
2,2040701.0,Andreasviertel,2400623.0,2018,12,7,6,3,5,2,2,1,0,0,0,0,0,800366.9268,5827192.412,13.42710731,52.51190844
11,11051330.0,Karlshorst West,11501339.0,2018,12,17,5,3,5,3,2,1,0,0,0,0,0,807121.5668,5825059.824,13.52436369,52.48903498
3,3051022.0,Hansastraße,3501038.0,2018,12,7,5,3,0,3,2,1,0,0,0,0,0,803012.3562,5832020.517,13.47037116,52.5537187
2,2010102.0,Mehringplatz,2100102.0,2018,12,7,4,3,5,2,1,1,0,0,0,0,0,798450.5873,5826534.183,13.39836291,52.50706017
2,2040502.0,Friedenstraße,2400521.0,2018,12,18,5,3,5,3,2,1,0,0,0,0,0,800483.8353,5828221.757,13.42975444,52.52107037
1,1033201.0,Brunnenstraße                                                                                       ,1300834.0,2018,12,5,5,3,5,2,2,1,0,0,0,0,0,798081.4207,5830001.1,13.39604696,52.53833841
9,9020701.0,Adlershof West,9200715.0,2018,12,6,5,3,5,3,1,1,0,0,0,0,0,807643.8171,5819361.273,13.52677867,52.4376697
4,4030726.0,Droysenstraße,4500936.0,2018,12,20,4,2,6,4,2,0,1,0,0,0,0,791946.297,5825744.742,13.30211169,52.50350258
9,9052001.0,Köpenick Nord                                                                                       ,9502043.0,2018,12,6,5,3,5,2,1,1,0,0,0,0,0,810364.158,5823538.992,13.57055203,52.47357224
4,4020313.0,Königin-Elisabeth-Straße,4200311.0,2018,12,9,4,3,2,6,0,1,0,0,0,0,1,790455.7268,5826694.929,13.2810426,52.51281661
6,6040807.0,Zehlendorf Eiche                                                                                    ,6400841.0,2018,12,11,4,3,5,3,0,1,0,0,0,0,0,790009.9611,5819155.582,13.26793478,52.44546181
5,5010209.0,An der Kappe,5100211.0,2018,12,9,5,3,5,3,0,1,0,0,0,0,1,783278.6578,5829443.428,13.1779105,52.54123535
1,1044203.0,Leopoldplatz,1401049.0,2018,12,12,4,3,5,2,0,0,0,0,0,1,0,795876.2484,5831960.888,13.36537448,52.55710775
2,2020203.0,Viktoriapark,2200209.0,2018,12,9,4,3,5,2,0,1,0,0,0,0,0,797571.957,5824571.745,13.38370219,52.48994909
2,2020203.0,Viktoriapark,2200209.0,2018,12,12,5,3,0,7,0,1,0,0,0,0,0,797178.3776,5824498.591,13.37785731,52.48950774
12,12302211.0,Lübarser Straße,12601031.0,2018,12,14,4,3,5,3,0,1,0,0,0,0,1,793231.038,5836714.112,13.33067329,52.60114834
10,10020622.0,Kaulsdorf Nord I                                                                                    ,10200629.0,2018,12,9,4,2,0,1,0,0,0,0,0,0,2,811145.0213,5829107.081,13.58721261,52.52302592
6,6010210.0,Bismarckstraße                                                                                      ,6100210.0,2018,12,8,4,2,0,1,0,0,0,0,0,0,2,794983.9946,5821411.795,13.34290191,52.46302672
4,4030519.0,Kaiserin-Augusta-Allee,4300518.0,2018,12,15,5,3,1,5,0,1,0,0,0,0,1,791962.4948,5828107.834,13.30442307,52.52467856
5,5010103.0,Amorbacher Weg,5100105.0,2018,12,16,4,3,5,2,1,1,0,0,0,0,1,784440.9232,5831830.845,13.19704757,52.56203541
1,1011102.0,Großer Tiergarten,1100102.0,2018,12,18,4,3,5,3,2,1,0,0,0,0,1,796672.8266,5827941.372,13.37350121,52.5206438
9,9020601.0,Schnellerstraße                                                                                     ,9200613.0,2018,12,18,4,3,5,3,2,1,0,0,0,0,0,805826.5407,5821878.462,13.50243309,52.46124919
6,6040807.0,Zehlendorf Eiche                                                                                    ,6400841.0,2018,12,12,5,3,5,2,0,1,0,0,0,0,1,789605.7509,5818068.152,13.26106172,52.43592681
8,8010117.0,Schillerpromenade,8100102.0,2018,12,18,2,2,5,3,2,1,0,0,0,0,1,800025.755,5823615.837,13.41887378,52.48003781
1,1033102.0,Gesundbrunnen,1300733.0,2018,12,14,2,3,6,4,0,1,1,0,0,0,0,797068.8698,5831457.448,13.38246412,52.55194576
6,6010101.0,Fichtenberg,6100101.0,2018,12,14,2,2,0,1,0,0,0,0,0,0,0,792466.3267,5820804.281,13.3054174,52.45893383
6,6040810.0,Dahlem,6400844.0,2018,12,13,2,3,5,3,0,1,0,0,0,0,0,790574.1963,5819763.715,13.27674225,52.45061428
3,3030715.0,Heinersdorf,3300516.0,2018,12,13,2,3,5,2,0,1,0,0,0,0,0,800718.913,5833630.552,13.43810556,52.56942074
1,1044202.0,Sparrplatz,1401047.0,2018,12,11,2,3,3,6,0,1,0,0,0,0,0,795594.138,5830507.342,13.35993133,52.54423126
2,2050802.0,Boxhagener Platz,2500833.0,2018,12,1,1,3,0,1,2,0,0,0,0,0,1,802180.7115,5827134.287,13.45370041,52.51038572
2,2010103.0,Moritzplatz,2100105.0,2018,12,1,7,3,5,2,2,1,0,0,0,0,0,799148.0138,5825786.315,13.4079362,52.49997464
11,11051229.0,Rummelsburg,11501238.0,2018,12,20,7,2,1,7,2,0,0,0,0,0,1,804938.3628,5825180.458,13.49241997,52.49133999
8,8010212.0,Rollberg,8100207.0,2018,12,19,7,2,5,3,2,1,0,0,0,0,0,801299.6084,5823075.973,13.43708675,52.47449756
11,11040926.0,Weitlingstraße,11400930.0,2018,12,10,7,2,0,1,0,0,0,0,0,0,1,805511.1745,5826402.14,13.50195094,52.50196897
4,4030621.0,Spreestadt,4300620.0,2018,12,10,7,3,5,7,0,1,0,0,0,0,1,793133.2429,5827751.134,13.32131586,52.52085271
3,3051017.0,Rennbahnstraße,3501037.0,2018,12,10,6,3,5,7,0,1,0,0,0,0,1,802289.3817,5833109.289,13.46073187,52.56387893
11,11030618.0,Fennpfuhl West,11300618.0,2018,12,9,6,2,0,7,1,0,0,0,0,0,1,802589.0571,5828801.391,13.46121525,52.52510148
12,12301203.0,Wittenau Süd,12500926.0,2019,1,13,6,3,5,3,0,1,0,0,0,0,1,794062.2837,5835083.823,13.34146,52.58609
3,3040818.0,Pankow Süd,3400830.0,2019,1,9,5,3,5,3,0,1,0,0,0,0,0,799130.4007,5832327.415,13.41356,52.55862
12,12103115.0,Breitkopfbecken,12100103.0,2019,3,21,6,3,0,1,2,0,0,0,0,0,0,795437.613,5833549.454,13.36034,52.57159
1,1011202.0,Unter den Linden Nord,1100206.0,2019,1,11,1,3,5,3,0,0,0,0,0,0,1,796921.4533,5827454.815,13.37672,52.51615
2,2050602.0,Samariterviertel,2500728.0,2019,1,8,4,3,5,3,1,1,0,0,0,0,1,803093.6713,5827633.678,13.46757,52.51436
2,2050802.0,Boxhagener Platz,2500834.0,2019,1,19,3,3,2,6,2,0,0,0,0,0,1,802102.7227,5827496.005,13.45288,52.51367
10,10010309.0,Springpfuhl,10100312.0,2019,2,10,4,2,5,3,0,1,0,0,0,0,0,807954.8651,5828854.359,13.54011,52.52257
1,1011202.0,Unter den Linden Nord,1100206.0,2019,1,11,1,3,5,3,0,0,0,0,0,0,1,796921.547,5827454.83,13.37672,52.51615
7,7070701.0,Kettinger Straße/Schillerstraße,7601442.0,2019,2,12,6,3,5,2,0,1,0,0,0,0,0,799228.1451,5816332.377,13.40064,52.41519
3,3040818.0,Pankow Süd,3400830.0,2019,1,18,6,3,5,3,2,1,0,0,0,0,1,800139.2984,5832459.026,13.42852,52.55924
3,3040513.0,Schönholz,3400620.0,2019,1,20,4,3,5,3,2,0,0,0,0,1,0,798015.5569,5833645.408,13.39835,52.57104
7,7020203.0,Kaiser-Wilhelm-Platz,7200409.0,2019,1,18,6,3,1,5,2,1,0,0,0,0,1,795657.4056,5823950.336,13.35504,52.48542
6,6010101.0,Fichtenberg,6100101.0,2019,1,18,5,3,5,2,2,1,0,0,0,0,0,793138.1878,5820207.459,13.31475,52.45322
1,1011303.0,Alexanderplatzviertel,1100310.0,2019,3,17,7,3,2,7,1,1,0,0,0,0,0,798880.6566,5828063.986,13.40605,52.52054
1,1022202.0,Heidestraße,1200624.0,2019,2,16,5,3,0,6,0,1,0,0,0,0,0,795888.3757,5829545.262,13.3634,52.53545
3,3061126.0,Arnimplatz,3601141.0,2019,1,14,2,3,0,2,1,1,0,0,0,0,0,799219.3518,5831430.524,13.41406,52.55053
1,1011303.0,Alexanderplatzviertel,1100310.0,2019,2,10,4,1,5,2,0,0,0,0,1,0,0,799571.012,5828269.929,13.41638,52.522
7,7050502.0,Fritz-Werner-Straße,7501133.0,2019,1,14,6,3,5,2,0,1,0,0,0,0,0,797550.088,5818304.145,13.37779,52.43378
2,2050602.0,Samariterviertel,2500728.0,2019,2,20,4,3,2,6,2,0,0,0,0,0,0,802738.9367,5827670.928,13.46239,52.51489
3,3061131.0,Falkplatz,3601142.0,2019,2,18,4,3,6,4,1,0,1,0,0,0,0,799173.1409,5830789.648,13.41281,52.54481
3,3071633.0,Thälmannpark,3701657.0,2019,2,19,3,3,1,5,2,1,0,0,0,0,0,800375.4147,5830010.81,13.42978,52.53717
1,1011201.0,Wilhelmstraße,1100205.0,2019,3,14,7,3,4,6,0,1,0,0,0,0,1,797242.2649,5826765.307,13.38082,52.50979
2,2040703.0,Wriezener Bahnhof/Entwicklungsgebiet,2400625.0,2019,2,13,5,3,5,3,0,0,0,0,0,0,0,801808.5744,5826347.661,13.44752,52.50354
3,3061429.0,Greifswalder Straße,3601449.0,2019,1,12,3,3,5,2,0,0,0,0,1,0,0,800973.4348,5830485.581,13.439,52.54109
1,1011303.0,Alexanderplatzviertel,1100310.0,2019,3,22,5,3,2,2,2,0,0,0,0,1,0,798782.3916,5827998.141,13.40455,52.52
3,3050925.0,Komponistenviertel Weißensee,3500936.0,2019,2,14,7,3,5,3,0,1,0,0,0,0,0,801544.955,5831193.727,13.44804,52.54712
1,1011303.0,Alexanderplatzviertel,1100310.0,2019,1,12,3,3,3,6,0,1,0,0,0,0,0,799038.7403,5827532.034,13.4079,52.51568
3,3061228.0,Erich-Weinert-Straße,3601245.0,2019,2,17,6,3,3,6,1,1,0,0,0,0,0,800199.4127,5831003.09,13.42809,52.54616
1,1011303.0,Alexanderplatzviertel,1100310.0,2019,2,18,4,3,2,2,2,1,0,0,0,0,0,799784.198,5828665.245,13.41987,52.52543
3,3071639.0,Bötzowstraße,3701660.0,2019,2,18,6,3,1,5,2,0,0,0,0,1,0,800548.4152,5829803.14,13.43213,52.53521
2,2050801.0,Traveplatz,2500830.0,2019,2,15,4,3,3,6,0,1,0,0,0,0,0,802176.3781,5827706.48,13.45416,52.51552
3,3051017.0,Rennbahnstraße,3501037.0,2019,2,15,3,3,5,3,0,1,0,0,0,0,0,802970.0026,5833351.904,13.47096,52.56568
2,2050802.0,Boxhagener Platz,2500834.0,2019,1,16,5,3,5,2,0,1,0,0,0,0,0,802111.7113,5827388.097,13.45292,52.5127
2,2050602.0,Samariterviertel,2500728.0,2019,2,15,5,3,6,7,0,0,1,0,0,0,0,803127.5388,5827630.323,13.46806,52.51431
4,4020313.0,Königin-Elisabeth-Straße,4200311.0,2019,2,9,2,3,5,7,0,1,0,0,0,0,0,790418.1825,5826358.666,13.2802,52.50982