district,LOR,street,LOR_2021,year,month,hour,weekday,category,accident_kind,accident_type,light_condition,car,pedestrian,motorcycle,goods_vehicle,others,road_condition,LINREFX,LINREFY,XGCSWGS84,YGCSWGS84
1,1011303.0,Alexanderplatzviertel,1100310.0,2019,3,7,5,3,0,5,0,1,0,0,0,0,1,799676.435,5828479.042,13.41812,52.52382
3,3040818.0,Pankow Süd,3400830.0,2019,1,14,4,3,1,5,0,1,0,0,0,0,0,799114.5836,5832339.21,13.41334,52.55873
3,3061126.0,Arnimplatz,3601141.0,2019,2,15,7,3,5,2,0,1,0,0,0,0,0,799197.1111,5831455.217,13.41376,52.55076
3,3020209.0,Niederschönhausen,3200205.0,2019,2,17,4,3,5,7,2,0,0,0,0,1,0,798058.6127,5834034.665,13.39933,52.57451
3,3020209.0,Niederschönhausen,3200205.0,2019,1,17,3,3,5,3,1,1,0,0,0,0,1,798153.5636,5836012.726,13.40251,52.59218
3,3061131.0,Falkplatz,3601142.0,2019,2,15,4,3,4,6,0,0,0,0,0,0,0,799148.8088,5830786.734,13.41245,52.5448
4,4020208.0,Kranzallee,4200206.0,2019,3,10,4,3,0,6,0,1,0,0,0,0,1,788846.577,5826110.734,13.25689,52.50843
3,3020209.0,Niederschönhausen,3200205.0,2019,2,11,6,3,5,3,0,1,0,0,0,0,0,798165.5959,5836120.966,13.40278,52.59315
9,9020601.0,Schnellerstraße,9200613.0,2019,2,18,5,3,5,2,2,1,0,0,0,0,0,806524.0535,5821210.689,13.51205,52.45487
1,1011201.0,Wilhelmstraße,1100205.0,2019,2,11,2,3,3,6,0,0,0,0,1,0,0,797686.5694,5826838.68,13.38741,52.51021
10,10040933.0,Mahlsdorf Süd,10400941.0,2019,3,11,6,3,5,3,0,1,0,0,0,0,1,812564.8469,5827180.932,13.60626,52.50495
7,7040403.0,Manteuffelstraße,7400824.0,2019,2,18,4,3,6,7,1,0,1,0,0,0,0,797835.8254,5822235.162,13.38549,52.46886
2,2050602.0,Samariterviertel,2500728.0,2019,2,15,6,2,0,1,0,0,0,0,0,0,0,802148.993,5827725.845,13.45377,52.51571
2,2050602.0,Samariterviertel,2500728.0,2019,3,13,4,3,5,2,0,1,0,0,0,0,0,803082.7453,5827634.798,13.46741,52.51437
12,12301203.0,Wittenau Süd,12500926.0,2019,2,14,6,3,5,3,0,1,0,0,0,0,0,794053.073,5835100.464,13.34134,52.58624
12,12103218.0,Teichstraße,12100205.0,2019,2,8,4,3,5,2,0,0,0,0,0,1,0,794559.1596,5833821.741,13.34766,52.5745
3,3061131.0,Falkplatz,3601142.0,2019,2,17,5,3,2,2,1,1,0,0,0,0,0,799180.748,5830360.858,13.41253,52.54096
2,2050602.0,Samariterviertel,2500728.0,2019,2,14,6,3,5,3,0,1,0,0,0,0,0,803499.9511,5827608.435,13.47351,52.5139
1,1044203.0,Leopoldplatz,1401049.0,2019,3,13,6,3,1,5,0,1,0,0,0,0,0,795899.6711,5831859.114,13.36563,52.55618
9,9010202.0,Köpenicker Landstraße,9100203.0,2019,1,15,5,3,5,3,0,1,0,0,0,0,0,804104.6469,5824365.095,13.47943,52.4845
2,2010101.0,Askanischer Platz,2100101.0,2019,2,15,3,3,3,6,0,1,0,0,0,0,0,797792.3196,5825524.908,13.38779,52.49837
3,3040513.0,Schönholz,3400620.0,2019,2,14,5,3,2,2,0,1,0,0,0,0,0,798001.2472,5833659.894,13.39815,52.57118
2,2050602.0,Samariterviertel,2500728.0,2019,1,11,3,2,5,3,0,1,0,0,0,0,1,802178.1015,5827715.217,13.45419,52.51559
6,6040701.0,Wannsee,6400735.0,2019,2,23,7,2,5,2,2,1,0,0,0,0,0,783889.2233,5815954.019,13.1754,52.41997
10,10040933.0,Mahlsdorf Süd,10400941.0,2019,3,7,4,3,0,2,0,0,0,0,0,1,0,813046.8131,5827190.738,13.61335,52.50477
2,2020202.0,Rathaus Yorckstraße,2200208.0,2019,1,17,3,3,6,4,1,0,1,0,0,0,1,797848.7873,5825021.385,13.38817,52.49383
7,7020202.0,Volkspark (Rudolf-Wilde-Park),7200308.0,2019,2,14,1,3,5,2,0,1,0,0,0,0,0,795496.134,5823347.6,13.35213,52.4801
3,3071639.0,Bötzowstraße,3701660.0,2019,2,8,6,2,5,2,0,0,0,0,0,0,0,800459.5467,5829705.87,13.43074,52.53439
1,1011303.0,Alexanderplatzviertel,1100310.0,2019,1,17,2,3,2,7,2,1,0,0,0,1,1,799186.2406,5828361.263,13.41081,52.52303
4,4030622.0,Richard-Wagner-Straße,4300621.0,2019,2,18,4,3,5,2,2,1,0,0,0,0,0,792757.4088,5826766.541,13.31493,52.51223
1,1011303.0,Alexanderplatzviertel,1100310.0,2019,2,22,5,3,5,3,2,1,0,0,0,0,1,799313.364,5827964.966,13.41232,52.51941
4,4020208.0,Kranzallee,4200206.0,2019,1,19,7,3,5,2,2,1,0,0,0,0,1,788939.73,5826125.888,13.25827,52.50852
2,2010101.0,Askanischer Platz,2100101.0,2019,1,16,5,3,5,2,1,1,0,0,0,0,0,797852.921,5825504.699,13.38866,52.49816
7,7050501.0,Rathausstraße,7501030.0,2019,2,9,6,3,5,2,0,1,0,0,0,0,0,797884.346,5820426.679,13.38459,52.45262
3,3061435.0,Conrad-Blenkle-Straße,3601452.0,2019,1,17,5,3,4,6,1,0,0,0,0,0,0,801562.5899,5829002.326,13.44631,52.52747
10,10040933.0,Mahlsdorf Süd,10400941.0,2019,2,7,5,3,5,3,1,1,0,0,0,0,0,812581.7223,5827181.813,13.60651,52.50495
3,3030716.0,Märchenland,3300517.0,2019,1,15,7,3,5,3,1,1,0,0,0,0,1,803322.8267,5833646.058,13.47642,52.56812
2,2050602.0,Samariterviertel,2500728.0,2019,2,7,2,3,0,2,0,1,0,0,0,0,0,802144.4265,5827754.662,13.45373,52.51597
12,12103115.0,Breitkopfbecken,12100103.0,2019,3,8,6,3,6,7,0,0,1,0,0,0,0,795424.1582,5833584.257,13.36017,52.57191
3,3061332.0,Helmholtzplatz,3601346.0,2019,2,7,2,3,5,3,0,1,0,0,0,0,0,799592.4359,5830298.953,13.41853,52.54018
7,7040403.0,Manteuffelstraße,7400824.0,2019,6,1,7,3,5,3,2,1,0,0,0,0,0,797846.3094,5822358.011,13.38575,52.46996
3,3061228.0,Erich-Weinert-Straße,3601245.0,2019,6,8,6,3,6,4,0,0,1,0,0,0,0,800154.9643,5830844.128,13.42729,52.54476
7,7020202.0,Volkspark (Rudolf-Wilde-Park),7200308.0,2019,11,14,5,2,5,2,0,1,0,0,0,0,0,795233.8046,5823511.498,13.34843,52.48171
2,2050602.0,Samariterviertel,2500728.0,2019,8,16,5,3,4,6,0,0,0,0,0,1,0,802733.5528,5827686.549,13.46232,52.51503
6,6040703.0,Nikolassee,6400737.0,2019,8,15,5,3,0,3,0,1,0,0,0,0,0,786710.2127,5817015.39,13.21768,52.42801
4,4030417.0,Schloßstraße,4300414.0,2019,8,16,5,3,0,3,0,1,0,0,0,0,0,791299.7182,5826502.104,13.29328,52.51064
2,2050602.0,Samariterviertel,2500728.0,2019,8,14,5,3,0,1,0,1,0,0,0,0,0,802149.1628,5827848.079,13.45389,52.5168
4,4020208.0,Kranzallee,4200206.0,2019,9,17,7,3,0,1,0,0,0,0,0,0,0,787967.6472,5825968.86,13.24385,52.50763
2,2040703.0,Wriezener Bahnhof/Entwicklungsgebiet,2400625.0,2019,9,19,7,2,0,7,2,0,0,0,0,0,0,801810.2187,5826351.449,13.44755,52.50357
6,6030501.0,Berlepschstraße,6300524.0,2019,8,9,5,3,0,7,0,0,0,0,0,0,0,787857.2918,5817527.365,13.23495,52.432
3,3020209.0,Niederschönhausen,3200205.0,2019,6,11,2,3,5,3,0,1,0,0,0,0,0,798175.8317,5836248.322,13.40305,52.59428
3,3061434.0,Anton-Saefkow-Park,3601451.0,2019,9,9,7,3,5,3,0,1,0,0,0,0,0,800844.0566,5830325.926,13.43695,52.53973
2,2020201.0,Gleisdreieck/Entwicklungsgebiet,2200207.0,2019,6,16,6,3,5,3,0,1,0,0,0,0,0,797065.0884,5825692.492,13.37726,52.50027
1,1044203.0,Leopoldplatz,1401049.0,2019,6,7,6,3,1,5,0,1,0,0,0,0,0,795927.4272,5831703.709,13.3659,52.55477
1,1011303.0,Alexanderplatzviertel,1100310.0,2019,8,21,4,3,0,1,2,0,0,0,0,0,0,799254.9966,5827906.665,13.41141,52.51892
2,2050602.0,Samariterviertel,2500728.0,2019,9,8,7,3,8,1,0,1,0,0,0,0,0,802124.5432,5828064.606,13.45372,52.51876
2,2040701.0,Andreasviertel,2400623.0,2019,5,16,3,2,0,1,0,0,0,0,0,0,0,800940.9442,5827855.448,13.43614,52.51753
1,1011102.0,Großer Tiergarten,1100102.0,2019,6,0,4,3,0,7,2,0,0,0,0,0,0,794603.4001,5827079.287,13.34233,52.51404
1,1011102.0,Großer Tiergarten,1100102.0,2019,9,16,7,3,6,7,0,0,1,0,0,0,0,796735.8683,5827424.069,13.37397,52.51597
11,11041022.0,Rosenfelder Ring,11401032.0,2019,5,18,3,3,3,2,0,0,0,0,0,1,0,805619.7501,5827378.174,13.50444,52.51066
1,1011104.0,Körnerstraße,1100104.0,2019,5,21,3,3,0,3,2,0,0,1,0,0,0,796349.339,5826136.498,13.36714,52.50464
7,7050502.0,Fritz-Werner-Straße,7501133.0,2019,9,16,6,3,5,2,0,0,0,0,0,1,0,797630.5181,5818588.048,13.37923,52.43628
3,3061131.0,Falkplatz,3601142.0,2019,5,16,3,3,1,5,0,0,0,0,0,1,0,799210.6061,5831232.045,13.41376,52.54875
2,2050802.0,Boxhagener Platz,2500834.0,2019,10,17,6,3,3,6,0,1,0,0,0,0,1,802136.9021,5827508.37,13.4534,52.51376
3,3071639.0,Bötzowstraße,3701660.0,2019,6,16,2,2,2,7,0,1,0,0,0,0,0,800048.4507,5829001.055,13.42406,52.5283
4,4030622.0,Richard-Wagner-Straße,4300621.0,2019,8,18,3,3,6,6,0,0,1,0,0,0,0,792510.6618,5826724.981,13.31126,52.51199
2,2050602.0,Samariterviertel,2500728.0,2019,9,7,6,3,3,6,0,0,0,0,0,0,0,802691.9882,5827690.948,13.46172,52.51509
3,3061435.0,Conrad-Blenkle-Straße,3601452.0,2019,8,10,3,3,5,3,0,0,0,0,0,0,0,801390.507,5829230.814,13.44399,52.52961
3,3061434.0,Anton-Saefkow-Park,3601451.0,2019,10,17,7,3,0,3,0,1,0,0,0,0,0,800711.625,5829858.49,13.43458,52.53562
3,3061435.0,Conrad-Blenkle-Straße,3601452.0,2019,6,19,6,3,0,1,0,0,0,0,0,0,0,801390.839,5829230.374,13.444,52.52961
1,1011303.0,Alexanderplatzviertel,1100310.0,2019,9,12,6,3,5,2,0,0,0,0,0,1,0,798799.3675,5828014.712,13.40482,52.52014
2,2050602.0,Samariterviertel,2500728.0,2019,6,11,6,3,5,2,0,0,0,0,0,0,0,802451.8358,5827716.677,13.45821,52.51546
2,2050602.0,Samariterviertel,2500728.0,2019,8,14,3,3,5,3,0,1,0,0,0,0,0,802119.8959,5828034.867,13.45362,52.51849
2,2040701.0,Andreasviertel,2400623.0,2019,8,7,3,3,5,2,0,1,0,0,0,0,0,800955.2924,5827853.86,13.43635,52.51751
4,4030621.0,Spreestadt,4300620.0,2019,5,8,3,3,3,6,0,1,0,0,0,0,0,794023.8167,5826962.253,13.33371,52.5133
7,7050501.0,Rathausstraße,7501030.0,2019,6,11,3,3,5,3,0,1,0,0,0,0,0,797936.838,5820057.136,13.38503,52.44928
1,1011303.0,Alexanderplatzviertel,1100310.0,2019,12,17,6,3,5,3,2,1,0,0,0,0,1,798821.9013,5828008.617,13.40514,52.52007
3,3020209.0,Niederschönhausen,3200205.0,2019,8,6,3,3,5,3,0,1,0,0,0,0,0,798329.4716,5834773.38,13.40398,52.58098
3,3050925.0,Komponistenviertel Weißensee,3500936.0,2019,10,8,3,3,5,2,0,1,0,0,0,0,0,801548.726,5831172.535,13.44808,52.54693
11,11030721.0,Rüdigerstraße,11300722.0,2019,9,17,5,2,5,3,0,1,0,0,0,0,0,803720.4894,5827570.233,13.47672,52.51344
3,3061131.0,Falkplatz,3601142.0,2019,5,16,2,3,5,3,0,0,0,0,0,1,0,799165.6783,5830373.868,13.41232,52.54109
1,1011304.0,Karl-Marx-Allee,1100311.0,2019,6,15,6,2,0,6,0,0,0,0,0,0,0,799988.8969,5828081.823,13.42236,52.52009
3,3020209.0,Niederschönhausen,3200205.0,2019,9,9,5,3,0,1,0,0,0,0,0,0,0,798158.7664,5836482.58,13.40301,52.59639
10,10010308.0,Marzahner Chaussee,10100311.0,2019,8,17,2,3,5,3,0,0,0,0,0,0,0,808026.3396,5827457.771,13.53986,52.51002
11,11030721.0,Rüdigerstraße,11300722.0,2019,5,7,2,3,5,2,0,1,0,0,0,0,0,804062.5683,5827550.876,13.48172,52.51307
2,2010101.0,Askanischer Platz,2100101.0,2019,6,11,3,3,5,3,0,1,0,0,0,0,0,797853.6638,5825504.451,13.38867,52.49816
2,2050802.0,Boxhagener Platz,2500834.0,2019,9,17,5,3,3,7,0,1,0,0,0,0,0,802019.5425,5826954.069,13.45117,52.50886
1,1044201.0,Reinickendorfer Straße,1401045.0,2019,5,10,2,3,3,6,0,0,0,0,0,0,0,796060.0778,5831336.128,13.36752,52.55141
1,1011102.0,Großer Tiergarten,1100102.0,2019,10,15,4,3,4,6,0,0,0,0,0,1,1,796345.1834,5827359.83,13.36817,52.51561
11,11010101.0,Dorf Malchow,11100101.0,2019,9,17,5,3,0,2,0,1,0,0,0,0,0,803699.3878,5834826.094,13.48304,52.57848
12,12103219.0,Schäfersee,12100204.0,2019,6,7,5,3,3,6,0,0,0,0,1,0,0,795727.819,5832801.138,13.36394,52.56472
2,2020202.0,Rathaus Yorckstraße,2200208.0,2019,11,15,6,3,2,6,0,0,0,0,0,0,0,797883.1358,5825415.196,13.38903,52.49734
7,7030303.0,Grazer Platz,7300619.0,2019,9,8,6,3,0,1,0,0,0,0,0,0,1,795635.8318,5823239.067,13.35409,52.47905
7,7020203.0,Kaiser-Wilhelm-Platz,7200409.0,2019,5,16,1,3,2,6,0,1,0,0,0,1,0,795930.5401,5824446.477,13.35949,52.48972
3,3061131.0,Falkplatz,3601142.0,2019,9,9,5,3,4,6,0,0,0,0,0,0,0,799150.9887,5830806.274,13.4125,52.54497
1,1011102.0,Großer Tiergarten,1100102.0,2019,8,22,7,3,6,7,2,0,1,0,0,0,0,796741.2572,5827439.338,13.37406,52.51611
7,7050502.0,Fritz-Werner-Straße,7501133.0,2019,9,7,5,3,5,3,0,1,0,0,0,0,0,797842.242,5818949.306,13.38265,52.4394
9,9010101.0,Elsenstraße,9100101.0,2019,6,16,5,3,5,2,0,1,0,0,0,0,1,802690.1766,5825212.272,13.45944,52.49288
7,7040401.0,Neu-Tempelhof,7400721.0,2019,8,20,6,2,0,1,2,0,0,0,0,0,0,797793.8998,5823466.041,13.38597,52.47992
1,1033203.0,Humboldthain Nordwest,1300836.0,2019,9,6,5,3,5,2,0,1,0,0,0,0,0,796316.1864,5830076.215,13.37016,52.53997
6,6040701.0,Wannsee,6400735.0,2019,8,19,6,2,0,1,0,0,0,0,0,0,0,782617.4543,5815791.127,13.15661,52.41917
2,2050602.0,Samariterviertel,2500728.0,2019,6,9,2,3,5,2,0,1,0,0,0,0,0,802594.1864,5827701.306,13.46029,52.51524
7,7050502.0,Fritz-Werner-Straße,7501133.0,2019,9,16,4,3,5,2,0,1,0,0,0,0,0,798181.752,5818924.81,13.38761,52.439
3,3061332.0,Helmholtzplatz,3601346.0,2019,11,3,7,3,5,3,2,1,0,0,0,0,0,799297.9475,5830349.813,13.41424,52.5408
2,2020203.0,Viktoriapark,2200207.0,2019,8,23,6,3,0,7,2,0,0,0,0,0,0,797753.6242,5824436.376,13.38625,52.48864
3,3040818.0,Pankow Süd,3400830.0,2019,10,17,3,2,5,3,0,1,0,0,0,0,0,800161.8722,5832359.312,13.42876,52.55833
3,3020209.0,Niederschönhausen,3200205.0,2019,5,11,5,3,0,7,0,0,0,0,0,0,0,798144.5544,5835933.659,13.40231,52.59148
4,4030417.0,Schloßstraße,4300414.0,2019,9,14,7,3,5,2,0,1,0,0,0,0,1,791294.8726,5826501.352,13.2932,52.51063
1,1033203.0,Humboldthain Nordwest,1300836.0,2019,6,7,3,3,5,2,0,1,0,0,0,0,0,796198.646,5830206.42,13.36855,52.54121
3,3061228.0,Erich-Weinert-Straße,3601245.0,2019,9,10,3,3,6,6,0,0,1,0,0,0,0,800168.971,5830827.39,13.42748,52.5446
12,12103117.0,Letteplatz,12100101.0,2019,5,12,5,3,5,3,0,1,0,0,0,0,0,795811.274,5832439.708,13.36485,52.56144
1,1044201.0,Reinickendorfer Straße,1401045.0,2019,6,15,4,3,1,5,0,0,0,0,0,1,0,796206.9153,5830826.654,13.36923,52.54676
4,4020208.0,Kranzallee,4200206.0,2019,8,15,6,2,5,3,0,1,0,0,0,0,0,788939.73,5826125.888,13.25827,52.50852
3,3050925.0,Komponistenviertel Weißensee,3500936.0,2019,5,10,5,3,0,1,0,0,0,0,0,0,0,802522.8567,5831672.899,13.46286,52.55088
12,12103218.0,Teichstraße,12100205.0,2019,11,12,6,3,5,2,0,1,0,0,0,0,0,794461.1322,5834349.299,13.34668,52.57928
9,9010101.0,Elsenstraße,9100101.0,2019,9,18,3,2,6,4,0,0,1,0,0,0,1,802615.9638,5825142.127,13.45828,52.49229
1,1011303.0,Alexanderplatzviertel,1100310.0,2019,5,8,5,3,1,5,0,0,0,0,0,1,0,799013.0963,5828214.173,13.40814,52.52181
2,2020202.0,Rathaus Yorckstraße,2200208.0,2019,8,17,5,3,5,2,0,1,0,0,0,0,0,797898.3103,5825432.668,13.38926,52.49749
2,2050602.0,Samariterviertel,2500728.0,2019,5,22,4,3,0,6,2,0,1,0,0,0,0,802045.0249,5828039.686,13.45253,52.51858
3,3061126.0,Arnimplatz,3601141.0,2019,8,17,5,3,5,2,0,0,0,0,0,1,0,799216.4496,5832076.54,13.4146,52.55632
3,3040818.0,Pankow Süd,3400830.0,2019,5,18,4,2,5,3,0,1,0,0,0,0,0,800040.4483,5832914.222,13.42748,52.56337
1,1011303.0,Alexanderplatzviertel,1100310.0,2019,10,13,7,3,3,6,0,0,0,0,0,0,0,799727.6727,5828567.224,13.41895,52.52458
11,11030721.0,Rüdigerstraße,11300722.0,2019,9,14,3,3,5,3,0,1,0,0,0,0,1,804068.2978,5827550.295,13.48181,52.51307
3,3020203.0,Blankenfelde,3200204.0,2019,8,16,5,3,5,2,0,1,0,0,0,0,0,796447.267,5840400.385,13.38133,52.63245
4,4030417.0,Schloßstraße,4300414.0,2019,5,17,4,3,2,7,0,1,0,0,0,0,0,791790.4806,5826582.608,13.30056,52.5111
6,6030501.0,Berlepschstraße,6300524.0,2019,12,8,6,3,5,3,0,1,0,0,0,0,0,788208.388,5817684.025,13.24023,52.43322
2,2050602.0,Samariterviertel,2500728.0,2019,6,15,3,3,5,2,0,1,0,0,0,0,0,802144.468,5827754.513,13.45373,52.51596
1,1011202.0,Unter den Linden Nord,1100206.0,2019,11,10,1,3,0,6,0,0,0,0,0,1,0,798289.2418,5827697.44,13.39704,52.51758
11,11030721.0,Rüdigerstraße,11300722.0,2019,9,7,3,3,5,2,0,1,0,1,0,0,0,804904.3765,5827465.101,13.49401,52.51184
2,2040503.0,Richard-Sorge-Viertel,2400522.0,2019,6,8,3,2,3,6,0,0,0,0,0,0,0,801872.0535,5827776.15,13.44975,52.51631
1,1011105.0,Nördlicher Landwehrkanal,1100102.0,2019,8,15,5,3,5,2,0,1,0,0,0,0,0,796420.8654,5826329.938,13.36836,52.50634
1,1011204.0,Leipziger Straße,1100207.0,2019,11,15,2,3,0,6,0,0,0,0,1,1,1,797750.0895,5826848.821,13.38835,52.51026
9,9010202.0,Köpenicker Landstraße,9100203.0,2019,4,13,3,3,5,3,0,1,0,0,0,0,0,804104.6469,5824365.095,13.47943,52.4845
2,2050602.0,Samariterviertel,2500728.0,2019,6,8,3,3,5,2,0,0,0,0,0,1,0,802124.7546,5828063.409,13.45372,52.51874
2,2050602.0,Samariterviertel,2500728.0,2019,11,15,4,3,5,2,1,1,0,0,0,1,1,802581.6369,5827686.702,13.46009,52.51511
11,11030721.0,Rüdigerstraße,11300722.0,2019,6,15,4,2,5,2,0,0,0,0,1,0,0,803742.834,5827568.253,13.47704,52.51341
2,2050602.0,Samariterviertel,2500728.0,2019,8,7,5,3,5,3,0,1,0,0,0,0,0,802972.4485,5827662.85,13.46581,52.51468
2,2020203.0,Viktoriapark,2200207.0,2019,4,7,3,3,0,2,0,1,0,0,0,0,0,797759.2269,5824125.584,13.38605,52.48585
3,2040501.0,Barnimkiez,2400520.0,2019,9,16,2,3,3,6,0,1,0,0,0,0,0,799983.857,5828905.997,13.42302,52.52748
3,3061332.0,Helmholtzplatz,3601346.0,2019,8,19,4,2,6,4,0,0,1,0,0,0,0,799950.3511,5830206.136,13.42371,52.53915
3,3061435.0,Conrad-Blenkle-Straße,3601452.0,2019,4,17,3,3,5,2,0,1,0,0,0,0,0,801518.4407,5829102.62,13.44576,52.52839
5,5020628.0,Graetschelsteig,5200633.0,2019,4,19,3,3,2,7,0,1,0,0,0,0,0,784035.3235,5826575.963,13.18659,52.51513
4,4020313.0,Königin-Elisabeth-Straße,4200311.0,2019,9,10,2,3,5,2,0,0,0,0,1,0,0,790514.0274,5826374.665,13.28162,52.50991
7,7020203.0,Kaiser-Wilhelm-Platz,7200409.0,2019,12,18,2,3,5,3,2,1,0,0,0,0,1,795794.936,5824126.932,13.35721,52.48693
1,1011104.0,Körnerstraße,1100104.0,2019,6,21,2,3,0,1,2,0,0,0,0,0,0,796247.0997,5825925.559,13.36545,52.50281
1,1011105.0,Nördlicher Landwehrkanal,1100102.0,2019,8,15,4,3,5,2,0,1,0,0,0,0,0,796420.2339,5826327.806,13.36835,52.50632
3,3050923.0,Weißenseer Spitze,3500934.0,2019,4,18,2,3,6,4,0,0,1,0,0,0,0,800301.2907,5831678.598,13.4302,52.55216
1,1011102.0,Großer Tiergarten,1100102.0,2019,9,9,2,2,5,2,0,1,0,0,0,0,1,796450.2777,5827390.273,13.36974,52.51582
10,10010309.0,Springpfuhl,10100312.0,2019,9,11,1,3,3,6,0,1,0,0,0,0,0,807653.7135,5829957.125,13.5367,52.53263
1,1011303.0,Alexanderplatzviertel,1100310.0,2019,4,11,2,3,5,3,0,0,0,0,1,0,1,799123.2126,5827663.403,13.40926,52.51681
2,2050602.0,Samariterviertel,2500728.0,2019,6,17,4,2,3,6,0,0,0,0,0,0,0,803373.2976,5827605.844,13.47165,52.51395
3,3061429.0,Greifswalder Straße,3601449.0,2019,6,23,2,3,5,3,2,1,0,0,0,0,1,800953.0387,5830502.712,13.43871,52.54126
2,2050602.0,Samariterviertel,2500728.0,2019,6,13,2,2,6,4,0,0,1,0,0,0,0,802842.211,5827675.87,13.46391,52.51487
1,1011102.0,Großer Tiergarten,1100102.0,2019,11,18,4,3,5,3,2,0,0,1,0,0,1,795800.8619,5827269.446,13.36009,52.51509
7,7060601.0,Marienfelder Allee Nordwest,7601236.0,2019,8,7,3,3,5,3,0,1,0,0,0,0,0,796913.2353,5816488.094,13.36684,52.41785
12,12103115.0,Breitkopfbecken,12100103.0,2019,6,16,2,3,1,5,0,1,0,0,0,1,0,795372.3246,5833713.012,13.35952,52.57309
3,3061429.0,Greifswalder Straße,3601449.0,2019,8,15,3,3,5,3,0,1,0,0,0,0,0,801175.0255,5830811.222,13.44226,52.5439
3,3061131.0,Falkplatz,3601142.0,2019,6,15,7,3,0,1,0,0,0,0,0,0,0,799197.8984,5831042.543,13.4134,52.54706
4,4020311.0,Reichsstraße,4200310.0,2019,6,9,2,2,5,3,0,0,0,0,1,0,0,789801.7343,5826261.233,13.27105,52.50928
11,11030721.0,Rüdigerstraße,11300722.0,2019,8,15,3,3,5,2,0,0,0,0,1,0,0,803737.2933,5827585.098,13.47698,52.51356
3,3040818.0,Pankow Süd,3400830.0,2019,4,11,6,3,5,3,0,1,0,0,0,0,0,799131.138,5832326.271,13.41357,52.5586
2,2050601.0,Hausburgviertel,2500726.0,2019,6,8,2,3,5,2,0,0,0,0,1,0,0,801641.132,5828895.333,13.44737,52.52647
7,7040401.0,Neu-Tempelhof,7400721.0,2019,8,15,2,3,0,7,0,0,0,0,0,0,0,797777.7283,5823819.948,13.38605,52.4831
4,4020311.0,Reichsstraße,4200310.0,2019,4,19,6,2,6,4,0,0,1,0,0,0,0,789859.7965,5826230.244,13.27188,52.50897
2,2050602.0,Samariterviertel,2500728.0,2019,11,10,3,3,5,2,0,1,0,0,0,0,0,802592.0568,5827701.53,13.46026,52.51524
1,1011202.0,Unter den Linden Nord,1100206.0,2019,6,18,3,3,0,6,0,0,0,0,0,1,0,797244.8936,5827533.792,13.38154,52.51668
2,2020202.0,Rathaus Yorckstraße,2200208.0,2019,10,10,3,3,2,2,0,0,0,0,0,1,0,797899.2026,5825428.51,13.38927,52.49745
1,1033203.0,Humboldthain Nordwest,1300836.0,2019,8,15,2,3,5,2,0,1,0,0,0,0,0,796285.7975,5830277.485,13.3699,52.5418
3,3071639.0,Bötzowstraße,3701660.0,2019,6,22,1,3,0,7,2,0,0,0,0,0,0,800118.0762,5829112.295,13.42518,52.52925
10,10040933.0,Mahlsdorf Süd,10400941.0,2019,6,13,2,3,5,3,0,1,0,0,0,0,0,813337.299,5827199.225,13.61762,52.50467
6,6040701.0,Wannsee,6400735.0,2019,4,12,6,3,0,5,0,1,0,0,0,0,0,782904.5061,5815862.169,13.16088,52.41965
9,9010101.0,Elsenstraße,9100101.0,2019,6,12,1,3,5,2,0,1,0,0,0,0,0,802585.0186,5825068.876,13.45776,52.49165
1,1011102.0,Großer Tiergarten,1100102.0,2019,4,10,5,2,5,2,0,0,0,1,0,0,0,796554.3067,5827804.02,13.37164,52.51948
6,6040701.0,Wannsee,6400735.0,2019,6,15,1,3,1,5,0,1,0,0,0,0,0,783371.1207,5815994.474,13.16784,52.4206
1,1011303.0,Alexanderplatzviertel,1100310.0,2019,8,11,1,3,1,5,0,1,0,0,0,0,0,798712.7876,5827925.912,13.40346,52.51939
3,3050925.0,Komponistenviertel Weißensee,3500936.0,2019,4,17,5,3,1,5,0,1,0,0,0,0,0,802044.4813,5831477.616,13.45565,52.54939
3,3040818.0,Pankow Süd,3400830.0,2019,9,19,7,3,5,3,1,1,0,0,0,0,0,798705.807,5832902.57,13.40784,52.564
11,11040926.0,Weitlingstraße,11400929.0,2019,10,7,5,3,0,7,1,1,0,0,0,0,1,806431.8442,5827357.94,13.51635,52.51002
4,4030417.0,Schloßstraße,4300414.0,2019,6,14,1,3,3,6,0,0,0,0,0,0,0,791640.7005,5826578.761,13.29835,52.51114
2,2020202.0,Rathaus Yorckstraße,2200208.0,2019,4,15,5,3,5,2,0,1,0,0,0,0,0,797898.7256,5825430.732,13.38927,52.49747
4,4030417.0,Schloßstraße,4300414.0,2019,9,15,7,3,6,4,0,0,1,0,0,0,0,791841.9591,5826612.732,13.30134,52.51134
4,4030622.0,Richard-Wagner-Straße,4300621.0,2019,4,16,5,2,5,2,0,1,0,0,0,0,0,792738.8413,5826741.842,13.31463,52.51202
2,2050802.0,Boxhagener Platz,2500834.0,2019,9,18,2,3,3,6,1,0,0,0,0,0,0,802027.6343,5826990.444,13.45132,52.50918
1,1011105.0,Nördlicher Landwehrkanal,1100102.0,2019,6,9,4,3,5,3,0,1,0,0,0,0,0,796775.2185,5826670.717,13.37387,52.5092
6,6030503.0,Zehlendorf Mitte,6300527.0,2019,9,16,6,3,0,2,0,1,0,0,0,0,0,789579.521,5817961.039,13.26058,52.43498
3,3061131.0,Falkplatz,3601142.0,2019,4,15,5,3,6,4,0,0,1,0,0,0,0,799182.6296,5830889.965,13.41304,52.5457
2,2050602.0,Samariterviertel,2500728.0,2019,11,23,6,3,5,2,2,1,0,0,0,0,1,802149.0888,5827727.21,13.45377,52.51572
1,1011202.0,Unter den Linden Nord,1100206.0,2019,10,16,5,3,4,7,0,0,0,0,0,1,0,798193.3008,5827681.868,13.39561,52.51749
7,7020203.0,Kaiser-Wilhelm-Platz,7200409.0,2019,6,19,7,3,1,5,0,0,0,0,0,1,0,795820.2005,5824178.934,13.35763,52.48738
2,2050601.0,Hausburgviertel,2500726.0,2019,4,18,4,3,5,3,0,1,0,0,0,0,0,801666.9174,5828906.274,13.44776,52.52655
2,2040703.0,Wriezener Bahnhof/Entwicklungsgebiet,2400625.0,2019,8,15,5,3,0,6,0,0,1,0,0,0,0,801801.3369,5826330.985,13.4474,52.5034
6,6040703.0,Nikolassee,6400737.0,2019,4,18,4,3,5,3,0,1,0,0,0,0,0,785697.0089,5816404.718,13.2023,52.42307
12,12231101.0,Hermsdorf,12400723.0,2019,9,8,6,3,5,3,0,1,0,0,0,0,0,791926.8619,5838837.031,13.31334,52.62088
1,1011105.0,Nördlicher Landwehrkanal,1100102.0,2019,8,15,5,3,5,3,0,1,0,0,0,0,0,796446.5528,5826426.696,13.36883,52.50719
7,7040401.0,Neu-Tempelhof,7400721.0,2019,6,20,3,3,1,5,0,1,0,0,0,0,0,797807.1694,5822854.121,13.38562,52.47442