district,LOR,street,LOR_2021,year,month,hour,weekday,category,accident_kind,accident_type,light_condition,car,pedestrian,motorcycle,goods_vehicle,others,road_condition,LINREFX,LINREFY,XGCSWGS84,YGCSWGS84
7,7050502.0,Fritz-Werner-Straße,7501133.0,2019,8,10,5,3,5,3,0,1,0,0,0,0,0,797543.6043,5818275.463,13.37767,52.43352
2,2050602.0,Samariterviertel,2500728.0,2019,4,8,4,2,0,2,0,1,0,0,0,0,0,802638.1833,5827696.658,13.46093,52.51517
2,2040502.0,Friedenstraße,2400521.0,2019,7,11,4,2,0,7,0,0,0,0,0,0,0,801101.1608,5827854.875,13.43849,52.51744
3,3050925.0,Komponistenviertel Weißensee,3500936.0,2019,6,9,3,3,3,6,0,0,0,0,0,1,0,801625.28,5831258.453,13.44928,52.54766
6,6030605.0,Botanischer Garten,6300629.0,2019,9,13,5,2,0,7,0,0,0,0,0,0,0,791258.3711,5818953.72,13.28608,52.44299
1,1011105.0,Nördlicher Landwehrkanal,1100102.0,2019,7,22,4,3,5,2,2,1,0,0,0,0,1,796420.2339,5826327.806,13.36835,52.50632
11,11030721.0,Rüdigerstraße,11300722.0,2019,11,7,4,2,5,2,0,1,0,0,0,0,1,804910.9235,5827464.538,13.49411,52.51183
2,2050602.0,Samariterviertel,2500728.0,2019,7,14,4,3,0,6,0,0,0,0,0,0,0,803298.6276,5827613.424,13.47056,52.51406
2,2040503.0,Richard-Sorge-Viertel,2400522.0,2019,9,9,5,3,3,6,0,0,0,0,0,0,0,801423.4153,5827821.687,13.4432,52.51697
4,4020313.0,Königin-Elisabeth-Straße,4200311.0,2019,7,13,4,3,5,2,0,0,0,0,1,0,0,790539.6547,5826379.005,13.282,52.50994
6,6030503.0,Zehlendorf Mitte,6300527.0,2019,4,11,3,3,5,7,0,1,0,0,0,0,0,789806.2785,5817997.214,13.26394,52.43518
9,9010101.0,Elsenstraße,9100101.0,2019,6,20,5,3,6,4,0,0,1,0,0,0,0,802623.8516,5825153.023,13.45841,52.49238
4,4030622.0,Richard-Wagner-Straße,4300621.0,2019,5,13,6,3,5,2,0,1,0,0,0,0,0,792530.1872,5826706.702,13.31153,52.51181
1,1011105.0,Nördlicher Landwehrkanal,1100102.0,2019,7,23,3,3,5,3,2,0,0,0,0,1,0,796761.8094,5826668.139,13.37367,52.50918
3,3040818.0,Pankow Süd,3400830.0,2019,5,19,6,2,1,5,1,1,0,0,0,0,1,799020.1086,5832456.654,13.41206,52.55983
3,3061131.0,Falkplatz,3601142.0,2019,7,10,3,3,5,2,0,1,0,0,0,0,0,799165.6544,5830375.764,13.41232,52.5411
3,3020209.0,Niederschönhausen,3200205.0,2019,4,15,3,3,5,2,0,1,0,0,0,0,0,798156.5373,5836034.116,13.40257,52.59237
2,2040701.0,Andreasviertel,2400623.0,2019,12,6,6,3,2,2,2,1,0,0,0,0,2,800965.48,5827869.077,13.43651,52.51764
3,3050925.0,Komponistenviertel Weißensee,3500936.0,2019,7,22,2,3,1,5,2,1,0,0,0,0,1,801768.2644,5831341.757,13.45146,52.54833
1,1011303.0,Alexanderplatzviertel,1100310.0,2019,7,19,2,3,0,6,0,1,0,0,0,0,1,799537.7873,5828290.475,13.41591,52.52221
2,2050602.0,Samariterviertel,2500728.0,2019,5,12,6,3,5,2,0,1,0,0,0,0,0,803090.9533,5827650.824,13.46754,52.51451
1,1033203.0,Humboldthain Nordwest,1300836.0,2019,7,19,2,3,5,2,0,1,0,0,0,0,1,796270.7976,5830435.403,13.36982,52.54322
7,7050502.0,Fritz-Werner-Straße,7501133.0,2019,10,6,2,3,0,3,1,0,0,0,0,0,1,797517.372,5818159.42,13.37719,52.4325
6,6030503.0,Zehlendorf Mitte,6300527.0,2019,7,16,2,3,0,5,0,1,0,0,0,0,0,789381.241,5818024.569,13.25773,52.43565
2,2050602.0,Samariterviertel,2500728.0,2019,4,12,6,3,6,6,0,0,1,0,0,0,0,802379.3853,5827724.511,13.45716,52.51557
3,3040818.0,Pankow Süd,3400830.0,2019,9,16,3,3,5,2,0,1,0,0,0,0,0,799148.5951,5832225.673,13.41374,52.55769
1,1011303.0,Alexanderplatzviertel,1100310.0,2019,5,4,5,3,5,3,1,1,0,0,0,0,0,799788.505,5828606.632,13.41988,52.5249
2,2050802.0,Boxhagener Platz,2500834.0,2019,6,19,2,3,1,5,0,1,0,0,0,0,0,802050.5554,5827245.004,13.45189,52.51145
2,2050802.0,Boxhagener Platz,2500834.0,2019,12,19,3,3,1,5,2,1,0,0,0,1,0,802093.3197,5827298.508,13.45257,52.51191
7,7040401.0,Neu-Tempelhof,7400721.0,2019,7,8,2,3,0,7,0,0,0,0,0,0,0,797820.982,5822902.835,13.38587,52.47485
4,4020311.0,Reichsstraße,4200310.0,2019,9,12,3,3,0,3,0,1,0,0,0,0,0,790254.7236,5826331.522,13.27777,52.50967
4,4030622.0,Richard-Wagner-Straße,4300621.0,2019,12,20,3,3,5,3,2,1,0,0,0,0,1,792252.8762,5826682.022,13.30744,52.51174
4,4020311.0,Reichsstraße,4200310.0,2019,9,12,3,3,0,3,0,1,0,0,0,0,0,790253.9521,5826331.389,13.27776,52.50966
2,2050601.0,Hausburgviertel,2500726.0,2019,4,10,5,3,6,4,0,0,1,0,0,0,0,801848.5111,5828476.069,13.45004,52.5226
1,1011105.0,Nördlicher Landwehrkanal,1100102.0,2019,11,16,7,2,0,3,1,0,0,0,0,1,0,796554.24,5826609.774,13.37057,52.50877
5,5040936.0,Jägerallee,5400943.0,2019,7,18,1,2,5,3,0,1,0,0,0,0,0,780177.9311,5822275.813,13.12628,52.47857
1,1011104.0,Körnerstraße,1100104.0,2019,9,15,2,3,0,7,0,0,0,0,0,0,1,796323.3157,5826085.27,13.36671,52.5042
9,9020601.0,Schnellerstraße,9200613.0,2019,4,10,5,2,5,3,0,1,0,0,0,0,0,806600.3741,5821135.892,13.51311,52.45416
3,3020209.0,Niederschönhausen,3200205.0,2019,10,8,4,3,2,7,1,1,0,0,0,0,1,798195.9765,5835325.318,13.40252,52.586
10,10030726.0,Alt-Biesdorf,10300733.0,2019,6,7,5,2,5,2,0,1,0,0,0,0,0,808948.2401,5827441.17,13.55339,52.50935
4,4030623.0,Ernst-Reuter-Platz,4300622.0,2019,5,11,4,3,5,7,0,1,0,0,0,0,0,793482.5843,5826888.823,13.32569,52.51293
3,3040614.0,Pankow Zentrum,3400724.0,2019,11,18,5,3,5,2,2,1,0,0,0,0,1,798367.2917,5833482.288,13.40338,52.56939
4,4030417.0,Schloßstraße,4300414.0,2019,7,22,7,2,0,1,2,0,0,0,0,0,0,791699.0087,5826588.62,13.29922,52.5112
3,3020209.0,Niederschönhausen,3200205.0,2019,10,14,1,3,5,2,0,1,0,0,0,0,0,798113.3353,5835761.436,13.40169,52.58995
2,2040503.0,Richard-Sorge-Viertel,2400522.0,2019,7,10,7,3,3,6,0,1,0,0,0,0,0,802023.83,5827761.053,13.45196,52.51609
1,1033203.0,Humboldthain Nordwest,1300836.0,2019,6,8,6,3,5,2,0,1,0,0,0,0,0,796318.2849,5830074.317,13.37019,52.53996
9,9020601.0,Schnellerstraße,9200613.0,2019,7,0,7,2,5,3,2,0,0,1,0,0,0,806605.4902,5821130.875,13.51318,52.45411
12,12103219.0,Schäfersee,12100204.0,2019,4,14,4,3,0,2,0,0,0,0,0,1,0,795766.7536,5832692.731,13.36442,52.56373
4,4030417.0,Schloßstraße,4300414.0,2019,10,13,2,3,2,6,0,1,0,0,0,0,0,791378.094,5826534.643,13.29446,52.51089
7,7050502.0,Fritz-Werner-Straße,7501133.0,2019,5,7,4,3,5,3,0,0,0,0,0,0,0,798590.7036,5817920.223,13.39271,52.42977
1,1011204.0,Leipziger Straße,1100207.0,2019,12,19,2,3,5,3,2,1,0,0,0,0,1,798831.5822,5827234.522,13.40459,52.51313
2,2050602.0,Samariterviertel,2500728.0,2019,5,9,4,3,5,2,0,0,0,0,0,1,0,802178.5289,5827741.531,13.45422,52.51583
4,4030622.0,Richard-Wagner-Straße,4300621.0,2019,4,18,3,3,5,3,0,1,0,0,0,0,0,792758.2877,5826766.69,13.31494,52.51223
1,1033203.0,Humboldthain Nordwest,1300836.0,2019,5,9,3,3,5,2,0,1,0,0,0,0,0,796184.661,5830195.038,13.36834,52.54111
2,2050602.0,Samariterviertel,2500728.0,2019,12,7,3,3,5,2,1,1,0,0,0,0,0,802590.2623,5827701.719,13.46023,52.51524
9,9010101.0,Elsenstraße,9100101.0,2019,4,17,3,3,4,7,0,1,0,0,0,0,0,802819.2752,5825432.068,13.46153,52.49477
2,2050602.0,Samariterviertel,2500728.0,2019,10,11,6,3,5,2,0,0,0,0,0,1,0,802144.1501,5827755.655,13.45373,52.51598
3,3040513.0,Schönholz,3400620.0,2019,4,7,3,3,5,2,0,1,0,0,0,0,0,798001.1958,5833659.639,13.39815,52.57118
1,1011303.0,Alexanderplatzviertel,1100310.0,2019,10,9,3,3,5,2,0,1,0,0,0,0,1,799595.725,5828279.342,13.41676,52.52208
1,1033203.0,Humboldthain Nordwest,1300836.0,2019,5,8,3,3,5,2,0,0,0,0,1,0,0,796184.661,5830195.038,13.36834,52.54111
2,2040701.0,Andreasviertel,2400623.0,2019,4,17,3,2,6,4,0,0,1,0,0,0,0,800961.2254,5827853.204,13.43644,52.5175
6,6030503.0,Zehlendorf Mitte,6300527.0,2019,11,10,7,3,0,2,0,1,0,0,0,0,1,791021.6546,5818794.891,13.28246,52.44169
1,1011303.0,Alexanderplatzviertel,1100310.0,2019,5,8,3,3,2,2,0,0,0,0,0,1,0,799571.012,5828269.929,13.41638,52.522
3,3061435.0,Conrad-Blenkle-Straße,3601452.0,2019,7,16,5,3,3,6,0,1,0,0,0,0,0,801584.3731,5829015.065,13.44665,52.52757
1,1044203.0,Leopoldplatz,1401049.0,2019,5,17,3,3,6,4,0,1,1,0,0,0,0,795944.3302,5831686.674,13.36613,52.55461
5,5040935.0,Groß-Glienicker Weg,5400942.0,2019,6,12,7,3,4,6,0,0,0,0,0,0,0,781147.7721,5823608.577,13.14164,52.49002
7,7020202.0,Volkspark (Rudolf-Wilde-Park),7200308.0,2019,7,8,5,3,2,2,0,1,0,0,0,0,0,795230.4544,5823534.838,13.3484,52.48193
7,7050502.0,Fritz-Werner-Straße,7501133.0,2019,10,13,7,3,5,3,0,1,0,0,0,0,0,798153.95,5819054.333,13.38732,52.44017
4,4030417.0,Schloßstraße,4300414.0,2019,9,20,6,3,0,1,2,1,0,0,0,0,0,790860.6487,5826431.28,13.28676,52.51024
7,7060604.0,Marienfelde Süd,7601339.0,2019,5,10,2,2,0,7,0,0,0,0,0,0,0,796423.8577,5815399.872,13.3587,52.40836
12,12103115.0,Breitkopfbecken,12100103.0,2019,7,17,4,3,1,5,0,1,0,0,0,0,0,795413.5367,5833583.149,13.36001,52.5719
1,1011303.0,Alexanderplatzviertel,1100310.0,2019,4,18,2,3,0,5,0,0,0,0,0,1,0,798902.6546,5828084.716,13.4064,52.52071
1,1011303.0,Alexanderplatzviertel,1100310.0,2019,6,11,3,3,5,2,0,1,0,0,0,0,0,799761.8956,5828627.234,13.41951,52.5251
2,2050601.0,Hausburgviertel,2500726.0,2019,7,15,4,3,0,1,0,0,0,0,0,0,0,802030.3993,5828104.722,13.45237,52.51917
2,2020203.0,Viktoriapark,2200207.0,2019,5,9,2,3,3,6,0,1,0,0,0,0,0,797758.56,5824138.596,13.38606,52.48596
4,4030417.0,Schloßstraße,4300414.0,2019,4,8,2,3,5,2,0,1,0,0,0,0,0,791173.6869,5826482.474,13.29141,52.51053
7,7040403.0,Manteuffelstraße,7400824.0,2019,10,17,1,3,0,7,0,1,0,0,0,0,0,797871.8593,5821606.167,13.38546,52.4632
4,4030623.0,Ernst-Reuter-Platz,4300622.0,2019,5,15,1,3,6,4,0,0,1,0,0,0,0,792766.7518,5826768.126,13.31506,52.51224
2,2050602.0,Samariterviertel,2500728.0,2019,4,8,2,3,5,3,0,1,0,0,0,0,0,803308.6414,5827628.703,13.47072,52.51419
3,3020209.0,Niederschönhausen,3200205.0,2019,11,22,3,3,0,3,2,1,0,0,0,0,1,798165.6982,5836121.947,13.40279,52.59316
3,3061131.0,Falkplatz,3601142.0,2019,6,7,4,2,5,3,0,0,0,0,0,0,0,799162.7604,5830629.884,13.41251,52.54338
2,2050802.0,Boxhagener Platz,2500834.0,2019,12,13,7,3,1,5,0,1,0,0,0,1,0,802041.4204,5827052.417,13.45158,52.50973
12,12302212.0,Rollbergesiedlung,12601032.0,2019,4,0,1,3,5,2,2,1,0,0,0,0,0,792728.4084,5837423.794,13.3239,52.60778
11,11030721.0,Rüdigerstraße,11300722.0,2019,9,20,5,3,5,2,2,1,0,0,0,0,0,804870.077,5827449.155,13.49349,52.51171
5,5040936.0,Jägerallee,5400943.0,2019,11,7,5,2,4,6,1,0,0,0,0,0,0,780347.0074,5822457.689,13.12891,52.48011
4,4030417.0,Schloßstraße,4300414.0,2019,12,16,3,3,5,2,2,1,0,0,0,0,1,791031.9133,5826459.167,13.2893,52.5104
2,2050602.0,Samariterviertel,2500728.0,2019,10,8,5,2,0,2,0,1,0,0,0,0,1,802589.2812,5827701.822,13.46022,52.51525
3,3061126.0,Arnimplatz,3601141.0,2019,9,6,5,3,5,2,1,0,0,0,1,0,0,799197.1656,5831456.209,13.41376,52.55077
3,3061332.0,Helmholtzplatz,3601346.0,2019,7,18,3,3,1,5,0,1,0,0,0,1,0,799244.8305,5830348.479,13.41346,52.54081
4,4030417.0,Schloßstraße,4300414.0,2019,9,11,5,3,5,2,0,1,0,0,0,0,0,791025.9514,5826476.846,13.28923,52.51056
1,1011304.0,Karl-Marx-Allee,1100311.0,2019,12,17,6,3,2,6,2,0,0,0,0,0,0,800161.2148,5828007.345,13.42482,52.51933
4,4020313.0,Königin-Elisabeth-Straße,4200311.0,2019,5,0,1,3,0,1,2,0,0,0,0,0,0,790487.1164,5826370.173,13.28122,52.50989
12,12103218.0,Teichstraße,12100205.0,2019,7,16,3,3,5,3,0,1,0,0,0,0,0,794405.1736,5834451.556,13.34595,52.58023
2,2050602.0,Samariterviertel,2500728.0,2019,11,9,6,3,6,7,0,0,1,0,0,0,0,802971.6255,5827662.934,13.4658,52.51469
1,1011105.0,Nördlicher Landwehrkanal,1100102.0,2019,9,6,5,3,5,2,0,1,0,0,0,0,1,796552.0495,5826607.731,13.37054,52.50875
1,1011102.0,Großer Tiergarten,1100102.0,2019,10,17,5,3,6,4,0,0,1,0,0,0,0,796020.6913,5827317.977,13.36336,52.51541
12,12103219.0,Schäfersee,12100204.0,2019,7,14,3,3,6,4,0,0,1,0,0,0,0,795607.1064,5833078.747,13.36241,52.56727
6,6040701.0,Wannsee,6400735.0,2019,12,17,6,3,0,2,2,1,0,0,0,0,0,783380.8229,5815986.783,13.16797,52.42053
3,3040818.0,Pankow Süd,3400830.0,2019,5,11,7,3,6,6,0,0,1,0,0,0,0,799105.4928,5832323.698,13.41319,52.5586
3,3050925.0,Komponistenviertel Weißensee,3500936.0,2019,7,12,3,3,3,6,0,1,0,0,0,0,0,802026.3459,5831470.094,13.45537,52.54933
1,1044203.0,Leopoldplatz,1401049.0,2019,5,3,7,3,2,6,2,1,0,0,0,0,0,795936.0764,5831656.853,13.36598,52.55435
9,9020601.0,Schnellerstraße,9200613.0,2019,7,10,3,3,0,1,0,0,0,0,0,0,0,805389.6535,5822331.019,13.49644,52.46555
3,3071639.0,Bötzowstraße,3701660.0,2019,4,23,6,3,1,5,2,1,0,0,0,1,0,800191.5136,5829229.626,13.42637,52.53027
3,3061332.0,Helmholtzplatz,3601346.0,2019,11,14,2,3,1,5,0,1,0,0,0,0,1,799476.782,5830320.663,13.41685,52.54044
12,12103219.0,Schäfersee,12100204.0,2019,9,14,4,3,5,2,0,1,0,0,0,0,1,795741.5325,5832766.011,13.36411,52.5644
3,3071639.0,Bötzowstraße,3701660.0,2019,12,15,6,3,1,5,1,1,0,0,0,1,1,800243.1284,5829312.09,13.4272,52.53098
1,1044102.0,Schillerpark,1400940.0,2019,7,16,3,3,0,4,0,0,1,0,0,0,0,795880.5776,5832049.104,13.36552,52.5579
3,3040818.0,Pankow Süd,3400830.0,2019,4,16,6,3,5,3,0,1,0,0,0,0,0,800081.8883,5832712.619,13.4279,52.56154
1,1044102.0,Schillerpark,1400940.0,2019,10,20,7,3,5,3,2,0,0,0,0,1,0,795877.1449,5832069.085,13.36548,52.55808
6,6040701.0,Wannsee,6400735.0,2019,9,17,3,3,5,2,0,1,0,0,0,0,0,784010.9845,5815896.449,13.17714,52.41939
9,9010102.0,Am Treptower Park Nord,9100101.0,2019,11,16,3,2,4,6,1,0,0,0,0,0,0,802744.1203,5825182.787,13.4602,52.49258
3,3061126.0,Arnimplatz,3601141.0,2019,5,23,6,3,5,3,2,1,0,0,0,0,0,799218.3272,5832063.732,13.41462,52.5562
7,7020203.0,Kaiser-Wilhelm-Platz,7200409.0,2019,10,17,3,2,1,5,1,1,0,0,0,0,0,795777.942,5824124.054,13.35696,52.48691
3,3061332.0,Helmholtzplatz,3601346.0,2019,7,8,3,3,1,5,0,1,0,0,0,0,0,799410.266,5830311.447,13.41586,52.54039
3,3020209.0,Niederschönhausen,3200205.0,2019,9,9,3,3,5,2,0,0,0,1,0,0,0,797964.7404,5834379.815,13.39826,52.57765
3,3040513.0,Schönholz,3400620.0,2019,6,17,1,3,1,5,0,1,0,0,0,0,0,798036.6879,5833871.054,13.39886,52.57305
2,2050802.0,Boxhagener Platz,2500834.0,2019,9,9,3,3,5,2,0,1,0,0,0,0,0,802087.2624,5827268.67,13.45245,52.51164
12,12103219.0,Schäfersee,12100204.0,2019,7,16,2,3,5,2,0,1,0,0,0,0,1,795766.1555,5832696.099,13.36441,52.56376
12,12301205.0,Waidmannslust,12500928.0,2019,4,11,4,3,0,6,0,0,1,0,0,0,0,792202.123,5837875.658,13.31655,52.61211
4,4020208.0,Kranzallee,4200206.0,2019,9,6,1,2,0,1,1,0,0,0,0,0,1,788602.2287,5826071.415,13.25327,52.50821
3,3061429.0,Greifswalder Straße,3601449.0,2019,6,7,3,2,5,2,0,1,0,0,0,0,0,801323.0873,5830980.75,13.44459,52.54534
2,2020202.0,Rathaus Yorckstraße,2200208.0,2019,7,14,2,3,6,4,0,0,1,0,0,0,0,797831.6495,5824972.554,13.38787,52.4934
3,3061126.0,Arnimplatz,3601141.0,2019,4,10,4,3,5,3,0,1,0,0,0,0,0,799237.0637,5831941.674,13.41478,52.5551
11,11030721.0,Rüdigerstraße,11300722.0,2019,7,15,2,3,0,2,0,1,0,0,0,0,1,804514.4693,5827504.73,13.48832,52.51241
1,1011202.0,Unter den Linden Nord,1100206.0,2019,4,8,4,2,1,5,0,1,0,0,0,0,0,798021.4887,5827659.21,13.39307,52.51738
1,1011102.0,Großer Tiergarten,1100102.0,2019,9,18,2,3,6,4,0,0,1,0,0,0,0,796214.675,5827351.115,13.36624,52.5156
3,3061332.0,Helmholtzplatz,3601346.0,2019,5,13,6,3,0,7,0,1,0,0,0,0,0,799804.7982,5830235.664,13.42159,52.5395
9,9010102.0,Am Treptower Park Nord,9100101.0,2019,4,21,4,3,5,3,2,0,0,0,0,0,0,802794.659,5825161.934,13.46093,52.49237
6,6030501.0,Berlepschstraße,6300524.0,2019,9,18,2,3,5,3,0,1,0,0,0,0,0,787893.8156,5817567.208,13.23552,52.43234
1,1033203.0,Humboldthain Nordwest,1300836.0,2019,9,17,2,3,5,2,0,1,0,0,0,0,0,796285.6224,5830276.98,13.36989,52.54179
1,1011102.0,Großer Tiergarten,1100102.0,2019,7,13,1,3,0,7,0,0,0,0,0,0,0,796044.4008,5827309.656,13.3637,52.51532
3,3071633.0,Thälmannpark,3701657.0,2019,4,8,4,3,0,6,0,0,0,0,0,0,0,800011.4686,5830335.86,13.42472,52.54028
4,4030623.0,Ernst-Reuter-Platz,4300622.0,2019,4,17,3,3,5,2,0,1,0,0,0,0,0,793092.5534,5826823.302,13.3199,52.51256
1,1011202.0,Unter den Linden Nord,1100206.0,2019,11,5,2,3,8,1,0,0,0,0,0,0,0,797926.3962,5827647.242,13.39166,52.51732
11,11030721.0,Rüdigerstraße,11300722.0,2019,7,22,7,3,5,2,2,1,0,0,0,0,1,804236.394,5827518.617,13.48425,52.51269
1,1011202.0,Unter den Linden Nord,1100206.0,2019,6,17,2,3,5,3,0,1,0,0,0,0,0,798121.0516,5827657.628,13.39453,52.51731
4,4030417.0,Schloßstraße,4300414.0,2019,7,19,7,3,6,4,0,0,1,0,0,0,0,791409.094,5826519.067,13.2949,52.51073
3,3061126.0,Arnimplatz,3601141.0,2019,4,19,3,2,5,2,1,1,0,0,0,0,0,799220.5024,5832049.386,13.41464,52.55607
4,4020313.0,Königin-Elisabeth-Straße,4200311.0,2019,10,11,3,2,5,2,0,1,0,0,0,0,0,790511.251,5826392.817,13.28159,52.51008
3,3061434.0,Anton-Saefkow-Park,3601451.0,2019,9,8,2,3,6,7,0,0,1,0,0,0,0,800810.4263,5829758.715,13.43594,52.53467
2,2050602.0,Samariterviertel,2500728.0,2019,7,15,7,2,0,1,0,0,0,0,0,0,0,802175.1998,5827755.041,13.45418,52.51595
3,3061434.0,Anton-Saefkow-Park,3601451.0,2019,6,8,5,3,5,3,0,1,0,0,0,0,0,800646.3417,5830008.817,13.43376,52.537
7,7020203.0,Kaiser-Wilhelm-Platz,7200409.0,2019,7,9,7,3,1,5,0,0,0,0,1,0,0,795252.4277,5823542.355,13.34873,52.48198
1,1033203.0,Humboldthain Nordwest,1300836.0,2019,9,8,6,3,5,3,0,1,0,0,0,0,0,796193.7143,5830186.924,13.36846,52.54103
1,1011202.0,Unter den Linden Nord,1100206.0,2019,4,16,3,3,1,5,0,1,0,0,0,0,0,797616.8856,5827564.842,13.38704,52.51675
2,2050803.0,Stralauer Kiez,2500835.0,2019,7,16,6,3,5,3,0,0,0,0,0,0,0,802206.757,5826088.724,13.45313,52.501
2,2050602.0,Samariterviertel,2500728.0,2019,4,14,3,3,2,2,0,1,0,0,0,0,0,803088.988,5827651.019,13.46751,52.51451
4,4020208.0,Kranzallee,4200206.0,2019,9,1,1,2,1,5,2,1,0,0,0,0,0,786743.8355,5825852.751,13.22577,52.50723
3,3040818.0,Pankow Süd,3400830.0,2019,5,19,5,3,1,3,0,1,0,0,0,1,0,798890.3049,5832685.015,13.41035,52.56195
2,2050602.0,Samariterviertel,2500728.0,2019,12,13,3,3,5,2,0,1,0,0,0,0,0,802578.1957,5827687.047,13.46004,52.51512
4,4030417.0,Schloßstraße,4300414.0,2019,5,18,5,3,5,2,0,1,0,0,0,0,0,791229.5489,5826510.171,13.29225,52.51075
2,2050602.0,Samariterviertel,2500728.0,2019,7,9,6,3,5,3,0,1,0,0,0,0,0,802577.1314,5827703.128,13.46004,52.51526
12,12103115.0,Breitkopfbecken,12100103.0,2019,7,19,5,3,1,1,0,1,0,0,0,0,0,795429.449,5833570.571,13.36024,52.57178
2,2020202.0,Rathaus Yorckstraße,2200208.0,2019,9,0,6,3,5,3,2,1,0,0,0,0,0,797862.4187,5825448.281,13.38875,52.49765
2,2040503.0,Richard-Sorge-Viertel,2400522.0,2019,5,17,5,3,5,2,0,1,0,0,0,0,0,801917.0677,5827771.612,13.45041,52.51624
1,1011102.0,Großer Tiergarten,1100102.0,2019,7,13,5,3,0,7,0,0,0,0,0,0,0,795417.8655,5827218.214,13.35442,52.51484
2,2050601.0,Hausburgviertel,2500726.0,2019,4,20,2,3,5,5,1,1,0,0,0,0,0,801799.6064,5828639.069,13.44947,52.52408
1,1044102.0,Schillerpark,1400940.0,2019,4,17,2,2,5,3,0,1,0,0,0,0,0,795878.1192,5832062.307,13.36549,52.55802
2,2020202.0,Rathaus Yorckstraße,2200208.0,2019,4,17,2,3,5,2,0,1,0,0,0,0,0,797883.9645,5825411.815,13.38904,52.49731
4,4030622.0,Richard-Wagner-Straße,4300621.0,2019,6,17,5,3,2,2,0,1,0,0,0,0,0,792374.6645,5826680.555,13.30923,52.51166
10,10030726.0,Alt-Biesdorf,10300733.0,2019,12,11,6,3,5,2,0,1,0,0,0,0,0,808946.2745,5827441.111,13.55336,52.50935
3,3061228.0,Erich-Weinert-Straße,3601245.0,2019,12,5,2,3,5,2,2,1,0,0,0,0,0,800204.5773,5831035.234,13.42819,52.54644
10,10010308.0,Marzahner Chaussee,10100311.0,2019,8,23,6,2,0,7,2,0,0,0,0,0,0,808123.4625,5827460.23,13.54129,52.50998
3,3061126.0,Arnimplatz,3601141.0,2019,4,14,1,3,6,4,0,0,1,0,0,0,0,799220.9061,5831457.334,13.41411,52.55077
1,1011104.0,Körnerstraße,1100104.0,2019,8,17,6,3,4,6,0,0,0,0,0,1,0,796376.5785,5826159.742,13.36756,52.50483
7,7020203.0,Kaiser-Wilhelm-Platz,7200409.0,2019,7,19,3,3,1,5,0,1,0,0,0,0,0,795836.5783,5824212.779,13.3579,52.48767
1,1011303.0,Alexanderplatzviertel,1100310.0,2019,10,14,3,3,6,4,0,0,1,0,0,0,1,799760.5423,5828624.861,13.41949,52.52508
1,1011303.0,Alexanderplatzviertel,1100310.0,2019,7,17,3,3,5,2,0,1,0,0,0,0,0,799100.0702,5827681.953,13.40894,52.51699
12,12103117.0,Letteplatz,12100101.0,2019,7,17,3,3,0,2,0,1,0,0,0,0,0,795872.473,5832096.708,13.36544,52.55833
4,4030621.0,Spreestadt,4300620.0,2019,4,18,1,3,0,4,0,0,1,0,0,0,0,793989.175,5826974.484,13.33321,52.51343
1,1044102.0,Schillerpark,1400940.0,2019,8,14,6,3,3,6,0,1,0,0,0,1,0,795880.8033,5832047.892,13.36552,52.55789
11,11030721.0,Rüdigerstraße,11300722.0,2019,8,12,6,3,5,2,0,1,0,0,0,0,0,803718.5201,5827570.413,13.47669,52.51344
6,6030503.0,Zehlendorf Mitte,6300527.0,2019,5,10,4,3,5,2,0,1,0,0,0,0,1,789585.575,5817974.924,13.26068,52.4351
7,7050502.0,Fritz-Werner-Straße,7501133.0,2019,4,16,1,3,6,7,0,0,1,0,0,0,0,798215.9742,5818805.108,13.38801,52.43791
9,9020601.0,Schnellerstraße,9200613.0,2019,11,18,7,2,5,3,2,1,0,0,0,0,1,806054.7022,5821679.956,13.5056,52.45934
6,6040703.0,Nikolassee,6400737.0,2019,10,9,3,3,5,2,0,0,0,0,0,1,1,786727.1612,5817022.873,13.21794,52.42807
3,3061332.0,Helmholtzplatz,3601346.0,2019,8,11,6,3,3,6,0,1,0,0,0,0,0,799968.1485,5830202.487,13.42396,52.53911
2,2050602.0,Samariterviertel,2500728.0,2019,8,10,6,3,6,4,0,0,1,0,0,0,0,803079.8166,5827651.944,13.46738,52.51453
4,4020313.0,Königin-Elisabeth-Straße,4200311.0,2019,4,12,7,2,6,4,0,0,1,0,0,0,0,790456.7607,5826365.105,13.28077,52.50986
11,11030721.0,Rüdigerstraße,11300722.0,2019,8,9,6,3,5,2,0,0,0,0,0,1,0,804248.0295,5827531.967,13.48443,52.5128
7,7040401.0,Neu-Tempelhof,7400721.0,2019,7,8,3,2,3,6,0,1,0,0,1,0,0,797757.3127,5823903.83,13.38583,52.48386
4,4020313.0,Königin-Elisabeth-Straße,4200311.0,2019,4,12,7,2,6,4,0,0,1,0,0,0,0,790456.7607,5826365.105,13.28077,52.50986
3,3071639.0,Bötzowstraße,3701660.0,2019,8,6,5,3,3,6,1,0,0,0,0,0,0,800498.005,5829767.663,13.43136,52.53492
3,3061429.0,Greifswalder Straße,3601449.0,2019,12,21,5,3,0,3,2,0,0,0,0,1,1,800986.7256,5830506.252,13.43921,52.54127
3,3061131.0,Falkplatz,3601142.0,2019,11,0,1,3,6,7,2,0,1,0,0,0,0,799180.9421,5830873.102,13.413,52.54555
12,12301203.0,Wittenau Süd,12500926.0,2019,11,8,5,3,0,2,0,1,0,0,0,0,1,794093.9168,5835024.909,13.34188,52.58554
1,1011201.0,Wilhelmstraße,1100205.0,2019,8,22,5,3,5,2,2,0,0,1,0,0,0,796966.731,5826707.264,13.37672,52.50942
2,2050602.0,Samariterviertel,2500728.0,2019,5,18,3,2,6,7,0,0,1,0,0,0,0,802422.0234,5827702.723,13.45776,52.51535
12,12301205.0,Waidmannslust,12500928.0,2019,8,20,5,3,0,1,2,0,0,0,0,0,0,792650.2794,5837493.802,13.32281,52.60845
3,3020209.0,Niederschönhausen,3200205.0,2019,7,15,3,3,0,1,0,0,0,0,0,0,0,797952.043,5834558.36,13.39824,52.57926
4,4030622.0,Richard-Wagner-Straße,4300621.0,2019,11,10,2,3,5,2,0,1,0,0,0,0,1,792734.8139,5826741.163,13.31457,52.51201
3,3061131.0,Falkplatz,3601142.0,2019,4,0,7,3,4,6,2,0,0,0,0,0,0,799179.6864,5831080.741,13.41316,52.54741
3,3061126.0,Arnimplatz,3601141.0,2019,5,10,3,3,5,2,0,1,0,0,0,0,0,799197.1656,5831456.209,13.41376,52.55077
1,1011304.0,Karl-Marx-Allee,1100311.0,2019,8,15,5,3,0,7,0,0,0,0,0,0,0,799788.5207,5828166.408,13.41949,52.52096
2,2050602.0,Samariterviertel,2500728.0,2019,7,15,2,3,2,2,0,0,0,0,0,0,0,802769.3897,5827667.874,13.46283,52.51484
11,11041027.0,Tierpark,11401034.0,2019,6,9,2,3,6,6,0,0,1,0,0,0,0,806962.6278,5827389.403,13.52418,52.51