district,LOR,street,LOR_2021,year,month,hour,weekday,category,accident_kind,accident_type,light_condition,car,pedestrian,motorcycle,goods_vehicle,others,road_condition,LINREFX,LINREFY,XGCSWGS84,YGCSWGS84
1,1011201.0,Wilhelmstraße,1100205.0,2019,11,17,5,3,5,2,2,1,0,0,0,0,0,797680.7469,5826837.742,13.38733,52.5102
9,9020601.0,Schnellerstraße,9200613.0,2019,11,8,6,2,5,2,0,0,0,0,0,0,0,806307.6364,5821444.292,13.50909,52.45709
7,7020203.0,Kaiser-Wilhelm-Platz,7200409.0,2019,8,11,5,3,1,5,0,0,0,0,0,1,0,795306.4422,5823638.728,13.34961,52.48282
1,1011303.0,Alexanderplatzviertel,1100310.0,2019,4,9,6,3,0,7,0,0,0,0,1,0,0,799329.4072,5827978.554,13.41257,52.51953
6,6040701.0,Wannsee,6400735.0,2019,5,21,2,2,5,2,1,1,0,0,0,0,1,783889.7379,5815936.8,13.1754,52.41981
4,4030417.0,Schloßstraße,4300414.0,2019,6,18,6,3,0,1,0,0,0,0,0,0,0,791686.6024,5826565.063,13.29902,52.511
3,3071633.0,Thälmannpark,3701657.0,2019,8,8,4,3,5,3,0,0,0,0,0,0,0,800305.6534,5830074.187,13.42881,52.53777
10,10010206.0,Ringkolonnaden,10100208.0,2019,5,15,2,2,5,3,0,1,0,0,0,0,0,808587.4371,5832617.592,13.5529,52.55594
1,1011303.0,Alexanderplatzviertel,1100310.0,2019,8,17,3,3,3,2,0,1,0,0,0,0,0,799760.5323,5828624.843,13.41949,52.52508
1,1033203.0,Humboldthain Nordwest,1300836.0,2019,11,9,4,3,5,3,0,1,0,0,0,0,0,796197.723,5830205.585,13.36854,52.5412
6,6030503.0,Zehlendorf Mitte,6300527.0,2019,7,9,6,2,0,4,0,0,1,0,0,0,0,789190.7198,5817994.927,13.25491,52.43549
3,3061131.0,Falkplatz,3601142.0,2019,4,18,5,3,3,6,0,0,0,0,0,0,0,799162.5329,5830671.427,13.41254,52.54375
2,2040703.0,Wriezener Bahnhof/Entwicklungsgebiet,2400625.0,2019,8,15,3,3,3,6,0,0,0,0,0,1,0,801833.7485,5826409.226,13.44795,52.50408
7,7020203.0,Kaiser-Wilhelm-Platz,7200409.0,2019,7,20,6,3,0,7,1,1,0,0,0,0,0,795900.4905,5824346.081,13.35896,52.48883
3,3071638.0,Winsstraße,3701659.0,2019,4,15,5,2,2,2,0,0,0,1,0,0,0,800032.5132,5828977.109,13.4238,52.52809
1,1011201.0,Wilhelmstraße,1100205.0,2019,7,18,6,3,4,7,0,0,0,0,0,1,0,796947.9663,5826723.715,13.37646,52.50958
1,1011102.0,Großer Tiergarten,1100102.0,2019,4,15,5,3,0,1,0,0,0,0,0,0,0,794461.4601,5827039.688,13.34021,52.51376
6,6030503.0,Zehlendorf Mitte,6300527.0,2019,10,0,7,2,5,2,2,1,0,0,0,0,0,791047.9857,5818810.087,13.28286,52.44181
3,3061429.0,Greifswalder Straße,3601449.0,2019,8,13,3,3,6,4,0,0,1,0,0,0,0,800964.8492,5830471.871,13.43886,52.54097
7,7020203.0,Kaiser-Wilhelm-Platz,7200409.0,2019,10,22,2,3,1,5,2,1,0,0,0,0,0,795609.6256,5823904.827,13.35429,52.48504
9,9020601.0,Schnellerstraße,9200613.0,2019,8,8,3,3,5,2,0,0,0,0,1,0,0,806755.264,5821005.241,13.51526,52.4529
5,5040936.0,Jägerallee,5400943.0,2019,6,10,7,3,0,3,0,1,0,0,0,0,0,780179.2403,5822276.784,13.1263,52.47858
3,3061126.0,Arnimplatz,3601141.0,2019,5,9,2,3,5,2,0,1,0,0,0,0,0,799197.1111,5831455.217,13.41376,52.55076
1,1011304.0,Karl-Marx-Allee,1100311.0,2019,11,9,4,3,5,3,0,1,0,0,0,0,0,800017.9531,5828097.722,13.4228,52.52022
1,1011303.0,Alexanderplatzviertel,1100310.0,2019,7,16,6,3,1,5,0,1,0,0,0,0,0,799641.7331,5828421.185,13.41756,52.52332
3,3071638.0,Winsstraße,3701659.0,2019,4,8,4,3,5,2,0,1,0,0,0,0,0,800024.0305,5829000.649,13.4237,52.52831
1,1011303.0,Alexanderplatzviertel,1100310.0,2019,8,12,3,3,2,2,0,0,0,0,1,0,0,799552.2964,5828281.397,13.41612,52.52212
2,2050602.0,Samariterviertel,2500728.0,2019,6,16,3,3,2,6,0,1,0,0,0,0,0,803173.4013,5827625.779,13.46873,52.51424
4,4030622.0,Richard-Wagner-Straße,4300621.0,2019,5,11,1,2,1,5,0,1,0,0,0,0,0,792532.2514,5826707.05,13.31157,52.51182
4,4020311.0,Reichsstraße,4200310.0,2019,7,7,6,3,5,2,0,0,0,0,0,1,1,790174.4191,5826317.71,13.27658,52.50958
1,1011201.0,Wilhelmstraße,1100205.0,2019,8,15,2,3,2,6,0,0,0,0,0,0,0,797174.2038,5826753.806,13.37981,52.50973
2,2050601.0,Hausburgviertel,2500726.0,2019,7,7,6,3,5,2,0,1,0,0,0,0,1,801682.241,5828879.222,13.44796,52.5263
2,2050801.0,Traveplatz,2500830.0,2019,6,1,5,3,5,2,2,1,0,0,0,0,1,802133.7895,5827644.818,13.45347,52.51499
1,1033203.0,Humboldthain Nordwest,1300836.0,2019,8,11,2,3,5,3,0,0,0,0,0,1,0,796274.416,5830256.427,13.36971,52.54161
3,3061434.0,Anton-Saefkow-Park,3601451.0,2019,5,11,7,3,5,2,0,1,0,0,0,0,0,800595.6041,5829932.516,13.43294,52.53634
7,7070706.0,Horstwalder Straße/Paplitzer Straße,7601547.0,2019,7,7,6,3,5,3,0,1,0,0,0,0,1,800561.6158,5812278.851,13.41655,52.37812
12,12103218.0,Teichstraße,12100205.0,2019,11,5,6,3,4,6,2,0,0,0,0,0,1,794558.9856,5833829.694,13.34766,52.57457
7,7050502.0,Fritz-Werner-Straße,7501133.0,2019,4,13,3,2,6,6,0,0,1,0,0,0,0,798584.3007,5817877.349,13.39258,52.42939
5,5020628.0,Graetschelsteig,5200633.0,2019,6,9,6,3,0,2,0,1,0,0,0,0,0,784031.2901,5826577.032,13.18653,52.51514
3,3020209.0,Niederschönhausen,3200205.0,2019,7,6,4,3,5,2,0,0,0,0,0,1,0,798224.7278,5835174.746,13.4028,52.58463
3,3061434.0,Anton-Saefkow-Park,3601451.0,2019,4,7,2,3,0,2,0,1,0,0,0,1,1,800623.1587,5829919.632,13.43334,52.53621
11,11030721.0,Rüdigerstraße,11300722.0,2019,10,7,2,3,0,2,0,1,0,0,0,0,0,803768.2272,5827581.81,13.47743,52.51352
1,1011303.0,Alexanderplatzviertel,1100310.0,2019,6,16,6,3,5,3,0,0,0,0,0,1,0,798866.1933,5828077.049,13.40585,52.52066
12,12103219.0,Schäfersee,12100204.0,2019,8,13,7,3,5,2,0,1,0,0,0,0,0,795677.4113,5832895.943,13.36328,52.5656
7,7050502.0,Fritz-Werner-Straße,7501133.0,2019,5,12,7,3,4,6,0,0,0,0,0,0,0,797552.3199,5818313.943,13.37784,52.43387
6,6040701.0,Wannsee,6400735.0,2019,10,16,3,2,5,2,0,1,0,0,0,0,0,782755.7163,5815836.874,13.15868,52.4195
2,2020201.0,Gleisdreieck/Entwicklungsgebiet,2200207.0,2019,7,22,3,3,5,3,2,1,0,0,0,0,0,797059.1214,5825704.89,13.37718,52.50039
9,9010101.0,Elsenstraße,9100101.0,2019,4,10,2,3,5,2,0,1,0,0,0,0,0,802847.2224,5825474.971,13.46198,52.49514
3,3071639.0,Bötzowstraße,3701660.0,2019,4,9,2,3,3,6,0,1,0,0,0,0,0,800195.797,5829281.623,13.42648,52.53073
7,7040403.0,Manteuffelstraße,7400824.0,2019,8,18,6,3,1,5,0,1,0,0,0,0,0,797819.0532,5821087.593,13.38422,52.45858
11,11030721.0,Rüdigerstraße,11300722.0,2019,12,8,3,3,5,2,0,1,0,0,0,0,1,803718.5201,5827570.413,13.47669,52.51344
6,6030605.0,Botanischer Garten,6300629.0,2019,7,22,2,3,0,1,2,0,0,0,0,0,0,791863.7567,5819374.803,13.29532,52.44644
7,7040401.0,Neu-Tempelhof,7400721.0,2019,8,18,6,3,0,7,0,0,0,0,0,0,0,797773.6971,5823585.857,13.38578,52.481
1,1033203.0,Humboldthain Nordwest,1300836.0,2019,4,8,2,3,5,3,0,1,0,0,0,0,0,796195.046,5830185.826,13.36848,52.54102
7,7060604.0,Marienfelde Süd,7601339.0,2019,11,16,7,3,0,3,1,1,0,0,0,0,0,796409.5789,5815365.159,13.35846,52.40805
2,2020202.0,Rathaus Yorckstraße,2200208.0,2019,7,19,1,3,0,2,0,1,0,0,0,0,0,797898.7256,5825430.732,13.38927,52.49747
9,9020601.0,Schnellerstraße,9200613.0,2019,8,17,6,2,5,3,0,1,0,0,0,0,0,806541.9758,5821193.156,13.5123,52.45471
2,2050602.0,Samariterviertel,2500728.0,2019,3,16,1,3,5,3,0,0,0,1,0,0,0,803481.8982,5827610.397,13.47325,52.51393
2,2020203.0,Viktoriapark,2200207.0,2019,8,23,6,3,1,5,2,1,0,0,0,1,0,797754.3318,5824624.964,13.38643,52.49033
3,3020209.0,Niederschönhausen,3200205.0,2019,5,10,6,3,3,1,0,1,0,0,0,0,0,798175.9465,5836260.259,13.40306,52.59439
7,7020203.0,Kaiser-Wilhelm-Platz,7200409.0,2019,6,23,7,3,1,5,2,1,0,0,0,0,0,795571.8602,5823898.223,13.35373,52.485
3,3061126.0,Arnimplatz,3601141.0,2019,8,15,6,2,5,2,0,0,0,0,0,1,0,799220.4889,5832049.473,13.41464,52.55607
1,1011303.0,Alexanderplatzviertel,1100310.0,2019,5,9,6,3,5,2,0,1,0,0,0,0,0,799762.1684,5828627.712,13.41952,52.52511
12,12231101.0,Hermsdorf,12400723.0,2019,7,15,7,3,5,3,0,1,0,0,0,0,0,791923.4792,5838850.577,13.31331,52.621
3,3061332.0,Helmholtzplatz,3601346.0,2019,10,19,1,3,5,7,2,0,0,0,0,1,1,799432.6979,5830328.934,13.41621,52.54054
4,4030621.0,Spreestadt,4300620.0,2019,3,19,6,3,0,1,2,0,0,0,0,0,0,794100.7637,5826993.959,13.33487,52.51354
3,3071633.0,Thälmannpark,3701657.0,2019,10,14,2,3,6,4,0,0,1,0,0,0,0,800003.4076,5830309.045,13.42458,52.54004
11,11010101.0,Dorf Malchow,11100101.0,2019,8,11,6,3,5,3,0,1,0,0,0,0,0,803673.6053,5835100.264,13.48291,52.58095
7,7020202.0,Volkspark (Rudolf-Wilde-Park),7200308.0,2019,5,12,5,3,0,7,0,0,0,0,0,1,1,795512.2076,5823337.19,13.35236,52.48
1,1044201.0,Reinickendorfer Straße,1401045.0,2019,7,9,6,2,5,2,0,0,0,0,1,0,0,796050.878,5831331.178,13.36738,52.55137
1,1011303.0,Alexanderplatzviertel,1100310.0,2019,10,20,2,3,3,2,2,1,0,0,0,0,0,799552.1887,5828281.464,13.41612,52.52212
12,12103218.0,Teichstraße,12100205.0,2019,5,10,5,3,0,3,0,1,0,0,0,0,1,794392.4571,5834475.202,13.34578,52.58045
1,1033203.0,Humboldthain Nordwest,1300836.0,2019,3,8,4,3,5,2,0,1,0,0,0,0,0,796195.9944,5830184.968,13.36849,52.54101
3,3071633.0,Thälmannpark,3701657.0,2019,12,5,2,3,5,3,2,1,0,0,0,0,0,800283.87,5830084.748,13.4285,52.53788
12,12103218.0,Teichstraße,12100205.0,2019,7,12,6,3,0,2,0,1,0,0,0,0,0,794572.2536,5833815.936,13.34784,52.57444
4,4030417.0,Schloßstraße,4300414.0,2019,8,18,5,2,5,2,0,1,0,0,0,0,0,791847.9988,5826592.407,13.30141,52.51115
6,6030503.0,Zehlendorf Mitte,6300527.0,2019,9,19,5,3,5,2,2,1,0,0,0,0,0,789578.884,5817961.217,13.26057,52.43498
3,3010101.0,Bucher Forst,3100101.0,2019,5,18,5,2,5,3,0,1,0,0,0,0,1,800659.3941,5841394.129,13.44428,52.63904
12,12103117.0,Letteplatz,12100101.0,2019,8,16,5,3,5,7,0,1,0,0,0,0,0,795807.9021,5832370.438,13.36473,52.56082
1,1011204.0,Leipziger Straße,1100207.0,2019,11,17,4,3,3,6,2,1,0,0,0,0,1,798178.7519,5826923.824,13.39472,52.5107
7,7060601.0,Marienfelder Allee Nordwest,7601236.0,2019,3,17,4,3,6,7,1,0,1,0,0,0,1,797120.4574,5816959.251,13.3703,52.42196
2,2050803.0,Stralauer Kiez,2500835.0,2019,7,21,5,2,5,2,1,1,0,0,0,0,0,802031.4163,5826155.312,13.45062,52.50169
3,3071639.0,Bötzowstraße,3701660.0,2019,8,11,5,3,0,4,0,0,1,0,0,0,0,800309.3761,5829465.458,13.42831,52.53231
12,12103219.0,Schäfersee,12100204.0,2019,5,17,5,3,4,6,0,0,0,0,0,0,0,795694.0027,5832888.251,13.36352,52.56552
6,6030503.0,Zehlendorf Mitte,6300527.0,2019,7,16,5,3,2,2,0,0,0,0,0,1,0,789556.5381,5817966.496,13.26025,52.43504
4,4030417.0,Schloßstraße,4300414.0,2019,7,14,5,3,5,2,0,1,0,0,0,0,0,791028.1107,5826477.2,13.28926,52.51056
3,3071638.0,Winsstraße,3701659.0,2019,7,14,5,3,5,2,0,1,0,0,0,0,0,800047.2787,5828999.183,13.42404,52.52828
3,3061429.0,Greifswalder Straße,3601449.0,2019,8,11,5,2,5,2,0,1,0,0,0,0,0,801348.7145,5831003.317,13.44498,52.54552
2,2040703.0,Wriezener Bahnhof/Entwicklungsgebiet,2400625.0,2019,7,14,5,2,1,5,0,0,0,1,0,0,0,801878.9939,5826541.829,13.44873,52.50524
6,6030503.0,Zehlendorf Mitte,6300527.0,2019,8,9,5,3,5,2,0,1,0,0,0,0,0,789559.9922,5817980.314,13.26031,52.43516
3,3020209.0,Niederschönhausen,3200205.0,2019,6,11,1,3,5,2,0,1,0,0,0,0,0,798113.4044,5835762.425,13.40169,52.58996
3,3061228.0,Erich-Weinert-Straße,3601245.0,2019,7,19,4,3,1,5,0,0,0,0,0,1,0,800270.7571,5831439.281,13.42953,52.55003
12,12302212.0,Rollbergesiedlung,12601032.0,2019,6,10,4,3,5,3,0,1,0,0,0,0,0,792784.1119,5837340.844,13.32465,52.60701
6,6040703.0,Nikolassee,6400737.0,2019,8,17,4,2,0,7,0,0,0,0,0,0,0,786353.2788,5816879.974,13.21233,52.42699
2,2040703.0,Wriezener Bahnhof/Entwicklungsgebiet,2400625.0,2019,12,19,1,3,6,6,2,0,1,0,0,0,1,801839.8638,5826426.354,13.44805,52.50423
3,3040818.0,Pankow Süd,3400830.0,2019,7,16,4,3,5,3,0,1,0,0,0,0,0,800037.0538,5833451.998,13.42791,52.5682
7,7050501.0,Rathausstraße,7501030.0,2019,10,11,4,3,1,5,0,1,0,0,0,0,0,797981.3413,5819862.755,13.38551,52.44752
2,2050601.0,Hausburgviertel,2500726.0,2019,7,10,4,3,0,5,0,0,0,0,0,1,0,802041.2372,5828082.462,13.45251,52.51896
2,2050602.0,Samariterviertel,2500728.0,2019,11,9,5,3,5,3,0,1,0,0,0,0,0,802119.8959,5828034.867,13.45362,52.51849
2,2050602.0,Samariterviertel,2500728.0,2019,5,8,4,3,5,3,0,1,0,0,0,0,0,802576.8721,5827703.156,13.46004,52.51526
11,11010101.0,Dorf Malchow,11100101.0,2019,3,10,1,3,5,2,0,1,0,0,0,0,0,803685.612,5835336.13,13.48331,52.58306
12,12103218.0,Teichstraße,12100205.0,2019,9,14,2,3,5,2,0,0,0,0,1,0,0,794572.2234,5833816.935,13.34784,52.57445
11,11030721.0,Rüdigerstraße,11300722.0,2019,8,12,4,3,6,4,0,0,1,0,0,0,0,803720.4867,5827586.492,13.47673,52.51358
10,10010308.0,Marzahner Chaussee,10100311.0,2019,5,22,4,2,0,1,2,0,0,0,0,0,0,808205.888,5827481.044,13.54252,52.51012
12,12103219.0,Schäfersee,12100204.0,2019,7,12,3,3,6,4,0,0,1,0,0,0,0,795759.6226,5832647.769,13.36427,52.56333
1,1011102.0,Großer Tiergarten,1100102.0,2019,7,18,3,3,5,2,0,1,0,0,0,0,0,796448.883,5827390.066,13.36972,52.51582
2,2050601.0,Hausburgviertel,2500726.0,2019,5,18,4,3,5,2,0,1,0,0,0,0,0,801681.43,5828880.887,13.44795,52.52632
2,2050602.0,Samariterviertel,2500728.0,2019,6,11,6,3,6,4,0,0,1,0,0,0,0,802965.243,5827663.582,13.46571,52.51469
1,1011105.0,Nördlicher Landwehrkanal,1100102.0,2019,8,10,4,2,6,4,0,0,1,0,0,0,0,796753.7114,5826688.729,13.37357,52.50937
1,1011102.0,Großer Tiergarten,1100102.0,2019,5,11,3,3,0,7,0,0,0,0,0,0,0,796341.9513,5827359.311,13.36812,52.51561
1,1011202.0,Unter den Linden Nord,1100206.0,2019,8,10,4,3,3,6,0,1,0,0,0,0,0,797799.0545,5827595.386,13.38974,52.51693
3,3061429.0,Greifswalder Straße,3601449.0,2019,5,19,3,3,3,6,1,0,0,0,0,0,0,800985.0514,5830503.538,13.43919,52.54125
12,12301203.0,Wittenau Süd,12500926.0,2019,7,12,2,3,5,3,0,1,0,0,0,0,0,793552.5689,5835835.292,13.33463,52.5931
2,2040501.0,Barnimkiez,2400520.0,2019,3,7,6,2,3,5,0,0,0,0,1,0,0,799825.808,5828730.512,13.42054,52.52599
11,11030721.0,Rüdigerstraße,11300722.0,2019,8,20,3,3,5,2,1,1,0,0,0,0,0,804246.8861,5827532.079,13.48442,52.5128
3,3020209.0,Niederschönhausen,3200205.0,2019,7,10,2,3,1,5,0,1,0,0,0,0,0,798256.1563,5834745.759,13.40288,52.58077
7,7010104.0,Dennewitzplatz,7100205.0,2019,10,21,7,2,3,6,2,1,0,0,0,0,1,796006.2673,5825100.501,13.36118,52.49554
7,7050502.0,Fritz-Werner-Straße,7501133.0,2019,5,18,3,3,5,2,0,1,0,0,0,0,0,797560.1968,5818348.521,13.37798,52.43417
7,7070706.0,Horstwalder Straße/Paplitzer Straße,7601547.0,2019,7,11,2,3,5,3,0,0,0,0,0,0,0,800144.919,5813083.223,13.41117,52.38556
2,2010101.0,Askanischer Platz,2100101.0,2019,10,18,3,3,5,3,1,1,0,0,0,0,0,797033.4452,5825871.963,13.37695,52.5019
1,1044102.0,Schillerpark,1400940.0,2019,7,9,2,2,5,3,0,1,0,0,0,0,0,795877.5628,5832065.929,13.36549,52.55805
2,2050602.0,Samariterviertel,2500728.0,2019,12,7,4,3,5,2,2,1,0,0,0,0,0,802589.4725,5827701.802,13.46022,52.51525
2,2050803.0,Stralauer Kiez,2500835.0,2019,7,15,2,3,0,5,0,0,0,0,0,1,0,802831.3065,5825819.702,13.46206,52.49824
1,1011303.0,Alexanderplatzviertel,1100310.0,2019,7,14,2,3,0,1,0,0,0,0,0,0,0,799164.8063,5828336.733,13.41048,52.52283
3,3040818.0,Pankow Süd,3400830.0,2019,3,8,4,3,2,6,0,1,0,0,0,0,0,798981.5646,5832525.15,13.41155,52.56047
1,1011102.0,Großer Tiergarten,1100102.0,2019,5,9,3,3,3,6,0,0,0,0,0,0,0,796395.1068,5827381.123,13.36892,52.51577
3,3061332.0,Helmholtzplatz,3601346.0,2019,6,18,1,3,5,2,0,1,0,0,0,0,0,799969.4387,5830202.222,13.42398,52.53911
3,3061332.0,Helmholtzplatz,3601346.0,2019,12,16,3,3,1,5,2,0,0,0,0,1,1,799408.5844,5830311.762,13.41584,52.5404
3,3040818.0,Pankow Süd,3400830.0,2019,5,7,3,3,5,2,0,1,0,0,0,0,0,798986.0517,5832517.149,13.41161,52.5604
2,2050601.0,Hausburgviertel,2500726.0,2019,3,8,3,3,5,2,0,1,0,0,0,0,0,801643.5413,5828891.937,13.4474,52.52644
1,1011202.0,Unter den Linden Nord,1100206.0,2019,6,12,4,3,3,6,0,0,0,0,0,1,0,797333.0537,5827548.511,13.38285,52.51676
2,2050602.0,Samariterviertel,2500728.0,2019,3,15,3,3,6,6,0,0,1,0,0,0,0,803058.0482,5827654.155,13.46706,52.51456
2,2040703.0,Wriezener Bahnhof/Entwicklungsgebiet,2400625.0,2019,8,17,2,3,4,6,0,0,0,0,0,0,0,801840.6426,5826428.535,13.44806,52.50425
1,1011303.0,Alexanderplatzviertel,1100310.0,2019,6,10,6,3,5,2,0,1,0,0,0,0,0,799130.0005,5827673.989,13.40937,52.5169
1,1011102.0,Großer Tiergarten,1100102.0,2019,6,16,5,3,1,5,0,1,0,0,0,0,0,796685.2359,5827430.174,13.37323,52.51605
10,10010207.0,Marzahner Promenade,10100210.0,2019,5,13,2,3,0,1,0,0,0,0,0,0,0,807885.269,5831010.476,13.54108,52.54193
5,5020629.0,Börnicker Straße,5200634.0,2019,6,16,6,2,4,6,0,0,0,0,0,0,0,785757.0176,5826116.078,13.2115,52.51011
2,2020202.0,Rathaus Yorckstraße,2200208.0,2019,9,20,5,3,1,5,2,1,0,0,0,0,1,797500.375,5825541.444,13.38352,52.49868
11,11010101.0,Dorf Malchow,11100101.0,2019,10,20,5,2,0,7,2,0,0,0,0,0,1,803674.8878,5835180.18,13.48301,52.58167
3,3040818.0,Pankow Süd,3400830.0,2019,3,6,2,2,5,3,1,1,0,0,0,0,0,800091.1576,5834035.624,13.42924,52.5734
4,4020311.0,Reichsstraße,4200310.0,2019,8,15,2,3,5,3,0,0,0,0,0,0,0,789152.9582,5826158.183,13.26143,52.5087
1,1011304.0,Karl-Marx-Allee,1100311.0,2019,5,20,1,3,5,3,1,1,0,0,0,0,0,800021.6778,5828096.112,13.42285,52.5202
1,1011303.0,Alexanderplatzviertel,1100310.0,2019,3,12,7,3,2,7,0,1,0,0,0,1,0,798920.9609,5828128.171,13.4067,52.52109
10,10030726.0,Alt-Biesdorf,10300733.0,2019,10,7,2,3,5,7,0,1,0,0,0,0,0,808755.6146,5827439.69,13.55056,52.50944
7,7020203.0,Kaiser-Wilhelm-Platz,7200409.0,2019,8,19,2,3,1,5,0,1,0,0,0,0,0,795580.5488,5823905.614,13.35387,52.48506
1,1033203.0,Humboldthain Nordwest,1300836.0,2019,6,10,5,2,5,2,0,1,0,0,0,0,0,796343.923,5830077.937,13.37057,52.53997
11,11030721.0,Rüdigerstraße,11300722.0,2019,3,15,7,2,5,3,0,1,0,0,0,0,1,803768.0941,5827581.823,13.47743,52.51352
3,3061434.0,Anton-Saefkow-Park,3601451.0,2019,8,13,2,3,5,3,0,1,0,0,0,0,0,800899.6528,5830368.747,13.43781,52.54008
2,2020202.0,Rathaus Yorckstraße,2200208.0,2019,6,22,5,2,0,7,2,0,0,0,0,0,0,797424.2517,5825533.618,13.38239,52.49865
2,2050602.0,Samariterviertel,2500728.0,2019,6,7,5,3,3,6,0,0,0,0,0,0,0,803398.9906,5827603.219,13.47202,52.51391
3,3050925.0,Komponistenviertel Weißensee,3500936.0,2019,3,8,6,3,3,6,0,1,0,0,0,0,1,801555.4789,5831202.207,13.44821,52.54719
3,3061126.0,Arnimplatz,3601141.0,2019,8,7,2,3,6,4,0,0,1,0,0,0,1,799215.0471,5831327.486,13.41391,52.54961
1,1011304.0,Karl-Marx-Allee,1100311.0,2019,5,22,7,3,5,3,2,1,0,0,0,0,0,800001.1693,5828076.528,13.42253,52.52003
2,2050801.0,Traveplatz,2500830.0,2019,11,18,5,3,3,6,2,0,0,0,0,1,1,802148.5585,5827565.454,13.45362,52.51427
9,9020601.0,Schnellerstraße,9200613.0,2019,9,16,5,3,0,7,0,0,0,0,0,0,0,805667.4643,5822054.261,13.50026,52.46291
1,1011201.0,Wilhelmstraße,1100205.0,2019,10,14,4,3,5,2,0,0,0,0,0,1,0,796952.4059,5826724.472,13.37652,52.50958
2,2020202.0,Rathaus Yorckstraße,2200208.0,2019,5,13,7,3,5,2,0,1,0,0,0,0,0,797898.9333,5825429.765,13.38927,52.49746
12,12103219.0,Schäfersee,12100204.0,2019,6,16,4,3,0,5,0,0,0,0,0,1,0,795682.4422,5832918.224,13.36338,52.56579
3,3071639.0,Bötzowstraße,3701660.0,2019,6,0,7,3,2,7,2,1,0,0,0,0,0,800293.0471,5829439.337,13.42805,52.53209
3,3071639.0,Bötzowstraße,3701660.0,2019,3,11,6,3,5,2,0,1,0,0,0,0,0,800370.86,5829563.819,13.42931,52.53316
4,4030417.0,Schloßstraße,4300414.0,2019,10,14,6,3,5,3,0,1,0,0,0,0,0,791568.8779,5826566.607,13.29729,52.51107
3,3040614.0,Pankow Zentrum,3400724.0,2019,8,8,1,2,0,1,0,0,0,0,0,0,1,798627.2403,5833015.072,13.40678,52.56506
1,1044102.0,Schillerpark,1400940.0,2019,9,15,5,3,5,3,0,1,0,0,0,0,0,795861.876,5832068.328,13.36526,52.55808
3,3061332.0,Helmholtzplatz,3601346.0,2019,3,20,5,3,5,2,2,1,0,0,0,0,1,799995.3404,5830193.596,13.42436,52.53901
9,9010101.0,Elsenstraße,9100101.0,2019,11,3,1,2,5,3,2,1,0,0,0,0,0,802586.7331,5825078.403,13.4578,52.49173
7,7060604.0,Marienfelde Süd,7601339.0,2019,10,6,4,3,6,7,2,0,1,0,0,0,1,796533.241,5815693.925,13.36057,52.41093
3,3061434.0,Anton-Saefkow-Park,3601451.0,2019,12,6,7,2,5,3,2,1,0,0,0,0,1,800844.6477,5830326.904,13.43696,52.53974
3,3040818.0,Pankow Süd,3400830.0,2019,3,14,4,3,5,3,0,1,0,0,0,0,0,798772.7797,5832845.876,13.40877,52.56346
2,2010101.0,Askanischer Platz,2100101.0,2019,6,20,3,3,5,2,0,1,0,0,0,0,0,797850.2547,5825505.588,13.38862,52.49817
2,2050803.0,Stralauer Kiez,2500835.0,2019,3,18,4,3,3,7,1,0,0,0,0,0,0,801820.579,5826233.408,13.44759,52.50251
9,9020601.0,Schnellerstraße,9200613.0,2019,8,15,6,3,5,3,0,1,0,0,0,0,0,805566.0483,5822152.35,13.49886,52.46385
1,1011303.0,Alexanderplatzviertel,1100310.0,2019,10,12,2,3,3,5,0,1,0,0,0,0,0,799327.4473,5827976.894,13.41254,52.51951
12,12301203.0,Wittenau Süd,12500926.0,2019,8,15,6,3,5,3,0,1,0,0,0,0,0,794058.9855,5835089.782,13.34142,52.58614
3,3061126.0,Arnimplatz,3601141.0,2019,5,15,5,3,5,2,0,0,0,0,1,0,0,799220.299,5831446.957,13.41409,52.55067
2,2050602.0,Samariterviertel,2500728.0,2019,3,10,3,3,5,2,0,1,0,0,0,0,1,802592.0568,5827701.53,13.46026,52.51524
9,9020601.0,Schnellerstraße,9200613.0,2019,6,9,3,2,5,2,0,1,0,0,0,0,0,806441.4061,5821308.445,13.51093,52.4558
11,11030721.0,Rüdigerstraße,11300722.0,2019,9,8,2,3,5,2,0,0,0,0,0,1,0,803744.8283,5827568.052,13.47707,52.5134
7,7020203.0,Kaiser-Wilhelm-Platz,7200409.0,2019,10,17,4,3,5,2,2,1,0,0,0,0,0,795792.0998,5824121.094,13.35716,52.48688
10,10010207.0,Marzahner Promenade,10100210.0,2019,8,12,6,3,5,3,0,1,0,0,0,0,0,807870.2942,5830969.554,13.54082,52.54158
7,7020202.0,Volkspark (Rudolf-Wilde-Park),7200308.0,2019,6,9,3,2,5,3,0,0,0,1,0,0,0,795341.7031,5823442.265,13.34995,52.48104
4,4030623.0,Ernst-Reuter-Platz,4300622.0,2019,8,9,6,3,5,2,0,1,0,0,0,0,0,793675.0884,5826903.623,13.32853,52.51296
3,3061131.0,Falkplatz,3601142.0,2019,5,9,5,3,0,7,0,0,0,0,0,0,0,799138.1249,5830640.271,13.41216,52.54349
3,3040818.0,Pankow Süd,3400830.0,2019,3,8,2,3,5,3,0,1,0,0,0,0,1,800037.6218,5833458.724,13.42793,52.56826
4,4030417.0,Schloßstraße,4300414.0,2019,5,9,5,3,2,6,0,1,0,0,0,0,1,790849.932,5826429.535,13.2866,52.51023
3,3061429.0,Greifswalder Straße,3601449.0,2019,6,16,3,3,5,2,0,1,0,0,0,0,0,801171.3728,5830805.388,13.4422,52.54385
2,2050803.0,Stralauer Kiez,2500835.0,2019,8,9,6,3,5,3,0,0,0,0,0,0,0,802719.0926,5825868.964,13.46046,52.49875
7,7050502.0,Fritz-Werner-Straße,7501133.0,2019,6,14,3,3,5,2,0,1,0,0,0,0,0,798728.9858,5817525.866,13.39439,52.42616
11,11030721.0,Rüdigerstraße,11300722.0,2019,12,15,2,3,5,3,1,1,1,0,0,0,0,803720.1819,5827570.261,13.47671,52.51344
1,1044201.0,Reinickendorfer Straße,1401045.0,2019,11,9,7,3,0,7,0,0,1,0,0,0,1,796221.088,5830710.808,13.36933,52.54571
9,9020601.0,Schnellerstraße,9200613.0,2019,6,8,3,3,5,2,0,0,0,0,0,1,0,806130.044,5821623.894,13.50665,52.4588
12,12103219.0,Schäfersee,12100204.0,2019,8,7,6,3,6,4,0,1,1,0,0,0,0,795756.5146,5832664.623,13.36424,52.56348
3,3061126.0,Arnimplatz,3601141.0,2019,5,9,4,3,0,3,0,1,0,0,0,0,0,799238.2409,5831933.867,13.41479,52.55503
7,7050506.0,Birnhornweg,7501135.0,2019,9,8,2,3,5,2,0,0,0,0,0,1,0,798857.1817,5817279.695,13.39605,52.42388
9,9010101.0,Elsenstraße,9100101.0,2019,3,16,7,3,0,2,0,1,0,0,0,0,1,802664.624,5825208.522,13.45906,52.49286
12,12231101.0,Hermsdorf,12400723.0,2019,1,11,4,3,6,7,0,0,1,0,0,0,1,791681.7592,5838148.279,13.30913,52.61484
6,6020306.0,Lankwitz Süd,6200317.0,2019,1,17,4,3,5,2,2,1,0,0,0,0,1,795683.6275,5816883.62,13.34916,52.42206