district,LOR,street,LOR_2021,year,month,hour,weekday,category,accident_kind,accident_type,light_condition,car,pedestrian,motorcycle,goods_vehicle,others,road_condition,LINREFX,LINREFY,XGCSWGS84,YGCSWGS84
7,7040405.0,Rathaus Tempelhof,7400927.0,2019,1,17,4,3,1,5,2,0,0,0,0,1,1,798485.0395,5821664.59,13.39451,52.46339
6,6010101.0,Fichtenberg,6100101.0,2019,1,16,4,3,5,3,2,0,0,0,0,1,1,793391.8665,5820412.053,13.31866,52.45492
1,1044201.0,Reinickendorfer Straße,1401045.0,2019,1,7,4,3,5,2,2,0,0,0,0,1,1,796666.7445,5831961.092,13.377,52.55668
4,4051551.0,Brabanter Platz,4501148.0,2019,1,7,4,3,5,2,2,1,0,0,0,0,1,793333.618,5823074.251,13.32014,52.47882
3,3020209.0,Niederschönhausen,3200205.0,2019,1,7,4,3,5,2,2,1,0,0,0,0,1,798135.557,5835470.38,13.40176,52.58733
2,2040702.0,Weberwiese,2400624.0,2019,1,10,3,3,1,5,0,1,0,0,0,0,1,801855.2577,5827407.853,13.44917,52.51302
1,1011202.0,Unter den Linden Nord,1100206.0,2019,1,10,3,3,6,4,0,0,1,0,0,0,1,797863.96,5827637.309,13.39073,52.51727
11,11030618.0,Fennpfuhl West,11300617.0,2019,1,19,3,3,1,5,2,1,0,0,0,0,1,803271.6767,5828979.787,13.47141,52.52632
8,8010510.0,Gewerbegebiet Köllnische Heide,8100521.0,2019,1,17,3,3,5,3,2,1,0,0,0,0,1,802483.13,5822557.723,13.45399,52.4692
2,2050602.0,Samariterviertel,2500728.0,2019,1,17,3,3,5,3,2,1,0,0,0,0,1,802670.4969,5828101.141,13.46177,52.51878
1,1011202.0,Unter den Linden Nord,1100206.0,2019,1,15,3,3,5,3,0,1,0,0,0,0,1,798550.9063,5827801.871,13.40097,52.51837
1,1022104.0,Emdener Straße,1200520.0,2019,1,14,3,2,5,2,0,1,0,0,0,0,1,794569.4748,5828430.72,13.34302,52.52617
1,1044202.0,Sparrplatz,1401046.0,2019,1,21,2,3,5,2,2,0,0,0,0,0,1,794622.3144,5829867.797,13.34507,52.53902
3,3051022.0,Hansastraße,3501038.0,2019,1,8,2,3,1,5,1,0,0,0,0,1,1,803691.7695,5831996.151,13.48034,52.55312
3,3061430.0,Volkspark Prenzlauer Berg,3601450.0,2019,1,11,2,3,6,4,0,0,1,0,0,0,1,802230.8772,5829345.134,13.45645,52.53017
1,1011201.0,Wilhelmstraße,1100205.0,2019,1,17,2,3,5,2,2,1,0,0,0,0,1,796947.1418,5826781.323,13.3765,52.5101
3,3040513.0,Schönholz,3400620.0,2019,1,17,2,3,5,3,2,1,0,0,0,0,1,797412.6341,5833971.338,13.38977,52.57429
11,11051331.0,Karlshorst Nord,11501340.0,2019,1,16,2,3,3,6,2,1,0,0,0,0,1,807683.6568,5824547.508,13.53214,52.48413
1,1044201.0,Reinickendorfer Straße,1401045.0,2019,1,16,2,3,5,2,1,1,0,0,0,0,1,796555.0379,5831635.625,13.37507,52.55382
11,11051331.0,Karlshorst Nord,11501340.0,2019,1,15,2,3,5,3,0,1,0,0,0,0,1,807451.0942,5824781.364,13.52894,52.48635
2,2030302.0,Lausitzer Platz,2300315.0,2019,1,9,2,3,5,3,1,1,0,0,0,0,1,800663.9747,5825829.873,13.43024,52.49953
4,4030621.0,Spreestadt,4300620.0,2019,1,8,2,3,5,2,1,1,0,0,0,0,1,793066.1918,5827662.759,13.32025,52.5201
10,10010308.0,Marzahner Chaussee,10100311.0,2019,1,18,2,3,1,5,2,0,0,0,0,1,1,806707.6319,5830267.094,13.52309,52.53594
9,9051702.0,Bölschestraße,9501737.0,2019,1,13,1,3,1,5,0,1,0,0,0,0,0,814597.8148,5820806.934,13.6301,52.44667
5,5030731.0,Gartenfelder Straße,5300737.0,2019,1,17,1,2,5,3,2,1,0,0,0,0,0,787974.9746,5830384.9,13.24778,52.54721
1,1011304.0,Karl-Marx-Allee,1100311.0,2019,1,16,1,3,5,2,2,1,0,0,0,0,0,799582.7043,5828043.697,13.41635,52.51997
6,6030504.0,Teltower Damm,6300528.0,2019,1,14,1,2,5,3,0,1,0,0,0,0,0,790022.8251,5815953.84,13.26535,52.41675
7,7020203.0,Kaiser-Wilhelm-Platz,7200409.0,2019,1,14,7,3,3,7,0,1,0,0,0,0,1,795683.979,5824075.812,13.35554,52.48653
1,1011305.0,Heine-Viertel West,1100312.0,2019,1,6,7,3,5,3,2,1,0,0,0,0,1,799682.2285,5827210.083,13.41706,52.51244
12,12103219.0,Schäfersee,12100204.0,2019,1,12,6,3,5,2,0,1,0,0,0,0,0,795583.1887,5833129.154,13.3621,52.56774
2,2050802.0,Boxhagener Platz,2500834.0,2019,1,18,6,3,6,4,2,0,1,0,0,0,1,802724.4493,5826970.822,13.46154,52.50862
11,11010204.0,Falkenberg Ost,11100203.0,2019,1,13,6,3,5,2,0,1,0,0,0,0,1,806700.2883,5833982.649,13.52641,52.56924
10,10040828.0,Kaulsdorf Nord,10400835.0,2019,1,15,6,3,5,3,0,1,0,0,0,0,1,811939.0391,5828947.763,13.59873,52.52114
4,4041238.0,Kissinger Straße,4400830.0,2019,1,15,6,3,5,3,1,1,0,0,0,0,1,791526.2229,5823555.477,13.29402,52.4841
2,2030402.0,Wrangelkiez,2300419.0,2019,1,16,6,3,6,4,2,0,1,0,0,0,1,801344.3756,5825832.702,13.44024,52.49918
11,11040926.0,Weitlingstraße,11400929.0,2019,1,5,6,3,5,3,2,1,0,0,0,0,1,806141.1634,5826839.339,13.51161,52.50553
4,4041240.0,Messelpark,4400831.0,2019,1,14,5,2,5,3,0,1,0,0,0,0,0,790741.7102,5822643.997,13.28171,52.47635
9,9051901.0,Dammvorstadt,9501941.0,2019,1,14,5,3,5,3,0,1,0,0,0,0,0,811002.3572,5821743.476,13.57824,52.45712
3,11030618.0,Fennpfuhl West,11300617.0,2019,1,17,5,3,5,2,2,1,0,0,0,0,0,802590.616,5829279.205,13.46167,52.52938
4,4020310.0,Park Ruhwald,4200308.0,2019,1,10,5,2,5,3,0,1,0,0,0,0,0,789838.0797,5827374.657,13.27256,52.51924
7,7040404.0,Marienhöhe,7400826.0,2019,1,8,5,3,3,6,0,0,0,0,0,1,0,797408.7747,5820428.288,13.37761,52.4529
8,8041036.0,Zittauer Straße,8401242.0,2019,1,8,5,3,5,3,0,1,0,0,0,0,0,804215.013,5816452.578,13.47385,52.41352
8,8010214.0,Glasower Straße,8100209.0,2019,1,21,4,3,1,5,2,1,0,0,0,0,0,801099.3013,5822182.291,13.43334,52.4666
4,4030623.0,Ernst-Reuter-Platz,4300622.0,2019,1,18,4,3,5,3,2,1,0,0,0,0,0,792965.1076,5826950.747,13.31814,52.51377
7,7020203.0,Kaiser-Wilhelm-Platz,7200409.0,2019,1,15,4,3,1,5,0,1,0,0,0,0,1,796131.3631,5824119.694,13.36215,52.48668
1,1011201.0,Wilhelmstraße,1100205.0,2019,1,17,6,2,1,5,2,1,0,0,0,0,1,797337.1087,5827137.561,13.38254,52.51308
10,10030724.0,Oberfeldstraße,10300731.0,2019,1,14,6,3,5,2,0,1,0,0,0,0,1,809052.6057,5828645.993,13.55604,52.52008
1,1022206.0,Lüneburger Straße,1200628.0,2019,1,12,6,3,5,2,0,0,0,0,1,0,0,796230.7775,5828511.857,13.36751,52.526
2,2030301.0,Oranienplatz,2300314.0,2019,1,0,6,3,5,3,2,1,0,0,0,0,1,800119.0774,5825731.95,13.42215,52.49895
3,3020307.0,Buchholz,3200308.0,2019,1,7,6,3,5,3,1,1,0,0,0,0,2,798347.317,5838420.913,13.40753,52.61366
1,1011303.0,Alexanderplatzviertel,1100310.0,2019,1,8,6,3,6,4,0,0,1,0,0,0,1,799722.7643,5827451.541,13.41788,52.51459
7,7010103.0,Barbarossaplatz,7100204.0,2019,1,8,6,3,1,5,0,1,0,0,0,0,0,795383.5017,5824674.199,13.35166,52.49206
1,1022103.0,Westhafen,1200517.0,2019,1,7,5,3,5,2,2,1,0,0,0,0,1,794577.312,5829787.053,13.34434,52.53833
9,9041301.0,Kietzer Feld/Nachtheide,9401329.0,2019,1,20,5,2,3,6,2,1,0,0,0,0,1,811813.9744,5818128.414,13.58678,52.42426
1,1044201.0,Reinickendorfer Straße,1401045.0,2019,1,18,5,3,5,3,1,1,0,0,0,0,1,796972.821,5831932.165,13.38148,52.55625
2,2010101.0,Askanischer Platz,2100101.0,2019,1,18,5,3,5,2,2,1,0,0,0,0,1,797663.4119,5826303.921,13.38659,52.50543
1,1011202.0,Unter den Linden Nord,1100206.0,2019,1,18,5,3,3,6,2,1,0,0,0,0,1,797479.1497,5827939.21,13.38535,52.52019
6,6020303.0,Lankwitz Kirche,6200313.0,2019,1,12,5,3,1,5,0,1,0,0,0,0,0,795101.9224,5818278.263,13.34186,52.43487
4,4031032.0,Halensee,4500938.0,2019,1,18,7,3,1,5,2,1,0,0,0,1,0,791116.6958,5824761.653,13.28906,52.49513
6,6030504.0,Teltower Damm,6300528.0,2019,1,14,5,2,2,3,0,1,0,0,0,0,0,790189.3252,5815242.842,13.26717,52.41029
1,1022102.0,Beusselkiez,1200518.0,2019,1,15,5,3,1,5,0,1,0,0,0,0,1,793488.3145,5828518.985,13.32721,52.52755
1,1033203.0,Humboldthain Nordwest,1300836.0,2019,1,21,4,2,6,4,2,0,1,0,0,0,0,796774.7548,5830528.507,13.37731,52.54378
1,1011302.0,Oranienburger Straße,1100309.0,2019,1,21,4,3,1,5,2,1,0,0,0,0,0,799013.9252,5828896.581,13.40876,52.52793
3,3061227.0,Humannplatz,3601244.0,2019,1,21,4,3,5,3,2,1,0,0,0,0,0,800158.7173,5831670.99,13.42809,52.55217
12,12224230.0,Heiligensee,12400619.0,2019,1,14,4,3,2,3,0,1,0,0,0,0,0,786427.1397,5837332.67,13.23102,52.61032
3,3061227.0,Humannplatz,3601244.0,2019,1,7,4,3,5,3,1,1,0,0,0,0,1,799979.5232,5831084.88,13.42493,52.54701
7,7070701.0,Kettinger Straße/Schillerstraße,7601442.0,2019,1,17,7,3,5,2,2,0,0,0,0,1,0,798697.8409,5816021.293,13.39259,52.41269
10,10020517.0,Adele-Sandrock-Straße,10200524.0,2019,1,7,4,3,5,3,1,1,0,0,0,0,1,813010.8353,5830201.997,13.61565,52.53177
1,1033102.0,Gesundbrunnen,1300733.0,2019,1,12,3,3,5,2,0,1,0,0,0,0,0,797642.7802,5831852.41,13.39126,52.55517
2,2050801.0,Traveplatz,2500830.0,2019,1,10,3,3,5,3,1,1,0,0,0,0,1,802909.3735,5827125.545,13.4644,52.5099
3,3050923.0,Weißenseer Spitze,3500934.0,2019,1,10,3,3,1,5,0,1,0,0,0,0,1,800728.0755,5831963.52,13.43673,52.55447
9,9020701.0,Adlershof West,9200715.0,2019,1,23,3,3,5,2,2,1,0,0,0,0,1,808983.6231,5818110.329,13.54527,52.4257
1,1011101.0,Stülerstraße,1100101.0,2019,1,21,2,3,5,2,2,1,0,0,0,0,0,795230.5272,5826625.853,13.35114,52.50963
1,1011102.0,Großer Tiergarten,1100102.0,2019,1,9,2,3,6,4,0,0,1,0,0,0,1,795324.8911,5827382.69,13.3532,52.51637
7,7070703.0,John-Locke-Straße,7601544.0,2019,1,11,2,3,5,2,0,1,0,0,0,0,0,800015.0293,5813266.699,13.40943,52.38728
1,1011304.0,Karl-Marx-Allee,1100311.0,2019,1,22,1,3,5,3,2,0,0,0,0,1,1,800068.1604,5828502.746,13.4239,52.52382
1,1011105.0,Nördlicher Landwehrkanal,1100102.0,2019,1,14,1,3,5,5,0,1,0,0,0,0,1,796243.2881,5826760.144,13.36614,52.51029
11,11020412.0,Hauptstraße,11200513.0,2019,1,17,7,2,0,7,2,0,0,0,0,0,1,805706.5098,5831402.229,13.50942,52.54667
2,2040503.0,Richard-Sorge-Viertel,2400522.0,2019,1,15,6,3,4,6,0,1,0,0,0,0,1,801693.1633,5828103.348,13.44742,52.51934
2,2010102.0,Mehringplatz,2100102.0,2019,1,19,6,3,1,5,2,1,0,0,0,0,1,797766.2989,5826438.753,13.38823,52.50658
1,1011202.0,Unter den Linden Nord,1100206.0,2019,1,15,6,3,5,3,1,1,0,0,0,0,1,797575.2575,5827894.408,13.38672,52.51973
2,2050801.0,Traveplatz,2500830.0,2019,1,14,6,2,6,4,0,0,1,0,0,0,1,802839.6722,5827471.654,13.46369,52.51304
4,4030929.0,Hindemithplatz,4501040.0,2019,1,14,6,3,5,2,0,1,0,0,0,0,1,792711.523,5825638.208,13.31326,52.50214
2,2010103.0,Moritzplatz,2100104.0,2019,1,14,6,3,5,7,0,1,0,0,0,0,1,799153.635,5825784.31,13.40802,52.49995
11,11041128.0,Sewanstraße,11401135.0,2019,1,13,6,3,5,3,0,1,0,0,0,0,1,807117.8505,5825776.979,13.52497,52.49546
7,7010104.0,Dennewitzplatz,7100205.0,2019,1,10,6,3,5,3,0,1,0,0,0,0,1,796115.2642,5824947.367,13.36264,52.49411
3,3061430.0,Volkspark Prenzlauer Berg,3601450.0,2019,1,8,6,3,0,7,0,0,0,0,0,0,1,802580.26,5829428.165,13.46166,52.53072
9,9051901.0,Dammvorstadt,9501941.0,2019,1,7,6,3,5,2,2,1,0,0,0,0,1,812066.2051,5821345.417,13.59348,52.45295
7,7070703.0,John-Locke-Straße,7601544.0,2019,1,15,5,3,1,5,0,1,0,0,0,0,1,798854.1181,5814382.257,13.39342,52.39791
5,5040935.0,Groß-Glienicker Weg,5400942.0,2019,1,8,5,3,5,3,0,1,0,0,0,0,0,782166.5597,5820304.85,13.15381,52.45987
2,2050802.0,Boxhagener Platz,2500834.0,2019,1,13,7,3,5,2,0,1,0,0,0,0,0,802616.697,5827005.742,13.45999,52.50899
2,2040703.0,Wriezener Bahnhof/Entwicklungsgebiet,2400625.0,2019,1,16,5,3,5,3,2,1,0,0,0,0,0,801104.6444,5827046.2,13.43781,52.51019
4,4030931.0,Breitscheidplatz,4501042.0,2019,1,14,5,3,1,5,0,1,0,0,0,0,1,793661.2877,5825550.702,13.32713,52.50084
11,11051330.0,Karlshorst West,11501339.0,2019,1,9,7,3,4,6,0,1,0,0,0,1,0,806625.4321,5825212.511,13.51722,52.49068
7,7020202.0,Volkspark (Rudolf-Wilde-Park),7200308.0,2019,1,14,5,3,6,4,0,0,1,0,0,0,0,794891.0554,5823273.455,13.34318,52.47977
8,8010213.0,Körnerpark,8100208.0,2019,1,13,5,3,5,3,0,1,0,0,0,0,0,801637.5642,5822641.488,13.44165,52.47042
2,2050602.0,Samariterviertel,2500728.0,2019,1,12,5,3,1,5,0,1,0,0,0,0,0,803465.923,5827756.869,13.47315,52.51525
3,3061227.0,Humannplatz,3601244.0,2019,1,16,5,3,6,7,2,0,1,0,0,0,0,799348.9499,5831412.277,13.41595,52.55029
10,10040828.0,Kaulsdorf Nord,10400835.0,2019,1,16,5,2,5,2,1,1,0,0,0,0,0,811947.6165,5828938.851,13.59885,52.52106
3,3040818.0,Pankow Süd,3400830.0,2019,1,20,5,3,5,3,2,1,0,0,0,0,0,799730.912,5832503.348,13.42255,52.55986
6,6020302.0,Komponistenviertel Lankwitz,6200312.0,2019,1,19,4,3,5,3,2,1,0,0,0,0,1,794705.6791,5819228.835,13.33689,52.44361
4,4030931.0,Breitscheidplatz,4501042.0,2019,1,10,4,3,1,5,1,1,0,0,0,0,1,793529.9145,5825947.164,13.32555,52.50447
2,2050801.0,Traveplatz,2500830.0,2019,1,8,4,3,3,6,0,0,0,0,0,1,1,803095.1421,5827081.85,13.46709,52.50941
6,6030501.0,Berlepschstraße,6300524.0,2019,1,16,4,3,5,3,2,1,0,0,0,0,1,787540.695,5817030.741,13.22988,52.42772
5,5010313.0,Ackerstraße,5100315.0,2019,1,16,4,3,0,2,1,1,0,0,0,0,1,784281.1825,5830372.886,13.19345,52.54905
7,7040404.0,Marienhöhe,7400826.0,2019,1,13,4,3,1,5,0,1,0,0,0,0,0,797000.8851,5820419.997,13.37162,52.45304
1,1044202.0,Sparrplatz,1401046.0,2019,1,6,4,3,5,2,1,1,0,0,0,0,0,794896.303,5830252.472,13.34944,52.54232
1,1033101.0,Soldiner Straße,1300732.0,2019,1,8,4,3,1,5,0,1,0,0,0,0,0,797139.1508,5833204.106,13.38506,52.56756
7,7020201.0,Bayerischer Platz,7200307.0,2019,1,11,4,3,5,2,0,1,0,0,0,0,1,794949.9141,5824666.127,13.34528,52.49222
1,1011303.0,Alexanderplatzviertel,1100310.0,2019,1,11,4,3,5,2,0,1,0,0,0,0,0,799097.1846,5828456.724,13.40959,52.52394
7,7010101.0,Wittenbergplatz/Viktoria-Luise-Platz,7100101.0,2019,1,15,5,3,5,2,0,1,0,0,0,0,0,794523.7207,5825186.401,13.33948,52.49711
1,1044203.0,Leopoldplatz,1401049.0,2019,1,17,4,3,6,4,2,0,1,0,0,0,1,795432.0,5831608.641,13.35853,52.55419
1,1022106.0,Elberfelder Straße,1200522.0,2019,1,16,4,3,6,4,0,0,1,0,0,0,0,794085.4422,5827801.167,13.33535,52.52079
2,2050801.0,Traveplatz,2500830.0,2019,1,16,3,3,1,5,2,1,0,0,0,0,0,802725.2306,5827436.214,13.46197,52.51279
1,1011305.0,Heine-Viertel West,1100312.0,2019,1,16,3,3,2,6,2,1,0,0,0,0,0,799111.41,5827120.157,13.4086,52.51195
1,1011204.0,Leipziger Straße,1100207.0,2019,1,16,3,3,5,3,1,1,0,0,0,0,1,797876.2892,5826766.369,13.39013,52.50946
1,1022104.0,Emdener Straße,1200520.0,2019,1,7,3,3,0,5,0,0,0,0,0,0,2,794020.5141,5829170.534,13.33561,52.5331
11,11020514.0,Große-Leege-Straße,11200513.0,2019,1,20,3,2,0,1,2,0,0,0,0,0,1,804649.9764,5831115.506,13.49362,52.54469
1,1044203.0,Leopoldplatz,1401049.0,2019,1,15,3,3,5,3,1,1,0,0,0,0,0,796360.8606,5831925.964,13.37247,52.55653
4,4051652.0,Nikolsburger Platz,4501149.0,2019,1,10,3,3,2,6,0,1,0,0,0,0,1,793454.9108,5824440.0,13.32312,52.491
1,1044101.0,Rehberge,1400938.0,2019,1,8,3,3,1,5,0,0,0,0,1,0,1,794626.9052,5831293.958,13.34641,52.55181
1,1011304.0,Karl-Marx-Allee,1100311.0,2019,1,8,3,3,5,2,0,0,0,0,0,1,1,799708.2841,5827840.626,13.41801,52.51808
8,8030830.0,Gropiusstadt Süd,8300935.0,2019,1,13,4,3,5,3,0,1,0,0,0,0,0,803060.7012,5817397.383,13.45778,52.42263
1,1011306.0,Heine-Viertel Ost,1100313.0,2019,1,9,3,3,1,5,0,1,0,0,0,0,0,800407.3245,5826730.983,13.42728,52.50775
7,7030303.0,Grazer Platz,7300619.0,2019,1,11,2,3,5,2,0,1,0,0,0,0,1,795039.8005,5821908.712,13.34416,52.46745
6,6030606.0,Hindenburgdamm,6300630.0,2019,1,18,5,3,1,5,2,1,0,0,0,0,0,793681.6252,5819252.035,13.32189,52.44437
3,3010102.0,Buch,3100102.0,2019,1,17,2,3,2,6,1,0,0,0,0,1,1,804167.6073,5841063.768,13.49566,52.63412
7,7010104.0,Dennewitzplatz,7100205.0,2019,1,8,2,3,0,1,0,0,0,0,0,0,2,796247.3589,5824305.958,13.36401,52.48829
8,8020625.0,Handwerker-Siedlung,8200730.0,2019,1,15,2,3,5,3,1,1,0,0,0,0,1,802499.736,5818946.992,13.45096,52.43683
8,8041035.0,Blumenviertel,8401241.0,2019,1,16,5,3,5,3,1,1,0,0,0,0,0,803891.3852,5818944.957,13.47137,52.43604
9,9020502.0,Oberschöneweide Ost,9200511.0,2019,1,13,2,3,5,3,0,1,0,0,0,0,1,807850.2902,5822047.757,13.53228,52.46163
6,6040804.0,Krumme Lanke,6400838.0,2019,1,8,2,3,0,1,0,0,0,0,0,0,2,787870.421,5818935.637,13.23635,52.44462
4,4020314.0,Messegelände,4200311.0,2019,1,8,2,3,0,1,0,0,0,0,0,0,2,790428.0262,5825937.222,13.27997,52.50604
5,5030833.0,Motardstraße,5300840.0,2019,1,6,2,2,5,3,2,1,0,0,0,0,1,788058.1165,5829192.6,13.24797,52.53648
8,8010510.0,Gewerbegebiet Köllnische Heide,8100521.0,2019,1,5,2,3,5,7,2,0,0,0,0,1,1,803907.9468,5821675.564,13.4741,52.4605
4,4010101.0,Jungfernheide,4100101.0,2019,1,9,5,3,0,2,0,1,0,0,0,0,1,791251.1288,5829731.136,13.29539,52.53961
3,3040818.0,Pankow Süd,3400830.0,2019,1,10,2,3,5,3,0,1,0,0,0,0,1,799663.4472,5832816.884,13.42184,52.56271
6,6030504.0,Teltower Damm,6300528.0,2019,1,10,2,3,0,3,0,1,0,0,0,0,2,788959.044,5816405.45,13.25014,52.42136
5,5030832.0,Rohrdamm,5300839.0,2019,1,9,2,3,0,5,0,1,0,0,0,0,2,789373.9781,5829812.607,13.26786,52.54134
1,1033202.0,Humboldthain Süd,1300835.0,2019,1,18,2,2,5,3,2,1,0,0,0,0,1,797249.6021,5829764.836,13.38361,52.53667
12,12231102.0,Frohnau,12400721.0,2019,1,8,2,3,0,1,0,0,0,0,0,0,2,790207.5414,5839954.308,13.289,52.63182
7,7030301.0,Friedenau,7300516.0,2019,1,13,5,3,1,5,0,1,0,0,0,0,0,794218.2167,5822611.839,13.33272,52.4742
9,9051801.0,Rahnsdorf/Hessenwinkel,9501838.0,2019,1,9,2,2,0,1,0,0,0,0,0,0,2,821559.4225,5819114.733,13.73056,52.42746
6,6030504.0,Teltower Damm,6300528.0,2019,1,16,1,3,5,2,2,1,0,0,0,0,1,790624.575,5815222.265,13.27353,52.40987
6,6030608.0,Schweizer Viertel,6300632.0,2019,1,15,1,3,4,6,0,1,0,0,0,0,1,791301.7079,5817703.782,13.28562,52.43176
1,1011305.0,Heine-Viertel West,1100312.0,2019,1,15,5,3,5,7,0,0,0,0,0,1,0,799069.859,5827094.875,13.40796,52.51175
1,1011302.0,Oranienburger Straße,1100309.0,2019,1,19,5,3,1,5,2,1,0,0,0,0,0,798948.102,5828428.245,13.40737,52.52377
8,8010117.0,Schillerpromenade,8100102.0,2019,2,22,6,3,4,5,2,0,0,0,0,1,0,800631.815,5823089.626,13.4273,52.47499
4,4031032.0,Halensee,4500938.0,2019,1,17,7,3,0,3,1,1,0,0,0,0,1,791056.5208,5824827.522,13.28824,52.49576
2,2020202.0,Rathaus Yorckstraße,2200208.0,2019,1,12,4,3,5,3,0,1,0,0,0,0,0,797550.2237,5825154.341,13.3839,52.49518
7,7040403.0,Manteuffelstraße,7400824.0,2019,1,17,7,2,5,3,1,1,0,0,0,0,1,797090.8214,5822167.274,13.37449,52.46866
7,7030301.0,Friedenau,7300516.0,2019,1,16,7,3,3,6,1,0,0,0,0,1,1,794555.1713,5822540.782,13.3376,52.47338
8,8010303.0,Donaustraße,8100314.0,2019,1,22,6,3,5,2,2,1,0,0,0,0,1,801013.7949,5823905.808,13.43364,52.48209
8,8010117.0,Schillerpromenade,8100102.0,2019,1,19,6,3,0,5,2,1,0,0,0,0,1,800686.7528,5822950.802,13.42798,52.47371
6,6040809.0,Thielallee,6400843.0,2019,1,7,6,3,0,1,1,0,0,0,0,0,1,792242.3439,5820561.329,13.30192,52.45688
1,2040701.0,Andreasviertel,2400623.0,2019,1,7,6,2,5,2,1,1,0,0,0,0,1,800161.8114,5827358.629,13.42424,52.51351
11,11051229.0,Rummelsburg,11501238.0,2019,1,13,6,2,2,2,0,0,0,0,1,0,0,803345.6762,5826301.38,13.47005,52.50227
4,4030828.0,Savignyplatz,4300624.0,2019,1,19,5,3,3,6,2,1,0,0,0,0,0,793253.6136,5826186.529,13.32171,52.50676
6,6040703.0,Nikolassee,6400737.0,2019,1,16,5,3,5,3,2,1,0,0,0,0,0,785322.4398,5817729.986,13.19794,52.43515
8,8010118.0,Silbersteinstraße,8100105.0,2019,1,14,5,3,6,7,0,0,1,0,0,0,0,801181.7254,5821806.219,13.43421,52.46318
1,1011203.0,Unter den Linden Süd,1100206.0,2019,1,15,4,3,5,2,0,1,0,0,0,0,0,797623.8441,5827017.473,13.38665,52.51184
3,3050925.0,Komponistenviertel Weißensee,3500936.0,2019,1,15,4,3,1,5,0,1,0,0,0,0,0,802687.7117,5831395.923,13.46503,52.5483
4,4051448.0,Schaperstraße,4501045.0,2019,1,7,4,3,3,6,0,1,0,0,0,0,0,793935.143,5825147.122,13.3308,52.49708
1,1011301.0,Charitéviertel,1100308.0,2019,1,8,4,3,2,6,0,1,0,0,0,0,1,796949.3682,5829436.585,13.3789,52.5339
9,9010301.0,Baumschulenstraße,9100305.0,2019,1,17,4,3,5,2,2,1,0,0,0,0,0,805008.5271,5822690.938,13.49117,52.46899
4,4030519.0,Kaiserin-Augusta-Allee,4300518.0,2019,1,8,4,3,5,2,0,1,0,0,0,0,0,792596.0674,5828268.647,13.31388,52.52578
2,2020204.0,Urbanstraße,2200210.0,2019,1,18,4,3,5,2,2,1,0,0,0,0,0,798489.3602,5825229.342,13.39776,52.49534
4,4030623.0,Ernst-Reuter-Platz,4300622.0,2019,1,14,4,3,6,4,0,0,1,0,0,0,0,793339.5256,5826672.701,13.3234,52.51107
6,6010209.0,Feuerbachstraße,6100209.0,2019,1,18,4,3,5,3,2,1,0,0,0,0,0,794486.9374,5821598.398,13.33577,52.46497
3,3040818.0,Pankow Süd,3400830.0,2019,1,12,4,2,5,3,0,1,0,0,0,0,0,799664.4076,5832817.111,13.42186,52.56271
4,4030931.0,Breitscheidplatz,4501042.0,2019,1,17,4,3,6,4,2,0,1,0,0,0,0,793847.1224,5825873.673,13.33015,52.50364
7,7040405.0,Rathaus Tempelhof,7400927.0,2019,1,17,4,3,5,2,2,1,0,0,0,0,0,797945.3969,5822209.957,13.38708,52.46857
2,2030302.0,Lausitzer Platz,2300315.0,2019,1,13,4,3,1,5,0,0,0,0,0,1,0,800297.0314,5825830.517,13.42485,52.49974
6,6020409.0,Königsberger Straße,6200421.0,2019,1,13,5,3,5,2,0,1,0,0,0,0,0,794140.6087,5817715.924,13.32727,52.43035
1,1033201.0,Brunnenstraße,1300834.0,2019,1,16,3,3,6,4,0,0,1,0,0,0,0,798172.9525,5830043.176,13.39743,52.53867
4,4030623.0,Ernst-Reuter-Platz,4300622.0,2019,1,13,4,2,5,3,0,1,0,0,0,0,0,792916.931,5826772.084,13.31727,52.51219
3,3061429.0,Greifswalder Straße,3601449.0,2019,1,14,3,3,5,2,0,1,0,0,0,0,0,801080.0921,5830449.654,13.44053,52.54071
6,6010208.0,Bergstraße,6100208.0,2019,1,13,3,3,2,2,0,1,0,0,0,0,0,794120.9734,5820820.925,13.32971,52.4582
3,3040512.0,Wilhelmsruh,3400619.0,2019,1,12,3,2,5,3,0,1,0,0,0,0,0,795623.3456,5834694.987,13.36409,52.58175
3,3071537.0,Kollwitzplatz,3701555.0,2019,1,22,3,2,5,2,2,1,0,0,0,0,0,799688.2438,5829250.284,13.41899,52.53073
6,6040810.0,Dahlem,6400844.0,2019,1,8,3,3,2,2,0,1,0,0,0,0,0,790139.0618,5819770.878,13.27036,52.45091
2,2010104.0,Wassertorplatz,2100106.0,2019,1,18,3,3,6,4,1,0,1,0,0,0,0,799047.6008,5825596.119,13.40629,52.49832
7,7040406.0,Germaniagarten,7400928.0,2019,1,7,2,3,5,2,0,1,0,0,0,0,0,799964.7278,5821327.082,13.41592,52.45956
12,12302110.0,Dannenwalder Weg,12601235.0,2019,2,12,6,3,5,2,0,0,0,0,1,0,0,795278.0396,5836373.535,13.36051,52.59699
7,7020204.0,Schöneberger Insel,7200413.0,2019,1,15,2,3,6,4,0,0,1,0,0,0,0,796338.0338,5823954.737,13.36503,52.48509
4,4030827.0,Karl-August-Platz,4300623.0,2019,1,8,5,3,0,2,0,1,0,0,0,0,0,792255.2988,5826004.691,13.30688,52.50567
6,6040810.0,Dahlem,6400844.0,2019,1,10,2,3,5,3,0,1,0,0,0,0,0,792344.4798,5820808.71,13.30363,52.45904
1,1033102.0,Gesundbrunnen,1300733.0,2019,1,15,1,3,1,5,0,1,0,0,0,1,1,797738.3337,5831237.543,13.39211,52.54961
1,1033203.0,Humboldthain Nordwest,1300836.0,2019,1,23,1,2,5,3,2,1,0,0,0,0,0,796637.1662,5829798.932,13.37463,52.53731
1,1033202.0,Humboldthain Süd,1300835.0,2019,1,15,1,3,2,1,0,1,0,0,0,0,0,797677.5811,5829624.223,13.38977,52.53518
12,12214424.0,Scharnweberstraße,12200309.0,2019,2,13,3,3,3,6,0,1,0,0,0,0,0,792530.8986,5833065.816,13.31714,52.56882
1,1022104.0,Emdener Straße,1200520.0,2019,2,14,3,3,5,3,0,1,0,0,0,0,0,794455.0241,5828436.841,13.34135,52.52629
3,3061228.0,Erich-Weinert-Straße,3601245.0,2019,2,17,5,3,5,3,2,1,0,0,0,0,0,800191.7902,5830931.665,13.42791,52.54552
6,6010206.0,Stadtpark,6100206.0,2019,2,14,3,3,5,2,0,1,1,0,0,0,0,794767.9006,5819860.234,13.33836,52.44923
6,6020306.0,Lankwitz Süd,6200317.0,2019,2,7,3,3,3,6,0,0,0,0,0,1,0,796398.7649,5816915.293,13.35968,52.42195
8,8030831.0,Gropiusstadt Ost,8301036.0,2019,2,20,3,3,5,3,2,1,0,0,0,0,0,804138.0878,5817802.937,13.47395,52.42566
8,8010117.0,Schillerpromenade,8100102.0,2019,2,17,3,3,2,6,2,1,0,0,0,0,0,800683.7211,5822915.114,13.4279,52.4734