district,LOR,street,LOR_2021,year,month,hour,weekday,category,accident_kind,accident_type,light_condition,car,pedestrian,motorcycle,goods_vehicle,others,road_condition,LINREFX,LINREFY,XGCSWGS84,YGCSWGS84
1,1011305.0,Heine-Viertel West,1100312.0,2019,2,17,3,3,1,5,2,1,0,0,0,0,0,799467.6076,5826587.861,13.41335,52.50698
2,2030302.0,Lausitzer Platz,2300315.0,2019,2,13,5,2,6,4,0,0,1,0,0,0,0,800799.8778,5825819.163,13.43223,52.49936
2,2020206.0,Graefekiez,2200213.0,2019,2,15,5,3,3,6,0,1,0,0,0,0,0,799237.096,5824556.034,13.40814,52.4889
5,5020523.0,Maulbeerallee,5200528.0,2019,2,15,3,3,5,3,0,1,0,0,0,0,0,782906.1268,5827421.529,13.17071,52.5233
4,4051446.0,Preußenpark,4501043.0,2019,2,17,3,2,5,2,2,1,0,0,0,0,0,792948.9667,5825319.057,13.31647,52.49915
12,12214125.0,Waldidyll/Flughafensee,12200412.0,2019,2,10,3,3,2,2,0,0,0,0,0,0,0,790812.6528,5834331.83,13.29297,52.58109
1,1011303.0,Alexanderplatzviertel,1100310.0,2019,2,14,6,3,5,2,0,0,0,0,0,1,0,799110.8712,5828465.981,13.4098,52.52401
2,2040701.0,Andreasviertel,2400623.0,2019,2,7,3,3,5,3,1,1,0,0,0,0,0,800365.0273,5827188.8,13.42708,52.51188
1,1011302.0,Oranienburger Straße,1100309.0,2019,2,9,5,3,5,2,0,1,0,0,0,0,0,799054.3076,5828993.34,13.40944,52.52877
4,4041241.0,Breite Straße,4400832.0,2019,2,14,6,3,0,1,0,0,0,0,0,0,0,791554.614,5822477.081,13.2935,52.47442
5,5020419.0,Magistratsweg,5200423.0,2019,2,5,2,3,3,6,2,0,0,0,0,1,1,780912.829,5828336.297,13.14218,52.53253
1,1022207.0,Hansaviertel,1200629.0,2019,2,7,2,2,6,7,1,0,1,0,0,0,1,794191.2365,5827121.602,13.33631,52.51464
1,1011202.0,Unter den Linden Nord,1100206.0,2019,2,19,5,3,0,2,2,0,0,0,0,1,0,797685.7217,5827902.94,13.38835,52.51975
7,7010101.0,Wittenbergplatz/Viktoria-Luise-Platz,7100101.0,2019,2,16,2,3,6,7,0,0,1,0,0,0,0,794861.289,5825676.6,13.34487,52.50132
11,11020514.0,Große-Leege-Straße,11200513.0,2019,2,16,2,2,5,3,0,1,0,0,0,0,0,804303.7547,5830307.14,13.48779,52.53764
4,4051445.0,Eisenzahnstraße,4500939.0,2019,2,7,5,3,5,2,0,1,0,0,0,0,1,792489.5126,5824122.668,13.30867,52.48867
9,9031101.0,Grünau,9301126.0,2019,2,15,2,2,0,1,0,1,0,0,0,0,0,811185.663,5817766.294,13.57723,52.42137
12,12301203.0,Wittenau Süd,12500926.0,2019,2,16,5,3,5,2,0,1,0,0,0,0,0,792851.671,5835170.064,13.32372,52.58751
2,2030301.0,Oranienplatz,2300314.0,2019,2,18,1,2,2,6,2,1,0,0,0,0,1,799847.6463,5825811.428,13.41823,52.49982
11,11020412.0,Hauptstraße,11200513.0,2019,2,10,6,3,5,2,0,1,0,0,0,0,0,805833.1405,5831863.726,13.5117,52.55074
2,2030302.0,Lausitzer Platz,2300315.0,2019,2,3,7,3,0,1,2,0,0,0,0,0,0,800724.3014,5826537.615,13.43177,52.50584
4,4051655.0,Babelsberger Straße,4501153.0,2019,2,14,7,3,3,6,0,1,0,0,0,0,0,794396.2008,5824180.077,13.33672,52.48816
5,5030731.0,Gartenfelder Straße,5300737.0,2019,2,14,7,3,0,2,0,1,0,0,0,0,0,787978.7442,5830394.277,13.24785,52.5473
8,8040933.0,Vogelviertel Süd,8401139.0,2019,2,9,5,3,0,1,0,0,0,0,0,0,1,803025.0944,5819379.62,13.45906,52.44041
1,1044202.0,Sparrplatz,1401046.0,2019,2,14,4,3,5,2,0,1,0,0,0,0,0,795536.22,5830472.575,13.35905,52.54395
1,1022104.0,Emdener Straße,1200520.0,2019,2,12,7,3,5,2,0,1,0,0,0,0,1,794587.425,5828438.769,13.3433,52.52623
2,2050802.0,Boxhagener Platz,2500834.0,2019,2,7,4,3,2,2,0,1,0,0,0,0,0,801988.3694,5826925.116,13.45069,52.50862
7,7050503.0,Eisenacher Straße,7501031.0,2019,2,12,7,2,5,2,0,1,0,0,0,0,0,799223.1157,5820044.142,13.40389,52.44846
3,3050919.0,Gustav-Adolf-Straße,3500932.0,2019,2,14,7,3,5,3,0,0,0,0,0,1,0,801320.7825,5832448.911,13.44589,52.5585
1,1044201.0,Reinickendorfer Straße,1401045.0,2019,2,21,5,2,5,2,2,0,0,0,1,0,0,796661.2191,5831953.422,13.37691,52.55661
4,4030929.0,Hindemithplatz,4501040.0,2019,2,9,6,2,1,5,0,0,0,0,0,1,1,792526.6922,5825417.873,13.31035,52.50026
2,2040701.0,Andreasviertel,2400623.0,2019,2,16,5,3,5,2,0,1,0,0,0,0,0,800601.7044,5827103.871,13.43048,52.51099
1,1011402.0,Arkonaplatz,1100416.0,2019,2,20,5,3,6,7,2,0,1,0,0,0,0,798456.4012,5829967.081,13.40153,52.53783
7,7020202.0,Volkspark (Rudolf-Wilde-Park),7200308.0,2019,2,15,6,3,1,5,0,1,0,0,0,0,0,794502.3743,5823360.007,13.33755,52.48075
7,7040403.0,Manteuffelstraße,7400824.0,2019,2,14,5,3,5,2,0,1,0,0,0,0,0,797341.3815,5821933.796,13.37796,52.46643
1,1011305.0,Heine-Viertel West,1100312.0,2019,2,14,6,3,2,6,0,1,0,0,0,0,0,799439.2414,5826517.549,13.41287,52.50637
2,2040701.0,Andreasviertel,2400623.0,2019,2,22,4,3,6,4,2,0,1,0,0,0,0,800559.2991,5826963.051,13.42973,52.50975
11,11020515.0,Landsberger Allee,11200514.0,2019,2,15,4,2,5,3,0,1,0,0,0,0,0,805027.2157,5830385.34,13.4985,52.53794
11,11040925.0,Victoriastadt,11400927.0,2019,2,11,4,3,1,5,0,0,0,0,1,1,0,803498.8171,5826482.979,13.47247,52.50382
8,8010404.0,Rixdorf,8100417.0,2019,2,8,4,3,9,1,0,0,0,0,0,0,0,802125.2209,5823032.897,13.44917,52.47366
12,12224230.0,Heiligensee,12400619.0,2019,2,7,4,2,5,2,0,1,0,0,0,0,0,787096.0223,5838199.536,13.24163,52.61774
2,2040702.0,Weberwiese,2400624.0,2019,2,19,4,3,1,5,2,1,0,0,0,0,0,801566.4738,5827330.162,13.44485,52.51248
4,4030621.0,Spreestadt,4300620.0,2019,2,18,4,3,0,1,2,0,0,0,0,0,0,793610.4486,5827882.981,13.32845,52.52178
6,6040807.0,Zehlendorf Eiche,6400841.0,2019,2,8,3,3,5,3,0,1,0,0,0,0,1,790013.4944,5819151.53,13.26798,52.44542
7,7040404.0,Marienhöhe,7400826.0,2019,2,10,3,3,5,2,0,1,0,0,0,0,1,797422.4198,5820393.217,13.37778,52.45257
4,4030417.0,Schloßstraße,4300414.0,2019,2,11,3,2,5,2,0,1,0,0,0,0,1,791560.0264,5826642.134,13.29722,52.51175
10,10040932.0,Alt-Mahlsdorf,10400939.0,2019,2,15,5,3,5,2,0,1,0,0,0,0,0,813011.8913,5827626.667,13.61325,52.50869
5,5010314.0,Carl-Schurz-Straße,5100317.0,2019,2,12,3,2,1,5,0,1,0,0,0,0,1,785310.6049,5829242.089,13.20762,52.53837
8,8010303.0,Donaustraße,8100314.0,2019,2,21,3,3,0,1,2,0,0,0,0,0,1,801356.3858,5823847.435,13.43862,52.48138
12,12214424.0,Scharnweberstraße,12200309.0,2019,2,9,2,3,5,3,0,1,0,0,0,0,1,792531.7395,5833071.019,13.31716,52.56887
8,8010211.0,Flughafenstraße,8100206.0,2019,2,20,2,3,1,5,2,1,0,0,0,0,0,800914.0412,5823851.266,13.43213,52.48166
6,6020409.0,Königsberger Straße,6200421.0,2019,2,7,4,3,3,2,0,0,0,0,1,0,0,793124.3811,5817647.948,13.31231,52.43029
4,4030620.0,Alt-Lietzow,4300619.0,2019,2,14,2,3,5,3,0,1,0,0,0,0,0,792763.0149,5827047.864,13.31526,52.51475
2,2040701.0,Andreasviertel,2400623.0,2019,2,13,2,3,5,3,0,1,0,0,0,0,0,800634.0631,5827321.169,13.43115,52.51292
4,4051549.0,Rathaus Wilmersdorf,4501146.0,2019,2,7,2,3,5,3,0,1,0,0,0,0,1,792466.3168,5824018.55,13.30824,52.48775
9,9051702.0,Bölschestraße,9501737.0,2019,2,8,4,3,0,1,0,0,0,0,0,0,1,813657.6686,5821703.477,13.61716,52.45524
1,1011101.0,Stülerstraße,1100101.0,2019,2,17,1,3,6,4,1,0,1,0,0,0,0,794816.8792,5825999.64,13.34451,52.50424
7,7010102.0,Nollendorfplatz,7100103.0,2019,2,15,7,3,5,3,0,1,0,0,0,0,1,795226.77,5825154.604,13.34978,52.49645
2,2010103.0,Moritzplatz,2100104.0,2019,2,12,7,3,1,5,0,1,0,0,0,0,0,799776.1131,5825763.986,13.41714,52.49943
8,8020622.0,Parchimer Allee,8200727.0,2019,2,17,4,3,5,3,1,1,0,0,0,0,0,801264.7116,5819705.65,13.43353,52.44431
3,3040818.0,Pankow Süd,3400830.0,2019,2,8,6,3,5,3,0,1,0,0,0,0,1,799662.4868,5832816.658,13.42183,52.56271
1,1011201.0,Wilhelmstraße,1100205.0,2019,2,17,6,3,1,5,1,1,0,0,0,0,0,797052.008,5826872.147,13.37812,52.51085
4,4030725.0,Amtsgerichtsplatz,4300416.0,2019,2,9,6,2,1,5,0,1,0,0,0,1,0,791762.1648,5825979.742,13.29961,52.50571
2,2030302.0,Lausitzer Platz,2300315.0,2019,2,19,5,3,1,5,2,1,0,0,0,0,0,800335.1607,5825815.873,13.4254,52.49959
6,6040804.0,Krumme Lanke,6400838.0,2019,2,7,6,3,5,2,1,1,0,0,0,0,1,788136.3651,5818749.989,13.24009,52.44282
2,2010104.0,Wassertorplatz,2100106.0,2019,2,7,6,3,5,3,1,1,0,0,0,0,1,799444.1273,5825668.013,13.41218,52.49875
1,1011402.0,Arkonaplatz,1100416.0,2019,2,12,4,3,6,4,0,0,1,0,0,0,0,798558.2973,5829218.511,13.40235,52.53106
12,12231101.0,Hermsdorf,12400723.0,2019,2,7,4,3,5,2,0,1,0,0,0,0,0,791310.7822,5838652.615,13.30411,52.61956
2,2030302.0,Lausitzer Platz,2300315.0,2019,2,20,7,3,5,3,2,1,0,0,0,0,0,800462.3464,5825770.043,13.42723,52.49911
4,4051550.0,Leon-Jessel-Platz,4501043.0,2019,2,8,7,3,1,5,0,1,0,0,0,0,0,793208.3652,5824022.875,13.31914,52.48739
4,4030725.0,Amtsgerichtsplatz,4300416.0,2019,2,20,4,3,5,3,2,1,0,0,0,0,0,791802.0499,5826224.883,13.30041,52.50788
11,11010310.0,Mühlengrund,11100309.0,2019,2,12,7,3,6,4,0,0,1,0,0,0,0,805279.8212,5833243.439,13.50484,52.56341
9,9010301.0,Baumschulenstraße,9100305.0,2019,2,11,7,3,5,2,0,1,0,0,0,0,0,805012.4605,5822697.024,13.49124,52.46904
4,4020314.0,Messegelände,4200311.0,2019,2,11,7,3,5,2,0,1,0,0,0,0,0,790025.389,5825236.385,13.27345,52.49997
2,2030302.0,Lausitzer Platz,2300315.0,2019,2,1,7,3,1,5,2,1,0,0,0,0,0,800771.8637,5826179.869,13.43214,52.50261
1,1011201.0,Wilhelmstraße,1100205.0,2019,2,19,4,3,5,2,2,0,0,0,0,1,0,797575.1544,5826531.775,13.3855,52.50752
11,11040925.0,Victoriastadt,11400927.0,2019,2,19,5,2,0,1,2,0,0,0,0,0,0,803470.5022,5826533.652,13.4721,52.50429
4,4030827.0,Karl-August-Platz,4300623.0,2019,2,18,4,3,1,5,1,1,0,0,0,0,0,792610.8122,5826113.386,13.3122,52.50645
1,1011301.0,Charitéviertel,1100308.0,2019,2,10,5,3,1,5,0,1,0,0,0,0,0,797086.9012,5828187.321,13.37981,52.52262
1,1011301.0,Charitéviertel,1100308.0,2019,2,16,7,3,5,3,0,1,0,0,0,0,0,796679.9247,5828759.818,13.37434,52.52798
3,3071537.0,Kollwitzplatz,3701555.0,2019,2,17,4,3,2,7,1,1,0,0,0,0,0,799375.2612,5829512.726,13.41463,52.53325
3,3061441.0,Eldenaer Straße,3601453.0,2019,2,18,4,3,5,3,1,0,0,0,0,0,0,802809.2767,5828610.776,13.46428,52.52327
6,6020408.0,Lichterfelde Süd,6200420.0,2019,2,18,6,3,3,2,2,1,0,0,0,0,1,792814.3417,5816211.41,13.3065,52.41757
3,3061126.0,Arnimplatz,3601141.0,2019,2,13,4,3,5,2,0,1,0,0,0,0,0,799241.889,5831771.604,13.4147,52.55357
4,4051549.0,Rathaus Wilmersdorf,4501146.0,2019,2,17,4,3,5,2,0,1,0,0,0,0,0,793300.7336,5823601.729,13.32012,52.48356
4,4031032.0,Halensee,4500938.0,2019,2,21,6,3,5,2,2,1,0,0,0,0,0,791015.0738,5824859.226,13.28766,52.49606
1,1044202.0,Sparrplatz,1401046.0,2019,2,12,6,3,5,2,0,0,0,0,1,0,0,794609.9111,5829869.148,13.34489,52.53904
1,1044201.0,Reinickendorfer Straße,1401045.0,2019,2,14,6,3,2,2,0,1,0,0,0,0,0,796438.0222,5831976.239,13.37365,52.55694
6,6030501.0,Berlepschstraße,6300524.0,2019,2,17,4,3,2,6,2,1,0,0,0,0,0,787560.5137,5816401.839,13.22963,52.42207
3,3071537.0,Kollwitzplatz,3701555.0,2019,2,13,6,3,0,3,0,0,0,1,0,0,0,799347.7782,5829466.363,13.41418,52.53285
2,2040502.0,Friedenstraße,2400521.0,2019,2,14,6,3,1,5,0,1,0,0,0,0,0,800728.6578,5828014.004,13.43316,52.51907
2,2040703.0,Wriezener Bahnhof/Entwicklungsgebiet,2400625.0,2019,2,15,6,3,5,3,0,1,0,0,0,0,0,801133.8827,5827231.312,13.43841,52.51183
2,2020205.0,Chamissokiez,2200211.0,2019,2,12,6,3,5,7,0,1,0,0,0,0,0,799190.4857,5824229.189,13.40716,52.48599
4,4030930.0,George-Grosz-Platz,4501041.0,2019,2,15,4,3,1,5,0,1,0,0,0,0,0,792903.6719,5825521.565,13.31598,52.50099
2,2040703.0,Wriezener Bahnhof/Entwicklungsgebiet,2400625.0,2019,2,16,6,3,1,5,0,1,0,0,0,1,0,801405.8562,5826415.337,13.44167,52.50437
1,1011302.0,Oranienburger Straße,1100309.0,2019,2,18,6,3,1,5,1,1,0,0,0,0,0,798480.2995,5828386.55,13.40046,52.52365
5,5020625.0,Borkumer Straße,5200629.0,2019,2,7,4,3,0,2,0,1,0,0,0,0,0,784509.2249,5828605.99,13.19529,52.53309
3,3061131.0,Falkplatz,3601142.0,2019,2,14,6,3,5,2,0,1,0,0,0,0,0,799177.295,5831110.598,13.41316,52.54768
11,11030721.0,Rüdigerstraße,11300722.0,2019,2,10,6,3,5,2,0,1,0,0,0,0,0,803887.4877,5827939.284,13.47951,52.51665
2,2050801.0,Traveplatz,2500830.0,2019,2,20,6,3,5,3,2,1,0,0,0,0,0,802859.1831,5827477.993,13.46398,52.51309
7,7070704.0,Nahariyastraße,7601545.0,2019,2,20,6,3,6,4,2,0,1,0,0,0,0,800200.7118,5813333.434,13.41221,52.38777
10,10040931.0,Mahlsdorf Nord,10400938.0,2019,2,11,6,2,5,3,0,1,0,0,0,0,0,813309.0097,5828734.39,13.61865,52.51845
12,12214125.0,Waldidyll/Flughafensee,12200412.0,2019,2,16,6,2,3,6,0,1,0,0,0,0,0,788713.5851,5833359.048,13.26123,52.57349
2,2030302.0,Lausitzer Platz,2300315.0,2019,2,9,3,3,3,6,0,0,0,0,1,0,0,801629.2853,5826033.857,13.4446,52.50083
1,7010101.0,Wittenbergplatz/Viktoria-Luise-Platz,7100101.0,2019,2,19,5,3,5,3,2,1,0,0,0,0,1,794805.1802,5825990.495,13.34433,52.50417
2,2040703.0,Wriezener Bahnhof/Entwicklungsgebiet,2400625.0,2019,2,9,3,3,5,2,0,1,0,0,0,0,0,801353.1441,5826456.898,13.44093,52.50477
1,1011104.0,Körnerstraße,1100104.0,2019,2,8,3,3,5,2,0,1,0,0,0,0,0,796254.3824,5825960.306,13.36559,52.50311
3,3061228.0,Erich-Weinert-Straße,3601245.0,2019,2,17,5,3,5,3,2,1,0,0,0,0,1,800751.6117,5831291.354,13.43647,52.54844
12,12214527.0,Alt-Tegel,12200515.0,2019,2,16,5,3,0,2,0,1,0,0,0,0,1,789887.1936,5835695.449,13.28055,52.59381
9,9020802.0,Köllnische Vorstadt,9200819.0,2019,2,6,5,2,5,2,0,1,0,0,0,0,1,810762.679,5818707.025,13.5719,52.43004
7,7040404.0,Marienhöhe,7400826.0,2019,2,9,5,3,0,6,0,1,0,0,0,0,0,796664.4067,5819994.134,13.3663,52.44941
1,1011302.0,Oranienburger Straße,1100309.0,2019,2,18,4,3,3,6,2,0,0,0,0,0,0,797986.6525,5828620.611,13.39342,52.52602
1,1011105.0,Nördlicher Landwehrkanal,1100102.0,2019,2,17,4,3,0,3,0,1,0,0,0,0,0,796095.7488,5826518.49,13.36375,52.5082
11,11041022.0,Rosenfelder Ring,11401032.0,2019,2,16,3,3,2,2,0,1,0,0,0,1,0,806134.3989,5827352.483,13.51198,52.51014
3,3030406.0,Alt-Karow,3300413.0,2019,2,5,4,3,5,2,2,1,0,0,0,0,0,803364.375,5838249.928,13.48125,52.60935
7,7070702.0,Alt-Lichtenrade/Töpchiner Weg,7601443.0,2019,2,7,4,3,5,3,0,1,0,0,0,0,0,800601.9005,5814440.635,13.41908,52.39748
2,2020204.0,Urbanstraße,2200210.0,2019,2,16,3,3,3,6,0,1,0,0,0,0,0,798300.8306,5825395.944,13.39514,52.49694
1,1022104.0,Emdener Straße,1200520.0,2019,2,11,4,3,1,5,0,1,0,0,0,0,0,794179.5789,5828447.04,13.33731,52.52653
1,1022204.0,Thomasiusstraße,1200626.0,2019,2,13,4,3,5,2,0,1,0,0,0,0,0,794789.0525,5828310.617,13.34615,52.52498
2,2030302.0,Lausitzer Platz,2300315.0,2019,2,14,4,3,3,6,0,1,0,0,0,0,0,801401.1895,5825991.081,13.44121,52.50057
10,10010309.0,Springpfuhl,10100312.0,2019,2,7,2,3,0,7,0,0,0,0,0,0,0,808415.5568,5830155.951,13.54808,52.53398
6,6010103.0,Markelstraße,6100103.0,2019,2,18,2,3,5,2,2,0,0,0,0,1,0,792725.5296,5821687.457,13.31,52.46671
3,3030716.0,Märchenland,3300517.0,2019,2,17,2,3,1,5,1,0,0,0,1,0,0,802709.8518,5833896.351,13.46763,52.5707
4,4030827.0,Karl-August-Platz,4300623.0,2019,2,8,3,3,0,4,0,0,1,0,0,0,0,792727.8912,5826154.674,13.31395,52.50676
4,4030929.0,Hindemithplatz,4501040.0,2019,2,16,3,3,1,5,0,1,0,0,0,0,0,792397.0114,5825405.983,13.30844,52.50022
6,6030503.0,Zehlendorf Mitte,6300527.0,2019,2,16,2,3,0,2,0,0,0,0,0,1,0,790013.2327,5817494.83,13.26654,52.43057
9,9041302.0,Wendenschloß,9401330.0,2019,2,9,3,3,0,1,0,0,0,0,0,0,0,811933.3956,5817765.183,13.58819,52.42094
2,2050801.0,Traveplatz,2500830.0,2019,2,8,3,3,5,7,0,1,0,0,0,0,0,802875.7712,5827547.56,13.46429,52.5137
1,1044101.0,Rehberge,1400938.0,2019,2,8,3,3,5,3,0,1,0,0,0,0,0,793671.2883,5832250.352,13.3332,52.5609
1,1022106.0,Elberfelder Straße,1200522.0,2019,2,8,3,3,5,2,0,1,0,0,0,0,0,794554.2804,5828334.351,13.34272,52.52532
12,12214125.0,Waldidyll/Flughafensee,12200412.0,2019,2,7,3,3,6,4,0,0,1,0,0,0,0,790778.604,5833708.817,13.29193,52.57552
1,1011105.0,Nördlicher Landwehrkanal,1100102.0,2019,2,22,3,3,0,7,2,0,0,0,0,0,0,796843.4848,5826614.035,13.37482,52.50865
8,8010301.0,Reuterkiez,8100312.0,2019,2,18,3,3,5,2,2,1,0,0,0,0,0,801413.1329,5824471.391,13.44001,52.48694
6,6040804.0,Krumme Lanke,6400838.0,2019,2,11,4,3,5,2,0,1,0,0,0,0,0,787637.2724,5818151.709,13.23226,52.43771
12,12103117.0,Letteplatz,12100101.0,2019,2,17,3,3,3,6,2,1,0,0,0,0,0,796680.5191,5832835.529,13.37799,52.56451
1,1011304.0,Karl-Marx-Allee,1100311.0,2019,2,17,3,3,2,6,2,1,0,0,0,0,0,799728.0609,5827518.642,13.41802,52.51518
2,2040703.0,Wriezener Bahnhof/Entwicklungsgebiet,2400625.0,2019,2,19,2,3,1,5,2,1,0,0,0,1,0,800936.8971,5826812.131,13.43514,52.50819
9,9051901.0,Dammvorstadt,9501941.0,2019,2,13,2,2,6,4,0,0,1,0,0,0,0,810910.6548,5821522.799,13.57669,52.45519
1,1011103.0,Lützowstraße,1100103.0,2019,2,21,2,3,5,3,2,1,0,0,0,0,0,795285.2039,5826174.141,13.35154,52.50556
7,7010103.0,Barbarossaplatz,7100204.0,2019,2,17,2,3,6,4,1,0,1,0,0,0,0,795514.1771,5824888.461,13.35376,52.49391
2,2020205.0,Chamissokiez,2200211.0,2019,2,15,2,3,4,5,0,0,0,0,0,0,0,797874.3608,5824585.651,13.38816,52.48991
12,12103117.0,Letteplatz,12100101.0,2019,2,14,2,3,5,3,0,1,0,0,0,0,0,796697.3218,5832997.761,13.37838,52.56596
11,11020515.0,Landsberger Allee,11200514.0,2019,2,12,2,3,5,3,0,0,0,0,0,1,0,805130.7888,5830018.512,13.49968,52.53459
3,3020210.0,Herthaplatz,3200207.0,2019,2,11,2,3,0,5,0,1,0,0,0,0,0,798534.7146,5834962.637,13.40717,52.58256
5,5010103.0,Amorbacher Weg,5100105.0,2019,2,14,2,3,3,6,0,1,0,0,0,0,0,783872.1397,5831072.024,13.18803,52.55553
9,9041501.0,Altstadt Kietz,9401534.0,2019,2,11,2,2,0,1,0,0,0,0,0,0,0,811043.3091,5820355.65,13.57755,52.44466
7,7020203.0,Kaiser-Wilhelm-Platz,7200409.0,2019,2,16,2,3,5,2,0,0,0,0,0,0,0,795580.2492,5824152.73,13.35408,52.48728
3,3020307.0,Buchholz,3200308.0,2019,2,16,2,3,5,2,0,1,0,0,0,0,0,800190.7875,5838470.161,13.43472,52.61309
9,9020502.0,Oberschöneweide Ost,9200511.0,2019,2,14,2,3,5,3,0,1,0,0,0,0,0,808014.6846,5821569.908,13.53425,52.45726
7,7020202.0,Volkspark (Rudolf-Wilde-Park),7200308.0,2019,2,13,1,3,1,5,0,1,0,0,0,0,0,794879.524,5823766.676,13.34345,52.48419
9,9010402.0,Johannisthal Ost,9100409.0,2019,2,9,1,3,3,6,0,0,0,0,0,1,0,806563.6326,5820533.629,13.51201,52.44878
4,4041344.0,Rüdesheimer Platz,4400835.0,2019,2,16,1,3,1,5,0,1,0,0,0,0,0,793153.3339,5822082.197,13.31662,52.47002
11,11030618.0,Fennpfuhl West,11300617.0,2019,2,13,4,3,5,2,0,1,0,0,0,0,0,803064.9756,5829527.675,13.46887,52.53135
1,1011204.0,Leipziger Straße,1100207.0,2019,2,17,1,3,5,2,1,1,0,0,0,0,0,798616.2254,5827001.398,13.40122,52.51116
9,9041501.0,Altstadt Kietz,9401534.0,2019,2,15,1,3,6,4,0,0,1,0,0,0,0,811237.9291,5820211.94,13.58027,52.44326
2,2030402.0,Wrangelkiez,2300419.0,2019,2,15,1,3,2,6,0,1,0,0,0,0,0,801649.9852,5825897.593,13.44478,52.49959
1,1044202.0,Sparrplatz,1401046.0,2019,2,14,1,3,2,1,0,1,0,0,0,0,0,795358.3226,5830249.227,13.35623,52.54205
1,1011303.0,Alexanderplatzviertel,1100310.0,2019,2,22,2,3,5,2,2,1,0,0,0,0,0,799593.7643,5828256.38,13.41671,52.52187
1,1011202.0,Unter den Linden Nord,1100206.0,2019,2,18,1,2,5,2,2,1,0,0,0,0,0,798236.2352,5827696.029,13.39626,52.51759
6,6040703.0,Nikolassee,6400737.0,2019,2,8,4,3,5,3,0,1,0,0,0,0,0,785318.6063,5817722.139,13.19787,52.43508
4,4030931.0,Breitscheidplatz,4501042.0,2019,2,22,7,3,5,3,2,1,0,0,0,0,0,793932.411,5826044.861,13.33155,52.50513
2,2030301.0,Oranienplatz,2300314.0,2019,2,21,7,3,3,6,2,1,0,0,0,0,0,800348.8445,5826276.422,13.42602,52.50371
7,7010101.0,Wittenbergplatz/Viktoria-Luise-Platz,7100101.0,2019,2,11,7,3,5,2,0,1,0,0,0,0,0,794770.9525,5825692.85,13.34356,52.50152
8,8010214.0,Glasower Straße,8100209.0,2019,2,14,7,3,5,2,0,1,0,0,0,0,0,801752.6013,5822051.211,13.44281,52.46506
3,3051022.0,Hansastraße,3501038.0,2019,2,7,4,3,5,2,0,1,0,0,0,0,0,803669.2204,5832011.797,13.48002,52.55327
1,1011202.0,Unter den Linden Nord,1100206.0,2019,2,20,6,2,5,3,2,1,0,0,0,0,0,797265.3955,5827806.35,13.38209,52.51911
12,12231101.0,Hermsdorf,12400723.0,2019,2,7,2,3,1,5,0,1,0,0,0,0,0,791453.9255,5838714.338,13.30627,52.62004
3,3061227.0,Humannplatz,3601244.0,2019,2,21,6,3,6,4,2,0,1,0,0,0,0,799670.3627,5831248.488,13.42053,52.54865
4,4051653.0,Prager Platz,4501152.0,2019,2,7,6,3,5,2,0,1,0,0,0,0,0,794002.846,5824280.562,13.33103,52.48927
3,3020209.0,Niederschönhausen,3200205.0,2019,2,8,2,3,5,3,0,1,0,0,0,0,0,797887.5049,5834640.666,13.39736,52.58003
1,1011105.0,Nördlicher Landwehrkanal,1100102.0,2019,2,15,6,3,1,5,0,1,0,0,0,0,0,796764.0452,5826927.977,13.37394,52.51151
9,9010101.0,Elsenstraße,9100101.0,2019,2,16,6,2,2,7,0,1,0,0,0,0,0,802533.1257,5824562.412,13.45654,52.48714
1,1044203.0,Leopoldplatz,1401049.0,2019,2,7,6,2,2,7,0,0,0,0,0,0,0,795596.9601,5831751.05,13.36108,52.55538
7,7050503.0,Eisenacher Straße,7501031.0,2019,2,7,6,3,5,3,1,1,0,0,0,0,0,798241.7677,5820503.243,13.3899,52.45311
2,2020203.0,Viktoriapark,2200207.0,2019,2,5,6,2,5,2,2,1,0,0,0,0,0,797100.9444,5824491.31,13.37671,52.48948
2,2020202.0,Rathaus Yorckstraße,2200208.0,2019,2,8,6,3,2,3,0,1,0,0,0,0,0,797913.354,5825279.649,13.38935,52.49611
2,2020204.0,Urbanstraße,2200210.0,2019,2,8,6,3,5,2,0,1,0,0,0,0,0,798493.6885,5825222.747,13.39782,52.49528
4,4051448.0,Schaperstraße,4501045.0,2019,2,17,1,3,5,7,1,1,0,0,0,0,0,793506.3035,5825347.13,13.32468,52.4991
9,9051901.0,Dammvorstadt,9501941.0,2019,2,9,6,3,3,6,0,0,0,0,0,0,0,810317.6485,5821373.528,13.56786,52.45419
5,5030731.0,Gartenfelder Straße,5300737.0,2019,2,15,6,3,5,2,0,1,0,0,0,0,0,786999.7561,5829460.36,13.23264,52.53944
6,6040703.0,Nikolassee,6400737.0,2019,3,16,5,2,5,3,0,1,0,0,0,0,1,785875.1493,5816579.405,13.20506,52.42454
4,4030931.0,Breitscheidplatz,4501042.0,2019,3,8,2,3,1,5,0,1,0,0,0,1,1,794053.9392,5826126.349,13.33341,52.50579
12,12304314.0,Ziekowstraße/Freie Scholle,12500824.0,2019,3,16,5,3,5,3,1,1,0,0,0,0,1,790646.1676,5835594.309,13.29163,52.5925
2,2020203.0,Viktoriapark,2200207.0,2019,3,19,5,3,5,3,2,1,0,0,0,0,1,797816.6067,5824933.046,13.38762,52.49305
7,7010102.0,Nollendorfplatz,7100103.0,2019,3,19,1,3,5,2,2,1,0,0,0,0,1,794966.3903,5825195.685,13.34599,52.49696
2,2050803.0,Stralauer Kiez,2500835.0,2019,3,20,1,3,5,2,2,1,0,0,0,0,1,802460.0924,5826326.632,13.45707,52.50299
1,1011204.0,Leipziger Straße,1100207.0,2019,3,16,5,3,5,2,0,0,0,0,0,1,1,798554.0785,5826816.364,13.40014,52.50953
10,10030727.0,Biesdorf Süd,10300734.0,2019,3,16,5,3,5,3,0,1,0,0,0,0,1,809159.9242,5826175.422,13.55532,52.49788
11,11030618.0,Fennpfuhl West,11300617.0,2019,3,15,5,3,5,2,0,1,0,0,0,0,1,803852.076,5828739.623,13.47972,52.52385
1,1022206.0,Lüneburger Straße,1200628.0,2019,3,12,1,3,5,2,0,1,0,0,0,0,1,795793.3069,5828242.886,13.36084,52.52382
8,8010213.0,Körnerpark,8100208.0,2019,3,20,7,3,5,3,2,1,0,0,0,0,1,800954.3921,5822316.853,13.43133,52.46788
4,4030726.0,Droysenstraße,4500936.0,2019,3,20,5,3,5,2,2,1,0,0,0,0,1,792090.9974,5825291.993,13.30384,52.49937
12,12103219.0,Schäfersee,12100204.0,2019,3,23,5,3,1,5,2,1,0,0,0,1,1,795665.3551,5832967.692,13.36317,52.56625
10,10020412.0,Alte Hellersdorfer Straße,10200417.0,2019,3,15,7,3,6,4,0,0,1,0,0,0,1,810969.9685,5832025.658,13.58737,52.54928
6,6030610.0,Lichterfelde West,6300634.0,2019,3,19,7,2,5,2,2,1,0,0,0,0,1,792926.8526,5817768.256,13.30951,52.43147
8,8010118.0,Silbersteinstraße,8100105.0,2019,3,20,7,3,5,3,2,1,0,0,0,0,1,800819.4939,5822577.093,13.42959,52.47029
7,7070703.0,John-Locke-Straße,7601544.0,2019,3,13,5,3,5,3,0,1,0,0,0,0,0,799287.2733,5813135.314,13.39865,52.3865