district,LOR,street,LOR_2021,year,month,hour,weekday,category,accident_kind,accident_type,light_condition,car,pedestrian,motorcycle,goods_vehicle,others,road_condition,LINREFX,LINREFY,XGCSWGS84,YGCSWGS84
2,2010102.0,Mehringplatz,2100102.0,2019,3,17,6,3,2,6,0,1,0,0,0,0,0,797933.465,5826387.348,13.39063,52.50603
2,2010103.0,Moritzplatz,2100104.0,2019,3,8,6,3,5,3,0,1,0,0,0,0,0,799327.2419,5826236.426,13.41097,52.50391
9,9010301.0,Baumschulenstraße,9100305.0,2019,3,19,5,3,3,6,2,0,0,0,0,0,1,804945.741,5823041.929,13.49057,52.47217
4,4051448.0,Schaperstraße,4501045.0,2019,3,6,5,2,5,2,0,1,0,0,0,0,1,793917.4918,5824957.62,13.33037,52.49539
8,8041036.0,Zittauer Straße,8401242.0,2019,3,8,5,2,5,3,0,1,0,0,0,0,1,804619.5426,5816128.755,13.47948,52.41039
2,2010103.0,Moritzplatz,2100104.0,2019,3,23,5,3,5,3,2,1,0,0,0,0,0,799814.0295,5825748.785,13.41768,52.49927
2,2030301.0,Oranienplatz,2300314.0,2019,3,20,5,3,1,5,2,1,0,0,0,0,1,799947.5213,5825964.133,13.41984,52.50113
8,8010117.0,Schillerpromenade,8100102.0,2019,3,19,5,3,2,5,2,1,0,0,0,0,0,800474.6541,5823594.652,13.42544,52.4796
9,9052001.0,Köpenick Nord,9502042.0,2019,3,8,5,3,5,3,0,1,0,0,0,0,1,810356.9939,5823533.221,13.57044,52.47352
2,2020203.0,Viktoriapark,2200207.0,2019,3,18,5,3,5,2,2,1,0,0,0,0,1,797770.2322,5824017.098,13.38612,52.48487
2,2030301.0,Oranienplatz,2300314.0,2019,3,18,5,3,2,6,0,1,0,0,0,0,1,799722.8725,5826056.093,13.41662,52.50208
6,6030610.0,Lichterfelde West,6300634.0,2019,3,8,5,3,1,5,0,1,0,0,0,0,1,791092.8696,5817818.492,13.28266,52.4329
2,2030301.0,Oranienplatz,2300314.0,2019,3,17,5,3,6,4,0,0,1,0,0,0,1,799986.5556,5825731.476,13.4202,52.49902
1,1011401.0,Invalidenstraße,1100415.0,2019,3,16,5,3,2,7,0,1,0,0,0,0,1,797769.8712,5829051.373,13.39062,52.53
2,2030302.0,Lausitzer Platz,2300315.0,2019,3,7,5,3,5,2,0,1,0,0,0,0,1,800671.4714,5825819.593,13.43034,52.49944
11,11020514.0,Große-Leege-Straße,11200513.0,2019,3,10,5,3,5,2,0,1,0,0,0,0,0,804458.1245,5830929.256,13.49063,52.54313
4,4051654.0,Wilhelmsaue,4501150.0,2019,3,12,5,3,5,2,0,1,0,0,0,0,0,793436.1219,5823922.293,13.32239,52.48637
9,9051702.0,Bölschestraße,9501737.0,2019,3,12,5,3,1,5,0,1,0,0,0,0,0,814372.092,5821212.33,13.62718,52.45043
1,1033201.0,Brunnenstraße,1300834.0,2019,3,9,5,3,5,5,0,1,0,0,0,0,1,797857.2657,5830383.978,13.39309,52.54189
3,3040614.0,Pankow Zentrum,3400724.0,2019,3,14,5,3,3,6,0,1,0,0,0,0,0,798894.903,5834982.494,13.41249,52.58254
4,4041134.0,Bismarckallee,4400726.0,2019,3,6,4,2,5,3,0,1,0,0,0,0,1,790855.3244,5823646.832,13.28425,52.48528
3,3061227.0,Humannplatz,3601244.0,2019,3,7,5,3,6,4,0,0,1,0,0,0,1,799955.1874,5831077.059,13.42456,52.54695
7,7040403.0,Manteuffelstraße,7400824.0,2019,3,13,4,2,6,4,0,0,1,0,0,0,1,797348.5944,5821909.513,13.37805,52.46621
11,11051331.0,Karlshorst Nord,11501340.0,2019,3,5,5,3,5,3,2,0,0,0,0,1,1,807327.7241,5824796.493,13.52715,52.48656
3,3020209.0,Niederschönhausen,3200205.0,2019,3,15,4,3,0,3,0,1,0,0,0,0,1,797573.352,5835074.101,13.39313,52.58409
7,7010101.0,Wittenbergplatz/Viktoria-Luise-Platz,7100101.0,2019,3,9,5,2,5,3,0,1,0,0,0,0,1,794484.4116,5824915.594,13.33866,52.49471
9,9020702.0,Adlershof Ost,9200717.0,2019,3,5,4,3,2,6,2,0,0,0,0,1,0,809520.0078,5819769.871,13.55467,52.44027
10,10040933.0,Mahlsdorf Süd,10400941.0,2019,3,11,4,2,5,3,0,1,0,0,0,0,0,813093.9946,5826504.899,13.6134,52.49859
3,3030711.0,Blankenburg,3300514.0,2019,3,12,6,3,5,3,0,1,0,0,0,0,1,801526.6469,5836125.721,13.45226,52.59134
4,4051448.0,Schaperstraße,4501045.0,2019,3,20,4,3,5,2,2,1,0,0,0,0,0,794168.2083,5825307.041,13.33437,52.49839
9,9041402.0,Siedlung Kämmereiheide,9401432.0,2019,3,7,4,3,5,2,0,0,0,0,0,1,0,812462.7442,5820103.141,13.59813,52.44159
4,4030519.0,Kaiserin-Augusta-Allee,4300518.0,2019,3,7,4,3,1,5,0,1,0,0,0,0,0,792661.5112,5828245.455,13.31482,52.52554
4,4030415.0,Schloßgarten,4300412.0,2019,3,13,4,3,5,2,0,1,0,0,0,0,0,791379.3619,5827491.813,13.29531,52.51947
4,4030931.0,Breitscheidplatz,4501042.0,2019,3,12,4,3,1,5,0,1,0,0,0,0,0,794343.0171,5825940.22,13.33749,52.50397
6,6020409.0,Königsberger Straße,6200421.0,2019,3,11,4,3,5,7,0,1,0,0,0,0,0,794061.1949,5818772.899,13.32703,52.43987
1,1011101.0,Stülerstraße,1100101.0,2019,3,11,4,3,5,3,0,1,0,0,0,0,0,795306.8497,5826271.315,13.35195,52.50641
1,1011201.0,Wilhelmstraße,1100205.0,2019,3,11,4,2,5,2,0,1,0,0,0,0,0,796961.1086,5826699.89,13.37663,52.50936
1,1022202.0,Heidestraße,1200624.0,2019,3,13,4,3,5,2,0,1,0,0,0,0,0,795668.9129,5829732.336,13.36034,52.53724
4,4030621.0,Spreestadt,4300620.0,2019,3,9,4,3,6,4,0,0,1,0,0,0,0,793760.8617,5827072.999,13.32994,52.51444
3,3030715.0,Heinersdorf,3300516.0,2019,3,7,4,3,5,2,0,1,0,0,0,0,0,800883.1644,5833381.892,13.4403,52.5671
3,3040614.0,Pankow Zentrum,3400724.0,2019,3,15,3,3,5,3,0,1,0,0,0,0,0,797774.0077,5832965.555,13.39419,52.56508
4,4030726.0,Droysenstraße,4500936.0,2019,3,19,5,3,5,3,2,1,0,0,0,0,1,792090.9226,5825310.163,13.30386,52.49953
6,6010101.0,Fichtenberg,6100101.0,2019,3,8,3,3,5,3,0,0,0,0,0,1,0,792715.0329,5821673.533,13.30983,52.46659
4,4051445.0,Eisenzahnstraße,4500939.0,2019,3,21,3,3,6,2,2,0,1,0,0,0,0,792337.216,5824074.31,13.30639,52.48832
2,2010103.0,Moritzplatz,2100104.0,2019,3,19,3,3,5,2,2,1,0,0,0,0,0,799118.3786,5826276.424,13.40794,52.50438
4,4030620.0,Alt-Lietzow,4300619.0,2019,3,16,4,3,2,7,0,1,0,0,0,0,0,792611.259,5827365.268,13.31331,52.51767
1,1011105.0,Nördlicher Landwehrkanal,1100102.0,2019,3,18,3,3,5,3,2,1,0,0,0,0,1,795848.7077,5826675.736,13.36027,52.50975
8,8010406.0,Treptower Straße Nord,8100419.0,2019,3,19,3,3,5,2,2,1,0,0,0,0,1,802025.7381,5824298.294,13.44885,52.48505
7,7070705.0,Franziusweg/Rohrbachstraße,7601546.0,2019,3,18,4,3,5,2,1,1,0,0,0,0,0,798388.65,5813699.983,13.38599,52.39205
2,2020204.0,Urbanstraße,2200210.0,2019,3,20,4,3,0,1,2,1,0,0,0,0,0,798458.6781,5824735.743,13.39687,52.49094
9,9051701.0,Hirschgarten,9501736.0,2019,3,15,3,3,5,3,2,1,0,0,0,0,0,813348.9456,5821562.382,13.6125,52.45416
1,1011402.0,Arkonaplatz,1100416.0,2019,3,6,3,3,5,2,0,1,0,0,0,0,0,798798.1988,5829172.914,13.40584,52.53052
2,2010102.0,Mehringplatz,2100102.0,2019,3,9,3,2,1,5,0,1,0,0,0,0,0,798037.3036,5826555.497,13.39231,52.50748
1,1022103.0,Westhafen,1200517.0,2019,3,7,3,3,3,6,0,0,0,0,1,0,0,795649.8481,5829746.648,13.36007,52.53738
3,3040513.0,Schönholz,3400620.0,2019,3,19,3,2,5,3,2,1,0,0,0,0,0,797412.3571,5833971.488,13.38977,52.57429
3,3061332.0,Helmholtzplatz,3601346.0,2019,3,8,3,3,2,2,0,1,0,0,0,0,0,799927.3735,5830736.112,13.42385,52.54391
2,2020204.0,Urbanstraße,2200210.0,2019,3,8,3,3,5,3,0,1,0,0,0,0,0,799102.428,5825207.14,13.40675,52.49481
6,6020409.0,Königsberger Straße,6200421.0,2019,3,17,3,3,0,2,0,1,0,0,0,0,1,793122.9027,5817654.353,13.31229,52.43034
1,1011305.0,Heine-Viertel West,1100312.0,2019,3,9,3,3,5,2,0,1,0,0,0,0,0,799648.6808,5827039.581,13.41642,52.51093
4,4020310.0,Park Ruhwald,4200308.0,2019,3,17,3,3,5,2,1,1,0,0,0,0,0,790373.8651,5827299.193,13.28037,52.51828
5,5030730.0,Zitadellenweg,5300736.0,2019,3,16,3,3,5,3,0,1,0,0,0,0,0,786453.0434,5831100.42,13.22602,52.55443
4,4051653.0,Prager Platz,4501152.0,2019,3,11,3,3,5,2,0,1,0,0,0,0,0,794040.2623,5824716.526,13.33197,52.49316
4,4030417.0,Schloßstraße,4300414.0,2019,3,18,3,3,5,3,2,1,0,0,0,0,1,791493.2201,5827210.917,13.29674,52.51689
2,2050802.0,Boxhagener Platz,2500834.0,2019,3,16,3,3,1,5,0,1,0,0,0,0,1,802304.3386,5827104.549,13.45549,52.51005
7,7040403.0,Manteuffelstraße,7400824.0,2019,3,16,3,3,5,3,0,1,0,0,0,0,0,797389.141,5821873.231,13.37861,52.46586
1,1011105.0,Nördlicher Landwehrkanal,1100102.0,2019,3,9,2,3,1,5,0,1,0,0,0,0,0,796736.1946,5826827.547,13.37344,52.51063
1,1011401.0,Invalidenstraße,1100415.0,2019,3,17,3,3,5,3,0,0,0,0,1,0,0,797843.4225,5829077.815,13.39172,52.53019
8,8010406.0,Treptower Straße Nord,8100419.0,2019,3,18,5,3,5,3,2,1,0,0,0,0,1,802381.5512,5824040.972,13.45384,52.48255
2,2020206.0,Graefekiez,2200213.0,2019,3,16,2,3,5,3,0,1,0,0,0,0,0,799611.2848,5824523.634,13.4136,52.4884
6,6020410.0,Oberhofer Platz,6200422.0,2019,3,12,2,3,3,6,0,1,0,0,0,0,1,794242.6885,5817028.558,13.32816,52.42413
3,3061332.0,Helmholtzplatz,3601346.0,2019,3,11,3,3,5,7,0,0,0,0,0,1,0,799735.9922,5830870.747,13.42115,52.54523
8,8010211.0,Flughafenstraße,8100206.0,2019,3,10,3,3,5,3,0,0,0,0,0,1,1,800440.1271,5823728.065,13.42506,52.48082
4,4051653.0,Prager Platz,4501152.0,2019,3,10,3,3,6,4,0,0,1,0,0,0,0,794137.395,5824705.94,13.33338,52.49301
1,1011204.0,Leipziger Straße,1100207.0,2019,3,19,2,3,5,3,2,1,0,0,0,0,1,798020.6032,5826589.865,13.3921,52.50779
9,9020701.0,Adlershof West,9200715.0,2019,3,19,2,3,5,3,2,1,0,0,0,0,1,807874.7835,5818129.657,13.52903,52.4265
2,2020206.0,Graefekiez,2200213.0,2019,3,20,2,2,5,3,2,1,0,0,0,0,1,799561.8065,5824891.292,13.41321,52.49173
9,9010101.0,Elsenstraße,9100101.0,2019,3,8,3,3,5,3,0,1,0,0,0,0,1,802121.3644,5825068.427,13.45095,52.4919
1,1011201.0,Wilhelmstraße,1100205.0,2019,3,8,3,3,5,3,0,1,0,0,0,0,1,797646.8075,5826896.191,13.38688,52.51074
11,11030721.0,Rüdigerstraße,11300722.0,2019,3,17,2,2,0,1,0,0,0,0,0,0,1,805209.7064,5828125.408,13.4991,52.51758
6,6030502.0,Zehlendorf Süd,6300525.0,2019,3,7,3,3,5,2,0,1,0,0,0,0,0,790233.2817,5814957.489,13.26757,52.40771
12,12302110.0,Dannenwalder Weg,12601235.0,2019,3,18,1,3,5,2,1,1,0,0,0,0,0,794990.7913,5836323.183,13.35623,52.59669
3,3030715.0,Heinersdorf,3300516.0,2019,3,8,3,3,5,2,0,1,0,0,0,0,1,800131.6555,5833862.363,13.42968,52.57182
1,1011304.0,Karl-Marx-Allee,1100311.0,2019,3,17,1,3,5,2,1,1,0,0,0,0,1,800051.239,5828091.307,13.42328,52.52014
3,3040614.0,Pankow Zentrum,3400724.0,2019,3,8,3,3,1,5,0,1,0,0,0,0,1,798737.7957,5833132.832,13.40851,52.56605
3,3040614.0,Pankow Zentrum,3400724.0,2019,3,16,3,3,2,6,0,1,0,0,0,0,0,799346.1554,5834261.743,13.41848,52.57583
4,4030620.0,Alt-Lietzow,4300619.0,2019,3,18,7,3,5,2,2,1,0,0,0,0,0,792174.1124,5827293.184,13.30682,52.51726
4,4030621.0,Spreestadt,4300620.0,2019,3,12,7,3,3,1,0,0,0,0,0,1,0,793245.8398,5827801.771,13.32302,52.52125
7,7020203.0,Kaiser-Wilhelm-Platz,7200409.0,2019,3,12,7,3,6,4,0,0,1,0,0,0,0,795726.978,5824016.603,13.35612,52.48598
8,8041037.0,Alt-Rudow,8401243.0,2019,3,19,7,2,6,7,2,0,1,0,0,0,0,805777.9561,5817112.593,13.49736,52.41856
1,1033202.0,Humboldthain Süd,1300835.0,2019,3,18,5,3,5,2,1,1,0,0,0,0,1,796963.9548,5830140.609,13.37974,52.5402
11,11051332.0,Karlshorst Süd,11501341.0,2019,3,1,7,3,0,1,2,0,0,0,0,0,0,806980.5867,5823416.997,13.52078,52.47439
2,2050802.0,Boxhagener Platz,2500834.0,2019,3,15,6,2,5,2,0,1,0,0,0,0,0,802110.0106,5827355.439,13.45286,52.51241
8,8020622.0,Parchimer Allee,8200727.0,2019,3,17,6,3,6,4,0,0,1,0,0,0,0,802238.0143,5819101.448,13.44726,52.43835
2,2010104.0,Wassertorplatz,2100106.0,2019,3,16,6,3,2,3,0,0,0,0,0,1,0,799574.8006,5825635.107,13.41407,52.49839
5,5020626.0,Adamstraße,5200631.0,2019,3,14,6,2,5,3,0,0,0,1,0,0,0,784517.7478,5827998.304,13.19489,52.52763
9,9020701.0,Adlershof West,9200715.0,2019,3,13,6,3,5,2,0,1,0,0,0,0,0,808325.7457,5818864.446,13.53632,52.43283
3,3020209.0,Niederschönhausen,3200205.0,2019,3,14,6,3,5,3,0,1,0,0,0,0,0,797965.2071,5835015.982,13.39884,52.58335
9,9051701.0,Hirschgarten,9501736.0,2019,3,8,2,3,5,3,0,1,0,0,0,0,1,813590.8992,5821668.966,13.61615,52.45497
4,4051446.0,Preußenpark,4501043.0,2019,3,11,2,3,5,3,0,1,0,0,0,0,1,792730.7974,5824454.424,13.3125,52.49151
10,10040830.0,Kaulsdorf Süd,10400837.0,2019,2,13,5,3,3,6,0,0,0,0,0,1,0,810926.2181,5826866.863,13.58191,52.50308
1,2040501.0,Barnimkiez,2400520.0,2019,2,16,5,2,3,6,1,0,0,0,0,0,0,800252.5202,5828426.328,13.42654,52.52303
4,4030620.0,Alt-Lietzow,4300619.0,2019,2,16,5,3,5,2,0,1,0,0,0,0,0,792145.4044,5827329.869,13.30643,52.51761
2,2020205.0,Chamissokiez,2200211.0,2019,3,22,2,3,2,6,2,0,0,0,1,0,1,797955.4158,5824572.391,13.38933,52.48975
1,1011302.0,Oranienburger Straße,1100309.0,2019,3,10,1,3,5,2,0,1,0,0,0,0,0,799060.3904,5829007.106,13.40954,52.52889
2,2050802.0,Boxhagener Platz,2500834.0,2019,3,15,5,3,5,3,0,1,0,0,0,0,1,802478.9704,5827048.91,13.458,52.50946
9,9041402.0,Siedlung Kämmereiheide,9401432.0,2019,3,14,1,2,3,6,0,0,0,0,0,0,0,812479.6566,5820105.84,13.59838,52.4416
9,9051801.0,Rahnsdorf/Hessenwinkel,9501838.0,2019,3,14,1,3,5,3,0,1,0,0,0,0,0,818885.3831,5820468.318,13.69266,52.44115
5,5010312.0,Kurstraße,5100314.0,2019,3,16,5,3,1,5,0,1,0,0,0,0,1,785183.4255,5829463.044,13.20594,52.54042
11,11020516.0,Weiße Taube,11200515.0,2019,3,13,1,3,3,6,0,1,0,0,0,0,0,806095.2598,5830640.962,13.51443,52.53963
1,3071537.0,Kollwitzplatz,3701555.0,2019,3,11,1,3,2,7,0,1,0,0,0,0,0,799502.4453,5828872.739,13.41592,52.52745
4,4030931.0,Breitscheidplatz,4501042.0,2019,3,0,1,3,5,2,2,1,0,0,0,0,0,793915.4291,5825885.462,13.33116,52.50371
4,4030620.0,Alt-Lietzow,4300619.0,2019,3,8,5,3,5,2,0,1,0,0,0,0,1,792692.1291,5827061.108,13.31423,52.5149
11,11020514.0,Große-Leege-Straße,11200513.0,2019,3,15,5,3,0,1,0,0,0,0,0,0,1,804557.4365,5831025.362,13.49218,52.54394
2,2010103.0,Moritzplatz,2100104.0,2019,3,14,7,3,1,5,0,1,0,0,0,0,0,799384.8473,5826175.77,13.41176,52.50334
1,1011402.0,Arkonaplatz,1100416.0,2019,3,14,7,3,1,5,0,1,0,0,0,0,0,798550.6965,5829201.427,13.40223,52.53091
5,5040934.0,Alt-Gatow,5400942.0,2019,3,14,7,3,5,3,0,1,0,0,0,0,0,783789.7698,5824251.092,13.181,52.49441
8,8020620.0,Tempelhofer Weg,8200624.0,2019,3,15,7,3,1,5,0,1,0,0,0,0,0,801214.1233,5821546.789,13.43445,52.46084
1,1011103.0,Lützowstraße,1100103.0,2019,3,18,5,3,5,3,0,1,0,0,0,0,0,795285.9032,5826173.714,13.35155,52.50555
4,4030930.0,George-Grosz-Platz,4501041.0,2019,3,15,7,3,1,5,0,1,0,0,0,0,0,793070.1472,5825592.106,13.31849,52.50153
4,4051655.0,Babelsberger Straße,4501153.0,2019,3,15,7,3,1,5,0,1,0,0,0,0,0,794449.2884,5823603.233,13.33699,52.48296
1,1011303.0,Alexanderplatzviertel,1100310.0,2019,3,19,5,3,1,5,2,1,0,0,0,0,0,798755.5721,5828242.701,13.40438,52.52221
10,10040931.0,Mahlsdorf Nord,10400938.0,2019,3,10,4,3,5,3,0,1,0,0,0,0,0,814754.3077,5829905.675,13.64099,52.52811
1,1011203.0,Unter den Linden Süd,1100206.0,2019,3,7,4,3,5,2,0,1,0,0,0,0,0,797549.5433,5827085.636,13.38562,52.5125
2,2030302.0,Lausitzer Platz,2300315.0,2019,3,6,4,3,2,2,0,1,0,0,0,0,0,801439.6575,5826057.2,13.44184,52.50114
2,2030301.0,Oranienplatz,2300314.0,2019,3,2,7,2,0,1,2,0,0,0,0,0,0,800047.4633,5825751.906,13.42112,52.49917
8,8010301.0,Reuterkiez,8100312.0,2019,3,23,6,3,5,3,2,1,0,0,0,0,0,801552.9109,5824351.517,13.44196,52.48579
2,2020204.0,Urbanstraße,2200210.0,2019,3,17,6,2,5,7,0,1,0,0,0,0,0,798025.5823,5825342.518,13.39105,52.49661
9,9030901.0,Dorf Altglienicke,9300920.0,2019,3,16,6,3,5,3,0,1,0,0,0,0,0,807991.637,5816687.863,13.52942,52.41351
9,9030901.0,Dorf Altglienicke,9300920.0,2019,3,11,6,3,5,3,0,1,0,0,0,0,0,807565.5992,5815410.053,13.522,52.4023
1,1011203.0,Unter den Linden Süd,1100206.0,2019,3,8,6,3,1,5,0,1,0,0,0,1,0,797810.1696,5827137.744,13.3895,52.51282
6,6040810.0,Dahlem,6400844.0,2019,3,15,4,3,2,2,0,1,0,0,0,0,0,790151.3647,5819783.666,13.27056,52.45102
4,4031032.0,Halensee,4500938.0,2019,3,7,6,3,3,6,0,1,0,0,0,0,0,791317.2076,5824951.68,13.29218,52.49673
5,5030833.0,Motardstraße,5300840.0,2019,3,11,4,3,5,3,0,1,0,0,0,0,0,788912.1202,5829321.946,13.26064,52.53719
5,5010101.0,Hakenfelde Nord,5100103.0,2019,3,19,6,3,5,3,2,1,0,0,0,0,0,785355.2009,5833384.233,13.21184,52.57548
1,1011103.0,Lützowstraße,1100103.0,2019,3,21,4,3,5,3,2,1,0,0,0,0,1,795334.9885,5826147.263,13.35225,52.50529
1,1022206.0,Lüneburger Straße,1200628.0,2019,3,8,5,3,5,2,0,1,0,0,0,0,0,795449.5697,5827682.869,13.3553,52.51899
1,1022203.0,Lübecker Straße,1200625.0,2019,3,19,5,3,0,7,2,0,0,0,0,1,0,794615.7497,5828439.607,13.34371,52.52623
6,6020302.0,Komponistenviertel Lankwitz,6200312.0,2019,3,11,6,3,1,5,0,1,0,0,0,0,0,795326.828,5819328.259,13.34609,52.44416
12,12231101.0,Hermsdorf,12400723.0,2019,3,19,5,3,5,3,2,1,0,0,0,0,0,792564.3013,5839437.383,13.32327,52.62592
4,4030620.0,Alt-Lietzow,4300619.0,2019,3,16,5,3,0,3,0,1,0,0,0,0,0,791864.8235,5827458.923,13.30242,52.51891
3,3061332.0,Helmholtzplatz,3601346.0,2019,3,7,5,3,1,5,0,1,0,0,0,0,1,799234.41,5831106.031,13.41399,52.54761
1,1044201.0,Reinickendorfer Straße,1401045.0,2019,3,15,5,3,2,2,0,1,0,0,0,0,0,796462.016,5831926.719,13.37396,52.55648
2,2050802.0,Boxhagener Platz,2500834.0,2019,3,17,6,3,0,3,0,1,0,0,0,0,0,802111.8073,5827355.078,13.45289,52.5124
3,3040512.0,Wilhelmsruh,3400619.0,2019,3,8,4,3,0,1,0,0,0,0,0,0,0,796849.83,5835817.989,13.38315,52.59115
4,4030931.0,Breitscheidplatz,4501042.0,2019,3,15,5,3,3,6,0,0,0,0,0,1,0,794365.1131,5826076.566,13.33794,52.50518
4,4051654.0,Wilhelmsaue,4501150.0,2019,3,12,5,3,5,3,0,1,0,0,0,0,1,793800.579,5823985.206,13.3278,52.48673
4,4051448.0,Schaperstraße,4501045.0,2019,3,13,5,3,2,7,0,1,0,0,0,0,0,793510.7364,5825408.356,13.3248,52.49965
5,5020521.0,Döberitzer Weg,5200524.0,2019,3,14,5,3,5,3,0,0,0,0,0,1,0,780311.7375,5827868.741,13.13295,52.52865
4,4030415.0,Schloßgarten,4300412.0,2019,3,13,5,3,1,5,0,0,0,0,0,1,0,790871.5992,5827395.189,13.28777,52.51887
9,9031101.0,Grünau,9301126.0,2019,3,17,4,3,0,5,0,1,0,0,0,0,0,811007.3658,5817935.386,13.57477,52.42299
4,4030724.0,Lietzensee,4300415.0,2019,3,13,5,2,2,6,0,0,0,0,1,0,0,790700.3246,5825995.321,13.28403,52.50641
11,11051229.0,Rummelsburg,11501238.0,2019,3,6,4,3,2,6,0,1,0,0,0,0,0,804666.6981,5825590.576,13.48881,52.49517
1,1011204.0,Leipziger Straße,1100207.0,2019,3,8,5,3,5,3,0,1,0,0,0,0,0,798685.129,5827093.38,13.40231,52.51194
1,1011105.0,Nördlicher Landwehrkanal,1100102.0,2019,3,17,4,3,5,2,0,1,0,0,0,0,0,796569.367,5826870.404,13.37103,52.5111
7,7050503.0,Eisenacher Straße,7501031.0,2019,3,7,5,3,5,3,0,1,0,0,0,0,0,798341.6706,5820498.241,13.39136,52.45301
3,3061126.0,Arnimplatz,3601141.0,2019,3,7,5,3,5,2,0,1,0,0,0,0,0,799208.8302,5831774.33,13.41422,52.55361
1,1022104.0,Emdener Straße,1200520.0,2019,3,6,5,3,0,1,0,0,0,0,0,0,0,794571.7245,5828744.055,13.34334,52.52898
9,9031001.0,Bohnsdorf,9301025.0,2019,3,14,4,2,0,3,0,0,0,0,0,1,0,811057.2588,5815827.283,13.57355,52.40407
1,1033203.0,Humboldthain Nordwest,1300836.0,2019,3,8,4,3,1,5,0,0,0,0,0,1,0,796622.1417,5830363.486,13.37492,52.54238
2,2050601.0,Hausburgviertel,2500726.0,2019,3,10,3,3,6,4,0,0,1,0,0,0,0,801909.4191,5828907.083,13.45132,52.52643
2,2050802.0,Boxhagener Platz,2500834.0,2019,3,12,3,3,5,2,0,0,0,0,0,1,1,802065.394,5827160.95,13.45203,52.51069
9,9041601.0,Müggelheim,9401635.0,2019,3,18,4,3,5,3,1,1,0,0,0,0,0,816780.3239,5817295.627,13.65878,52.41395
3,3061126.0,Arnimplatz,3601141.0,2019,3,18,4,3,5,3,1,1,0,0,0,0,0,799245.9774,5831804.282,13.41479,52.55386
5,5020625.0,Borkumer Straße,5200629.0,2019,3,7,3,3,5,2,0,1,0,0,0,0,0,784561.6761,5828220.439,13.19573,52.5296
1,1044102.0,Schillerpark,1400940.0,2019,3,17,4,3,5,2,0,1,0,0,0,0,0,794595.3551,5831872.834,13.34646,52.55701
2,2040703.0,Wriezener Bahnhof/Entwicklungsgebiet,2400625.0,2019,3,16,4,3,3,6,0,0,0,0,1,0,0,801713.7421,5826170.011,13.44597,52.502
1,1011303.0,Alexanderplatzviertel,1100310.0,2019,3,9,4,3,5,2,0,1,0,0,0,0,0,798651.8553,5828140.245,13.40276,52.52135
1,1011402.0,Arkonaplatz,1100416.0,2019,3,10,5,3,0,7,0,0,0,0,0,0,1,798694.4,5830098.308,13.40515,52.53887
10,10010207.0,Marzahner Promenade,10100210.0,2019,3,19,3,3,5,3,2,1,0,0,0,0,0,808758.7083,5831399.875,13.55428,52.54493
2,2010102.0,Mehringplatz,2100102.0,2019,3,18,3,3,1,5,1,0,0,0,0,1,0,798507.1582,5826513.011,13.39917,52.50684
2,2030302.0,Lausitzer Platz,2300315.0,2019,3,15,4,3,1,5,0,1,0,0,0,0,0,801300.3939,5826160.041,13.43989,52.50214
2,2050601.0,Hausburgviertel,2500726.0,2019,3,12,4,3,3,6,0,0,0,0,0,0,0,801919.6916,5829035.002,13.45159,52.52757
12,12214424.0,Scharnweberstraße,12200309.0,2019,3,12,4,3,6,4,0,0,1,0,0,0,0,793238.6885,5832498.917,13.32706,52.56336
12,12231102.0,Frohnau,12400721.0,2019,3,6,4,3,5,3,0,1,0,0,0,0,0,790103.5147,5839983.093,13.28749,52.63213
3,3030405.0,Karow Nord,3300411.0,2019,3,7,4,3,5,3,0,1,0,0,0,0,0,804186.0689,5838961.078,13.494,52.61527
1,1011201.0,Wilhelmstraße,1100205.0,2019,3,8,4,2,5,2,0,0,0,0,1,0,0,797472.9448,5826794.385,13.38423,52.50993
12,12301204.0,Wittenau Nord,12500927.0,2019,3,15,3,3,5,3,0,1,0,0,0,0,0,791666.943,5835558.051,13.30663,52.59163
4,4030726.0,Droysenstraße,4500936.0,2019,3,11,4,2,5,3,0,1,0,0,0,0,0,792284.5515,5825376.637,13.30676,52.50002
8,8041036.0,Zittauer Straße,8401242.0,2019,3,7,4,3,5,3,0,1,0,0,0,0,0,804393.3872,5815998.004,13.47605,52.40934
1,1033203.0,Humboldthain Nordwest,1300836.0,2019,3,23,6,3,0,1,2,0,0,0,0,0,0,796753.567,5830731.242,13.37718,52.54561
1,1011202.0,Unter den Linden Nord,1100206.0,2019,3,15,3,3,0,4,0,0,1,0,0,0,1,797673.9225,5827911.272,13.38819,52.51983
4,4030620.0,Alt-Lietzow,4300619.0,2019,3,11,4,2,0,7,0,0,0,0,0,0,0,791972.9208,5827382.286,13.30394,52.51817
9,9020701.0,Adlershof West,9200715.0,2019,3,11,5,3,5,2,0,0,0,0,1,0,0,808470.0813,5819062.358,13.53862,52.43453
4,4030726.0,Droysenstraße,4500936.0,2019,3,13,3,3,1,5,0,1,0,0,0,1,0,792066.01,5825835.733,13.30395,52.50425
3,3030711.0,Blankenburg,3300514.0,2019,3,7,3,3,5,2,0,1,0,0,0,0,0,801915.263,5836369.608,13.4582,52.59331
8,8010509.0,Schulenburgpark,8100521.0,2019,3,15,3,3,5,3,0,1,0,0,0,0,1,804053.4221,5821923.049,13.47646,52.46264
6,6040701.0,Wannsee,6400735.0,2019,3,18,3,2,1,5,1,1,0,0,0,0,0,784508.0861,5816918.154,13.1853,52.42829
7,7050503.0,Eisenacher Straße,7501031.0,2019,3,17,3,2,0,1,0,0,0,0,0,0,0,798698.6943,5819666.822,13.39586,52.44537
8,8010301.0,Reuterkiez,8100312.0,2019,3,20,5,3,1,5,2,1,0,0,0,0,1,800713.5673,5824367.012,13.42965,52.48639
2,2020204.0,Urbanstraße,2200210.0,2019,3,9,3,3,0,2,0,0,0,0,0,1,0,798294.7225,5824811.482,13.39453,52.4917
1,1011302.0,Oranienburger Straße,1100309.0,2019,3,15,3,3,3,6,0,0,0,0,0,1,1,798973.2369,5828493.056,13.4078,52.52433
6,6010209.0,Feuerbachstraße,6100209.0,2019,3,7,3,3,1,5,0,1,0,0,0,0,1,794485.3376,5821467.248,13.33563,52.46379
1,1011303.0,Alexanderplatzviertel,1100310.0,2019,3,19,3,3,6,4,2,0,1,0,0,0,0,799103.004,5828954.842,13.41012,52.5284
7,7040401.0,Neu-Tempelhof,7400721.0,2019,3,13,3,3,1,7,0,0,0,0,0,1,0,797631.6798,5823907.627,13.38399,52.48396
3,3020209.0,Niederschönhausen,3200205.0,2019,3,14,3,3,5,2,0,0,0,0,0,0,0,798041.6415,5834786.003,13.39976,52.58125
2,2050801.0,Traveplatz,2500830.0,2019,3,21,3,3,5,2,2,1,0,0,0,0,0,803552.5218,5827193.532,13.47391,52.51016
1,1011401.0,Invalidenstraße,1100415.0,2019,3,15,2,3,1,5,0,1,0,0,0,0,1,797176.8422,5829570.542,13.38236,52.53497
2,2010101.0,Askanischer Platz,2100101.0,2019,3,6,3,3,5,2,0,1,0,0,0,0,0,797744.2439,5826093.69,13.38759,52.5035
9,9030903.0,Kölner Viertel,9300923.0,2019,3,7,3,3,5,3,0,1,0,0,0,0,0,808595.6418,5815755.434,13.53741,52.40482