district,LOR,street,LOR_2021,year,month,hour,weekday,category,accident_kind,accident_type,light_condition,car,pedestrian,motorcycle,goods_vehicle,others,road_condition,LINREFX,LINREFY,XGCSWGS84,YGCSWGS84
2,2020203.0,Viktoriapark,2200207.0,2019,3,15,2,3,5,2,0,1,0,0,0,0,0,797502.641,5824015.216,13.38219,52.485
1,1011302.0,Oranienburger Straße,1100309.0,2019,3,17,2,2,5,3,1,0,0,0,0,0,1,797913.2258,5828331.135,13.39208,52.52346
8,8010301.0,Reuterkiez,8100312.0,2019,3,13,6,3,2,2,0,1,0,0,0,0,0,801716.173,5824254.348,13.44427,52.48483
3,3050923.0,Weißenseer Spitze,3500934.0,2019,3,8,3,3,5,3,0,1,0,0,0,0,0,800420.4385,5832299.261,13.43251,52.55765
11,11040925.0,Victoriastadt,11400927.0,2019,3,18,2,3,5,3,1,0,0,0,0,1,1,803619.017,5826582.501,13.47433,52.50464
12,12224229.0,Konradshöhe/Tegelort,12400616.0,2019,3,9,3,3,1,5,0,1,0,0,0,0,0,786169.7596,5834304.579,13.22462,52.58331
7,7060604.0,Marienfelde Süd,7601339.0,2019,3,20,2,3,5,2,2,1,0,0,0,0,1,796566.3081,5815869.989,13.36121,52.41249
2,2030402.0,Wrangelkiez,2300419.0,2019,3,9,3,3,5,3,0,1,0,0,0,0,0,801895.8754,5825670.013,13.44819,52.49742
9,9020702.0,Adlershof Ost,9200717.0,2019,3,14,3,3,5,2,0,1,0,0,0,0,0,809516.3314,5818774.6,13.55369,52.43136
1,1033102.0,Gesundbrunnen,1300733.0,2019,3,22,2,3,5,2,2,1,0,0,0,0,1,797161.6073,5831879.126,13.38421,52.55568
6,6040810.0,Dahlem,6400844.0,2019,3,9,2,3,0,6,0,1,0,0,0,0,0,791996.3412,5821478.858,13.29911,52.46523
6,6030504.0,Teltower Damm,6300528.0,2019,3,14,3,3,5,2,0,1,0,0,0,0,1,790598.4663,5815205.987,13.27314,52.40974
8,8010214.0,Glasower Straße,8100209.0,2019,3,14,2,3,0,3,0,1,0,0,0,0,1,801804.2647,5821957.6,13.44348,52.46419
10,10040932.0,Alt-Mahlsdorf,10400939.0,2019,3,11,2,3,5,3,0,1,0,0,0,0,0,813439.4104,5828065.705,13.61994,52.51238
11,11051330.0,Karlshorst West,11501339.0,2019,3,8,2,3,1,5,0,1,0,0,0,0,0,806610.9331,5825145.705,13.51695,52.49009
2,2030402.0,Wrangelkiez,2300419.0,2019,3,13,6,2,5,3,0,1,0,0,0,0,0,801874.7765,5825713.125,13.44792,52.49782
6,6020304.0,Kaiser-Wilhelm-Straße,6200314.0,2019,3,10,2,3,0,1,0,0,0,0,0,0,0,794859.5309,5817943.433,13.33801,52.432
4,4020312.0,Branitzer Platz,4200308.0,2019,3,14,6,3,0,4,0,0,1,0,0,0,0,789071.798,5827015.865,13.26099,52.51643
10,10010310.0,Alt-Marzahn,10100313.0,2019,3,20,1,2,5,2,2,1,0,0,0,0,1,809635.794,5830391.691,13.56624,52.5354
2,2050801.0,Traveplatz,2500830.0,2019,3,4,2,2,0,1,2,0,0,0,0,0,0,803108.3288,5827107.481,13.4673,52.50963
1,1011301.0,Charitéviertel,1100308.0,2019,3,18,7,2,1,5,2,1,0,0,0,0,1,797610.5583,5828361.173,13.38766,52.5239
7,7070705.0,Franziusweg/Rohrbachstraße,7601546.0,2019,3,12,7,2,1,5,0,1,0,0,0,0,1,798656.4172,5813639.883,13.38986,52.39137
2,2030302.0,Lausitzer Platz,2300315.0,2019,3,16,2,3,2,6,0,0,0,0,0,0,0,801646.5713,5826073.509,13.44489,52.50117
4,4030931.0,Breitscheidplatz,4501042.0,2019,3,9,6,3,1,5,0,1,0,0,0,0,0,794384.5795,5825699.322,13.33789,52.50179
7,7040401.0,Neu-Tempelhof,7400721.0,2019,3,21,7,3,6,7,2,0,1,0,0,0,1,798703.7066,5823950.383,13.39976,52.48376
1,1011301.0,Charitéviertel,1100308.0,2019,3,12,2,3,1,5,0,1,0,0,0,0,0,797598.454,5828437.201,13.38755,52.52458
1,1011306.0,Heine-Viertel Ost,1100313.0,2019,3,9,6,3,1,5,0,1,0,0,0,0,1,800065.2522,5826647.181,13.42218,52.50719
2,2040701.0,Andreasviertel,2400623.0,2019,3,10,5,3,5,2,0,1,0,0,0,0,1,800718.0131,5827873.272,13.43288,52.51782
11,11020515.0,Landsberger Allee,11200514.0,2019,3,21,6,2,0,7,2,0,0,0,0,0,1,803342.1793,5830064.206,13.47343,52.536
7,7030303.0,Grazer Platz,7300619.0,2019,3,18,6,3,5,2,1,1,0,0,0,0,1,794985.5787,5822319.453,13.34373,52.47116
2,2030302.0,Lausitzer Platz,2300315.0,2019,3,21,6,3,5,3,2,1,0,0,0,0,0,800404.8964,5825792.815,13.4264,52.49934
7,7070703.0,John-Locke-Straße,7601544.0,2019,3,16,6,3,0,3,0,0,0,0,0,1,0,799980.3808,5813236.745,13.4089,52.38703
8,8010302.0,Bouchéstraße,8100313.0,2019,3,15,6,3,5,3,0,1,0,0,0,0,1,801743.5588,5824293.78,13.44471,52.48517
2,2010103.0,Moritzplatz,2100104.0,2019,3,15,6,3,1,5,0,1,0,0,0,0,1,799662.7346,5825809.464,13.41552,52.4999
2,2020204.0,Urbanstraße,2200210.0,2019,3,17,2,2,5,2,0,1,0,0,0,0,0,798706.946,5824706.785,13.40049,52.49054
1,1011303.0,Alexanderplatzviertel,1100310.0,2019,3,1,6,2,5,2,2,1,0,0,0,0,1,799235.8031,5828467.756,13.41164,52.52396
9,9020702.0,Adlershof Ost,9200717.0,2019,3,6,6,2,5,3,1,1,0,0,0,0,1,809466.6848,5819054.922,13.55323,52.4339
4,4030623.0,Ernst-Reuter-Platz,4300622.0,2019,3,9,6,3,5,2,0,1,0,0,0,0,0,792918.575,5826769.19,13.3173,52.51217
11,11020412.0,Hauptstraße,11200513.0,2019,3,14,6,3,5,2,0,1,0,0,0,0,0,805724.6992,5831360.256,13.50964,52.54629
2,2050801.0,Traveplatz,2500830.0,2019,4,0,7,3,2,2,2,1,0,0,0,0,0,803329.2148,5826743.578,13.47022,52.50625
10,10030727.0,Biesdorf Süd,10300734.0,2019,4,16,4,3,2,7,0,1,0,0,0,0,0,809704.9283,5826049.81,13.56321,52.49645
1,1033102.0,Gesundbrunnen,1300733.0,2019,4,15,4,3,6,2,0,0,1,0,0,0,0,797150.028,5831400.811,13.38361,52.55139
4,4030931.0,Breitscheidplatz,4501042.0,2019,4,2,6,2,1,5,2,1,0,0,0,0,0,793670.3461,5825858.154,13.32754,52.50359
3,3061227.0,Humannplatz,3601244.0,2019,4,14,4,2,5,3,0,0,0,0,0,0,0,799798.4518,5831176.502,13.42235,52.54793
9,9041501.0,Altstadt Kietz,9401534.0,2019,4,14,4,2,0,5,0,0,0,0,0,1,0,810980.3395,5819984.217,13.57628,52.44137
9,9010402.0,Johannisthal Ost,9100409.0,2019,4,14,5,3,0,1,0,0,0,0,0,0,0,806621.6109,5820450.557,13.51279,52.44801
8,8010510.0,Gewerbegebiet Köllnische Heide,8100521.0,2019,4,12,4,3,0,7,0,0,0,0,0,1,1,802487.2081,5822551.781,13.45404,52.46914
4,4030623.0,Ernst-Reuter-Platz,4300622.0,2019,4,12,4,3,5,2,0,1,0,0,0,0,0,792895.5909,5826797.735,13.31698,52.51243
4,4041136.0,Hagenplatz,4400728.0,2019,4,10,4,2,5,2,0,1,0,0,0,0,0,789617.3298,5823355.274,13.26582,52.48332
1,1011305.0,Heine-Viertel West,1100312.0,2019,4,9,4,2,1,5,0,1,0,0,0,1,0,799057.4228,5827190.194,13.40787,52.51261
1,1011302.0,Oranienburger Straße,1100309.0,2019,4,8,4,3,1,5,0,1,0,0,0,1,0,798331.188,5828924.511,13.39875,52.52855
1,1022201.0,Stephankiez,1200623.0,2019,4,1,5,3,2,6,2,0,0,0,0,1,0,795549.4703,5829244.956,13.35815,52.53294
4,4030828.0,Savignyplatz,4300624.0,2019,4,10,5,3,5,2,0,1,0,0,0,0,0,792977.2669,5826182.288,13.31764,52.50687
1,1044202.0,Sparrplatz,1401046.0,2019,4,7,4,3,5,3,0,1,0,0,0,0,0,795343.4296,5830390.818,13.35614,52.54332
8,8010301.0,Reuterkiez,8100312.0,2019,4,17,5,3,0,4,0,0,1,0,0,0,0,800785.5182,5824392.97,13.43073,52.48659
9,9020701.0,Adlershof West,9200715.0,2019,4,7,4,3,0,1,0,0,0,0,0,0,0,808330.2849,5819200.762,13.5367,52.43584
3,3061131.0,Falkplatz,3601142.0,2019,4,7,4,3,6,6,0,0,1,0,0,0,0,798915.9664,5830386.162,13.40866,52.54133
1,1044101.0,Rehberge,1400938.0,2019,4,14,3,3,0,5,0,1,0,0,0,0,0,793737.9481,5832005.137,13.33396,52.55866
8,8010214.0,Glasower Straße,8100209.0,2019,4,7,3,3,6,7,0,0,1,0,0,0,0,801106.2886,5822184.106,13.43344,52.46661
10,10030725.0,Buckower Ring,10300732.0,2019,4,16,3,3,5,3,0,1,0,0,0,0,0,809644.2053,5828927.397,13.565,52.52227
4,4051653.0,Prager Platz,4501152.0,2019,4,9,6,3,5,3,0,0,0,0,0,0,0,794140.0088,5824322.366,13.33308,52.48957
8,8030831.0,Gropiusstadt Ost,8301036.0,2019,4,17,5,3,5,3,0,1,0,0,0,0,0,804117.8197,5817627.958,13.47349,52.42411
3,3020209.0,Niederschönhausen,3200205.0,2019,4,16,7,3,0,3,0,1,0,0,0,0,0,798124.485,5835605.449,13.40172,52.58855
6,6030610.0,Lichterfelde West,6300634.0,2019,4,18,3,3,0,6,0,0,0,0,0,1,0,792189.1758,5818718.978,13.29953,52.44039
8,8010404.0,Rixdorf,8100417.0,2019,4,7,6,3,4,5,0,1,0,0,0,0,0,801976.4173,5822892.549,13.44686,52.47248
1,1011304.0,Karl-Marx-Allee,1100311.0,2019,4,15,5,2,3,6,0,0,0,0,0,0,0,799737.7325,5827692.193,13.41831,52.51673
2,2020203.0,Viktoriapark,2200207.0,2019,4,18,3,3,5,2,0,1,0,0,0,0,0,797843.44,5824926.336,13.38801,52.49298
5,5020419.0,Magistratsweg,5200423.0,2019,4,11,1,3,1,5,0,1,0,0,0,0,0,782005.8276,5828367.369,13.15828,52.53225
1,1011201.0,Wilhelmstraße,1100205.0,2019,4,16,5,3,2,2,0,1,0,0,0,0,0,797143.959,5826449.027,13.37909,52.50701
4,4030827.0,Karl-August-Platz,4300623.0,2019,4,15,1,3,1,5,0,1,0,0,0,0,0,792105.056,5825991.547,13.30466,52.50563
8,8020727.0,Buckow Mitte,8200832.0,2019,4,20,6,2,5,3,2,1,0,0,0,0,0,801730.7488,5817139.199,13.43805,52.42105
7,7030301.0,Friedenau,7300516.0,2019,4,18,5,3,6,4,0,0,1,0,0,0,0,793903.5752,5822951.543,13.3284,52.47741
12,12214422.0,Klixstraße,12200310.0,2019,4,15,3,3,5,3,0,0,0,1,0,0,0,791930.4078,5833389.26,13.30859,52.57204
2,2040703.0,Wriezener Bahnhof/Entwicklungsgebiet,2400625.0,2019,4,15,3,2,3,6,0,1,0,0,0,0,0,801745.9908,5826253.908,13.44652,52.50274
1,1033201.0,Brunnenstraße,1300834.0,2019,4,15,6,3,5,2,0,1,0,0,0,0,0,798081.0077,5830001.847,13.39604,52.53835
1,1022206.0,Lüneburger Straße,1200628.0,2019,4,11,3,3,1,5,0,0,0,0,0,1,0,796482.1622,5828645.599,13.37133,52.52706
11,11051332.0,Karlshorst Süd,11501341.0,2019,4,8,5,3,5,2,0,1,0,0,0,0,0,807202.831,5823906.186,13.52449,52.47865
2,2050801.0,Traveplatz,2500830.0,2019,4,10,3,3,0,4,0,1,0,0,0,1,0,803331.0701,5827421.354,13.47086,52.51232
1,1011306.0,Heine-Viertel Ost,1100313.0,2019,4,9,3,3,1,5,0,0,0,0,0,1,0,800030.3172,5826464.125,13.42151,52.50557
3,3061435.0,Conrad-Blenkle-Straße,3601452.0,2019,4,20,7,3,2,7,2,1,0,0,0,0,0,801698.1731,5829409.153,13.44868,52.53104
1,1011302.0,Oranienburger Straße,1100309.0,2019,4,1,3,3,1,5,2,1,0,0,0,0,0,798200.4742,5828743.789,13.39667,52.527
1,1011105.0,Nördlicher Landwehrkanal,1100102.0,2019,4,8,5,3,5,3,0,1,0,0,0,0,0,796123.173,5826294.134,13.36396,52.50618
2,2020204.0,Urbanstraße,2200210.0,2019,4,18,2,3,3,6,1,0,0,0,0,0,0,798040.3466,5824836.506,13.39082,52.49207
1,1011302.0,Oranienburger Straße,1100309.0,2019,4,9,2,3,4,6,0,0,0,0,0,0,0,798791.1645,5829066.087,13.40564,52.52957
9,9052001.0,Köpenick Nord,9502042.0,2019,4,19,2,3,5,2,0,1,0,0,0,0,0,811081.4557,5821962.811,13.57961,52.45904
4,4020314.0,Messegelände,4200311.0,2019,4,12,7,3,5,2,0,1,0,0,0,0,0,790025.7165,5825236.173,13.27345,52.49997
7,7040403.0,Manteuffelstraße,7400824.0,2019,4,12,2,3,5,2,0,1,0,0,0,0,0,797870.7518,5821888.092,13.38569,52.46573
8,8010303.0,Donaustraße,8100314.0,2019,4,16,2,3,1,5,0,1,0,0,0,0,0,801039.3387,5823941.757,13.43405,52.4824
10,10020622.0,Kaulsdorf Nord I,10200629.0,2019,4,17,5,3,5,3,0,1,0,0,0,0,0,811034.7713,5829168.046,13.58565,52.52364
9,9020701.0,Adlershof West,9200715.0,2019,4,16,2,3,5,3,0,1,0,0,0,0,0,808810.4515,5819001.109,13.54355,52.43378
8,8041036.0,Zittauer Straße,8401242.0,2019,4,7,6,3,3,6,0,1,0,0,0,0,0,804343.8247,5817008.628,13.47624,52.41843
8,8010213.0,Körnerpark,8100208.0,2019,4,15,2,3,5,3,0,0,0,0,0,1,0,801209.6008,5822594.389,13.43533,52.47023
1,1011303.0,Alexanderplatzviertel,1100310.0,2019,4,15,2,3,2,4,0,1,1,0,0,0,0,799078.0739,5828652.848,13.40949,52.52571
1,1011303.0,Alexanderplatzviertel,1100310.0,2019,4,15,2,3,5,3,0,0,0,0,0,0,0,799492.623,5828155.222,13.41513,52.52102
1,1022204.0,Thomasiusstraße,1200626.0,2019,4,15,2,3,5,2,0,1,0,0,0,0,0,794800.4801,5828308.971,13.34631,52.52495
5,5020417.0,Staakener Straße,5200420.0,2019,4,13,2,3,0,3,0,0,0,0,0,1,0,783068.7404,5828602.32,13.17411,52.5338
10,10010308.0,Marzahner Chaussee,10100311.0,2019,4,14,2,3,5,3,0,0,0,0,0,1,0,806466.4796,5830188.432,13.51947,52.53537
2,2010102.0,Mehringplatz,2100102.0,2019,4,7,5,3,3,6,0,0,0,0,0,0,0,798191.1307,5825520.901,13.39364,52.49812
6,6010210.0,Bismarckstraße,6100210.0,2019,4,16,2,2,6,4,0,0,1,0,0,0,0,794764.8602,5821573.567,13.33983,52.4646
3,3061227.0,Humannplatz,3601244.0,2019,4,13,7,3,5,3,0,1,0,0,0,0,0,799748.8568,5831750.897,13.42214,52.55311
10,10040931.0,Mahlsdorf Nord,10400938.0,2019,4,13,2,3,5,3,0,1,0,0,0,0,0,813805.8283,5829744.574,13.6269,52.52721
4,4041136.0,Hagenplatz,4400728.0,2019,4,12,2,3,1,5,0,1,0,0,0,0,0,790080.8315,5822967.803,13.27229,52.4796
4,4030828.0,Savignyplatz,4300624.0,2019,4,19,4,3,5,3,1,1,0,0,0,0,0,793467.6212,5826331.507,13.32498,52.50795
1,1044201.0,Reinickendorfer Straße,1401045.0,2019,4,17,2,3,5,5,0,1,0,0,0,0,0,796940.248,5831531.897,13.38064,52.55268
1,1011303.0,Alexanderplatzviertel,1100310.0,2019,4,18,4,3,3,6,0,1,0,0,0,0,0,799042.4544,5828828.203,13.40912,52.5273
6,6020303.0,Lankwitz Kirche,6200313.0,2019,4,16,2,3,5,3,0,1,0,0,0,0,0,795778.0994,5818439.984,13.35192,52.43596
8,8010213.0,Körnerpark,8100208.0,2019,4,18,4,3,2,7,0,0,0,0,0,1,0,801535.0133,5822636.633,13.44015,52.47043
1,1011402.0,Arkonaplatz,1100416.0,2019,4,13,2,3,0,3,0,1,0,0,0,0,0,798672.5649,5829459.717,13.40425,52.53316
5,5030731.0,Gartenfelder Straße,5300737.0,2019,4,18,2,3,5,2,0,1,0,0,0,0,0,786983.4223,5829577.424,13.2325,52.5405
2,2050601.0,Hausburgviertel,2500726.0,2019,4,17,4,3,5,3,0,1,0,0,0,0,0,801966.6974,5829025.696,13.45227,52.52746
2,2020204.0,Urbanstraße,2200210.0,2019,4,16,4,3,5,2,0,1,0,0,0,0,0,798311.3687,5825328.012,13.39524,52.49632
6,6040701.0,Wannsee,6400735.0,2019,4,16,4,3,4,6,0,1,0,0,0,0,0,781474.5127,5813277.035,13.13774,52.39721
12,12301203.0,Wittenau Süd,12500926.0,2019,4,15,4,3,6,6,0,0,1,0,0,0,0,793557.8211,5835435.522,13.33435,52.58951
7,7020204.0,Schöneberger Insel,7200413.0,2019,4,18,2,3,5,2,0,1,0,0,0,0,0,796253.4522,5822956.133,13.3629,52.47618
1,1033201.0,Brunnenstraße,1300834.0,2019,4,17,7,3,6,7,0,0,1,0,0,0,0,797550.6104,5830944.853,13.38909,52.54709
7,7010104.0,Dennewitzplatz,7100205.0,2019,4,8,4,3,5,2,0,1,0,0,0,0,0,796422.5798,5824865.98,13.36709,52.49321
2,2030402.0,Wrangelkiez,2300419.0,2019,4,9,3,3,2,6,0,0,0,0,0,0,0,801957.2184,5825641.863,13.44906,52.49713
3,3040512.0,Wilhelmsruh,3400619.0,2019,4,12,3,3,5,2,0,1,0,0,0,0,0,795821.949,5835221.284,13.36748,52.58636
1,1022104.0,Emdener Straße,1200520.0,2019,4,17,3,3,6,4,0,0,1,0,0,0,0,794595.3594,5828452.249,13.34342,52.52635
7,7070701.0,Kettinger Straße/Schillerstraße,7601442.0,2019,4,10,2,3,5,2,0,0,0,0,1,0,0,799254.7145,5816248.93,13.40096,52.41443
2,2020204.0,Urbanstraße,2200210.0,2019,4,17,3,3,2,6,0,1,0,0,0,0,0,797886.542,5824886.242,13.3886,52.4926
1,1011302.0,Oranienburger Straße,1100309.0,2019,4,9,2,3,5,3,0,1,0,0,0,0,0,798590.0176,5828886.68,13.40252,52.52807
1,1033203.0,Humboldthain Nordwest,1300836.0,2019,4,18,3,3,2,6,0,1,0,0,0,0,0,796451.5614,5829959.54,13.37205,52.53885
10,10020413.0,Gut Hellersdorf,10200418.0,2019,4,9,2,3,5,3,0,1,0,0,0,0,0,811375.439,5831553.765,13.59289,52.54482
8,8010118.0,Silbersteinstraße,8100105.0,2019,4,1,7,3,1,6,2,1,0,0,0,0,0,800773.2547,5822727.992,13.42905,52.47167
1,1011303.0,Alexanderplatzviertel,1100310.0,2019,4,18,3,2,5,2,1,1,0,0,0,0,0,799111.8672,5828465.953,13.40981,52.52401
6,6010207.0,Mittelstraße,6100207.0,2019,4,11,6,3,1,5,0,1,0,0,0,1,0,793945.7622,5819587.701,13.32606,52.44723
11,11030721.0,Rüdigerstraße,11300722.0,2019,4,20,3,3,5,3,2,1,0,0,0,0,0,805694.9833,5827907.782,13.50603,52.51536
4,4051652.0,Nikolsburger Platz,4501149.0,2019,4,10,3,3,2,7,0,0,0,0,0,1,0,793448.1251,5824304.447,13.32291,52.48979
2,2050803.0,Stralauer Kiez,2500835.0,2019,4,8,2,3,2,6,0,0,0,0,0,0,0,802514.4155,5826557.014,13.45808,52.50503
1,1011401.0,Invalidenstraße,1100415.0,2019,4,12,1,3,0,1,0,0,0,0,0,0,0,798211.6395,5829356.587,13.39738,52.53249
4,4030726.0,Droysenstraße,4500936.0,2019,4,10,3,3,3,6,0,1,0,0,0,0,0,792036.1492,5825773.688,13.30346,52.50371
1,1011306.0,Heine-Viertel Ost,1100313.0,2019,4,19,6,3,2,6,0,1,0,0,0,0,0,800211.4265,5826843.577,13.42451,52.50887
7,7010104.0,Dennewitzplatz,7100205.0,2019,4,21,3,3,5,2,2,1,0,0,0,0,0,796377.5754,5825236.689,13.36675,52.49656
1,1011302.0,Oranienburger Straße,1100309.0,2019,4,11,5,3,3,6,0,0,0,0,1,0,0,798845.456,5828565.208,13.40599,52.52505
12,12301206.0,Lübars,12500929.0,2019,3,17,1,3,5,2,0,0,0,0,0,0,0,794207.2626,5838507.077,13.34664,52.61669
2,2050802.0,Boxhagener Platz,2500834.0,2019,4,22,3,3,5,7,2,1,0,0,0,0,0,802221.186,5827333.061,13.45448,52.51214
1,1022206.0,Lüneburger Straße,1200628.0,2019,4,7,3,3,5,3,0,0,0,1,0,0,0,796119.6284,5828435.868,13.36581,52.52538
7,7050503.0,Eisenacher Straße,7501031.0,2019,4,6,3,3,3,6,0,1,0,0,0,0,0,797966.447,5820453.83,13.38582,52.45282
1,1011401.0,Invalidenstraße,1100415.0,2019,3,13,1,3,5,2,0,1,0,0,0,0,0,798114.4359,5829346.758,13.39595,52.53246
4,4051652.0,Nikolsburger Platz,4501149.0,2019,4,9,3,3,1,5,0,1,0,0,0,1,0,793442.3269,5824131.256,13.32267,52.48824
5,5030832.0,Rohrdamm,5300839.0,2019,4,18,6,3,5,2,1,1,0,0,0,0,0,789916.2313,5829223.82,13.27532,52.53578
4,4041343.0,Binger Straße,4400834.0,2019,4,17,3,3,1,5,0,1,0,0,0,0,0,792728.5228,5822835.0,13.31105,52.477
5,5020625.0,Borkumer Straße,5200629.0,2019,4,20,3,3,0,1,2,0,0,0,0,0,0,784615.8185,5828385.928,13.19667,52.53106
5,5020524.0,Weinmeisterhornweg,5200528.0,2019,3,11,1,3,5,3,0,1,0,0,0,0,0,782858.378,5826852.043,13.16952,52.51822
1,1011202.0,Unter den Linden Nord,1100206.0,2019,4,17,3,3,0,1,0,0,0,0,0,0,0,797729.9195,5828158.655,13.38923,52.52202
2,2050801.0,Traveplatz,2500830.0,2019,4,18,3,3,0,1,0,0,0,0,0,0,0,802167.1524,5827542.99,13.45387,52.51406
10,10010308.0,Marzahner Chaussee,10100311.0,2019,4,9,5,3,5,2,0,1,0,0,0,0,0,806680.15,5829147.225,13.52165,52.52592
3,3030406.0,Alt-Karow,3300413.0,2019,4,7,3,2,5,3,0,1,0,0,0,0,0,803224.5867,5838598.208,13.47951,52.61255
7,7050503.0,Eisenacher Straße,7501031.0,2019,4,18,7,2,5,3,0,1,0,0,0,0,0,799481.1328,5820508.321,13.40809,52.45248
7,7010104.0,Dennewitzplatz,7100205.0,2019,4,16,3,3,1,5,0,1,0,0,0,0,0,796331.6984,5825121.098,13.36598,52.49555
9,9020701.0,Adlershof West,9200715.0,2019,4,16,3,3,5,2,0,1,0,0,0,0,0,808253.7967,5818811.915,13.53522,52.4324
3,3020203.0,Blankenfelde,3200204.0,2019,3,15,7,3,5,3,0,1,0,0,0,0,0,796494.0495,5839974.964,13.38163,52.62861
7,7040405.0,Rathaus Tempelhof,7400927.0,2019,4,15,3,3,5,2,0,1,0,0,0,0,0,799587.3403,5820836.566,13.40994,52.45537
3,3061126.0,Arnimplatz,3601141.0,2019,3,14,7,3,5,3,0,0,0,0,0,0,0,799183.2068,5831331.857,13.41344,52.54966
1,1011303.0,Alexanderplatzviertel,1100310.0,2019,4,14,3,3,5,2,0,1,0,0,0,0,0,799108.7869,5828466.04,13.40977,52.52402
2,2020203.0,Viktoriapark,2200207.0,2019,4,13,3,3,0,1,0,0,0,0,0,1,0,797146.6935,5824492.513,13.37739,52.48947
4,4051652.0,Nikolsburger Platz,4501149.0,2019,4,16,7,3,1,5,0,1,0,0,0,0,0,793452.0574,5824383.0,13.32303,52.49049
7,7070705.0,Franziusweg/Rohrbachstraße,7601546.0,2019,3,14,7,2,5,2,0,1,0,0,0,0,0,798540.5011,5814419.384,13.38885,52.39842
7,7020203.0,Kaiser-Wilhelm-Platz,7200409.0,2019,4,13,3,3,1,5,0,1,0,0,0,0,0,795659.6885,5824475.521,13.35553,52.49013
2,2010103.0,Moritzplatz,2100104.0,2019,4,7,6,3,0,2,0,1,0,0,0,0,0,799229.3584,5825987.368,13.40931,52.50173
11,11030720.0,Herzbergstraße,11300721.0,2019,4,15,2,3,0,1,0,0,0,0,0,0,0,804438.3892,5829083.873,13.48865,52.5266
3,3071536.0,Teutoburger Platz,3701554.0,2019,4,23,2,3,5,2,2,0,0,0,0,0,0,799148.4138,5829204.802,13.41102,52.53062
12,12214125.0,Waldidyll/Flughafensee,12200412.0,2019,3,13,7,2,5,3,0,1,0,0,0,0,0,791908.1241,5831508.141,13.30661,52.55519
5,5010101.0,Hakenfelde Nord,5100103.0,2019,4,17,2,3,5,3,0,1,0,0,0,0,0,785264.6124,5831584.788,13.20895,52.5594
3,3040614.0,Pankow Zentrum,3400724.0,2019,4,15,1,3,0,2,0,1,0,0,0,0,0,799982.7569,5835096.756,13.4286,52.58297
8,8010301.0,Reuterkiez,8100312.0,2019,4,8,2,3,5,3,0,1,0,0,0,0,0,800518.654,5824464.318,13.42687,52.48737
6,6040701.0,Wannsee,6400735.0,2019,4,11,7,2,5,2,0,1,0,0,0,0,0,779429.8994,5815040.975,13.10924,52.41408
3,3050925.0,Komponistenviertel Weißensee,3500936.0,2019,4,21,2,3,3,6,2,1,0,0,0,0,0,802268.288,5831574.409,13.45902,52.55013
3,3061131.0,Falkplatz,3601142.0,2019,3,8,7,3,0,1,0,0,0,0,0,0,0,798806.5504,5831276.55,13.40785,52.54937
4,4051448.0,Schaperstraße,4501045.0,2019,4,19,6,3,4,5,1,0,0,0,0,0,0,794268.6378,5825046.108,13.33561,52.49599
2,2030302.0,Lausitzer Platz,2300315.0,2019,3,15,7,3,0,4,0,0,1,0,0,0,0,800745.2632,5825821.399,13.43143,52.49941
11,11020514.0,Große-Leege-Straße,11200513.0,2019,4,18,2,3,5,2,0,1,0,0,0,0,0,804550.7888,5830582.598,13.49167,52.53997
9,9041501.0,Altstadt Kietz,9401534.0,2019,3,15,7,3,5,3,0,1,0,0,0,0,0,810794.6985,5820328.302,13.57388,52.44455
3,3061332.0,Helmholtzplatz,3601346.0,2019,4,12,1,3,2,6,0,1,0,0,0,0,0,799394.2247,5830824.059,13.41609,52.545
1,1011105.0,Nördlicher Landwehrkanal,1100102.0,2019,4,8,2,3,5,3,0,1,0,0,0,0,0,796640.8219,5826649.78,13.37188,52.50908
4,4030931.0,Breitscheidplatz,4501042.0,2019,4,8,2,3,5,2,0,0,0,1,0,0,0,794465.0626,5825854.221,13.33921,52.50313
2,2050802.0,Boxhagener Platz,2500834.0,2019,4,7,2,3,6,7,0,0,1,0,0,0,0,802190.3607,5826878.584,13.45361,52.50809
1,1011202.0,Unter den Linden Nord,1100206.0,2019,4,8,2,3,2,6,0,1,0,0,0,0,0,797205.9045,5827497.087,13.38094,52.51637
7,7060602.0,Kirchstraße,7601237.0,2019,4,17,5,2,0,7,0,0,0,0,0,0,0,797325.1638,5817266.872,13.37357,52.4246
1,1044103.0,Westliche Müllerstraße,1400942.0,2019,3,21,7,3,1,5,2,1,0,0,0,0,0,794771.4841,5830388.014,13.34773,52.54361
9,9010101.0,Elsenstraße,9100101.0,2019,3,14,7,3,2,6,0,1,0,1,0,0,0,802430.4446,5824668.286,13.45513,52.48814
2,2050801.0,Traveplatz,2500830.0,2019,3,21,7,3,0,7,2,0,0,0,0,0,0,803207.6682,5826818.079,13.4685,52.50698
3,3061332.0,Helmholtzplatz,3601346.0,2019,3,20,7,3,0,1,2,0,0,0,0,0,0,799258.9079,5830528.125,13.41383,52.54242
2,2040703.0,Wriezener Bahnhof/Entwicklungsgebiet,2400625.0,2019,3,23,6,3,5,7,2,1,0,0,0,0,0,801705.4775,5826158.034,13.44583,52.5019
10,10030724.0,Oberfeldstraße,10300731.0,2019,4,15,2,3,5,3,0,1,0,0,0,0,0,808578.3683,5829002.418,13.54941,52.52355
3,3061332.0,Helmholtzplatz,3601346.0,2019,4,15,2,3,1,5,0,1,0,0,0,0,0,800026.9729,5830790.292,13.42536,52.54434
4,4041241.0,Breite Straße,4400832.0,2019,3,13,6,3,5,2,0,0,0,0,0,1,0,791278.3815,5822043.146,13.28906,52.47067
11,11010204.0,Falkenberg Ost,11100203.0,2019,4,15,2,3,5,3,0,1,0,0,0,0,0,806923.9717,5834059.826,13.52977,52.5698
4,4041241.0,Breite Straße,4400832.0,2019,4,15,2,3,1,5,0,1,0,0,0,0,0,791578.7929,5822623.524,13.29398,52.47572
8,8010213.0,Körnerpark,8100208.0,2019,4,16,2,3,1,5,0,1,0,0,0,0,0,800916.6356,5822459.579,13.43091,52.46918
7,7030301.0,Friedenau,7300516.0,2019,3,12,6,3,5,3,0,1,0,0,0,0,0,794246.8671,5822018.816,13.33262,52.46887
4,4020310.0,Park Ruhwald,4200308.0,2019,4,18,4,3,6,4,0,0,1,0,0,0,0,790326.5635,5827297.479,13.27967,52.51829
10,10040933.0,Mahlsdorf Süd,10400941.0,2019,4,19,4,3,5,2,0,1,0,0,0,0,0,812486.4973,5824890.536,13.60296,52.48447
4,4030827.0,Karl-August-Platz,4300623.0,2019,4,9,4,3,3,6,0,1,0,0,0,0,0,792658.5954,5826096.791,13.31289,52.50628
1,1011401.0,Invalidenstraße,1100415.0,2019,4,10,7,2,0,1,0,0,0,0,0,0,0,798231.9458,5829359.295,13.39768,52.5325
5,5010208.0,Germersheimer Platz,5100210.0,2019,4,17,6,3,5,2,0,0,0,0,0,1,0,783981.3829,5830108.287,13.18881,52.54683