district,LOR,street,LOR_2021,year,month,hour,weekday,category,accident_kind,accident_type,light_condition,car,pedestrian,motorcycle,goods_vehicle,others,road_condition,LINREFX,LINREFY,XGCSWGS84,YGCSWGS84
2,2050802.0,Boxhagener Platz,2500834.0,2019,4,15,6,3,6,7,0,0,1,0,0,0,0,801974.9288,5826927.588,13.45049,52.50865
9,9041501.0,Altstadt Kietz,9401534.0,2019,4,13,6,3,0,7,0,0,0,0,0,0,0,811054.2938,5820256.887,13.57762,52.44377
5,5010206.0,Gütersloher Weg,5100208.0,2019,4,11,6,3,5,3,0,1,0,0,0,0,0,782133.9344,5829921.89,13.16148,52.54612
4,4041344.0,Rüdesheimer Platz,4400835.0,2019,4,14,6,3,0,1,0,0,0,0,0,0,0,792711.171,5821801.363,13.30989,52.46774
1,1011303.0,Alexanderplatzviertel,1100310.0,2019,4,16,6,3,6,2,0,0,1,0,0,0,0,798956.3708,5827843.358,13.40697,52.51852
7,7040401.0,Neu-Tempelhof,7400721.0,2019,4,14,4,2,5,3,0,1,0,0,0,0,0,797838.339,5822536.493,13.3858,52.47156
7,7030303.0,Grazer Platz,7300619.0,2019,4,17,6,3,3,2,0,0,0,0,0,1,0,795892.0688,5820833.479,13.35572,52.45735
3,3061429.0,Greifswalder Straße,3601449.0,2019,4,17,6,2,1,5,0,1,0,0,0,0,0,801873.9557,5830359.741,13.45212,52.53947
4,4020313.0,Königin-Elisabeth-Straße,4200311.0,2019,4,18,6,3,0,1,0,0,0,0,0,0,0,790414.909,5825962.641,13.2798,52.50627
12,12214527.0,Alt-Tegel,12200515.0,2019,4,15,5,3,0,1,0,0,0,0,0,0,0,790460.3261,5834734.95,13.28814,52.58489
8,8010117.0,Schillerpromenade,8100102.0,2019,4,19,5,3,6,4,0,0,1,0,0,0,0,800642.6455,5823060.643,13.42743,52.47472
1,1011101.0,Stülerstraße,1100101.0,2019,4,16,5,3,0,2,0,1,0,0,0,0,0,795258.056,5826615.301,13.35153,52.50952
9,9041601.0,Müggelheim,9401635.0,2019,4,14,5,3,2,2,0,0,0,0,0,1,0,816417.845,5817579.791,13.65374,52.4167
9,9051901.0,Dammvorstadt,9501941.0,2019,4,14,5,3,5,5,0,1,0,0,0,0,0,810116.9392,5821605.098,13.56513,52.45638
6,6010209.0,Feuerbachstraße,6100209.0,2019,4,19,5,3,5,3,1,1,0,0,0,0,0,794553.8098,5821399.32,13.33658,52.46315
2,2030301.0,Oranienplatz,2300314.0,2019,4,19,5,3,5,3,0,1,0,0,0,0,0,800118.4228,5825756.993,13.42216,52.49918
4,4051655.0,Babelsberger Straße,4501153.0,2019,4,18,5,3,5,3,0,1,0,0,0,0,0,794185.3726,5823227.397,13.33278,52.47973
2,2050601.0,Hausburgviertel,2500726.0,2019,4,18,5,3,5,2,0,1,0,0,0,0,0,801865.7288,5828983.034,13.45075,52.52713
1,1011302.0,Oranienburger Straße,1100309.0,2019,4,10,5,3,4,6,0,0,0,0,0,1,0,798332.0689,5828366.856,13.39827,52.52355
12,12302110.0,Dannenwalder Weg,12601235.0,2019,4,8,5,3,5,2,0,1,0,0,0,0,0,794819.992,5836297.618,13.3537,52.59656
1,1022204.0,Thomasiusstraße,1200626.0,2019,4,7,5,3,1,5,0,1,0,0,0,0,0,795020.9757,5828260.299,13.34951,52.5244
1,1011301.0,Charitéviertel,1100308.0,2019,4,11,5,3,0,1,0,0,0,0,0,0,0,797225.8584,5829070.62,13.38264,52.53047
6,6030609.0,Augustaplatz,6300633.0,2019,4,4,5,3,1,1,2,1,0,0,0,0,0,792993.0479,5819674.58,13.31216,52.44852
9,9010101.0,Elsenstraße,9100101.0,2019,4,16,5,3,5,2,0,1,0,0,0,0,0,802326.4527,5825310.554,13.45419,52.49396
1,1011201.0,Wilhelmstraße,1100205.0,2019,4,15,5,3,5,3,0,1,0,0,0,0,0,797157.7267,5826452.482,13.3793,52.50703
10,10030724.0,Oberfeldstraße,10300731.0,2019,4,17,4,3,2,3,0,1,0,0,0,0,0,809637.9877,5829697.958,13.56562,52.52918
6,6040810.0,Dahlem,6400844.0,2019,4,17,4,3,1,1,0,1,0,0,0,0,0,792132.057,5821042.948,13.30072,52.46125
1,1011401.0,Invalidenstraße,1100415.0,2019,4,23,4,3,1,5,2,1,0,0,0,0,0,797729.8446,5829250.077,13.39021,52.5318
6,6040701.0,Wannsee,6400735.0,2019,4,22,4,3,0,1,2,0,0,0,0,0,0,782829.8901,5817441.992,13.16113,52.43386
1,1044103.0,Westliche Müllerstraße,1400942.0,2019,4,11,4,3,1,7,0,1,0,0,0,0,0,794973.7022,5831001.123,13.35125,52.54899
9,9020802.0,Köllnische Vorstadt,9200819.0,2019,4,10,4,3,5,3,0,1,0,0,0,0,0,810257.8182,5820349.139,13.56603,52.44505
3,3071638.0,Winsstraße,3701659.0,2019,4,10,4,3,3,6,0,1,0,0,0,0,0,799671.5188,5829003.721,13.41852,52.52853
4,4030931.0,Breitscheidplatz,4501042.0,2019,4,17,4,3,6,7,0,0,0,0,0,1,0,794091.1486,5825975.756,13.33382,52.50442
9,9010301.0,Baumschulenstraße,9100305.0,2019,4,9,4,3,5,3,0,1,0,0,0,0,0,805091.5655,5822807.704,13.4925,52.46999
2,2030301.0,Oranienplatz,2300314.0,2019,4,9,4,3,6,4,0,0,1,0,0,0,0,800008.7156,5825473.508,13.4203,52.4967
2,2050801.0,Traveplatz,2500830.0,2019,4,9,4,3,3,6,0,0,0,1,0,0,0,802448.0545,5827415.09,13.45788,52.51275
1,1044201.0,Reinickendorfer Straße,1401045.0,2019,4,12,4,3,5,3,0,1,0,0,0,0,0,796218.369,5831514.633,13.37001,52.55292
1,1044103.0,Westliche Müllerstraße,1400942.0,2019,4,13,4,3,6,4,0,0,1,0,0,0,0,794861.4129,5830994.969,13.34959,52.549
11,11010102.0,Dorf Wartenberg,11100101.0,2019,4,14,4,3,2,2,0,1,0,0,0,0,0,806143.781,5834855.405,13.51903,52.57737
1,1011302.0,Oranienburger Straße,1100309.0,2019,4,15,4,3,5,2,0,1,0,0,0,0,0,797990.1738,5828910.737,13.39373,52.52861
2,2050803.0,Stralauer Kiez,2500835.0,2019,4,16,4,3,0,5,0,1,0,0,0,0,0,803234.7822,5826322.504,13.46845,52.50252
3,3071536.0,Teutoburger Platz,3701554.0,2019,4,16,4,3,6,4,0,0,1,0,0,0,0,798997.1663,5830065.102,13.40957,52.53841
3,3050924.0,Behaimstraße,3500935.0,2019,4,16,4,3,0,1,0,0,0,0,0,0,0,801237.5179,5831577.507,13.44387,52.55073
2,2050601.0,Hausburgviertel,2500726.0,2019,4,15,3,3,5,2,0,1,0,0,0,0,0,801870.3225,5829009.039,13.45084,52.52736
9,9041501.0,Altstadt Kietz,9401534.0,2019,4,11,3,3,5,3,0,0,0,0,0,1,0,811055.3733,5820310.73,13.57769,52.44425
2,2020203.0,Viktoriapark,2200207.0,2019,4,9,3,3,5,2,0,1,0,0,0,0,0,797814.7878,5824933.508,13.38759,52.49306
2,2020206.0,Graefekiez,2200213.0,2019,4,10,3,3,2,6,0,1,0,0,0,0,0,799990.001,5824728.659,13.41935,52.49003
1,1011301.0,Charitéviertel,1100308.0,2019,4,9,3,3,5,2,0,1,0,0,0,0,0,797550.5191,5828717.526,13.38709,52.52712
1,1033102.0,Gesundbrunnen,1300733.0,2019,4,8,3,3,6,6,0,0,1,0,0,0,0,797719.9416,5831257.736,13.39186,52.5498
11,11040926.0,Weitlingstraße,11400929.0,2019,4,19,3,3,5,2,1,1,0,0,0,0,0,806684.9851,5826907.683,13.51966,52.50584
2,2020206.0,Graefekiez,2200213.0,2019,4,10,3,3,6,4,0,0,1,0,0,0,0,800276.8459,5824801.021,13.42363,52.49052
8,8010117.0,Schillerpromenade,8100102.0,2019,4,18,3,3,5,3,0,1,0,0,0,0,0,800399.4711,5823335.403,13.42411,52.47732
7,7010101.0,Wittenbergplatz/Viktoria-Luise-Platz,7100101.0,2019,4,9,3,3,5,2,0,1,0,0,0,0,0,794782.3337,5825696.723,13.34373,52.50155
8,8010117.0,Schillerpromenade,8100102.0,2019,4,21,3,3,5,2,2,1,0,0,0,0,0,800622.7614,5823114.628,13.42719,52.47522
7,7030301.0,Friedenau,7300516.0,2019,4,17,3,3,1,5,0,1,0,0,0,0,0,793481.9515,5822137.45,13.32149,52.47034
4,4051448.0,Schaperstraße,4501045.0,2019,4,16,3,3,1,5,0,1,0,0,0,0,0,794250.5038,5825274.788,13.33555,52.49805
8,8010301.0,Reuterkiez,8100312.0,2019,4,14,2,3,1,5,0,0,0,0,0,1,0,800450.1554,5824498.861,13.4259,52.48772
1,1011306.0,Heine-Viertel Ost,1100313.0,2019,4,6,2,3,5,3,0,1,0,0,0,0,0,799778.4163,5826560.25,13.41789,52.50657
10,10030727.0,Biesdorf Süd,10300734.0,2019,4,5,2,3,5,3,1,1,0,0,0,0,0,809589.9459,5825056.92,13.5606,52.48761
2,2020205.0,Chamissokiez,2200211.0,2019,4,17,2,3,1,5,0,0,0,0,0,1,0,798045.2317,5824557.288,13.39064,52.48956
2,2020204.0,Urbanstraße,2200210.0,2019,4,19,2,3,2,6,0,1,0,0,0,0,0,798328.9671,5825315.109,13.39548,52.4962
3,3040513.0,Schönholz,3400620.0,2019,4,18,2,3,5,3,0,1,0,0,0,0,0,797412.9109,5833971.188,13.38978,52.57429
8,8020619.0,Buschkrugallee Nord,8200623.0,2019,4,16,2,3,5,2,0,1,0,0,0,0,0,802537.8709,5820721.881,13.45313,52.45271
2,2030302.0,Lausitzer Platz,2300315.0,2019,4,9,4,3,3,6,0,0,0,0,1,0,0,801445.8618,5826052.327,13.44193,52.50109
8,8020625.0,Handwerker-Siedlung,8200730.0,2019,4,14,2,3,5,3,0,1,0,0,0,0,0,801463.7502,5817983.026,13.4349,52.42876
9,9041501.0,Altstadt Kietz,9401534.0,2019,4,8,2,3,5,2,0,1,0,0,0,0,0,811390.6154,5820161.35,13.58247,52.44272
2,2010102.0,Mehringplatz,2100102.0,2019,4,9,2,3,5,3,0,1,0,0,0,0,0,797912.9552,5826214.131,13.39018,52.50449
9,9051901.0,Dammvorstadt,9501941.0,2019,4,11,2,3,5,3,0,1,0,0,0,0,0,810804.5122,5820796.285,13.57446,52.44874
8,8040933.0,Vogelviertel Süd,8401139.0,2019,4,10,2,3,5,3,0,1,0,0,0,0,0,803004.6459,5819357.755,13.45874,52.44023
7,7040401.0,Neu-Tempelhof,7400721.0,2019,4,10,2,3,5,2,0,1,0,0,0,0,0,797194.799,5823674.27,13.37736,52.48211
1,1011401.0,Invalidenstraße,1100415.0,2019,4,12,2,3,0,1,0,0,0,0,0,0,0,798305.5458,5829373.33,13.39878,52.53259
5,5010103.0,Amorbacher Weg,5100105.0,2019,4,20,1,3,1,5,2,1,0,0,0,0,0,784579.2585,5831845.193,13.1991,52.56209
4,4030931.0,Breitscheidplatz,4501042.0,2019,4,18,7,3,1,5,0,1,0,0,0,0,0,794351.4311,5825641.876,13.33735,52.50129
1,1022204.0,Thomasiusstraße,1200626.0,2019,4,22,7,2,5,2,2,1,0,0,0,0,0,794803.999,5828308.464,13.34636,52.52495
1,1011302.0,Oranienburger Straße,1100309.0,2019,4,19,7,3,5,2,0,1,0,0,0,0,0,798964.405,5828777.155,13.40793,52.52688
6,6010206.0,Stadtpark,6100206.0,2019,4,14,7,3,1,5,0,1,0,0,0,0,0,794637.8698,5820070.402,13.33664,52.45119
3,3010102.0,Buch,3100102.0,2019,4,11,7,3,5,3,0,1,0,0,0,0,0,804213.1719,5841142.405,13.49641,52.6348
8,8020625.0,Handwerker-Siedlung,8200730.0,2019,4,11,6,3,5,3,0,1,0,0,0,0,0,801413.8011,5819158.711,13.43523,52.43932
1,1033102.0,Gesundbrunnen,1300733.0,2019,4,11,6,3,5,3,0,1,0,0,0,0,0,797140.9446,5831804.109,13.38383,52.55501
11,11030721.0,Rüdigerstraße,11300722.0,2019,4,10,6,3,5,2,0,1,0,0,0,0,0,803791.7288,5827706.607,13.47789,52.51462
3,3040818.0,Pankow Süd,3400830.0,2019,4,8,6,3,1,5,0,1,0,0,0,0,0,799699.5862,5832536.57,13.42212,52.56018
1,1011203.0,Unter den Linden Süd,1100206.0,2019,4,8,6,3,3,6,0,0,0,0,1,0,0,797565.6405,5827415.109,13.38615,52.51544
8,8041038.0,Waßmannsdorfer Chaussee,8401244.0,2019,4,7,6,3,5,3,0,1,0,0,0,0,0,805654.693,5816444.725,13.49494,52.41265
1,1011203.0,Unter den Linden Süd,1100206.0,2019,4,8,6,3,5,3,0,1,0,0,0,0,0,797761.9341,5827442.915,13.38906,52.51558
6,6030501.0,Berlepschstraße,6300524.0,2019,4,17,6,3,5,3,0,1,0,0,0,0,0,788569.0306,5816884.689,13.24483,52.42586
9,9010202.0,Köpenicker Landstraße,9100203.0,2019,4,9,5,3,5,3,0,1,0,0,0,0,0,804134.236,5822928.372,13.47856,52.4716
2,2030302.0,Lausitzer Platz,2300315.0,2019,4,19,5,3,5,2,0,1,0,0,0,0,0,801162.3723,5825951.462,13.43767,52.50035
6,6040807.0,Zehlendorf Eiche,6400841.0,2019,4,14,5,3,5,2,0,0,0,1,0,0,0,789841.2436,5818778.755,13.26513,52.44217
6,6020410.0,Oberhofer Platz,6200422.0,2019,4,14,5,3,5,3,0,1,0,0,0,0,0,794698.7338,5816312.673,13.33422,52.41747
1,1022106.0,Elberfelder Straße,1200522.0,2019,4,17,5,3,0,1,1,0,0,0,0,0,0,793768.7328,5828135.743,13.33099,52.52396
1,1011305.0,Heine-Viertel West,1100312.0,2019,4,13,5,3,5,3,0,1,0,0,0,0,0,799299.46,5827228.221,13.41146,52.51282
9,9041301.0,Kietzer Feld/Nachtheide,9401329.0,2019,4,12,5,3,5,2,0,1,0,0,0,0,0,811683.2967,5819982.022,13.58659,52.44095
1,1033102.0,Gesundbrunnen,1300733.0,2019,4,10,5,3,5,2,0,1,0,0,0,0,0,797157.6449,5831919.5,13.38418,52.55604
1,1011302.0,Oranienburger Straße,1100309.0,2019,4,9,5,3,3,6,0,1,0,0,0,0,0,798526.5133,5828981.867,13.40167,52.52896
6,6020305.0,Gemeindepark Lankwitz,6200315.0,2019,4,8,5,3,5,2,0,1,0,0,0,0,0,795748.442,5817560.295,13.35071,52.42809
1,1022205.0,Zillesiedlung,1200627.0,2019,4,7,5,3,5,3,0,1,0,0,0,0,0,795562.7539,5828294.414,13.3575,52.52441
7,7040403.0,Manteuffelstraße,7400824.0,2019,4,20,4,3,5,2,2,1,0,0,0,0,0,797851.2935,5821927.694,13.38544,52.4661
1,1011201.0,Wilhelmstraße,1100205.0,2019,4,9,4,2,1,5,0,1,0,0,0,0,0,796999.2932,5826862.98,13.37734,52.5108
9,9020501.0,Oberschöneweide West,9200510.0,2019,4,16,4,3,5,2,0,1,0,0,0,0,0,806236.7725,5823200.356,13.50967,52.47287
12,12224230.0,Heiligensee,12400619.0,2019,4,16,4,3,5,2,0,1,0,0,0,0,0,787278.1054,5837913.642,13.24406,52.61508
9,9051702.0,Bölschestraße,9501737.0,2019,4,17,4,3,5,3,0,1,0,0,0,0,0,813752.2951,5821739.998,13.61858,52.45552
7,7070704.0,Nahariyastraße,7601545.0,2019,4,18,4,3,5,2,1,1,0,0,0,0,0,800941.8632,5813922.307,13.4236,52.39265
4,4030519.0,Kaiserin-Augusta-Allee,4300518.0,2019,4,12,4,3,5,2,0,0,0,0,0,1,0,792084.1045,5828582.497,13.30663,52.52887
3,3071536.0,Teutoburger Platz,3701554.0,2019,4,20,4,3,0,6,2,1,0,0,0,0,0,799026.6608,5830118.612,13.41005,52.53887
4,4030623.0,Ernst-Reuter-Platz,4300622.0,2019,4,14,3,3,0,3,0,0,0,1,0,0,0,793246.0758,5826749.937,13.32209,52.51182
5,5030730.0,Zitadellenweg,5300736.0,2019,4,6,3,2,5,2,0,0,0,0,0,1,0,786580.051,5829222.898,13.22627,52.53753
4,4051656.0,Hildegardstraße,4501151.0,2019,4,14,2,3,6,4,0,0,1,0,0,0,0,793734.5452,5823218.344,13.32615,52.47989
1,1011105.0,Nördlicher Landwehrkanal,1100102.0,2019,4,8,3,2,5,3,0,1,0,0,0,0,0,796741.1578,5826914.659,13.37359,52.5114
6,6040810.0,Dahlem,6400844.0,2019,4,8,3,3,5,3,0,1,0,0,0,0,0,792355.8168,5820952.826,13.30393,52.46032
4,4051549.0,Rathaus Wilmersdorf,4501146.0,2019,4,8,3,3,0,2,0,1,0,0,0,0,0,792851.7623,5824009.402,13.31389,52.48746
6,6030605.0,Botanischer Garten,6300629.0,2019,4,8,3,3,5,3,0,1,0,0,0,0,0,791782.1307,5819084.061,13.29387,52.44388
1,1011301.0,Charitéviertel,1100308.0,2019,4,8,3,3,5,3,0,1,0,0,0,0,0,797046.915,5828181.34,13.37921,52.52259
11,11030721.0,Rüdigerstraße,11300722.0,2019,4,7,3,3,5,7,0,1,0,0,0,0,0,805206.6327,5828573.617,13.49947,52.5216
7,7040403.0,Manteuffelstraße,7400824.0,2019,4,16,3,2,5,2,0,1,0,0,0,0,0,797027.1304,5820706.17,13.37226,52.45559
9,9020501.0,Oberschöneweide West,9200510.0,2019,4,16,3,2,5,3,0,1,0,0,0,0,0,806127.6899,5822108.873,13.50706,52.46315
1,1033102.0,Gesundbrunnen,1300733.0,2019,4,17,3,3,5,3,0,1,0,0,0,0,0,797341.6807,5831211.579,13.38626,52.54959
10,10030724.0,Oberfeldstraße,10300731.0,2019,4,17,3,3,2,2,0,1,0,0,0,0,0,809552.0767,5828021.983,13.5628,52.51421
2,2040502.0,Friedenstraße,2400521.0,2019,4,18,3,2,5,2,0,0,0,0,0,1,0,801247.5829,5827816.857,13.44061,52.51702
2,2040502.0,Friedenstraße,2400521.0,2019,4,18,3,3,5,2,0,0,0,0,0,1,0,801127.6921,5828576.18,13.43954,52.52389
12,12301204.0,Wittenau Nord,12500927.0,2019,4,7,3,3,5,3,0,1,0,0,0,0,0,792653.947,5835839.398,13.3214,52.59362
4,4041134.0,Bismarckallee,4400726.0,2019,4,19,3,2,5,3,1,1,0,0,0,0,0,790854.8921,5823647.131,13.28425,52.48528
2,2020202.0,Rathaus Yorckstraße,2200208.0,2019,4,19,3,3,5,2,0,1,0,0,0,0,0,797941.2205,5825259.338,13.38974,52.49591
1,1011302.0,Oranienburger Straße,1100309.0,2019,4,17,3,3,2,6,0,0,0,0,0,0,0,798266.1178,5828848.826,13.39773,52.52791
6,6030502.0,Zehlendorf Süd,6300525.0,2019,4,6,2,3,0,2,0,1,0,0,0,0,1,789072.4493,5815763.303,13.25125,52.41554
3,3061429.0,Greifswalder Straße,3601449.0,2019,4,21,2,3,5,3,2,0,0,0,0,1,0,801385.0702,5830290.724,13.44487,52.53912
9,9031202.0,Schmöckwitz/Rauchfangswerder,9301228.0,2019,4,18,2,2,5,3,0,1,0,0,0,0,0,816911.788,5812168.967,13.65586,52.36793
3,3040512.0,Wilhelmsruh,3400619.0,2019,4,17,2,3,5,7,0,1,0,0,0,0,0,795543.809,5835068.62,13.36325,52.58515
11,11040925.0,Victoriastadt,11400927.0,2019,4,17,2,3,5,2,0,1,0,0,0,0,0,803865.438,5826828.232,13.47817,52.50671
3,3050925.0,Komponistenviertel Weißensee,3500936.0,2019,4,16,2,3,1,5,0,1,0,0,0,0,0,802399.2005,5831140.467,13.46055,52.54617
4,4010102.0,Plötzensee,4100101.0,2019,4,8,2,3,5,2,0,1,0,0,0,0,1,793328.3693,5829772.175,13.32597,52.53887
1,1011301.0,Charitéviertel,1100308.0,2019,4,11,2,3,2,7,0,1,0,0,0,0,0,796855.0637,5828221.086,13.37643,52.52305
2,2010104.0,Wassertorplatz,2100106.0,2019,4,13,2,3,5,3,0,1,0,0,0,0,1,798823.744,5825589.569,13.403,52.49839
5,5020523.0,Maulbeerallee,5200528.0,2019,4,15,2,2,5,3,0,1,0,0,0,0,0,782698.5198,5827487.572,13.16772,52.524
4,4020204.0,Olympiagelände,4200203.0,2019,4,15,2,3,2,2,0,0,0,0,0,1,0,788291.7877,5826880.581,13.2494,52.51563
4,4030623.0,Ernst-Reuter-Platz,4300622.0,2019,4,16,2,3,1,5,0,1,0,0,0,0,0,793541.8764,5826333.133,13.32607,52.50792
1,1033203.0,Humboldthain Nordwest,1300836.0,2019,4,8,2,3,1,5,0,0,0,0,1,0,1,796859.8799,5831342.505,13.37929,52.55103
4,4030725.0,Amtsgerichtsplatz,4300416.0,2019,4,9,2,2,8,1,0,0,0,0,0,0,1,791441.9611,5826032.31,13.29495,52.50635
1,1011402.0,Arkonaplatz,1100416.0,2019,4,17,1,3,0,1,0,0,0,0,0,0,0,798351.1314,5829393.416,13.39947,52.53274
1,1022106.0,Elberfelder Straße,1200522.0,2019,4,23,1,3,5,2,2,1,0,0,0,0,0,794568.984,5828331.74,13.34293,52.52528
11,11041128.0,Sewanstraße,11401135.0,2019,4,18,1,3,1,5,0,1,0,0,0,0,0,805558.2177,5825985.845,13.50226,52.49821
11,11020412.0,Hauptstraße,11200513.0,2019,4,13,1,3,5,2,0,0,0,0,0,1,0,805154.7897,5831640.191,13.50152,52.54911
2,2020206.0,Graefekiez,2200213.0,2019,4,8,1,3,1,5,0,1,0,0,0,0,1,800002.594,5825388.233,13.42013,52.49594
2,2030401.0,Reichenberger Straße,2300418.0,2019,4,17,7,3,5,7,0,1,0,0,0,0,0,801108.7954,5825448.782,13.43643,52.49587
6,6030502.0,Zehlendorf Süd,6300525.0,2019,4,15,7,3,0,7,0,0,0,0,0,0,0,789105.0675,5815565.294,13.25155,52.41375
1,1011302.0,Oranienburger Straße,1100309.0,2019,4,0,7,3,5,3,2,1,0,0,0,0,1,799063.7938,5828982.661,13.40957,52.52867
4,4030930.0,George-Grosz-Platz,4501041.0,2019,4,16,7,3,3,6,0,1,0,0,0,0,0,792920.0836,5825526.827,13.31623,52.50103
1,1044202.0,Sparrplatz,1401046.0,2019,4,15,7,3,5,3,0,0,0,0,0,0,0,795046.8451,5829939.971,13.35138,52.53944
4,4030622.0,Richard-Wagner-Straße,4300621.0,2019,4,14,7,3,5,2,0,1,0,0,0,0,0,792081.3667,5826801.406,13.30502,52.5129
9,9041501.0,Altstadt Kietz,9401534.0,2019,4,14,7,3,4,6,0,0,0,0,0,0,0,810864.4215,5820305.408,13.57488,52.44431
3,3061126.0,Arnimplatz,3601141.0,2019,4,13,7,3,5,2,0,0,0,0,0,1,0,799212.7943,5831806.193,13.4143,52.5539
7,7040401.0,Neu-Tempelhof,7400721.0,2019,4,13,7,3,5,2,0,0,0,1,0,0,0,797897.0474,5823993.004,13.38796,52.48458
8,8010301.0,Reuterkiez,8100312.0,2019,4,11,7,3,0,2,0,1,0,0,0,0,0,800657.3573,5824525.239,13.42897,52.48784
12,12231102.0,Frohnau,12400721.0,2019,4,8,7,2,3,6,0,0,0,0,0,0,0,789581.8513,5839728.279,13.27958,52.63013
11,11030619.0,Fennpfuhl Ost,11300620.0,2019,4,23,7,3,0,1,2,0,0,0,0,0,0,804212.5482,5829057.891,13.48531,52.5265
3,3061131.0,Falkplatz,3601142.0,2019,4,9,6,3,5,2,0,1,0,0,0,0,0,799178.6146,5831110.502,13.41318,52.54768
9,9010301.0,Baumschulenstraße,9100305.0,2019,4,17,6,3,5,3,0,1,0,0,0,0,0,804745.6067,5822303.526,13.48696,52.46566
1,1011401.0,Invalidenstraße,1100415.0,2019,4,23,6,3,5,2,2,0,0,1,0,0,0,797688.1972,5829240.419,13.38958,52.53173
2,2030301.0,Oranienplatz,2300314.0,2019,4,20,6,3,5,2,1,1,0,0,0,0,0,799990.1634,5826204.586,13.42068,52.50326
3,3040513.0,Schönholz,3400620.0,2019,4,20,6,3,5,3,0,1,0,0,0,0,0,797413.379,5833970.934,13.38978,52.57429
3,3020210.0,Herthaplatz,3200207.0,2019,4,18,6,3,5,3,0,1,0,0,0,0,0,799550.5591,5835429.366,13.42254,52.58619
6,6040810.0,Dahlem,6400844.0,2019,4,18,6,3,5,5,0,1,0,0,0,0,0,792374.891,5820852.956,13.30412,52.45942
4,4051446.0,Preußenpark,4501043.0,2019,4,9,6,3,5,3,0,1,0,0,0,0,0,792400.8931,5825062.973,13.30819,52.49715
3,3071638.0,Winsstraße,3701659.0,2019,4,7,6,3,1,5,0,0,0,0,0,1,0,800444.4647,5829725.867,13.43054,52.53457
1,1011105.0,Nördlicher Landwehrkanal,1100102.0,2019,4,7,6,3,1,5,0,1,0,0,0,0,0,796850.6254,5826159.049,13.37452,52.50457
7,7010104.0,Dennewitzplatz,7100205.0,2019,4,9,6,3,1,5,0,1,0,0,0,0,0,796400.4461,5824750.77,13.36666,52.49219
4,4030417.0,Schloßstraße,4300414.0,2019,4,12,6,3,5,3,0,0,0,1,0,0,0,791185.055,5826502.927,13.29159,52.51071
2,2050801.0,Traveplatz,2500830.0,2019,4,12,6,3,5,2,0,1,0,0,0,0,0,803578.9822,5827251.877,13.47435,52.51066
4,4020311.0,Reichsstraße,4200310.0,2019,4,14,6,3,3,6,0,1,0,0,0,0,0,789804.4801,5826344.368,13.27117,52.51002
4,4030827.0,Karl-August-Platz,4300623.0,2019,4,14,6,3,3,6,0,1,0,0,0,0,0,792146.214,5826474.891,13.30569,52.50994
1,1022104.0,Emdener Straße,1200520.0,2019,4,17,6,3,1,5,0,1,0,0,0,0,0,794260.5912,5828452.536,13.3385,52.52653
6,6030504.0,Teltower Damm,6300528.0,2019,4,16,6,3,5,3,0,1,0,0,0,0,0,790839.9497,5817584.754,13.27875,52.43094
10,10040933.0,Mahlsdorf Süd,10400941.0,2019,4,11,5,3,5,3,0,1,0,0,0,0,0,813472.0452,5824893.868,13.61743,52.48394
7,7010104.0,Dennewitzplatz,7100205.0,2019,4,12,5,3,5,3,0,1,0,0,0,0,0,796576.6901,5824829.316,13.36932,52.4928
3,3071537.0,Kollwitzplatz,3701555.0,2019,4,17,5,3,1,5,0,1,0,0,0,0,0,799327.0936,5830077.249,13.41443,52.53834
9,9051901.0,Dammvorstadt,9501941.0,2019,4,16,5,2,5,3,0,1,0,0,0,0,0,809656.3168,5821501.986,13.55827,52.45572
4,4041134.0,Bismarckallee,4400726.0,2019,4,16,5,3,0,4,0,0,1,0,0,0,0,790788.1732,5824798.841,13.28427,52.49564
3,3020307.0,Buchholz,3200308.0,2019,4,15,5,2,5,3,0,1,0,0,0,0,0,800516.6052,5836163.158,13.43743,52.59223
6,6040804.0,Krumme Lanke,6400838.0,2019,4,15,5,3,5,2,0,1,0,0,0,0,0,788224.898,5818882.666,13.24151,52.44396
2,2050601.0,Hausburgviertel,2500726.0,2019,4,5,5,2,2,6,0,1,0,0,0,0,0,801830.3115,5828987.959,13.45023,52.52719
1,1011303.0,Alexanderplatzviertel,1100310.0,2019,4,15,5,3,2,2,0,1,0,0,0,0,0,799248.351,5828469.191,13.41182,52.52397
11,11040925.0,Victoriastadt,11400927.0,2019,4,13,5,3,5,5,0,1,0,0,0,1,0,803513.5106,5826456.442,13.47266,52.50357
9,9041501.0,Altstadt Kietz,9401534.0,2019,4,12,5,2,5,3,0,1,0,0,0,0,0,811636.2127,5820017.711,13.58593,52.44129
3,3030711.0,Blankenburg,3300514.0,2019,4,12,5,3,5,3,0,0,0,0,0,1,0,801579.3545,5836356.045,13.45324,52.59337
9,9041301.0,Kietzer Feld/Nachtheide,9401329.0,2019,4,12,5,3,0,3,0,1,0,0,0,0,0,811639.6673,5818610.11,13.58467,52.42868
7,7010101.0,Wittenbergplatz/Viktoria-Luise-Platz,7100101.0,2019,4,11,5,3,5,3,0,1,0,0,0,0,0,794736.482,5825538.538,13.34292,52.50015
3,3050923.0,Weißenseer Spitze,3500934.0,2019,4,10,5,3,3,6,0,1,0,0,0,0,0,801269.9545,5831848.101,13.44459,52.55314
9,9030901.0,Dorf Altglienicke,9300920.0,2019,4,9,5,3,5,2,0,0,0,0,1,0,0,807686.6878,5817735.954,13.52591,52.42308
8,8010302.0,Bouchéstraße,8100313.0,2019,4,9,5,3,1,5,0,1,0,0,0,0,0,801498.0457,5824692.06,13.44146,52.48887
3,3050919.0,Gustav-Adolf-Straße,3500932.0,2019,4,9,5,3,5,2,0,1,0,0,0,0,0,801855.7578,5832900.487,13.45416,52.56225
7,7030303.0,Grazer Platz,7300619.0,2019,4,8,5,3,5,3,0,1,0,0,0,0,0,795395.8201,5821210.634,13.34877,52.461
1,1011402.0,Arkonaplatz,1100416.0,2019,4,8,5,3,5,3,0,1,0,0,0,0,0,798589.419,5829514.15,13.40308,52.5337
3,3061429.0,Greifswalder Straße,3601449.0,2019,4,16,5,3,5,7,0,1,0,0,0,0,0,801841.191,5830733.662,13.45198,52.54283
9,9051801.0,Rahnsdorf/Hessenwinkel,9501838.0,2019,4,16,4,3,0,3,0,1,0,0,0,0,0,820200.6077,5819629.404,13.71114,52.43287
4,4051446.0,Preußenpark,4501043.0,2019,4,5,4,3,6,2,1,0,1,0,0,0,0,792875.9004,5824340.117,13.31453,52.49041
2,2020205.0,Chamissokiez,2200211.0,2019,4,20,4,3,5,3,1,0,0,0,0,0,0,797956.2256,5824572.259,13.38935,52.48974
4,4030930.0,George-Grosz-Platz,4501041.0,2019,4,20,4,3,5,3,1,1,0,0,0,0,0,792956.8541,5825541.968,13.31678,52.50114
6,6040809.0,Thielallee,6400843.0,2019,4,18,4,3,3,6,0,1,0,0,0,0,0,791446.323,5819340.096,13.28917,52.44635
7,7030303.0,Grazer Platz,7300619.0,2019,4,18,4,3,0,6,0,0,0,0,0,1,0,795851.7939,5822567.074,13.35666,52.47291