district,LOR,street,LOR_2021,year,month,hour,weekday,category,accident_kind,accident_type,light_condition,car,pedestrian,motorcycle,goods_vehicle,others,road_condition,LINREFX,LINREFY,XGCSWGS84,YGCSWGS84
1,1011103.0,Lützowstraße,1100103.0,2019,4,13,4,3,0,1,0,0,0,0,0,0,0,795945.711,5825827.545,13.36094,52.50209
1,1011401.0,Invalidenstraße,1100415.0,2019,4,13,4,3,1,5,0,1,0,0,0,0,0,798437.707,5829159.231,13.40053,52.5306
2,2040703.0,Wriezener Bahnhof/Entwicklungsgebiet,2400625.0,2019,4,13,4,3,5,2,0,1,0,0,0,0,0,801765.0173,5826249.193,13.44679,52.50268
1,1011402.0,Arkonaplatz,1100416.0,2019,4,15,4,3,5,3,0,1,0,0,0,0,0,798582.1308,5829513.656,13.40297,52.5337
1,1044101.0,Rehberge,1400938.0,2019,4,15,4,3,5,2,0,1,0,0,0,0,0,793952.8586,5830171.198,13.3355,52.54211
11,11051229.0,Rummelsburg,11501238.0,2019,4,10,4,3,2,2,0,0,0,0,0,1,0,803334.8062,5826303.637,13.4699,52.5023
1,1011301.0,Charitéviertel,1100308.0,2019,4,10,4,3,6,2,0,0,1,0,0,0,0,797079.7622,5828184.997,13.3797,52.52261
10,10030724.0,Oberfeldstraße,10300731.0,2019,4,8,4,3,5,2,0,1,0,0,0,0,0,809117.8859,5829716.913,13.558,52.52964
7,7040405.0,Rathaus Tempelhof,7400927.0,2019,4,14,3,3,5,2,0,1,0,0,0,0,0,798730.812,5821869.15,13.3983,52.46509
3,3061228.0,Erich-Weinert-Straße,3601245.0,2019,4,21,3,3,6,4,2,1,1,0,0,0,0,800914.8682,5830713.172,13.43834,52.54316
4,4010102.0,Plötzensee,4100101.0,2019,4,10,3,3,5,3,0,1,0,0,0,0,0,791665.3445,5830679.34,13.30231,52.54789
1,1011201.0,Wilhelmstraße,1100205.0,2019,4,9,3,3,5,3,0,1,0,0,0,0,0,796957.4239,5826860.907,13.37672,52.5108
4,4030621.0,Spreestadt,4300620.0,2019,4,9,3,2,5,2,0,1,0,0,0,0,0,794163.004,5826986.618,13.33577,52.51344
1,1033203.0,Humboldthain Nordwest,1300836.0,2019,4,8,3,2,5,3,0,1,0,0,0,0,0,796541.3588,5829874.363,13.37329,52.53804
5,5020625.0,Borkumer Straße,5200629.0,2019,4,7,3,3,5,2,0,0,0,0,0,1,0,784734.2423,5828588.874,13.19858,52.53281
9,9020501.0,Oberschöneweide West,9200510.0,2019,4,6,3,3,5,3,0,1,0,0,0,0,0,805715.2015,5823995.11,13.50274,52.48028
4,4041239.0,Stadion Wilmersdorf,4400830.0,2019,4,11,3,3,5,2,0,1,0,0,0,0,0,792600.8069,5823072.879,13.30938,52.4792
5,5020417.0,Staakener Straße,5200420.0,2019,4,12,3,3,2,7,0,1,0,0,0,0,0,781715.5641,5829145.928,13.15467,52.53938
4,4030622.0,Richard-Wagner-Straße,4300621.0,2019,4,14,3,3,1,5,0,1,0,0,0,0,0,792154.185,5827256.586,13.30649,52.51694
9,9051702.0,Bölschestraße,9501737.0,2019,4,16,3,2,5,2,0,1,0,0,0,0,0,814209.9275,5821928.129,13.62547,52.45694
1,1011302.0,Oranienburger Straße,1100309.0,2019,4,16,3,3,5,3,0,1,0,0,0,0,0,798658.8791,5828820.445,13.40348,52.52744
8,8030831.0,Gropiusstadt Ost,8301036.0,2019,4,14,2,3,5,2,0,1,0,0,0,0,0,804702.8475,5817818.272,13.48224,52.42549
3,3061429.0,Greifswalder Straße,3601449.0,2019,4,16,2,2,2,6,0,0,0,0,0,0,0,801655.0986,5830131.325,13.4487,52.53754
9,9041501.0,Altstadt Kietz,9401534.0,2019,4,14,2,3,0,7,0,0,1,0,0,0,0,811239.5968,5820234.022,13.58032,52.44346
10,10040931.0,Mahlsdorf Nord,10400938.0,2019,4,14,2,3,5,3,0,0,0,0,0,0,0,814334.1088,5830073.418,13.63498,52.52986
8,8030830.0,Gropiusstadt Süd,8300935.0,2019,4,13,2,3,2,6,0,1,0,0,0,0,0,802511.0942,5817956.63,13.45023,52.42794
9,9041601.0,Müggelheim,9401635.0,2019,4,10,2,3,5,3,0,1,0,0,0,0,0,816925.2586,5817159.654,13.66078,52.41264
4,4010101.0,Jungfernheide,4100101.0,2019,4,18,1,3,6,4,0,0,1,0,0,0,0,791240.7003,5829696.332,13.29521,52.53931
7,7060604.0,Marienfelde Süd,7601339.0,2019,4,16,1,3,5,3,0,1,0,0,0,0,0,797858.3473,5815725.804,13.38002,52.4105
9,9041301.0,Kietzer Feld/Nachtheide,9401329.0,2019,4,16,1,3,6,7,0,0,1,0,0,0,0,812159.8944,5819710.566,13.59333,52.43824
2,2030302.0,Lausitzer Platz,2300315.0,2019,4,15,1,3,6,7,0,0,1,0,0,0,0,800565.0628,5825807.808,13.42877,52.49939
3,3061126.0,Arnimplatz,3601141.0,2019,4,11,1,3,5,7,0,1,0,0,0,0,0,799219.868,5831773.706,13.41438,52.5536
10,10010204.0,Wuhletalstraße,10100206.0,2019,4,17,1,2,1,5,0,1,0,0,0,0,0,809827.7192,5832983.341,13.57147,52.55851
11,11030619.0,Fennpfuhl Ost,11300620.0,2019,4,7,1,3,0,1,0,0,0,0,0,0,0,803822.9132,5829137.841,13.47965,52.52743
3,3020203.0,Blankenfelde,3200204.0,2019,4,17,7,3,5,2,0,1,0,0,0,0,0,796558.2255,5840101.447,13.38269,52.62971
9,9051702.0,Bölschestraße,9501737.0,2019,4,9,7,2,1,5,0,1,0,0,0,0,0,814697.5324,5820825.206,13.63158,52.44678
7,7060604.0,Marienfelde Süd,7601339.0,2019,4,14,7,3,1,5,0,1,0,0,0,0,0,795538.8427,5815979.416,13.34624,52.41403
4,4030827.0,Karl-August-Platz,4300623.0,2019,4,20,7,3,1,5,1,1,0,0,0,0,0,792586.5383,5826114.097,13.31184,52.50647
2,2010104.0,Wassertorplatz,2100106.0,2019,4,18,7,3,5,2,0,1,0,0,0,0,0,799065.5907,5825613.522,13.40657,52.49847
8,8010404.0,Rixdorf,8100417.0,2019,4,15,7,3,3,6,0,1,0,0,0,0,0,801701.5992,5822577.47,13.44254,52.46981
6,6030501.0,Berlepschstraße,6300524.0,2019,4,13,7,3,0,7,0,0,0,0,0,0,0,787534.9809,5817273.121,13.23,52.42989
12,12214424.0,Scharnweberstraße,12200309.0,2019,4,8,7,3,5,2,0,1,0,0,0,0,0,793390.7319,5832515.873,13.32931,52.56343
6,6010205.0,Südende,6100205.0,2019,4,9,7,3,5,3,0,1,0,0,0,0,0,795532.0335,5819966.641,13.34967,52.44978
11,11030721.0,Rüdigerstraße,11300722.0,2019,5,14,5,3,5,7,0,1,0,0,0,0,1,804688.929,5828427.135,13.49173,52.52058
1,1033102.0,Gesundbrunnen,1300733.0,2019,5,14,5,3,0,6,0,1,0,0,0,0,0,797433.396,5831263.498,13.38765,52.55001
6,6010207.0,Mittelstraße,6100207.0,2019,5,17,5,3,1,5,0,1,0,0,0,0,0,793963.3532,5820437.767,13.32706,52.45484
9,9020701.0,Adlershof West,9200715.0,2019,5,12,5,3,5,3,0,1,0,0,0,0,0,808809.4645,5819002.117,13.54354,52.43379
4,4030828.0,Savignyplatz,4300624.0,2019,5,13,5,3,1,5,0,1,0,0,0,0,1,793062.9351,5826099.304,13.31883,52.50608
2,2040503.0,Richard-Sorge-Viertel,2400522.0,2019,5,17,5,3,2,6,0,1,0,0,0,0,0,801492.826,5827923.972,13.44431,52.51784
7,7010101.0,Wittenbergplatz/Viktoria-Luise-Platz,7100101.0,2019,5,14,5,3,5,2,0,1,0,0,0,0,0,794770.9525,5825692.85,13.34356,52.50152
11,11040926.0,Weitlingstraße,11400929.0,2019,5,17,5,3,5,2,0,1,0,0,0,0,0,804587.552,5826362.866,13.48835,52.50213
3,3020209.0,Niederschönhausen,3200205.0,2019,5,16,5,3,5,3,0,1,0,0,0,0,0,798133.1058,5836522.369,13.40267,52.59676
2,2040701.0,Andreasviertel,2400623.0,2019,5,16,5,3,0,3,0,1,0,0,0,0,0,800314.7511,5827618.16,13.42673,52.51575
4,4051652.0,Nikolsburger Platz,4501149.0,2019,5,8,5,3,3,6,0,1,0,0,0,0,0,793444.5305,5823962.165,13.32255,52.48672
1,1011302.0,Oranienburger Straße,1100309.0,2019,5,9,5,3,5,3,0,0,0,0,0,1,0,799060.4355,5829007.208,13.40954,52.52889
8,8010404.0,Rixdorf,8100417.0,2019,5,7,5,3,2,3,0,0,0,0,0,0,0,802163.9174,5823362.712,13.45003,52.47659
2,2020201.0,Gleisdreieck/Entwicklungsgebiet,2200207.0,2019,5,7,5,3,5,2,0,1,0,0,0,0,1,796768.6885,5826034.571,13.37321,52.5035
10,10020622.0,Kaulsdorf Nord I,10200629.0,2019,5,7,5,3,5,3,0,1,0,0,0,0,0,811153.5421,5828388.181,13.58667,52.51658
2,2050601.0,Hausburgviertel,2500726.0,2019,5,7,5,3,5,2,0,0,0,0,0,1,1,801865.7288,5828983.034,13.45075,52.52713
12,12214422.0,Klixstraße,12200310.0,2019,5,7,5,3,5,2,0,0,0,0,0,1,0,792304.4734,5833990.785,13.31463,52.57723
12,12103115.0,Breitkopfbecken,12100103.0,2019,5,13,5,3,5,3,0,1,0,0,0,0,1,796233.2757,5833661.649,13.37214,52.57216
9,9052001.0,Köpenick Nord,9502042.0,2019,5,12,5,3,5,2,0,0,0,0,0,0,0,811182.7153,5822107.388,13.58123,52.46028
10,10020414.0,Helle Mitte,10200421.0,2019,5,6,4,3,5,2,0,1,0,0,0,0,0,812227.8769,5830702.522,13.60462,52.5367
3,3071537.0,Kollwitzplatz,3701555.0,2019,5,13,4,3,5,2,0,1,0,0,0,0,0,799544.3764,5830089.096,13.41763,52.53832
2,2050802.0,Boxhagener Platz,2500834.0,2019,5,8,4,3,0,6,0,1,0,0,0,0,0,802842.8777,5826587.4,13.46293,52.50512
5,5010101.0,Hakenfelde Nord,5100103.0,2019,5,21,4,3,5,3,2,1,0,0,0,0,0,784421.2177,5831938.433,13.19685,52.56301
3,3061228.0,Erich-Weinert-Straße,3601245.0,2019,5,20,4,2,5,2,1,1,0,0,0,0,0,800192.7513,5830931.051,13.42792,52.54551
10,10040933.0,Mahlsdorf Süd,10400941.0,2019,5,16,4,3,5,3,0,1,0,0,0,0,0,812640.3779,5825270.994,13.60558,52.4878
8,8041036.0,Zittauer Straße,8401242.0,2019,5,15,4,3,5,3,0,1,0,0,0,0,0,805190.1034,5816496.393,13.48818,52.41337
1,1011303.0,Alexanderplatzviertel,1100310.0,2019,5,15,4,3,2,2,0,1,0,0,0,0,0,799109.5983,5828466.017,13.40978,52.52402
6,6040805.0,Fischerhüttenstraße,6400839.0,2019,5,16,4,3,0,1,0,0,0,0,0,0,0,789182.8873,5818567.649,13.25529,52.44063
5,5010101.0,Hakenfelde Nord,5100103.0,2019,5,7,4,2,5,3,0,1,0,0,0,0,0,785933.2119,5831674.059,13.21887,52.55985
2,2010101.0,Askanischer Platz,2100101.0,2019,5,13,4,3,0,2,0,0,0,0,0,1,0,797034.962,5825879.766,13.37698,52.50197
8,8010213.0,Körnerpark,8100208.0,2019,5,11,4,3,5,2,0,1,0,0,0,0,0,801242.3411,5822469.041,13.4357,52.46909
1,1033202.0,Humboldthain Süd,1300835.0,2019,5,9,4,3,5,3,0,1,0,0,0,0,0,796971.925,5830138.085,13.37986,52.54017
2,2040701.0,Andreasviertel,2400623.0,2019,5,8,4,3,5,2,0,1,0,0,0,0,0,800426.7408,5827979.713,13.4287,52.51893
4,4030828.0,Savignyplatz,4300624.0,2019,5,7,4,3,0,5,0,1,0,0,0,0,0,793543.0094,5826368.36,13.32612,52.50824
1,1011103.0,Lützowstraße,1100103.0,2019,5,19,3,3,5,3,0,1,0,0,0,0,0,795384.968,5826005.478,13.35286,52.50399
2,2040703.0,Wriezener Bahnhof/Entwicklungsgebiet,2400625.0,2019,5,19,3,3,1,5,0,1,0,0,0,0,0,801667.8082,5826285.162,13.4454,52.50306
2,2030301.0,Oranienplatz,2300314.0,2019,5,22,3,3,1,5,2,1,0,0,0,0,0,799612.2945,5826218.574,13.41514,52.50359
3,3061429.0,Greifswalder Straße,3601449.0,2019,5,18,3,3,6,6,0,0,1,0,0,0,0,801137.6586,5830739.437,13.44164,52.54328
9,9020702.0,Adlershof Ost,9200717.0,2019,5,17,3,2,0,1,0,1,0,0,0,0,0,809143.0648,5819515.67,13.54891,52.43821
3,3061228.0,Erich-Weinert-Straße,3601245.0,2019,5,16,3,3,5,2,0,1,0,0,0,0,0,800938.789,5831179.531,13.43912,52.54733
2,2050801.0,Traveplatz,2500830.0,2019,5,15,3,2,3,6,0,1,0,0,0,0,0,802483.9704,5827406.978,13.4584,52.51266
2,2050802.0,Boxhagener Platz,2500834.0,2019,5,12,3,3,1,5,0,1,0,0,0,0,0,802214.33,5827126.509,13.45419,52.5103
1,1011401.0,Invalidenstraße,1100415.0,2019,5,10,3,3,3,6,0,1,0,0,0,0,0,797360.28,5829277.149,13.3848,52.53224
4,4030929.0,Hindemithplatz,4501040.0,2019,5,9,3,3,5,3,0,1,0,0,0,0,0,792625.7998,5825458.587,13.31184,52.50057
1,1011201.0,Wilhelmstraße,1100205.0,2019,5,7,3,3,1,5,0,1,0,0,0,0,0,797309.0304,5827210.91,13.3822,52.51375
12,12301205.0,Waidmannslust,12500928.0,2019,5,7,3,3,5,3,0,1,0,0,0,0,0,791780.7795,5836929.471,13.30951,52.60386
3,3061126.0,Arnimplatz,3601141.0,2019,5,15,2,2,5,2,0,1,0,0,0,0,0,798963.3807,5831449.056,13.41032,52.55083
1,1022104.0,Emdener Straße,1200520.0,2019,5,22,2,3,5,3,2,1,0,0,0,0,0,794558.808,5828452.024,13.34289,52.52637
1,1011305.0,Heine-Viertel West,1100312.0,2019,5,19,2,2,5,3,0,1,0,0,0,0,0,799457.4152,5827067.357,13.41363,52.51129
2,2020202.0,Rathaus Yorckstraße,2200208.0,2019,5,18,2,3,0,2,0,1,0,0,0,0,0,797913.354,5825279.649,13.38935,52.49611
7,7010103.0,Barbarossaplatz,7100204.0,2019,5,16,2,3,5,3,0,1,0,0,0,0,0,795620.9184,5824477.768,13.35497,52.49017
6,6040701.0,Wannsee,6400735.0,2019,5,16,2,3,1,5,0,1,0,0,0,0,0,784491.9874,5816959.32,13.1851,52.42867
3,3061126.0,Arnimplatz,3601141.0,2019,5,16,2,3,5,2,0,1,0,0,0,0,0,799215.0969,5831774.087,13.41431,52.55361
1,1011203.0,Unter den Linden Süd,1100206.0,2019,5,15,2,3,1,5,0,1,0,0,0,1,0,798120.5502,5827409.443,13.3943,52.51509
3,3010102.0,Buch,3100102.0,2019,5,14,2,3,1,5,0,1,0,0,0,0,0,804085.3347,5840223.73,13.49368,52.62664
6,6040809.0,Thielallee,6400843.0,2019,5,14,2,3,5,2,0,1,0,0,0,0,0,791620.21,5820656.732,13.29287,52.45806
9,9041601.0,Müggelheim,9401635.0,2019,5,13,2,3,5,3,0,1,0,0,0,0,0,817518.8169,5818243.225,13.67051,52.42201
12,12103115.0,Breitkopfbecken,12100103.0,2019,5,16,2,3,5,3,0,1,0,0,0,0,0,796310.0035,5833949.513,13.37353,52.5747
7,7040404.0,Marienhöhe,7400826.0,2019,5,13,2,3,5,3,0,1,0,0,0,0,0,797010.2559,5820402.42,13.37174,52.45288
7,7050502.0,Fritz-Werner-Straße,7501133.0,2019,5,11,2,2,3,6,0,0,0,0,1,0,0,798156.9645,5819022.544,13.38734,52.43989
4,4041241.0,Breite Straße,4400832.0,2019,5,12,2,3,5,2,0,1,0,0,0,0,0,791877.6547,5822388.264,13.29816,52.47345
6,6040810.0,Dahlem,6400844.0,2019,5,7,2,3,6,4,0,0,1,0,0,0,0,790951.9943,5820700.806,13.2831,52.45881
6,6020304.0,Kaiser-Wilhelm-Straße,6200314.0,2019,5,7,2,3,5,7,0,1,0,0,0,0,0,794848.6531,5817553.856,13.33751,52.42852
1,1011203.0,Unter den Linden Süd,1100206.0,2019,5,9,2,3,3,6,0,0,0,0,0,0,0,798277.7946,5827479.54,13.39667,52.51563
1,1011304.0,Karl-Marx-Allee,1100311.0,2019,5,10,2,3,5,3,0,0,0,0,0,1,0,799687.8117,5827827.087,13.4177,52.51797
4,4030929.0,Hindemithplatz,4501040.0,2019,5,10,2,3,2,6,0,1,0,0,0,0,0,792705.4296,5825893.894,13.31339,52.50443
4,4030827.0,Karl-August-Platz,4300623.0,2019,5,11,2,3,1,5,0,1,0,0,0,0,0,792298.4509,5826012.903,13.30752,52.50572
9,9020601.0,Schnellerstraße,9200613.0,2019,5,11,2,3,5,2,0,1,0,0,0,0,0,805903.9782,5821819.79,13.50352,52.46068
5,5010312.0,Kurstraße,5100314.0,2019,5,11,2,3,5,2,0,1,0,0,0,0,0,785077.1717,5829876.784,13.20473,52.54418
9,9051702.0,Bölschestraße,9501737.0,2019,5,12,2,3,0,1,0,0,0,0,0,0,0,814202.1963,5821284.925,13.62475,52.45118
1,1033202.0,Humboldthain Süd,1300835.0,2019,5,5,1,3,6,4,1,0,1,0,0,0,0,797451.1788,5830054.635,13.38683,52.53916
1,1011201.0,Wilhelmstraße,1100205.0,2019,5,15,1,3,5,2,0,1,0,0,0,0,0,796960.8965,5826701.878,13.37663,52.50938
6,6020303.0,Lankwitz Kirche,6200313.0,2019,5,17,1,3,1,5,0,1,0,0,0,0,0,795285.1301,5818576.985,13.34482,52.43745
8,8010118.0,Silbersteinstraße,8100105.0,2019,5,14,1,3,5,2,0,1,0,0,0,0,0,800773.2206,5822754.829,13.42907,52.47191
3,3071537.0,Kollwitzplatz,3701555.0,2019,5,14,1,3,6,4,0,0,1,0,0,0,0,799854.3403,5829796.666,13.42192,52.53553
2,2020204.0,Urbanstraße,2200210.0,2019,5,14,1,2,6,4,0,0,1,0,0,0,0,798715.6214,5825011.778,13.40089,52.49327
3,3040614.0,Pankow Zentrum,3400724.0,2019,5,19,7,3,5,2,1,1,0,0,0,0,0,800025.0322,5834542.94,13.42872,52.57798
1,1011402.0,Arkonaplatz,1100416.0,2019,5,17,7,3,5,3,0,0,0,0,0,1,0,798731.3362,5829568.325,13.40521,52.5341
1,1044101.0,Rehberge,1400938.0,2019,5,19,7,3,5,2,0,1,0,0,0,0,0,794526.2011,5831579.001,13.34518,52.55442
10,10020413.0,Gut Hellersdorf,10200418.0,2019,5,13,7,2,0,1,0,0,0,0,0,0,0,810968.6965,5830834.146,13.58624,52.5386
8,8041040.0,Waltersdorfer Chaussee Ost,8401246.0,2019,5,13,7,3,5,2,0,1,0,0,0,0,0,805807.5909,5816836.148,13.49754,52.41607
12,12301206.0,Lübars,12500929.0,2019,5,12,7,3,5,3,0,1,0,0,0,0,0,793791.716,5838387.289,13.34041,52.61584
10,10040933.0,Mahlsdorf Süd,10400941.0,2019,5,8,6,3,5,2,0,1,0,0,0,0,0,813089.3001,5827106.998,13.61389,52.50399
2,2030402.0,Wrangelkiez,2300419.0,2019,5,21,6,3,6,4,2,0,1,0,0,0,0,801475.9238,5825766.403,13.44211,52.49852
8,8010303.0,Donaustraße,8100314.0,2019,5,19,6,3,1,5,0,1,0,0,0,1,0,801422.6668,5823868.016,13.43961,52.48153
7,7010104.0,Dennewitzplatz,7100205.0,2019,5,18,6,3,1,5,0,1,0,0,0,1,0,796478.9357,5824878.982,13.36792,52.4933
9,9020701.0,Adlershof West,9200715.0,2019,5,17,6,3,5,3,0,1,0,0,0,0,0,807405.1348,5818330.199,13.52233,52.42856
1,1011302.0,Oranienburger Straße,1100309.0,2019,5,8,6,3,5,2,0,1,0,0,0,0,0,799055.7572,5828996.62,13.40947,52.5288
1,1011201.0,Wilhelmstraße,1100205.0,2019,5,8,6,3,1,5,0,1,0,0,0,0,0,797320.9324,5827179.819,13.38234,52.51346
6,6040701.0,Wannsee,6400735.0,2019,5,0,6,3,1,5,2,0,0,0,1,1,0,781636.4579,5814901.696,13.14148,52.4117
8,8010301.0,Reuterkiez,8100312.0,2019,5,12,6,3,5,2,0,0,0,0,0,1,0,800975.2383,5824764.517,13.43385,52.48981
6,6010101.0,Fichtenberg,6100101.0,2019,5,13,6,3,5,7,0,1,0,0,0,0,0,793077.4855,5820686.071,13.31428,52.45755
12,12301203.0,Wittenau Süd,12500926.0,2019,5,15,6,2,5,2,0,1,0,0,0,0,0,793539.1536,5835464.04,13.3341,52.58978
1,1011204.0,Leipziger Straße,1100207.0,2019,5,16,5,3,1,5,0,1,0,0,0,1,0,797991.7643,5826838.456,13.3919,52.51004
3,3061429.0,Greifswalder Straße,3601449.0,2019,5,8,5,3,5,3,0,1,0,0,0,0,0,801415.9424,5830909.621,13.44589,52.54465
9,9020701.0,Adlershof West,9200715.0,2019,5,18,5,3,5,2,0,1,0,0,0,0,0,808974.666,5818112.353,13.54514,52.42573
1,1011305.0,Heine-Viertel West,1100312.0,2019,5,18,5,3,0,3,0,1,0,0,0,0,0,799126.1116,5827120.575,13.40881,52.51195
1,1011306.0,Heine-Viertel Ost,1100313.0,2019,5,8,5,3,5,3,0,1,0,0,0,0,0,799898.9024,5826523.844,13.41963,52.50617
12,12214422.0,Klixstraße,12200310.0,2019,5,16,5,3,5,2,0,1,0,0,0,0,0,792217.2608,5833939.835,13.3133,52.57682
2,2010103.0,Moritzplatz,2100104.0,2019,5,14,5,3,5,5,0,1,0,0,0,0,0,799564.6194,5826307.676,13.41452,52.50442
6,6010101.0,Fichtenberg,6100101.0,2019,5,9,5,2,5,3,0,1,0,0,0,0,0,792711.912,5821670.605,13.30978,52.46657
1,1022103.0,Westhafen,1200517.0,2019,5,12,5,3,5,2,0,0,0,0,1,0,0,793500.9477,5829389.725,13.32817,52.53534
7,7010104.0,Dennewitzplatz,7100205.0,2019,5,10,5,3,5,3,0,1,0,0,0,0,0,796364.5711,5825091.324,13.36643,52.49526
2,2040701.0,Andreasviertel,2400623.0,2019,5,0,5,3,1,5,2,1,0,0,0,0,0,800645.1725,5827393.033,13.43138,52.51355
7,7040403.0,Manteuffelstraße,7400824.0,2019,5,8,5,3,0,1,0,0,0,0,0,0,0,797284.0038,5821143.507,13.37642,52.45938
2,2040703.0,Wriezener Bahnhof/Entwicklungsgebiet,2400625.0,2019,5,16,4,3,6,2,0,0,1,0,0,0,0,800921.742,5826861.776,13.43496,52.50864
2,2030401.0,Reichenberger Straße,2300418.0,2019,5,22,4,3,6,4,2,0,1,0,0,0,0,800480.428,5825761.597,13.42748,52.49902
3,3030716.0,Märchenland,3300517.0,2019,5,12,4,3,5,2,0,1,0,0,0,0,0,803366.1508,5833523.539,13.47695,52.56699
7,7040403.0,Manteuffelstraße,7400824.0,2019,5,14,4,3,6,7,0,0,1,0,0,0,0,797855.0421,5821652.03,13.38525,52.46362
6,6040809.0,Thielallee,6400843.0,2019,5,13,4,3,1,5,0,1,0,0,0,1,0,792269.5007,5820610.285,13.30236,52.4573
4,4030620.0,Alt-Lietzow,4300619.0,2019,5,12,4,3,3,6,0,1,0,0,0,0,0,792661.1466,5827139.968,13.31384,52.51563
12,12231102.0,Frohnau,12400721.0,2019,5,12,4,3,5,3,0,1,0,0,0,0,0,790579.008,5839713.713,13.29426,52.62946
4,4051549.0,Rathaus Wilmersdorf,4501146.0,2019,5,15,4,3,0,6,0,1,0,0,0,0,0,793303.0783,5823754.17,13.32029,52.48493
12,12304313.0,Borsigwalde,12500825.0,2019,4,17,3,3,5,3,0,1,0,0,0,0,0,790967.1499,5834529.37,13.29542,52.58278
9,9020701.0,Adlershof West,9200715.0,2019,4,15,3,3,6,6,0,0,1,0,0,0,0,808562.4573,5819104.777,13.54001,52.43485
1,1044201.0,Reinickendorfer Straße,1401045.0,2019,4,15,3,3,3,6,0,1,0,0,0,0,0,796919.9784,5831542.388,13.38035,52.55279
9,9010401.0,Johannisthal West,9100407.0,2019,4,15,3,3,5,3,0,1,0,0,0,0,0,806015.4078,5820102.357,13.50358,52.44523
7,7040401.0,Neu-Tempelhof,7400721.0,2019,4,15,3,3,5,3,0,0,0,0,0,1,0,797146.8825,5823822.619,13.37679,52.48347
7,7030301.0,Friedenau,7300516.0,2019,4,15,3,3,5,3,0,1,0,0,0,0,0,793747.1463,5821713.614,13.32501,52.4664
4,4020314.0,Messegelände,4200311.0,2019,4,15,3,2,5,7,0,1,0,0,0,0,0,790410.8026,5825382.653,13.27924,52.50108
2,2010102.0,Mehringplatz,2100102.0,2019,4,15,3,2,5,2,0,1,0,0,0,0,0,798680.0182,5826445.145,13.40165,52.50614
2,2010102.0,Mehringplatz,2100102.0,2019,4,14,3,3,5,3,0,1,0,0,0,0,0,798514.8682,5826169.425,13.39898,52.50376
1,1022101.0,Huttenkiez,1200517.0,2019,4,14,3,3,5,2,0,0,0,0,1,0,0,793408.2861,5829078.436,13.32653,52.5326
10,10040933.0,Mahlsdorf Süd,10400941.0,2019,4,14,3,3,3,6,0,0,0,0,0,1,0,813212.9248,5825316.6,13.61403,52.48788
7,7020203.0,Kaiser-Wilhelm-Platz,7200409.0,2019,4,13,3,3,5,7,0,1,0,0,0,0,0,795707.2049,5824041.262,13.35585,52.48621
4,4051446.0,Preußenpark,4501043.0,2019,4,11,3,3,5,2,0,1,0,0,0,0,0,792891.6925,5824757.108,13.31513,52.49414
3,3061126.0,Arnimplatz,3601141.0,2019,5,14,5,3,5,3,0,0,0,0,0,0,1,798836.0454,5831456.127,13.40845,52.55097
11,11040926.0,Weitlingstraße,11400929.0,2019,5,14,5,3,5,3,0,1,0,0,0,0,1,806449.4155,5826869.53,13.51616,52.50563
6,6010102.0,Schloßstraße,6100102.0,2019,5,16,6,3,1,5,0,1,0,0,0,0,0,793574.2415,5820963.488,13.32182,52.45977
1,1011301.0,Charitéviertel,1100308.0,2019,5,15,6,3,1,5,0,1,0,0,0,0,0,797040.0027,5828398.904,13.37931,52.52455
4,4051448.0,Schaperstraße,4501045.0,2019,5,13,6,2,5,2,0,1,0,0,0,0,0,793633.6498,5824865.512,13.32612,52.49472
1,1011302.0,Oranienburger Straße,1100309.0,2019,5,13,6,3,0,5,0,0,0,0,0,1,0,797752.4679,5828802.039,13.39014,52.52777
11,2050803.0,Stralauer Kiez,2500835.0,2019,5,12,6,3,3,6,0,0,0,0,0,1,0,803275.6778,5826146.086,13.46889,52.50092
9,9010101.0,Elsenstraße,9100101.0,2019,5,9,5,3,3,6,0,0,0,0,0,1,0,801672.6423,5825161.335,13.44445,52.49298
1,1022201.0,Stephankiez,1200623.0,2019,5,19,5,3,5,3,0,1,0,0,0,0,1,795774.917,5829084.013,13.36132,52.53137
2,2040703.0,Wriezener Bahnhof/Entwicklungsgebiet,2400625.0,2019,5,9,5,3,5,3,0,1,0,0,0,0,1,801108.4021,5827043.87,13.43787,52.51017
5,5010314.0,Carl-Schurz-Straße,5100317.0,2019,5,13,5,3,1,5,0,1,0,0,0,0,1,785642.3046,5828568.896,13.21192,52.53216
11,11041128.0,Sewanstraße,11401135.0,2019,5,17,5,2,1,5,0,1,0,0,0,0,0,805966.5069,5825290.122,13.50762,52.49175
2,2030402.0,Wrangelkiez,2300419.0,2019,5,17,5,3,1,5,0,1,0,0,0,0,0,801778.8935,5825794.152,13.44658,52.4986
3,3040818.0,Pankow Süd,3400830.0,2019,5,15,5,3,1,5,0,1,0,0,0,0,1,799611.6666,5832084.792,13.42042,52.55618
7,7040406.0,Germaniagarten,7400928.0,2019,5,11,4,3,5,2,0,1,0,0,0,0,0,800108.112,5821434.533,13.41812,52.46044
1,1011303.0,Alexanderplatzviertel,1100310.0,2019,5,12,4,3,5,3,0,1,0,0,0,0,0,799139.8896,5827828.865,13.40965,52.51829
9,9052001.0,Köpenick Nord,9502042.0,2019,5,14,4,3,5,3,0,1,0,0,0,0,1,811115.3389,5822357.823,13.58047,52.46256
5,5010206.0,Gütersloher Weg,5100208.0,2019,5,15,4,3,1,5,0,1,0,0,0,0,0,782063.847,5830186.162,13.16068,52.54853
5,5020626.0,Adamstraße,5200631.0,2019,5,16,4,3,5,3,0,1,0,0,0,0,0,784596.4003,5827970.939,13.19603,52.52735
1,1011305.0,Heine-Viertel West,1100312.0,2019,5,17,4,3,1,5,0,1,0,0,0,0,0,798870.2126,5826660.16,13.40464,52.50796
10,10020413.0,Gut Hellersdorf,10200418.0,2019,5,18,4,3,5,3,0,1,0,0,0,0,0,812010.4005,5830589.949,13.60132,52.53582
1,1022204.0,Thomasiusstraße,1200626.0,2019,5,9,4,3,5,3,0,1,0,0,0,0,0,794797.2141,5828309.441,13.34626,52.52496
2,2020204.0,Urbanstraße,2200210.0,2019,5,9,4,3,5,2,0,1,0,0,0,0,0,798797.741,5824935.578,13.40203,52.49254
1,1011304.0,Karl-Marx-Allee,1100311.0,2019,5,9,4,3,2,6,0,0,0,0,0,0,0,800138.0224,5827373.49,13.42391,52.51366
1,1011203.0,Unter den Linden Süd,1100206.0,2019,5,8,4,3,2,3,0,1,0,0,0,0,0,797765.4326,5827448.796,13.38912,52.51563
12,12214125.0,Waldidyll/Flughafensee,12200412.0,2019,5,8,4,3,5,3,0,1,0,0,0,0,0,791374.32,5833124.802,13.30018,52.56997
11,11030721.0,Rüdigerstraße,11300722.0,2019,5,8,4,3,1,5,0,1,0,0,0,0,0,803824.3205,5828349.301,13.47895,52.52036
7,7020202.0,Volkspark (Rudolf-Wilde-Park),7200308.0,2019,5,7,4,3,5,3,0,1,0,0,0,0,0,794798.2513,5823734.554,13.34223,52.48395
5,5010339.0,Freiheit,5100317.0,2019,5,7,4,2,5,2,0,1,0,0,0,0,0,786719.5581,5828213.484,13.22745,52.52841