district,LOR,street,LOR_2021,year,month,hour,weekday,category,accident_kind,accident_type,light_condition,car,pedestrian,motorcycle,goods_vehicle,others,road_condition,LINREFX,LINREFY,XGCSWGS84,YGCSWGS84
4,4051448.0,Schaperstraße,4501045.0,2019,5,18,4,3,5,2,0,1,0,0,0,0,1,793474.2577,5824732.169,13.32367,52.49361
9,9031101.0,Grünau,9301126.0,2019,5,7,3,3,4,6,0,0,0,0,0,0,0,811048.5536,5816925.014,13.57444,52.41391
11,11020515.0,Landsberger Allee,11200514.0,2019,5,6,3,3,5,2,0,1,0,0,0,0,0,803330.1831,5830082.83,13.47328,52.53617
5,5030730.0,Zitadellenweg,5300736.0,2019,5,5,3,3,5,2,0,1,0,0,0,0,0,786252.1905,5829129.244,13.22137,52.53686
7,7070705.0,Franziusweg/Rohrbachstraße,7601546.0,2019,5,13,3,3,5,2,0,1,0,0,0,0,0,798861.3012,5813649.347,13.39287,52.39134
12,12302108.0,Märkisches Zentrum,12601134.0,2019,5,13,3,3,5,3,0,1,0,0,0,0,0,793826.9076,5836348.108,13.33912,52.59755
3,3061228.0,Erich-Weinert-Straße,3601245.0,2019,5,13,3,3,5,2,0,1,0,0,0,0,0,800190.4756,5830932.505,13.42789,52.54553
7,7030301.0,Friedenau,7300516.0,2019,5,11,3,3,5,2,0,1,0,0,0,0,0,793989.873,5821548.87,13.32843,52.46479
7,7010102.0,Nollendorfplatz,7100103.0,2019,5,9,3,3,5,2,0,1,0,0,0,0,0,794952.1199,5825645.634,13.34618,52.501
11,11051331.0,Karlshorst Nord,11501340.0,2019,5,9,3,3,0,7,0,0,0,0,0,0,0,807586.926,5824501.725,13.53068,52.48377
7,7050501.0,Rathausstraße,7501030.0,2019,5,7,3,3,5,2,0,0,0,0,0,1,0,797204.5773,5818623.52,13.37301,52.43683
3,3061131.0,Falkplatz,3601142.0,2019,5,16,3,3,5,3,0,1,0,0,0,0,0,799127.4215,5830556.244,13.41192,52.54274
3,3061227.0,Humannplatz,3601244.0,2019,5,16,3,3,5,3,0,1,0,0,0,0,0,800085.705,5831671.197,13.42702,52.55221
2,2030302.0,Lausitzer Platz,2300315.0,2019,5,15,3,3,1,5,0,1,0,0,0,0,0,800891.5997,5826110.274,13.43384,52.50192
7,7040403.0,Manteuffelstraße,7400824.0,2019,5,15,3,3,1,5,0,0,0,0,0,1,0,797208.1037,5821393.361,13.37553,52.46166
1,1022204.0,Thomasiusstraße,1200626.0,2019,5,11,3,3,5,3,0,0,0,1,0,0,0,795211.0002,5828229.304,13.35227,52.52402
8,8010118.0,Silbersteinstraße,8100105.0,2019,5,11,3,3,0,6,0,0,0,0,0,1,0,800997.7986,5822176.36,13.43184,52.4666
2,2020204.0,Urbanstraße,2200210.0,2019,5,16,2,3,6,7,0,0,1,0,0,0,0,798629.4544,5825311.279,13.39989,52.496
3,3061441.0,Eldenaer Straße,3601453.0,2019,5,12,2,3,1,5,0,1,0,0,0,0,0,802801.5972,5828576.123,13.46413,52.52296
11,11040926.0,Weitlingstraße,11400929.0,2019,5,15,2,3,5,3,0,1,0,0,0,0,0,805491.9218,5827157.094,13.50236,52.50875
1,1011305.0,Heine-Viertel West,1100312.0,2019,5,9,2,3,3,6,0,0,0,0,0,0,0,799107.9376,5827140.17,13.40856,52.51213
3,3061435.0,Conrad-Blenkle-Straße,3601452.0,2019,5,14,2,3,2,2,0,1,0,0,0,0,0,801740.3856,5829170.432,13.44908,52.52888
11,11041128.0,Sewanstraße,11401135.0,2019,5,14,2,3,5,2,0,1,0,0,0,0,0,806996.9693,5825780.863,13.5232,52.49557
5,5030832.0,Rohrdamm,5300839.0,2019,5,14,2,3,5,3,0,1,0,0,0,0,0,788963.6388,5829790.687,13.26181,52.54136
1,1033203.0,Humboldthain Nordwest,1300836.0,2019,5,10,2,3,2,2,0,1,0,0,0,0,0,796636.2115,5829797.861,13.37462,52.53731
1,1011303.0,Alexanderplatzviertel,1100310.0,2019,5,9,2,2,5,2,0,0,0,0,1,0,0,799108.7869,5828466.04,13.40977,52.52402
2,2030401.0,Reichenberger Straße,2300418.0,2019,5,8,2,2,5,2,0,1,0,0,0,0,0,800949.2019,5825524.498,13.43415,52.49664
1,1011204.0,Leipziger Straße,1100207.0,2019,5,8,2,3,1,5,0,1,0,0,0,1,0,798538.8936,5826790.929,13.39989,52.50931
9,9031101.0,Grünau,9301126.0,2019,5,8,2,3,5,2,0,0,0,0,1,0,0,810277.4531,5818053.555,13.56418,52.42446
7,7060604.0,Marienfelde Süd,7601339.0,2019,5,12,2,3,5,3,0,1,0,0,0,0,0,798071.4168,5814690.199,13.38222,52.4011
10,10020412.0,Alte Hellersdorfer Straße,10200417.0,2019,5,17,2,3,5,3,0,1,0,0,0,0,0,811770.6273,5831763.074,13.59889,52.54647
1,1011305.0,Heine-Viertel West,1100312.0,2019,5,17,2,3,1,5,0,0,0,0,0,1,0,799528.6038,5826741.844,13.41439,52.50833
9,9010101.0,Elsenstraße,9100101.0,2019,5,15,2,3,5,2,0,0,0,0,0,1,0,802327.5175,5825309.564,13.4542,52.49395
1,1011305.0,Heine-Viertel West,1100312.0,2019,5,13,2,3,5,3,0,1,0,0,0,0,0,799698.2284,5827210.026,13.4173,52.51243
8,8010508.0,Weiße Siedlung,8100520.0,2019,5,20,1,3,0,7,1,1,0,0,0,0,0,803014.0658,5823520.194,13.46266,52.47753
4,4031032.0,Halensee,4500938.0,2019,5,19,1,3,1,7,0,1,0,0,0,0,0,791849.4621,5825196.742,13.30021,52.49864
7,7010102.0,Nollendorfplatz,7100103.0,2019,5,17,1,3,5,2,0,1,0,0,0,0,0,795448.8276,5825344.347,13.35321,52.49803
6,6020408.0,Lichterfelde Süd,6200420.0,2019,5,17,1,3,1,5,0,1,0,0,0,0,0,792860.1046,5815408.961,13.30647,52.41035
9,9051901.0,Dammvorstadt,9501941.0,2019,5,16,1,3,5,2,0,1,0,0,0,0,0,810635.8732,5821048.723,13.57222,52.4511
6,6030609.0,Augustaplatz,6300633.0,2019,5,12,1,3,1,7,0,1,0,0,0,0,0,793062.9022,5818173.343,13.31186,52.43503
3,3030711.0,Blankenburg,3300514.0,2019,5,12,1,3,0,3,0,1,0,0,0,0,0,801627.5346,5836352.235,13.45395,52.59331
8,8010301.0,Reuterkiez,8100312.0,2019,5,16,1,3,3,6,0,1,0,0,0,0,0,801054.0061,5824921.287,13.43515,52.49117
2,2020203.0,Viktoriapark,2200207.0,2019,5,9,1,3,4,6,0,0,0,0,0,0,0,797613.1853,5824984.564,13.38468,52.49363
2,2020206.0,Graefekiez,2200213.0,2019,5,13,1,3,6,4,0,0,1,0,0,0,0,800201.2074,5824411.83,13.42217,52.48708
1,1011301.0,Charitéviertel,1100308.0,2019,5,13,1,3,2,2,0,1,0,0,0,0,0,797590.3553,5828353.179,13.38735,52.52384
7,7020202.0,Volkspark (Rudolf-Wilde-Park),7200308.0,2019,5,12,7,3,5,3,0,0,0,0,0,1,0,795000.7494,5823312.432,13.34483,52.48006
1,1022104.0,Emdener Straße,1200520.0,2019,5,11,7,3,3,6,0,0,0,0,0,0,0,794318.0025,5828450.573,13.33935,52.52648
9,9051801.0,Rahnsdorf/Hessenwinkel,9501838.0,2019,5,16,1,2,5,3,0,1,0,0,0,0,0,818930.6181,5820234.175,13.6931,52.43903
1,1011401.0,Invalidenstraße,1100415.0,2019,5,16,1,3,3,6,0,1,0,0,0,0,0,798211.6395,5829356.587,13.39738,52.53249
1,1022206.0,Lüneburger Straße,1200628.0,2019,5,15,1,3,5,2,0,1,0,0,0,0,0,795703.8228,5828178.073,13.35947,52.52329
6,6040703.0,Nikolassee,6400737.0,2019,5,13,1,3,1,5,0,1,0,0,0,0,0,786758.5891,5817508.623,13.21881,52.43241
2,2030401.0,Reichenberger Straße,2300418.0,2019,5,18,7,3,5,2,0,1,0,0,0,0,1,800634.9945,5825676.122,13.42968,52.49817
3,3020307.0,Buchholz,3200308.0,2019,5,12,7,3,5,3,0,1,0,0,0,0,0,799917.928,5837070.13,13.42944,52.60069
4,4020313.0,Königin-Elisabeth-Straße,4200311.0,2019,5,12,7,3,5,2,0,1,0,0,0,0,0,790488.5731,5826704.84,13.28153,52.51289
3,3030406.0,Alt-Karow,3300413.0,2019,5,11,1,2,1,5,0,1,0,0,0,0,0,803031.6796,5838268.828,13.47637,52.60971
4,4030827.0,Karl-August-Platz,4300623.0,2019,5,9,1,3,5,2,0,1,0,0,0,0,0,792719.6214,5826110.195,13.31379,52.50636
6,6020409.0,Königsberger Straße,6200421.0,2019,5,13,7,3,5,3,0,0,0,0,0,0,0,793245.6077,5817229.265,13.31372,52.42647
1,1022205.0,Zillesiedlung,1200627.0,2019,5,1,1,3,0,7,2,1,0,0,0,0,1,795997.3409,5828697.642,13.36425,52.52779
4,4041342.0,Schlangenbader Straße,4400833.0,2019,5,15,7,3,1,5,0,1,0,0,0,0,1,792131.812,5822350.51,13.30186,52.47297
4,4041240.0,Messelpark,4400831.0,2019,5,10,7,3,0,7,0,0,0,0,0,0,0,790746.0208,5822639.186,13.28177,52.4763
6,6020302.0,Komponistenviertel Lankwitz,6200312.0,2019,5,15,7,3,5,3,0,1,0,0,0,0,1,794581.2149,5818532.314,13.33445,52.43743
1,1011104.0,Körnerstraße,1100104.0,2019,5,23,7,3,5,2,2,1,0,0,0,0,0,796253.7912,5825960.454,13.36558,52.50311
2,2040701.0,Andreasviertel,2400623.0,2019,5,16,7,3,5,3,0,1,0,0,0,0,1,800613.4675,5827116.752,13.43066,52.51109
6,6030610.0,Lichterfelde West,6300634.0,2019,5,9,7,3,1,5,0,1,0,0,0,0,0,791806.6711,5818880.989,13.29406,52.44204
10,10010311.0,Landsberger Tor,10100316.0,2019,5,9,7,3,5,3,0,1,0,0,0,0,0,810697.9725,5832013.543,13.58336,52.54933
10,10010205.0,Marzahn Ost,10100207.0,2019,5,11,7,3,5,2,0,1,0,0,0,0,0,810681.0042,5832016.168,13.58311,52.54936
9,9010101.0,Elsenstraße,9100101.0,2019,5,5,7,3,0,7,0,0,0,0,0,0,0,802024.2654,5824662.166,13.44916,52.48831
9,9010402.0,Johannisthal Ost,9100409.0,2019,5,1,7,3,1,5,2,1,0,0,0,0,0,806261.7387,5819264.546,13.50642,52.43758
10,10040828.0,Kaulsdorf Nord,10400835.0,2019,5,19,7,2,0,1,0,0,0,0,0,0,0,811446.3376,5828143.649,13.59074,52.51422
1,1033101.0,Soldiner Straße,1300732.0,2019,5,11,7,3,6,4,0,0,1,0,0,0,0,797199.3445,5831985.216,13.38486,52.55661
1,1011305.0,Heine-Viertel West,1100312.0,2019,5,8,7,3,5,2,0,1,0,0,0,0,0,799434.6834,5826506.279,13.41279,52.50627
2,2020202.0,Rathaus Yorckstraße,2200208.0,2019,5,15,6,3,3,6,0,0,0,0,0,0,0,797740.9873,5825304.328,13.38684,52.49642
3,3030406.0,Alt-Karow,3300413.0,2019,5,7,6,3,5,3,0,1,0,0,0,0,1,802811.0918,5838572.483,13.4734,52.61255
1,1011401.0,Invalidenstraße,1100415.0,2019,5,11,7,3,1,5,0,1,0,0,0,0,0,798437.2547,5829160.005,13.40052,52.5306
8,8010301.0,Reuterkiez,8100312.0,2019,5,7,6,3,0,7,0,0,0,0,0,1,1,801336.6489,5824528.31,13.43894,52.48749
3,3020307.0,Buchholz,3200308.0,2019,5,7,6,3,0,3,0,1,0,0,0,0,1,799695.2847,5837327.334,13.42639,52.60312
11,11020411.0,Malchower Weg,11200410.0,2019,5,5,6,3,5,3,0,1,0,0,0,0,1,804938.3843,5833108.856,13.49969,52.5624
9,9052001.0,Köpenick Nord,9502042.0,2019,5,5,6,3,5,3,0,1,0,0,0,0,0,811143.8069,5822084.988,13.58064,52.4601
3,3050923.0,Weißenseer Spitze,3500934.0,2019,5,5,6,3,1,5,0,1,0,0,0,0,1,800365.9092,5831838.285,13.43129,52.55355
2,2040701.0,Andreasviertel,2400623.0,2019,5,21,6,2,5,3,2,1,0,0,0,0,0,800146.1304,5827337.053,13.42399,52.51333
1,1011303.0,Alexanderplatzviertel,1100310.0,2019,5,18,6,3,1,5,0,1,0,0,0,1,0,798756.4545,5828241.172,13.40439,52.52219
3,3030716.0,Märchenland,3300517.0,2019,5,15,7,3,5,3,0,1,0,0,0,0,0,802580.1589,5833492.771,13.46536,52.56715
2,2010101.0,Askanischer Platz,2100101.0,2019,5,17,7,2,3,2,0,1,0,0,0,0,0,797667.7742,5826292.497,13.38665,52.50532
3,3051017.0,Rennbahnstraße,3501037.0,2019,5,7,6,3,5,3,0,1,0,0,0,0,0,802447.0882,5832660.97,13.46264,52.55977
10,10030725.0,Buckower Ring,10300732.0,2019,5,17,6,3,1,6,0,1,0,0,0,0,0,810130.0452,5827932.772,13.57121,52.51308
2,2010101.0,Askanischer Platz,2100101.0,2019,5,0,6,3,0,1,2,0,0,0,0,0,1,797751.7086,5826074.807,13.38769,52.50332
12,12231101.0,Hermsdorf,12400723.0,2019,5,11,6,3,5,3,0,1,0,0,0,0,0,791765.3947,5838949.581,13.31107,52.62198
2,2020203.0,Viktoriapark,2200207.0,2019,5,10,6,3,5,3,0,1,0,0,0,0,0,797768.9764,5824598.139,13.38662,52.49008
1,1011301.0,Charitéviertel,1100308.0,2019,5,18,6,3,0,2,0,1,0,0,0,0,0,796661.6214,5829006.56,13.37429,52.5302
2,2050801.0,Traveplatz,2500830.0,2019,5,18,6,3,3,6,0,1,0,0,0,0,0,803224.8942,5827326.276,13.46921,52.51153
1,1011301.0,Charitéviertel,1100308.0,2019,5,0,6,3,0,2,2,1,0,0,0,0,0,797013.799,5828942.3,13.37941,52.52943
5,5010314.0,Carl-Schurz-Straße,5100317.0,2019,5,13,5,3,5,7,0,1,0,0,0,0,0,784159.2716,5829360.171,13.19079,52.54003
4,4030930.0,George-Grosz-Platz,4501041.0,2019,5,17,6,3,3,6,0,1,0,0,0,0,0,793214.5304,5825402.099,13.32044,52.49975
11,11051229.0,Rummelsburg,11501238.0,2019,5,17,6,2,5,2,0,0,0,0,0,1,0,804957.777,5825153.846,13.49268,52.49109
9,9051702.0,Bölschestraße,9501737.0,2019,5,12,5,2,5,3,0,0,0,0,0,0,0,813761.7326,5821406.951,13.61841,52.45253
3,3071639.0,Bötzowstraße,3701660.0,2019,5,6,5,3,6,4,0,0,1,0,0,0,0,800821.4757,5829579.394,13.43594,52.53305
3,3071638.0,Winsstraße,3701659.0,2019,5,9,6,3,1,5,0,1,0,0,0,0,0,799971.5485,5829009.52,13.42294,52.52841
7,7020201.0,Bayerischer Platz,7200307.0,2019,5,18,5,3,5,3,0,1,0,0,0,0,0,794933.9657,5824599.751,13.34499,52.49163
12,12301206.0,Lübars,12500929.0,2019,5,16,6,3,5,2,0,1,0,0,0,0,0,794737.0227,5838696.47,13.35461,52.6181
3,3071536.0,Teutoburger Platz,3701554.0,2019,5,9,6,3,1,5,0,0,0,0,0,1,0,799180.9002,5829462.542,13.41172,52.53291
4,4041134.0,Bismarckallee,4400726.0,2019,5,16,6,3,5,3,0,0,0,0,0,1,0,790862.9042,5824695.216,13.28528,52.49467
2,2050803.0,Stralauer Kiez,2500835.0,2019,5,21,5,3,5,3,2,1,0,0,0,0,1,802715.687,5826048.933,13.46057,52.50036
2,2040703.0,Wriezener Bahnhof/Entwicklungsgebiet,2400625.0,2019,5,20,5,3,1,5,1,1,0,0,0,1,1,800973.4979,5826772.877,13.43564,52.50781
3,3010102.0,Buch,3100102.0,2019,5,8,6,3,3,6,0,1,0,0,0,0,0,804070.1346,5841245.894,13.49439,52.63581
1,1011306.0,Heine-Viertel Ost,1100313.0,2019,5,19,5,3,1,5,0,1,0,0,0,0,0,800191.5123,5826762.78,13.42414,52.50815
6,6010103.0,Markelstraße,6100103.0,2019,5,16,5,3,1,6,0,1,0,0,0,0,0,793245.471,5821587.344,13.31754,52.46554
5,5010314.0,Carl-Schurz-Straße,5100317.0,2019,5,7,6,3,5,3,0,1,0,0,0,0,0,784686.6859,5829337.549,13.19853,52.53955
10,10040933.0,Mahlsdorf Süd,10400941.0,2019,5,15,5,3,5,2,0,1,0,0,0,0,1,812391.4439,5824301.726,13.60102,52.47925
6,6030502.0,Zehlendorf Süd,6300525.0,2019,5,16,6,2,5,3,0,1,0,0,0,0,0,789317.3247,5815691.724,13.25478,52.41477
12,12103116.0,Hausotterplatz,12100102.0,2019,5,16,3,2,1,5,0,1,0,0,0,0,0,796733.4497,5833361.312,13.37923,52.56919
3,3040513.0,Schönholz,3400620.0,2019,5,17,3,3,5,3,0,1,0,0,0,0,0,797412.6341,5833971.338,13.38977,52.57429
5,5020629.0,Börnicker Straße,5200634.0,2019,5,11,3,3,5,3,0,1,0,0,0,0,0,783795.2782,5826000.909,13.18257,52.5101
5,5010101.0,Hakenfelde Nord,5100103.0,2019,5,18,3,3,4,6,0,0,0,0,0,0,0,785721.4158,5832286.295,13.21628,52.56545
5,5030730.0,Zitadellenweg,5300736.0,2019,5,21,3,3,5,3,2,1,0,0,0,0,0,785711.7941,5829289.68,13.21356,52.53859
2,2010102.0,Mehringplatz,2100102.0,2019,5,19,3,3,0,6,0,1,0,0,0,0,0,798359.8869,5825516.686,13.39612,52.49799
9,9031202.0,Schmöckwitz/Rauchfangswerder,9301228.0,2019,5,18,3,1,0,1,0,0,0,0,0,0,0,818774.4206,5812579.517,13.68352,52.37053
3,3061429.0,Greifswalder Straße,3601449.0,2019,5,18,2,3,5,2,0,1,0,0,0,0,0,801129.8586,5830744.457,13.44153,52.54333
1,1011306.0,Heine-Viertel Ost,1100313.0,2019,5,18,2,2,1,5,0,0,0,0,0,1,0,799907.1804,5826955.77,13.42014,52.51004
2,2020206.0,Graefekiez,2200213.0,2019,5,17,2,3,5,2,0,1,0,0,0,0,0,799907.155,5824470.972,13.4179,52.48777
3,3050920.0,Weißer See,3500933.0,2019,5,18,2,3,0,1,0,0,0,0,0,0,1,801683.7889,5831794.279,13.45063,52.55243
7,7070703.0,John-Locke-Straße,7601544.0,2019,5,7,2,3,5,3,0,1,0,0,0,0,0,798994.2511,5814277.024,13.39538,52.39689
8,8010118.0,Silbersteinstraße,8100105.0,2019,5,7,2,3,5,2,0,1,0,0,0,0,0,800897.6386,5822374.821,13.43055,52.46843
12,12301203.0,Wittenau Süd,12500926.0,2019,5,10,2,3,5,2,0,0,0,0,1,0,0,792996.3794,5835636.922,13.32627,52.59162
1,1033102.0,Gesundbrunnen,1300733.0,2019,5,10,2,3,5,2,0,1,0,0,0,0,0,797159.0977,5831919.401,13.3842,52.55604
4,4051653.0,Prager Platz,4501152.0,2019,5,18,2,3,5,2,0,1,0,0,0,0,0,793957.4572,5824711.292,13.33074,52.49316
12,12231102.0,Frohnau,12400721.0,2019,5,10,2,3,0,1,0,0,0,0,0,0,0,790166.0827,5839979.374,13.28841,52.63207
2,2020206.0,Graefekiez,2200213.0,2019,5,15,2,3,5,3,0,1,0,0,0,0,0,800147.1936,5825071.241,13.42197,52.49302
2,2020205.0,Chamissokiez,2200211.0,2019,5,15,2,3,2,7,0,1,0,0,0,0,0,798242.1693,5824523.57,13.3935,52.48915
12,12214527.0,Alt-Tegel,12200515.0,2019,5,12,2,3,5,5,0,1,0,0,0,0,0,790455.1482,5834889.623,13.2882,52.58628
11,11010309.0,Zingster Straße West,11100308.0,2019,5,13,1,2,5,3,0,1,0,0,0,0,0,805042.4287,5833528.237,13.50161,52.5661
12,12224230.0,Heiligensee,12400619.0,2019,5,13,1,3,0,5,0,1,0,0,0,0,0,785959.6269,5839260.577,13.22581,52.62785
9,9020802.0,Köllnische Vorstadt,9200819.0,2019,5,9,1,3,1,5,0,1,0,0,0,1,0,810281.4797,5819711.382,13.56578,52.43932
2,2010104.0,Wassertorplatz,2100106.0,2019,5,12,1,3,2,2,0,1,0,0,0,0,0,799085.5509,5825615.001,13.40686,52.49847
4,4051448.0,Schaperstraße,4501045.0,2019,5,14,1,3,6,4,0,0,1,0,0,0,0,793693.4687,5824912.319,13.32704,52.4951
1,1011303.0,Alexanderplatzviertel,1100310.0,2019,5,17,1,2,5,3,0,0,0,0,0,0,0,799744.6594,5828647.151,13.41928,52.52529
4,4030620.0,Alt-Lietzow,4300619.0,2019,5,13,1,3,0,7,0,0,0,0,0,0,0,792008.4605,5827371.882,13.30445,52.51806
1,1011202.0,Unter den Linden Nord,1100206.0,2019,5,22,1,3,6,4,2,0,1,0,0,0,0,797205.3726,5827479.96,13.38091,52.51622
8,8010211.0,Flughafenstraße,8100206.0,2019,5,22,1,3,3,6,2,1,0,0,0,0,0,800452.2186,5823679.595,13.42519,52.48037
3,3061227.0,Humannplatz,3601244.0,2019,5,20,1,3,0,1,0,0,0,0,0,0,0,799647.0554,5831207.767,13.42015,52.5483
8,8010404.0,Rixdorf,8100417.0,2019,5,22,7,3,2,5,2,1,0,0,0,0,0,801922.565,5823547.775,13.44666,52.47838
2,2050801.0,Traveplatz,2500830.0,2019,5,13,7,3,5,3,0,1,0,0,0,0,0,802813.1362,5827293.458,13.46314,52.51146
2,2030402.0,Wrangelkiez,2300419.0,2019,5,13,7,3,5,7,0,1,0,0,0,0,0,801591.1146,5825953.052,13.44397,52.50012
10,10040933.0,Mahlsdorf Süd,10400941.0,2019,5,11,7,3,5,2,0,1,0,0,0,0,0,812533.1242,5825006.755,13.60376,52.48549
2,2040702.0,Weberwiese,2400624.0,2019,5,10,7,3,6,4,0,0,1,0,0,0,0,801916.653,5827101.831,13.44979,52.51024
3,3061126.0,Arnimplatz,3601141.0,2019,5,20,7,3,5,2,0,1,0,0,0,0,0,798417.536,5831797.421,13.4026,52.55426
12,12231102.0,Frohnau,12400721.0,2019,5,19,7,3,1,5,0,1,0,0,0,0,0,790370.5357,5840109.321,13.29154,52.63312
3,3071536.0,Teutoburger Platz,3701554.0,2019,5,19,7,3,5,7,0,1,0,0,0,0,0,799055.8067,5830171.953,13.41052,52.53934
11,11030721.0,Rüdigerstraße,11300722.0,2019,5,19,7,3,5,3,0,0,0,0,0,0,0,804933.6423,5828166.667,13.49509,52.51811
7,7020204.0,Schöneberger Insel,7200413.0,2019,5,17,7,3,5,3,0,1,0,0,0,0,0,796594.6817,5823923.579,13.36877,52.48467
8,8020622.0,Parchimer Allee,8200727.0,2019,5,16,7,3,1,5,0,1,0,0,0,1,0,802363.0193,5820217.517,13.45011,52.44829
6,6010207.0,Mittelstraße,6100207.0,2019,5,23,7,3,0,1,2,0,0,0,0,0,0,793485.2932,5820199.963,13.31984,52.45297
3,3061430.0,Volkspark Prenzlauer Berg,3601450.0,2019,5,18,6,3,6,4,0,0,1,0,0,0,0,802303.2841,5829213.752,13.45739,52.52896
2,2010104.0,Wassertorplatz,2100106.0,2019,5,12,6,3,5,3,0,0,0,0,0,0,0,798664.8359,5825569.378,13.40064,52.49829
8,8010301.0,Reuterkiez,8100312.0,2019,5,10,6,3,5,2,0,1,0,0,0,0,0,801044.8315,5824192.076,13.43435,52.48464
1,1011301.0,Charitéviertel,1100308.0,2019,5,8,6,3,5,2,0,1,0,0,0,0,0,797091.2736,5828086.576,13.37978,52.52172
4,4030827.0,Karl-August-Platz,4300623.0,2019,5,7,6,3,0,1,0,1,0,0,0,0,0,792727.8912,5826154.675,13.31395,52.50676
4,4041241.0,Breite Straße,4400832.0,2019,5,14,6,3,5,3,0,1,0,0,0,0,0,791286.7756,5822041.28,13.28919,52.47065
4,4030620.0,Alt-Lietzow,4300619.0,2019,5,15,6,3,5,2,0,1,0,0,0,0,0,792635.769,5827081.702,13.31342,52.51512
1,1022201.0,Stephankiez,1200623.0,2019,5,15,6,3,3,6,0,1,0,0,0,0,0,795088.6116,5829212.164,13.35135,52.5329
1,1011101.0,Stülerstraße,1100101.0,2019,5,16,6,3,5,2,0,1,0,0,0,0,0,795256.98,5826619.461,13.35152,52.50956
1,1044203.0,Leopoldplatz,1401049.0,2019,5,16,6,3,5,3,0,0,0,0,0,1,0,795878.7812,5831961.412,13.36541,52.55711
4,4051446.0,Preußenpark,4501043.0,2019,5,16,6,3,5,2,0,1,0,0,0,0,0,792914.3567,5824391.903,13.31514,52.49086
7,7050501.0,Rathausstraße,7501030.0,2019,5,17,6,3,0,2,0,1,0,0,0,0,0,797101.9851,5819466.509,13.37226,52.44444
9,9051801.0,Rahnsdorf/Hessenwinkel,9501838.0,2019,5,16,6,2,5,3,0,1,0,0,0,0,0,820540.9574,5820238.253,13.71671,52.43812
2,2030301.0,Oranienplatz,2300314.0,2019,5,16,6,3,1,5,0,1,0,0,0,0,0,799966.4567,5826136.889,13.42027,52.50267
5,5010103.0,Amorbacher Weg,5100105.0,2019,5,18,6,3,2,2,0,1,0,0,0,0,0,783904.9479,5831564.69,13.18893,52.55993
2,2050801.0,Traveplatz,2500830.0,2019,5,15,6,3,3,6,0,0,0,0,0,0,0,802191.4045,5827533.842,13.45422,52.51396
3,3020209.0,Niederschönhausen,3200205.0,2019,5,15,5,3,3,6,0,1,0,0,0,0,0,797388.5311,5835020.781,13.39036,52.58371
2,2020204.0,Urbanstraße,2200210.0,2019,5,15,5,3,6,4,0,0,1,0,0,0,0,798689.4145,5825124.687,13.40061,52.4943
10,10020412.0,Alte Hellersdorfer Straße,10200417.0,2019,5,6,5,3,5,2,0,1,0,0,0,0,0,811339.7545,5831835.777,13.59263,52.54737
11,11010310.0,Mühlengrund,11100309.0,2019,5,18,5,3,2,3,0,1,0,0,0,0,0,805362.98,5833283.513,13.5061,52.56373
3,3050923.0,Weißenseer Spitze,3500934.0,2019,5,15,5,3,3,2,0,1,0,0,0,0,0,800865.3729,5832082.763,13.43886,52.55547
11,11030721.0,Rüdigerstraße,11300722.0,2019,5,9,5,3,5,3,0,1,0,0,0,0,0,803878.685,5828207.966,13.47962,52.51907
2,2040502.0,Friedenstraße,2400521.0,2019,5,13,5,3,3,6,0,0,0,0,0,0,0,801279.79,5828680.159,13.44187,52.52474
9,9010202.0,Köpenicker Landstraße,9100203.0,2019,5,9,5,2,5,2,0,0,0,0,1,0,0,804112.8254,5823601.66,13.47886,52.47765
4,4030931.0,Breitscheidplatz,4501042.0,2019,5,13,5,3,0,1,0,0,0,0,0,0,0,793606.0572,5825771.728,13.32652,52.50285
2,2030302.0,Lausitzer Platz,2300315.0,2019,5,22,5,3,5,3,2,1,0,0,0,0,0,800679.3079,5825791.206,13.43043,52.49918
4,4030725.0,Amtsgerichtsplatz,4300416.0,2019,5,18,5,3,3,6,0,1,0,0,0,0,0,791868.1203,5826504.184,13.30163,52.51035
11,11020514.0,Große-Leege-Straße,11200513.0,2019,5,17,5,3,5,2,0,1,0,0,0,1,0,804671.4536,5831135.931,13.49395,52.54487
1,1011203.0,Unter den Linden Süd,1100206.0,2019,5,17,5,3,3,6,0,0,0,0,0,0,0,797756.0907,5827480.333,13.38901,52.51592
7,7010102.0,Nollendorfplatz,7100103.0,2019,5,16,5,3,6,3,0,0,1,0,0,0,0,795469.6245,5825556.633,13.3537,52.49992
1,1011105.0,Nördlicher Landwehrkanal,1100102.0,2019,5,16,5,3,5,3,0,1,0,0,0,0,0,795765.6848,5826672.026,13.35904,52.50976
12,12231102.0,Frohnau,12400721.0,2019,5,15,5,3,2,6,0,1,0,0,0,0,0,790562.0939,5840571.16,13.29477,52.63716
4,4030620.0,Alt-Lietzow,4300619.0,2019,5,15,5,3,5,7,0,1,0,0,0,0,0,791788.63,5827482.294,13.30132,52.51916
11,11030721.0,Rüdigerstraße,11300722.0,2019,5,8,5,2,5,2,0,0,0,0,1,0,0,803861.7432,5828653.4,13.47978,52.52307
3,3061131.0,Falkplatz,3601142.0,2019,5,8,5,3,5,2,0,0,0,0,0,1,0,799183.188,5831223.96,13.41334,52.5487
5,5030731.0,Gartenfelder Straße,5300737.0,2019,5,7,5,3,5,2,0,1,0,0,0,0,0,787975.1697,5830384.053,13.24779,52.54721
1,1022104.0,Emdener Straße,1200520.0,2019,5,15,5,3,0,1,0,0,0,0,0,0,0,793732.3461,5828907.075,13.33114,52.53089
1,1011105.0,Nördlicher Landwehrkanal,1100102.0,2019,5,7,4,3,5,2,0,0,0,0,0,1,0,796636.597,5826666.634,13.37183,52.50924
2,2040701.0,Andreasviertel,2400623.0,2019,5,16,4,3,5,2,0,0,0,0,0,1,0,800579.7165,5827007.119,13.43007,52.51013
7,7030303.0,Grazer Platz,7300619.0,2019,5,18,4,3,5,3,0,1,0,0,0,0,1,795307.7008,5821644.562,13.34786,52.46494
6,6030605.0,Botanischer Garten,6300629.0,2019,5,16,4,3,5,2,0,0,0,0,0,1,0,791769.0333,5819272.427,13.29385,52.44557
2,2020203.0,Viktoriapark,2200207.0,2019,5,16,4,3,6,4,0,0,1,0,0,0,1,797763.5826,5824918.883,13.38683,52.49296
1,1011303.0,Alexanderplatzviertel,1100310.0,2019,5,16,4,3,6,4,0,0,1,0,0,0,1,799496.2879,5828148.072,13.41518,52.52095
3,3040614.0,Pankow Zentrum,3400724.0,2019,5,7,4,3,5,2,1,1,0,0,0,0,1,799605.3578,5834738.431,13.42273,52.57997
6,6030504.0,Teltower Damm,6300528.0,2019,5,7,4,3,5,2,0,1,0,0,0,0,1,790623.3253,5815225.97,13.27352,52.40991
11,11030721.0,Rüdigerstraße,11300722.0,2019,5,8,4,3,0,1,0,1,0,0,0,0,1,805182.0315,5827837.204,13.49843,52.51501
1,1011105.0,Nördlicher Landwehrkanal,1100102.0,2019,5,8,4,3,1,5,0,1,0,0,0,0,1,795810.2861,5826685.986,13.35971,52.50986