district,LOR,street,LOR_2021,year,month,hour,weekday,category,accident_kind,accident_type,light_condition,car,pedestrian,motorcycle,goods_vehicle,others,road_condition,LINREFX,LINREFY,XGCSWGS84,YGCSWGS84
4,4051549.0,Rathaus Wilmersdorf,4501146.0,2019,5,12,4,3,5,3,0,1,0,0,0,0,1,792980.6357,5823902.112,13.31569,52.48643
8,8010117.0,Schillerpromenade,8100102.0,2019,5,13,4,3,0,2,0,0,0,0,1,0,0,800515.0933,5823441.38,13.4259,52.47821
3,3020307.0,Buchholz,3200308.0,2019,5,14,4,3,5,3,0,1,0,0,0,0,1,800359.6905,5837805.332,13.43661,52.60704
7,7040406.0,Germaniagarten,7400928.0,2019,5,15,4,3,2,6,0,1,0,0,0,0,1,799906.1036,5821888.904,13.41556,52.46462
3,3030711.0,Blankenburg,3300514.0,2019,5,15,4,3,5,2,0,1,0,0,0,0,0,801924.4182,5836374.748,13.45834,52.59335
2,2040502.0,Friedenstraße,2400521.0,2019,5,15,4,3,2,7,0,1,0,0,0,0,1,801016.1031,5828084.115,13.43745,52.51954
2,2050601.0,Hausburgviertel,2500726.0,2019,5,5,3,3,5,2,0,0,0,0,0,1,0,801865.7288,5828983.034,13.45075,52.52713
3,3040513.0,Schönholz,3400620.0,2019,5,17,3,3,2,2,0,1,0,0,0,0,0,798044.564,5833592.222,13.39873,52.57055
3,3050923.0,Weißenseer Spitze,3500934.0,2019,5,14,3,3,5,3,0,1,0,0,0,0,0,801107.4894,5831516.386,13.4419,52.55026
1,1022104.0,Emdener Straße,1200520.0,2019,5,14,3,3,5,3,0,1,0,0,0,0,0,794236.9884,5828849.169,13.33851,52.5301
3,3061126.0,Arnimplatz,3601141.0,2019,5,16,4,2,5,2,0,0,0,0,0,1,0,799224.9727,5832060.027,13.41471,52.55617
9,9020501.0,Oberschöneweide West,9200510.0,2019,5,16,3,3,5,2,0,1,0,0,0,0,0,806076.0723,5823423.187,13.50751,52.47495
9,9020701.0,Adlershof West,9200715.0,2019,5,16,4,2,4,6,0,0,0,0,0,0,0,809201.8881,5818633.952,13.54895,52.43027
2,2020202.0,Rathaus Yorckstraße,2200208.0,2019,5,19,3,3,5,3,0,0,0,0,0,0,0,797262.5512,5825257.527,13.37977,52.49626
11,11030618.0,Fennpfuhl West,11300617.0,2019,5,13,4,2,1,5,0,1,0,0,0,0,0,803023.1567,5829186.892,13.46795,52.52832
9,9020701.0,Adlershof West,9200715.0,2019,5,19,3,3,5,2,0,1,0,0,0,0,0,809342.5514,5818504.736,13.5509,52.42904
2,2050801.0,Traveplatz,2500830.0,2019,5,17,4,3,0,1,0,0,0,0,0,0,0,802245.5088,5827511.862,13.455,52.51373
8,8010302.0,Bouchéstraße,8100313.0,2019,5,19,3,3,2,1,0,1,0,1,0,0,0,801787.324,5824354.842,13.4454,52.48569
3,3020307.0,Buchholz,3200308.0,2019,5,16,4,3,5,2,0,1,0,0,0,0,0,800044.1612,5837360.225,13.43156,52.60322
7,7010102.0,Nollendorfplatz,7100103.0,2019,5,10,3,2,1,5,0,0,0,0,0,1,0,795167.5597,5825482.469,13.3492,52.49942
6,6010102.0,Schloßstraße,6100102.0,2019,5,15,4,3,1,5,0,1,0,0,0,0,0,793337.6142,5821268.006,13.31861,52.46262
7,7040403.0,Manteuffelstraße,7400824.0,2019,5,10,3,3,5,3,0,1,0,0,0,0,0,797361.6639,5821916.205,13.37825,52.46626
4,4051654.0,Wilhelmsaue,4501150.0,2019,5,10,3,3,0,4,0,0,1,0,0,0,0,793413.2754,5823940.385,13.32207,52.48654
8,8010117.0,Schillerpromenade,8100102.0,2019,5,15,4,3,5,3,0,1,0,0,0,0,0,800497.074,5823509.314,13.4257,52.47882
1,1022204.0,Thomasiusstraße,1200626.0,2019,5,10,3,3,1,5,0,1,0,0,0,0,0,795071.3152,5827889.774,13.34992,52.52105
3,3040614.0,Pankow Zentrum,3400724.0,2019,5,15,4,3,0,2,0,1,0,0,0,0,0,798498.345,5833253.786,13.4051,52.56727
1,1011303.0,Alexanderplatzviertel,1100310.0,2019,5,9,3,3,5,2,0,1,0,0,0,0,0,799108.7869,5828466.04,13.40977,52.52402
4,4031032.0,Halensee,4500938.0,2019,5,8,3,3,5,2,0,1,0,0,0,0,0,791191.4355,5824986.16,13.29036,52.49711
11,11020412.0,Hauptstraße,11200513.0,2019,5,16,4,3,5,2,0,1,0,0,0,0,0,805973.5284,5831929.003,13.51383,52.55124
2,2020206.0,Graefekiez,2200213.0,2019,5,8,3,3,5,2,0,0,0,0,0,1,0,799077.3217,5824615.027,13.40585,52.48951
4,4030417.0,Schloßstraße,4300414.0,2019,5,7,4,3,2,6,0,0,0,0,0,0,0,791183.4792,5826512.26,13.29158,52.51079
1,1011304.0,Karl-Marx-Allee,1100311.0,2019,5,7,4,3,2,3,0,1,0,0,0,0,0,799584.768,5828056.936,13.41639,52.52009
6,6040805.0,Fischerhüttenstraße,6400839.0,2019,5,8,3,3,0,7,0,0,0,0,0,0,0,789273.2963,5818332.171,13.25641,52.43847
7,7070703.0,John-Locke-Straße,7601544.0,2019,5,7,4,3,5,3,0,1,0,0,0,0,0,799194.3645,5813897.592,13.39797,52.39338
3,3061430.0,Volkspark Prenzlauer Berg,3601450.0,2019,5,8,4,3,5,2,0,1,0,0,0,0,0,802330.0572,5829224.293,13.45779,52.52904
6,6010205.0,Südende,6100205.0,2019,5,19,2,3,5,3,0,1,0,0,0,0,1,795072.4029,5820021.88,13.34297,52.45052
1,1011301.0,Charitéviertel,1100308.0,2019,5,9,4,3,2,6,0,1,0,0,0,0,0,797196.6692,5828328.854,13.38155,52.52383
1,1011102.0,Großer Tiergarten,1100102.0,2019,5,9,4,2,5,2,0,1,0,0,0,0,0,796577.9454,5827796.978,13.37198,52.5194
1,1033201.0,Brunnenstraße,1300834.0,2019,5,17,2,3,5,2,0,1,0,0,0,0,1,798084.371,5829995.762,13.39609,52.53829
4,4041134.0,Bismarckallee,4400726.0,2019,5,17,2,3,5,3,0,1,0,0,0,0,1,790925.4127,5823808.884,13.28542,52.48669
4,4041136.0,Hagenplatz,4400728.0,2019,5,17,3,3,7,7,0,0,0,0,0,0,0,789481.905,5823567.18,13.26401,52.48529
1,1011402.0,Arkonaplatz,1100416.0,2019,5,18,2,3,1,5,0,1,0,0,0,0,1,798585.0927,5829278.804,13.4028,52.53159
12,12214527.0,Alt-Tegel,12200515.0,2019,5,8,3,3,1,5,0,1,0,0,0,0,0,790380.4582,5834845.957,13.28706,52.58593
9,9041501.0,Altstadt Kietz,9401534.0,2019,5,19,2,3,0,1,0,0,0,0,0,0,1,811225.559,5820128.656,13.58001,52.44252
9,9041501.0,Altstadt Kietz,9401534.0,2019,5,7,3,3,6,4,0,0,1,0,0,0,0,811515.5249,5820087.778,13.58423,52.44199
3,3050923.0,Weißenseer Spitze,3500934.0,2019,5,16,2,2,5,3,0,1,0,0,0,0,1,801070.3141,5831429.991,13.44128,52.5495
1,1011402.0,Arkonaplatz,1100416.0,2019,5,16,2,3,0,1,0,0,0,0,0,0,1,798773.6058,5829654.034,13.40591,52.53485
7,7030301.0,Friedenau,7300516.0,2019,5,14,2,3,5,2,0,1,0,0,0,0,0,793712.8331,5821648.221,13.32445,52.46583
1,1011105.0,Nördlicher Landwehrkanal,1100102.0,2019,5,9,3,3,3,6,0,1,0,0,0,0,0,795592.9516,5826267.068,13.35614,52.50622
12,12304313.0,Borsigwalde,12500825.0,2019,5,12,2,3,6,7,0,0,1,0,0,0,0,791399.5708,5834261.64,13.30155,52.58015
9,9010301.0,Baumschulenstraße,9100305.0,2019,5,7,3,2,5,2,0,0,0,0,1,0,0,804641.0202,5822121.473,13.48526,52.46409
5,5030832.0,Rohrdamm,5300839.0,2019,5,13,2,3,0,1,0,0,0,0,0,0,0,788976.8398,5829789.238,13.262,52.54134
11,11030720.0,Herzbergstraße,11300721.0,2019,5,7,2,2,0,1,0,0,0,0,0,0,0,805149.9305,5829103.171,13.49912,52.52638
1,1011306.0,Heine-Viertel Ost,1100313.0,2019,5,15,3,3,3,2,0,1,0,0,0,0,0,799986.5093,5826927.117,13.42128,52.50974
2,2020206.0,Graefekiez,2200213.0,2019,5,15,3,3,1,5,0,0,0,0,0,1,0,799631.5178,5825078.245,13.4144,52.49336
12,12214527.0,Alt-Tegel,12200515.0,2019,5,11,2,3,3,6,0,0,0,0,0,0,0,790372.0677,5834860.228,13.28695,52.58606
3,3010101.0,Bucher Forst,3100101.0,2019,5,14,3,3,5,2,0,1,0,0,0,0,0,803931.7778,5841354.675,13.49246,52.63686
12,12214125.0,Waldidyll/Flughafensee,12200412.0,2019,5,10,2,3,1,7,0,1,0,0,0,0,0,790769.3381,5834508.058,13.29249,52.58269
4,4051448.0,Schaperstraße,4501045.0,2019,5,10,2,3,5,3,0,1,0,0,0,0,0,793965.8941,5824966.037,13.33109,52.49544
2,2040501.0,Barnimkiez,2400520.0,2019,5,9,2,3,1,5,0,1,0,0,0,0,0,800408.046,5828302.828,13.42871,52.52184
9,9041402.0,Siedlung Kämmereiheide,9401432.0,2019,5,11,2,3,5,3,0,1,0,0,0,0,0,812142.1828,5820293.29,13.59361,52.44347
1,1044101.0,Rehberge,1400938.0,2019,5,16,3,3,5,7,2,0,0,1,0,0,0,793687.3445,5832241.68,13.33343,52.56081
9,9030901.0,Dorf Altglienicke,9300920.0,2019,5,16,3,2,5,3,0,1,0,0,0,0,0,807975.3504,5817754.544,13.53016,52.42308
7,7050501.0,Rathausstraße,7501030.0,2019,6,16,5,2,0,2,0,1,0,0,0,0,1,797889.082,5819627.076,13.38394,52.44545
8,8020619.0,Buschkrugallee Nord,8200623.0,2019,6,16,5,3,5,2,0,0,0,0,0,1,0,802622.7176,5820750.658,13.4544,52.45292
4,4030828.0,Savignyplatz,4300624.0,2019,6,16,5,3,5,2,0,1,0,0,0,0,1,793311.0696,5826220.712,13.32258,52.50704
2,2020203.0,Viktoriapark,2200207.0,2019,6,9,5,3,5,2,0,1,0,0,0,0,0,797111.0702,5824238.346,13.37664,52.48721
1,1022103.0,Westhafen,1200517.0,2019,6,13,5,3,5,2,0,1,0,0,0,0,0,794587.3105,5829777.201,13.34448,52.53823
4,4051446.0,Preußenpark,4501043.0,2019,6,8,5,3,5,3,0,1,0,0,0,0,0,792911.9613,5824396.112,13.31511,52.4909
10,10020623.0,Rotes Viertel,10200630.0,2019,6,7,5,3,5,3,0,1,0,0,0,0,0,811507.8478,5828872.016,13.59232,52.52071
8,8041038.0,Waßmannsdorfer Chaussee,8401244.0,2019,6,7,5,3,5,2,0,0,0,0,0,0,0,806562.1642,5815922.467,13.50777,52.40746
7,7020203.0,Kaiser-Wilhelm-Platz,7200409.0,2019,6,23,4,3,7,7,2,0,0,0,0,0,0,795482.6644,5823906.983,13.35243,52.48512
4,4010103.0,Paul-Hertz-Siedlung,4100102.0,2019,6,16,4,3,4,6,0,1,0,0,0,0,0,791489.2664,5829731.419,13.29889,52.53949
2,2020202.0,Rathaus Yorckstraße,2200208.0,2019,6,18,4,3,5,3,0,1,0,0,0,0,0,797263.8589,5825192.285,13.37973,52.49568
2,2020203.0,Viktoriapark,2200207.0,2019,6,22,4,3,5,3,2,1,0,0,0,0,0,796973.143,5824453.606,13.3748,52.48922
2,2030302.0,Lausitzer Platz,2300315.0,2019,6,18,4,3,3,6,0,1,0,0,0,0,0,801638.8672,5826059.459,13.44477,52.50105
9,9020702.0,Adlershof Ost,9200717.0,2019,6,18,4,3,5,3,0,1,0,0,0,0,0,809507.55,5819511.287,13.55425,52.43796
6,6030610.0,Lichterfelde West,6300634.0,2019,6,18,4,3,0,7,0,0,0,0,0,0,0,791844.1624,5817836.803,13.29369,52.43266
3,3061429.0,Greifswalder Straße,3601449.0,2019,6,18,4,3,5,3,0,0,0,1,0,0,0,801315.9055,5831017.478,13.44452,52.54567
1,1022106.0,Elberfelder Straße,1200522.0,2019,6,16,4,3,5,2,0,1,0,0,0,0,0,793687.8012,5828003.297,13.32969,52.52281
2,2020204.0,Urbanstraße,2200210.0,2019,6,20,4,3,5,2,0,0,1,0,0,0,0,797856.954,5824923.146,13.3882,52.49294
4,4030417.0,Schloßstraße,4300414.0,2019,6,15,4,3,5,3,0,0,0,0,0,1,0,791433.253,5827295.473,13.29593,52.51768
11,11040926.0,Weitlingstraße,11400929.0,2019,6,14,4,3,5,3,0,1,0,0,0,0,0,806134.9171,5827017.696,13.51168,52.50714
10,10010310.0,Alt-Marzahn,10100313.0,2019,6,14,4,2,6,4,0,0,1,0,0,0,0,809407.0983,5831062.863,13.5635,52.54154
8,8041037.0,Alt-Rudow,8401243.0,2019,6,13,4,3,5,3,0,1,0,0,0,0,0,805555.3092,5818563.088,13.49542,52.43169
11,11040926.0,Weitlingstraße,11400929.0,2019,6,10,4,3,0,2,0,1,0,0,0,0,0,804589.9708,5826362.149,13.48839,52.50213
6,6020304.0,Kaiser-Wilhelm-Straße,6200314.0,2019,6,13,4,3,5,3,0,1,0,0,0,0,0,794683.2021,5817424.333,13.33497,52.42744
11,11020411.0,Malchower Weg,11200410.0,2019,6,8,4,2,0,1,0,0,0,0,0,0,0,806298.2898,5832119.179,13.51878,52.55277
3,3040614.0,Pankow Zentrum,3400724.0,2019,6,9,4,3,5,2,0,1,0,0,0,0,0,799955.553,5835682.51,13.42873,52.58823
7,7040402.0,Lindenhofsiedlung,7400822.0,2019,6,11,4,3,5,2,0,1,0,0,0,0,0,796145.3415,5820785.22,13.35939,52.45678
8,8010115.0,Hasenheide,8100102.0,2019,6,8,4,3,5,2,0,1,0,0,0,0,0,799270.5205,5823820.525,13.40797,52.48229
8,8020622.0,Parchimer Allee,8200727.0,2019,6,8,4,3,5,2,0,1,0,0,0,0,0,802574.1122,5819912.961,13.45293,52.44544
3,3061227.0,Humannplatz,3601244.0,2019,6,7,4,2,5,3,0,1,0,0,0,0,0,800111.9525,5831694.925,13.42743,52.55241
1,1011402.0,Arkonaplatz,1100416.0,2019,6,13,3,3,0,3,0,0,0,0,0,1,0,798681.4975,5829454.201,13.40438,52.53311
1,1011202.0,Unter den Linden Nord,1100206.0,2019,6,16,3,3,2,2,0,1,0,0,0,0,0,797135.0457,5827775.166,13.38015,52.5189
12,12301203.0,Wittenau Süd,12500926.0,2019,6,16,3,3,5,2,0,1,0,0,0,0,0,793862.7627,5835438.782,13.33884,52.58937
2,2030401.0,Reichenberger Straße,2300418.0,2019,6,16,3,3,5,2,0,1,0,0,0,0,0,801191.634,5825184.744,13.43741,52.49346
7,7040401.0,Neu-Tempelhof,7400721.0,2019,6,15,3,3,0,2,0,1,0,0,0,0,0,797415.2768,5823703.78,13.38063,52.48225
3,3061227.0,Humannplatz,3601244.0,2019,6,14,3,3,5,7,0,1,0,0,0,0,0,799595.4182,5831292.563,13.41947,52.54908
5,5020419.0,Magistratsweg,5200423.0,2019,6,14,3,3,0,6,0,0,0,0,0,0,0,781939.5837,5828463.066,13.15739,52.53314
1,1011105.0,Nördlicher Landwehrkanal,1100102.0,2019,6,11,3,3,5,2,0,1,0,0,0,0,0,796635.4551,5826670.495,13.37182,52.50927
9,9041301.0,Kietzer Feld/Nachtheide,9401329.0,2019,6,11,3,3,3,6,0,0,0,0,0,0,0,811682.718,5819968.789,13.58657,52.44083
11,11041022.0,Rosenfelder Ring,11401032.0,2019,6,13,3,2,5,3,0,1,0,0,0,0,0,806596.466,5827370.338,13.51878,52.51004
4,4030622.0,Richard-Wagner-Straße,4300621.0,2019,6,11,3,2,2,7,0,1,0,0,0,0,0,792033.9153,5826857.07,13.30437,52.51343
4,4030518.0,Tegeler Weg,4300517.0,2019,6,9,3,3,5,3,0,1,0,0,0,0,0,791936.0663,5828318.382,13.30422,52.52658
2,2020202.0,Rathaus Yorckstraße,2200208.0,2019,6,23,3,2,5,2,2,1,0,0,0,0,0,797916.269,5825263.65,13.38938,52.49596
2,2010102.0,Mehringplatz,2100102.0,2019,6,8,3,3,5,3,0,1,0,0,0,0,0,798264.3827,5825734.828,13.39491,52.5
8,8010213.0,Körnerpark,8100208.0,2019,6,9,3,3,1,5,0,1,0,0,0,0,0,801392.4588,5822960.85,13.43835,52.47341
5,5020524.0,Weinmeisterhornweg,5200528.0,2019,6,7,3,3,0,1,0,0,0,0,0,0,0,783642.4947,5825508.227,13.1799,52.50576
11,11020514.0,Große-Leege-Straße,11200513.0,2019,6,8,3,3,5,3,0,1,0,0,0,0,0,804456.4143,5830937.524,13.49061,52.54321
6,6020302.0,Komponistenviertel Lankwitz,6200312.0,2019,6,20,3,3,6,7,0,0,1,0,0,0,0,794274.8905,5819344.777,13.33067,52.44488
12,12214422.0,Klixstraße,12200310.0,2019,6,8,3,2,5,2,0,1,0,0,0,0,0,792185.2074,5832955.097,13.31196,52.56801
3,3061430.0,Volkspark Prenzlauer Berg,3601450.0,2019,6,19,3,3,5,2,0,1,0,0,0,0,0,802418.4068,5829234.25,13.4591,52.52908
4,4051448.0,Schaperstraße,4501045.0,2019,6,19,3,3,1,5,0,1,0,0,0,1,0,793601.4256,5825243.999,13.32598,52.49813
3,3020209.0,Niederschönhausen,3200205.0,2019,6,8,3,3,5,3,0,1,0,0,0,0,0,797534.7777,5834855.004,13.39236,52.58215
2,2020206.0,Graefekiez,2200213.0,2019,6,18,3,3,3,6,0,1,0,0,0,0,0,799991.515,5825411.924,13.41999,52.49616
9,9020502.0,Oberschöneweide Ost,9200511.0,2019,6,17,3,3,1,5,0,1,0,0,0,0,0,807525.722,5821627.774,13.52713,52.45805
9,9051901.0,Dammvorstadt,9501941.0,2019,6,4,3,3,0,1,1,0,0,0,0,0,0,811999.9543,5821166.06,13.59234,52.45138
10,10010308.0,Marzahner Chaussee,10100311.0,2019,6,17,3,3,0,2,0,1,0,0,0,0,0,806628.4689,5830238.426,13.5219,52.53572
2,2010102.0,Mehringplatz,2100102.0,2019,6,18,2,3,1,5,0,1,0,0,0,0,0,798504.4933,5826129.934,13.39879,52.50341
11,11020411.0,Malchower Weg,11200410.0,2019,6,12,2,3,5,3,0,0,0,0,0,0,0,805334.4515,5832884.709,13.50531,52.56017
6,6030610.0,Lichterfelde West,6300634.0,2019,6,12,2,3,6,7,0,0,1,0,0,0,0,792581.3032,5817837.008,13.30451,52.43227
8,8010509.0,Schulenburgpark,8100521.0,2019,6,22,2,3,0,3,2,1,0,0,0,0,1,803950.6014,5822021.011,13.47504,52.46357
9,9020501.0,Oberschöneweide West,9200510.0,2019,6,20,2,3,5,2,0,1,0,0,0,0,0,806455.522,5822104.81,13.51187,52.46293
8,8010213.0,Körnerpark,8100208.0,2019,6,19,2,3,0,3,0,1,0,0,0,0,1,801143.484,5822843.549,13.43459,52.4725
3,3061227.0,Humannplatz,3601244.0,2019,6,20,2,3,5,3,1,1,0,0,0,0,1,799770.4934,5831409.32,13.42215,52.55003
9,9020702.0,Adlershof Ost,9200717.0,2019,6,19,2,2,0,1,0,0,0,0,0,0,1,809569.5743,5819802.871,13.55543,52.44054
1,1044101.0,Rehberge,1400938.0,2019,6,18,2,3,2,2,0,1,0,0,0,0,0,793819.0788,5831725.809,13.33491,52.55611
2,2050802.0,Boxhagener Platz,2500834.0,2019,6,18,2,2,5,2,0,1,0,0,0,0,0,802107.3253,5827355.98,13.45282,52.51241
4,4031032.0,Halensee,4500938.0,2019,6,18,2,3,1,5,0,1,0,0,0,0,0,791292.7781,5825004.868,13.29186,52.49722
10,10040931.0,Mahlsdorf Nord,10400938.0,2019,6,17,2,3,5,3,0,1,0,0,0,0,0,814259.2633,5829301.131,13.63315,52.52298
9,9010301.0,Baumschulenstraße,9100305.0,2019,6,22,2,3,5,2,2,1,0,0,0,0,1,804531.0042,5821714.577,13.48327,52.4605
3,3020307.0,Buchholz,3200308.0,2019,6,15,2,3,5,3,0,0,0,0,0,0,0,799883.9204,5837959.226,13.42974,52.60868
6,6010102.0,Schloßstraße,6100102.0,2019,6,14,2,3,5,3,0,1,0,0,0,0,0,793425.588,5820368.851,13.31911,52.45452
5,5010209.0,An der Kappe,5100211.0,2019,6,12,2,3,1,5,0,0,0,0,0,1,0,783196.5081,5830090.414,13.17725,52.54708
1,1011302.0,Oranienburger Straße,1100309.0,2019,6,0,2,3,5,2,2,1,0,0,0,0,0,798494.3787,5829062.257,13.40127,52.5297
1,1011402.0,Arkonaplatz,1100416.0,2019,6,11,2,3,6,4,0,0,1,0,0,0,0,798523.9629,5829141.341,13.40178,52.53039
2,2020203.0,Viktoriapark,2200207.0,2019,6,11,2,3,5,2,0,1,0,0,0,0,0,797802.39,5824910.25,13.38739,52.49286
10,10030725.0,Buckower Ring,10300732.0,2019,6,16,2,2,0,5,0,1,0,0,0,0,0,809955.1726,5828031.183,13.56873,52.51406
9,9051901.0,Dammvorstadt,9501941.0,2019,6,16,2,3,5,3,0,1,0,0,0,0,0,809945.8114,5821592.81,13.56261,52.45637
8,8030830.0,Gropiusstadt Süd,8300935.0,2019,6,10,2,3,5,7,0,1,0,0,0,0,0,802702.0256,5818043.02,13.45311,52.42861
9,9010401.0,Johannisthal West,9100407.0,2019,6,15,2,3,0,6,0,1,0,0,0,0,0,805441.3094,5821500.211,13.49643,52.45807
2,2040701.0,Andreasviertel,2400623.0,2019,6,9,2,3,5,3,0,1,0,0,0,0,0,800778.505,5827188.074,13.43315,52.51164
5,5020626.0,Adamstraße,5200631.0,2019,6,9,2,3,5,2,0,1,0,0,0,0,0,784218.851,5827369.133,13.18996,52.52215
2,2020204.0,Urbanstraße,2200210.0,2019,6,8,2,3,5,2,0,1,0,0,0,0,0,798314.8855,5825383.127,13.39534,52.49682
9,9020702.0,Adlershof Ost,9200717.0,2019,6,6,2,3,0,3,0,1,0,0,0,0,0,809668.744,5819050.76,13.55618,52.43374
1,1011401.0,Invalidenstraße,1100415.0,2019,6,8,2,3,0,1,0,0,0,0,0,0,0,798106.7921,5829363.715,13.39585,52.53261
11,11030720.0,Herzbergstraße,11300721.0,2019,6,20,2,3,5,2,0,1,0,0,0,0,1,805123.4827,5829991.758,13.49955,52.53436
6,6040810.0,Dahlem,6400844.0,2019,6,9,2,3,5,2,0,0,0,0,0,1,0,791848.9725,5821376.437,13.29686,52.46439
4,4030724.0,Lietzensee,4300415.0,2019,6,14,1,3,2,6,0,0,0,0,0,0,0,790965.9526,5826026.471,13.28796,52.50655
4,4041238.0,Kissinger Straße,4400830.0,2019,6,14,1,3,5,3,0,1,0,0,0,0,0,791553.9247,5823245.511,13.29416,52.48131
9,9041501.0,Altstadt Kietz,9401534.0,2019,6,19,1,3,3,6,0,1,0,0,0,0,0,811012.9502,5820412.725,13.57716,52.44519
2,2040701.0,Andreasviertel,2400623.0,2019,6,20,1,3,1,5,0,1,0,0,0,1,0,800846.907,5826869.321,13.43387,52.50875
4,4010102.0,Plötzensee,4100101.0,2019,6,17,1,3,0,2,0,1,0,0,0,0,0,791834.2318,5830684.825,13.3048,52.54785
7,7010104.0,Dennewitzplatz,7100205.0,2019,6,16,1,3,5,2,0,1,0,0,0,0,0,795999.7539,5824957.198,13.36096,52.49426
3,3071633.0,Thälmannpark,3701657.0,2019,6,16,1,3,0,1,0,0,0,0,0,0,0,800029.1676,5830416.599,13.42505,52.54099
11,11051331.0,Karlshorst Nord,11501340.0,2019,6,14,1,2,5,3,0,1,0,0,0,0,0,808002.764,5824740.141,13.53701,52.48567
11,11051330.0,Karlshorst West,11501339.0,2019,6,12,6,3,5,2,0,1,0,0,0,0,0,807062.6312,5824409.718,13.5229,52.48324
1,1033102.0,Gesundbrunnen,1300733.0,2019,6,12,6,3,5,2,0,0,0,0,0,1,0,797141.2919,5831886.679,13.38391,52.55575
6,6040809.0,Thielallee,6400843.0,2019,6,17,6,2,5,2,0,1,0,0,0,0,0,792354.529,5820772.049,13.30375,52.4587
8,8020625.0,Handwerker-Siedlung,8200730.0,2019,6,12,6,3,3,6,0,0,0,0,1,0,0,801490.3895,5817788.317,13.43511,52.427
12,12301203.0,Wittenau Süd,12500926.0,2019,6,7,6,2,5,2,0,0,0,0,1,0,0,792848.8962,5835170.088,13.32368,52.58751
5,5010101.0,Hakenfelde Nord,5100103.0,2019,6,12,6,3,5,3,0,1,0,0,0,0,0,785933.6378,5831651.073,13.21885,52.55964
8,8010301.0,Reuterkiez,8100312.0,2019,6,0,1,3,0,1,2,0,0,0,0,0,0,801355.2814,5823951.009,13.43869,52.48231
8,8020727.0,Buckow Mitte,8200832.0,2019,6,11,6,3,5,2,0,1,0,0,0,0,0,800946.5111,5817042.181,13.42647,52.42061
3,3051017.0,Rennbahnstraße,3501037.0,2019,6,13,6,2,5,3,0,1,0,0,0,0,0,803391.1171,5832799.033,13.47665,52.56049
6,6030606.0,Hindenburgdamm,6300630.0,2019,6,15,7,3,1,5,0,1,0,0,0,0,0,793693.4001,5819262.561,13.32207,52.44445
10,10010206.0,Ringkolonnaden,10100208.0,2019,6,18,7,2,5,3,0,1,0,0,0,0,0,809970.5197,5832029.817,13.57268,52.54989
9,9020802.0,Köllnische Vorstadt,9200819.0,2019,6,12,6,2,3,6,0,0,0,0,1,0,0,810467.96,5820310.159,13.56907,52.44458
7,7040401.0,Neu-Tempelhof,7400721.0,2019,6,15,7,3,5,2,0,0,0,0,0,0,0,797776.6614,5823273.751,13.38555,52.4782
4,4020311.0,Reichsstraße,4200310.0,2019,6,16,6,3,5,3,0,1,0,0,0,0,0,789559.8855,5826580.372,13.26778,52.51227
2,2030301.0,Oranienplatz,2300314.0,2019,6,19,7,3,5,3,0,1,0,0,0,0,0,799598.6806,5826095.896,13.41483,52.5025
4,4030931.0,Breitscheidplatz,4501042.0,2019,6,13,7,3,5,2,0,1,0,0,0,0,0,794117.342,5826092.18,13.33431,52.50545
9,9041501.0,Altstadt Kietz,9401534.0,2019,6,16,6,2,5,2,0,1,0,0,0,0,0,811692.3888,5819923.671,13.58667,52.44042
4,4020310.0,Park Ruhwald,4200308.0,2019,6,16,6,2,4,6,0,0,0,0,0,0,0,790150.5424,5828210.08,13.27788,52.52656
2,2030302.0,Lausitzer Platz,2300315.0,2019,6,12,7,2,5,2,0,1,0,0,0,0,0,800946.851,5826400.028,13.43491,52.50449
4,4030621.0,Spreestadt,4300620.0,2019,6,16,6,3,5,2,0,0,0,1,0,0,0,793559.2538,5827756.096,13.32758,52.52067
7,7010102.0,Nollendorfplatz,7100103.0,2019,6,16,6,3,1,5,0,1,0,0,0,0,0,795883.5766,5825470.29,13.35971,52.49892
5,5010339.0,Freiheit,5100317.0,2019,6,10,7,3,5,2,0,1,0,0,0,0,0,788103.7111,5827867.4,13.2475,52.52458
1,1011302.0,Oranienburger Straße,1100309.0,2019,6,23,7,2,0,1,2,0,0,0,0,0,0,798496.293,5828386.934,13.4007,52.52364
1,1033201.0,Brunnenstraße,1300834.0,2019,6,9,7,2,5,2,0,0,0,0,1,0,0,798071.6509,5829988.77,13.39589,52.53823
4,4051445.0,Eisenzahnstraße,4500939.0,2019,5,5,6,3,5,2,0,1,0,0,0,0,0,791762.2535,5824375.355,13.29821,52.49132
4,4030519.0,Kaiserin-Augusta-Allee,4300518.0,2019,5,9,6,3,5,2,0,1,0,0,0,0,0,792326.0574,5828251.913,13.30989,52.52578
7,7050501.0,Rathausstraße,7501030.0,2019,6,11,6,3,1,5,0,1,0,0,0,1,0,797853.1267,5819621.187,13.38341,52.44542
7,7040401.0,Neu-Tempelhof,7400721.0,2019,5,15,6,3,5,2,0,1,0,0,0,0,0,797748.2126,5822532.304,13.38447,52.47157
4,4030416.0,Klausenerplatz,4300413.0,2019,6,18,6,3,0,7,0,0,0,0,0,0,0,791296.1495,5827183.946,13.29382,52.51675
9,9031001.0,Bohnsdorf,9301025.0,2019,5,13,6,3,5,3,0,1,0,0,0,0,0,810544.9155,5815073.19,13.56534,52.3976
2,2010104.0,Wassertorplatz,2100106.0,2019,6,10,6,2,6,4,0,0,1,0,0,0,0,799774.2389,5825695.517,13.41705,52.49882
9,9010202.0,Köpenicker Landstraße,9100203.0,2019,5,17,6,2,5,2,0,1,0,0,0,0,0,804483.0659,5823234.787,13.48396,52.47416
2,2020206.0,Graefekiez,2200213.0,2019,5,19,6,3,5,7,0,0,0,0,0,1,0,799780.1101,5824852.426,13.41638,52.49126
5,5030731.0,Gartenfelder Straße,5300737.0,2019,6,9,6,3,1,5,0,1,0,0,0,1,0,786995.5361,5829344.1,13.23248,52.5384
2,2030301.0,Oranienplatz,2300314.0,2019,6,9,6,3,5,3,0,1,0,0,0,0,0,799702.0925,5826016.308,13.41628,52.50173
9,9010402.0,Johannisthal Ost,9100409.0,2019,6,15,6,3,5,3,0,1,0,0,0,0,0,806460.1913,5820700.254,13.51065,52.45033
7,7070703.0,John-Locke-Straße,7601544.0,2019,6,15,6,3,1,5,0,1,0,0,0,0,0,799689.621,5813178.698,13.40458,52.38667
2,2020205.0,Chamissokiez,2200211.0,2019,5,18,6,3,0,1,0,0,0,0,0,0,0,799191.7976,5824231.976,13.40718,52.48602
4,4010102.0,Plötzensee,4100101.0,2019,6,14,6,3,5,2,0,1,0,0,0,0,0,793170.9312,5830158.347,13.32399,52.54241
9,9051801.0,Rahnsdorf/Hessenwinkel,9501838.0,2019,5,10,6,3,5,2,0,1,0,0,0,0,0,819383.6943,5819909.118,13.69943,52.43585
4,4030620.0,Alt-Lietzow,4300619.0,2019,6,14,6,3,5,2,0,1,0,0,0,0,0,791852.6099,5827431.584,13.30221,52.51867
1,1011306.0,Heine-Viertel Ost,1100313.0,2019,5,12,6,3,0,7,0,0,0,0,0,1,1,799883.9208,5826480.63,13.41937,52.50579