district,LOR,street,LOR_2021,year,month,hour,weekday,category,accident_kind,accident_type,light_condition,car,pedestrian,motorcycle,goods_vehicle,others,road_condition,LINREFX,LINREFY,XGCSWGS84,YGCSWGS84
3,3061126.0,Arnimplatz,3601141.0,2019,6,14,6,2,5,2,0,1,0,0,0,0,0,798642.4057,5831469.185,13.40561,52.55119
6,6020303.0,Lankwitz Kirche,6200313.0,2019,6,13,6,3,1,5,0,1,0,0,0,0,0,795430.6847,5818542.783,13.34692,52.43707
8,8010406.0,Treptower Straße Nord,8100419.0,2019,6,16,5,3,0,2,0,0,0,0,0,1,1,802517.8258,5824218.267,13.456,52.48406
2,2010102.0,Mehringplatz,2100102.0,2019,6,18,5,3,3,6,0,1,0,0,0,0,0,797760.4877,5826437.829,13.38814,52.50657
10,10020519.0,Boulevard Kastanienallee,10200526.0,2019,5,17,5,2,5,3,0,1,0,0,0,0,0,812267.9107,5830209.467,13.60474,52.53226
9,9041501.0,Altstadt Kietz,9401534.0,2019,6,7,5,3,5,2,0,1,0,0,0,0,0,811004.6205,5820318.672,13.57695,52.44435
10,10040828.0,Kaulsdorf Nord,10400835.0,2019,5,16,5,2,5,3,0,1,0,0,0,0,0,811909.316,5829755.694,13.59905,52.5284
9,9020701.0,Adlershof West,9200715.0,2019,6,7,5,3,5,2,0,1,0,0,0,0,0,809340.9173,5818506.28,13.55087,52.42905
1,1022106.0,Elberfelder Straße,1200522.0,2019,5,18,5,3,5,2,0,1,0,0,0,0,0,794316.304,5828379.61,13.33926,52.52585
12,12231102.0,Frohnau,12400721.0,2019,5,16,5,3,0,1,0,0,0,0,0,0,0,790567.1911,5841249.854,13.29544,52.64324
8,8010508.0,Weiße Siedlung,8100520.0,2019,6,6,5,3,5,2,0,0,0,1,0,0,0,803180.965,5822713.857,13.46437,52.47021
1,1044203.0,Leopoldplatz,1401049.0,2019,6,21,5,3,5,7,2,1,0,0,0,0,1,795873.6255,5831960.346,13.36534,52.5571
8,8010214.0,Glasower Straße,8100209.0,2019,5,22,5,3,5,7,2,1,0,0,0,0,0,801152.3466,5822196.066,13.43413,52.46669
8,8010117.0,Schillerpromenade,8100102.0,2019,6,21,5,3,2,6,1,1,0,0,0,0,1,800715.0726,5822880.25,13.42833,52.47307
4,4051446.0,Preußenpark,4501043.0,2019,5,20,5,3,5,3,1,1,0,0,0,0,0,792912.4407,5824395.27,13.31512,52.49089
3,3051017.0,Rennbahnstraße,3501037.0,2019,5,20,5,3,5,2,1,1,0,0,0,0,0,804447.8874,5832668.121,13.49207,52.55872
1,1022204.0,Thomasiusstraße,1200626.0,2019,5,19,5,3,1,5,0,1,0,0,0,0,0,794705.3814,5828322.533,13.34493,52.52513
10,10030727.0,Biesdorf Süd,10300734.0,2019,5,18,5,3,2,6,0,0,0,0,0,0,0,809633.2375,5825751.669,13.56188,52.49382
1,1011202.0,Unter den Linden Nord,1100206.0,2019,5,15,5,3,3,6,0,1,0,0,0,0,0,797682.2716,5827925.576,13.38832,52.51995
1,1022101.0,Huttenkiez,1200517.0,2019,6,15,5,3,1,5,0,1,0,0,0,1,1,793066.1171,5828301.705,13.32081,52.52582
7,7060601.0,Marienfelder Allee Nordwest,7601236.0,2019,6,13,5,2,2,6,0,1,0,0,0,0,0,796571.7072,5816237.907,13.36161,52.41579
2,2040502.0,Friedenstraße,2400521.0,2019,6,12,5,3,5,2,0,1,0,0,0,0,0,800928.5868,5828504.474,13.43655,52.52336
5,5040934.0,Alt-Gatow,5400942.0,2019,5,13,5,2,1,5,0,1,0,0,0,0,0,783897.6421,5823452.484,13.1819,52.4872
2,2020205.0,Chamissokiez,2200211.0,2019,6,11,5,2,5,7,0,1,0,0,0,0,0,798201.4225,5824527.251,13.39291,52.48921
4,4010102.0,Plötzensee,4100101.0,2019,5,18,4,3,2,2,0,1,0,0,0,0,0,793341.673,5829714.923,13.32611,52.53835
2,2040703.0,Wriezener Bahnhof/Entwicklungsgebiet,2400625.0,2019,5,18,4,3,5,2,0,0,0,0,0,1,0,801759.6367,5826240.48,13.4467,52.50261
9,9051901.0,Dammvorstadt,9501941.0,2019,5,23,4,3,0,1,2,0,0,0,0,0,0,810257.7465,5821474.036,13.56707,52.45513
1,1011204.0,Leipziger Straße,1100207.0,2019,5,20,4,3,0,2,1,0,0,0,1,0,0,797855.1246,5826858.942,13.38991,52.5103
4,4051653.0,Prager Platz,4501152.0,2019,5,18,4,3,5,3,0,1,0,0,0,0,0,793977.113,5824687.013,13.33101,52.49293
4,4051448.0,Schaperstraße,4501045.0,2019,6,9,5,3,6,2,0,0,1,0,0,0,0,793503.0775,5825217.488,13.32452,52.49794
3,3040818.0,Pankow Süd,3400830.0,2019,5,21,4,3,5,2,1,1,0,0,0,0,0,800014.0579,5833422.155,13.42755,52.56794
4,4030929.0,Hindemithplatz,4501040.0,2019,6,19,5,3,2,6,0,0,0,1,0,0,1,792711.8957,5825652.153,13.31328,52.50226
1,1044203.0,Leopoldplatz,1401049.0,2019,5,18,4,3,5,2,0,1,0,0,0,0,0,796010.1208,5831416.059,13.36686,52.55215
1,1011302.0,Oranienburger Straße,1100309.0,2019,6,18,5,3,0,1,0,0,0,0,0,0,1,798646.0018,5828482.384,13.40298,52.52442
1,1011302.0,Oranienburger Straße,1100309.0,2019,6,18,5,3,0,3,0,0,0,1,0,0,1,798119.3663,5828960.15,13.39567,52.52899
10,10040830.0,Kaulsdorf Süd,10400837.0,2019,5,18,4,3,5,3,0,1,0,0,0,0,0,810635.6804,5825832.055,13.57667,52.49397
5,5010314.0,Carl-Schurz-Straße,5100317.0,2019,6,18,5,3,0,2,0,1,0,0,0,0,1,784493.338,5828877.794,13.19529,52.53553
2,2030302.0,Lausitzer Platz,2300315.0,2019,5,11,4,3,5,3,0,1,0,0,0,0,0,800624.6462,5826273.879,13.43006,52.50353
1,1011201.0,Wilhelmstraße,1100205.0,2019,6,18,5,2,5,3,1,1,0,0,0,0,1,797910.1197,5826572.08,13.39046,52.5077
12,12302109.0,Treuenbrietzener Straße,12601133.0,2019,6,18,5,3,5,2,0,1,0,0,0,0,1,795103.0567,5836856.314,13.35836,52.60141
2,2040703.0,Wriezener Bahnhof/Entwicklungsgebiet,2400625.0,2019,5,12,4,3,1,5,0,1,0,0,0,1,0,801448.4442,5826394.208,13.44227,52.50416
12,12224230.0,Heiligensee,12400619.0,2019,6,16,5,2,0,1,0,0,0,0,0,0,1,787421.995,5838721.999,13.24688,52.62225
9,9010302.0,Späthsfelde,9100306.0,2019,5,17,4,3,2,6,0,1,0,0,0,0,0,804041.8239,5821222.142,13.47565,52.45636
4,4030417.0,Schloßstraße,4300414.0,2019,6,17,5,3,5,3,0,1,0,0,0,0,0,791792.5745,5827046.045,13.30099,52.51525
12,12103219.0,Schäfersee,12100204.0,2019,6,17,5,3,5,3,0,1,0,0,0,0,0,795563.0458,5833222.522,13.36189,52.56859
6,6030504.0,Teltower Damm,6300528.0,2019,6,16,5,3,5,2,0,1,0,0,0,0,0,790858.0999,5817586.205,13.27901,52.43094
4,4030620.0,Alt-Lietzow,4300619.0,2019,6,16,5,2,5,3,0,1,0,0,0,0,0,792630.7151,5827088.365,13.31335,52.51518
3,3010102.0,Buch,3100102.0,2019,6,16,5,3,5,2,0,1,0,0,0,0,0,804276.5729,5841093.313,13.4973,52.63433
2,2050801.0,Traveplatz,2500830.0,2019,6,20,5,3,5,3,0,1,0,0,0,0,0,803553.1542,5827194.927,13.47392,52.51017
2,2050601.0,Hausburgviertel,2500726.0,2019,6,19,5,3,5,3,0,1,0,0,0,0,0,801966.6973,5829025.696,13.45227,52.52746
6,6040810.0,Dahlem,6400844.0,2019,6,18,5,3,0,7,0,0,0,0,0,0,0,790576.9004,5821720.593,13.27849,52.46816
1,1022104.0,Emdener Straße,1200520.0,2019,6,18,5,3,5,3,0,1,0,0,0,0,0,794564.483,5829100.632,13.34354,52.53218
1,1011401.0,Invalidenstraße,1100415.0,2019,6,18,5,3,0,1,0,0,0,0,0,0,0,798305.3221,5829373.244,13.39877,52.53259
7,7060604.0,Marienfelde Süd,7601339.0,2019,6,18,5,3,0,2,0,1,0,0,0,0,0,795656.9348,5816070.422,13.34805,52.41478
9,9020502.0,Oberschöneweide Ost,9200511.0,2019,6,15,5,3,6,7,0,0,1,0,0,0,0,807236.4344,5822135.766,13.52336,52.46276
10,10010203.0,Gewerbegebiet Bitterfelder Straße,10100205.0,2019,6,6,5,2,5,2,0,1,0,0,0,0,0,808083.5429,5832324.671,13.54522,52.5536
3,3040614.0,Pankow Zentrum,3400724.0,2019,6,7,5,2,5,3,0,1,0,0,0,0,0,798990.5836,5835036.513,13.41395,52.58297
2,2030402.0,Wrangelkiez,2300419.0,2019,6,7,5,3,3,6,0,0,0,0,0,1,0,801597.5221,5825937.283,13.44405,52.49998
1,1044201.0,Reinickendorfer Straße,1401045.0,2019,6,8,5,3,5,3,0,1,0,0,0,0,0,796113.3924,5831188.849,13.36817,52.55006
9,9010101.0,Elsenstraße,9100101.0,2019,6,8,5,3,5,2,0,1,0,0,0,0,0,802352.5717,5824748.049,13.45406,52.4889
9,9020501.0,Oberschöneweide West,9200510.0,2019,6,9,5,3,5,2,0,1,0,0,0,0,0,806199.7972,5823259.926,13.50918,52.47342
1,1011202.0,Unter den Linden Nord,1100206.0,2019,6,10,5,3,5,3,0,1,0,0,0,0,0,797160.435,5827685.961,13.38044,52.51809
11,11041128.0,Sewanstraße,11401135.0,2019,6,10,5,2,5,3,0,0,0,0,1,0,0,807089.5401,5825838.724,13.52461,52.49603
4,4041136.0,Hagenplatz,4400728.0,2019,6,12,5,3,2,6,0,1,0,0,0,0,0,790046.0636,5822991.8,13.2718,52.47984
3,3051022.0,Hansastraße,3501038.0,2019,6,12,5,3,1,5,0,1,0,0,0,0,0,802858.4508,5831759.003,13.46787,52.55146
2,2020204.0,Urbanstraße,2200210.0,2019,6,12,5,3,0,3,0,0,0,0,1,0,0,798491.9379,5825234.696,13.39781,52.49539
4,4030726.0,Droysenstraße,4500936.0,2019,6,8,5,2,0,1,0,0,0,0,0,0,0,792087.792,5825285.928,13.30379,52.49931
4,4020208.0,Kranzallee,4200206.0,2019,6,16,5,3,5,3,0,0,0,0,0,1,0,786960.292,5825533.407,13.22868,52.50425
1,1033202.0,Humboldthain Süd,1300835.0,2019,6,11,4,3,6,4,0,0,1,0,0,0,0,797706.136,5829665.789,13.39023,52.53554
8,8010509.0,Schulenburgpark,8100521.0,2019,6,19,4,3,0,1,1,0,0,0,0,0,1,803814.9189,5822123.038,13.47314,52.46456
1,1033102.0,Gesundbrunnen,1300733.0,2019,6,23,4,3,0,2,2,1,0,0,0,0,1,797656.0133,5831888.078,13.39148,52.55549
1,1011201.0,Wilhelmstraße,1100205.0,2019,6,16,4,3,6,4,0,0,1,0,0,0,0,797135.8407,5826451.252,13.37897,52.50703
9,9051901.0,Dammvorstadt,9501941.0,2019,6,18,4,3,5,2,0,1,0,0,0,0,1,810939.7698,5821589.109,13.57718,52.45577
4,4030620.0,Alt-Lietzow,4300619.0,2019,6,18,4,3,5,3,0,1,0,0,0,0,1,791815.9749,5827721.353,13.30193,52.52129
5,5010206.0,Gütersloher Weg,5100208.0,2019,6,17,4,3,6,4,0,0,1,0,0,0,0,781626.8029,5830689.753,13.15468,52.55327
3,3061430.0,Volkspark Prenzlauer Berg,3601450.0,2019,6,16,4,3,6,4,0,0,1,0,0,0,0,802231.7584,5829343.843,13.45646,52.53016
3,3050920.0,Weißer See,3500933.0,2019,6,20,4,3,5,3,1,1,0,0,0,0,1,801828.3152,5831741.146,13.45271,52.55187
1,1011201.0,Wilhelmstraße,1100205.0,2019,6,20,4,3,1,5,0,1,0,0,0,0,1,797212.0284,5827200.014,13.38076,52.5137
8,8030829.0,Gropiusstadt Nord,8300934.0,2019,6,18,4,3,0,1,1,0,0,0,0,0,1,803039.4929,5818352.386,13.45834,52.4312
1,1011302.0,Oranienburger Straße,1100309.0,2019,6,10,4,3,1,5,0,1,0,0,0,1,0,798660.1176,5828529.973,13.40323,52.52484
6,6030610.0,Lichterfelde West,6300634.0,2019,6,13,4,3,5,2,0,1,0,0,0,0,0,792762.5723,5817959.17,13.30727,52.43327
5,5010311.0,Eiswerder,5100313.0,2019,6,14,4,3,5,2,0,1,0,0,0,0,0,785392.594,5830299.982,13.20973,52.54781
2,2010103.0,Moritzplatz,2100104.0,2019,6,12,4,3,2,6,0,1,0,0,0,0,0,799535.5179,5825861.018,13.41369,52.50043
1,1022201.0,Stephankiez,1200623.0,2019,6,13,4,3,5,3,0,1,0,0,0,0,0,795089.0579,5828866.944,13.35105,52.5298
4,4020313.0,Königin-Elisabeth-Straße,4200311.0,2019,6,13,4,3,5,3,0,1,0,0,0,0,0,790494.0101,5826545.703,13.28147,52.51146
6,6020305.0,Gemeindepark Lankwitz,6200315.0,2019,6,15,4,3,5,2,0,1,0,0,0,0,0,795596.1917,5817084.586,13.34806,52.42391
4,4030724.0,Lietzensee,4300415.0,2019,6,12,4,2,5,3,0,1,0,0,0,0,0,791284.9177,5826353.81,13.29293,52.50932
2,2020206.0,Graefekiez,2200213.0,2019,6,19,4,3,0,5,0,1,0,0,0,0,1,799391.5706,5824779.84,13.41061,52.49082
10,10010308.0,Marzahner Chaussee,10100311.0,2019,6,10,4,3,5,3,0,1,0,0,0,0,0,806466.208,5830189.797,13.51947,52.53538
11,11030619.0,Fennpfuhl Ost,11300620.0,2019,6,7,4,3,5,2,0,1,0,0,0,0,0,803973.8845,5829075.174,13.48181,52.52679
5,5020522.0,Pillnitzer Weg,5200526.0,2019,6,8,4,3,5,2,0,1,0,0,0,0,1,782287.0798,5827413.014,13.1616,52.52354
2,2020204.0,Urbanstraße,2200210.0,2019,6,9,4,3,3,6,0,0,0,0,0,0,0,798125.518,5825283.641,13.39247,52.49603
1,1011303.0,Alexanderplatzviertel,1100310.0,2019,6,9,4,3,5,2,0,1,0,0,0,0,0,799107.7908,5828466.068,13.40975,52.52402
6,6030605.0,Botanischer Garten,6300629.0,2019,6,8,4,3,5,3,0,1,0,0,0,0,0,791767.8694,5819273.967,13.29383,52.44559
3,3061228.0,Erich-Weinert-Straße,3601245.0,2019,6,9,4,3,2,6,0,0,0,0,0,1,0,800378.9307,5831547.391,13.43122,52.55094
7,7040404.0,Marienhöhe,7400826.0,2019,6,8,4,3,6,4,0,0,1,0,0,0,0,797285.4013,5820652.56,13.376,52.45497
1,1044201.0,Reinickendorfer Straße,1401045.0,2019,6,18,3,3,2,6,0,1,0,0,0,0,0,796853.464,5831545.802,13.37938,52.55286
1,1033102.0,Gesundbrunnen,1300733.0,2019,6,14,3,3,6,7,0,0,1,0,0,0,0,797575.6596,5831644.311,13.39008,52.55334
1,1011102.0,Großer Tiergarten,1100102.0,2019,6,12,3,3,6,7,0,0,1,0,0,0,0,796844.3881,5827831.729,13.37592,52.51957
1,1011204.0,Leipziger Straße,1100207.0,2019,6,18,3,3,2,6,0,1,0,0,0,0,0,797900.3201,5826589.912,13.39033,52.50786
11,11041128.0,Sewanstraße,11401135.0,2019,6,17,3,2,5,3,0,0,0,0,0,0,0,806719.1922,5826792.695,13.52005,52.50479
3,3061131.0,Falkplatz,3601142.0,2019,6,17,3,3,6,4,0,0,1,0,0,0,0,798932.8972,5831058.934,13.40952,52.54735
1,1011105.0,Nördlicher Landwehrkanal,1100102.0,2019,6,17,3,3,5,2,0,1,0,0,0,0,0,795768.64,5826683.928,13.3591,52.50986
11,11051331.0,Karlshorst Nord,11501340.0,2019,6,16,3,3,6,7,0,0,1,0,0,0,0,807313.9746,5824881.731,13.52702,52.48733
12,12214424.0,Scharnweberstraße,12200309.0,2019,6,14,3,3,1,5,0,1,0,0,0,1,0,793175.5019,5832628.33,13.32624,52.56455
3,3040818.0,Pankow Süd,3400830.0,2019,6,10,2,3,0,1,0,0,0,0,0,0,0,799393.2568,5833497.771,13.41848,52.56896
2,2020204.0,Urbanstraße,2200210.0,2019,6,19,2,3,5,2,0,1,0,0,0,0,0,798295.5952,5825328.039,13.39501,52.49633
5,5030731.0,Gartenfelder Straße,5300737.0,2019,6,14,3,3,1,5,0,1,0,0,0,0,0,787276.4277,5829779.866,13.23699,52.54216
1,1044201.0,Reinickendorfer Straße,1401045.0,2019,6,19,2,3,5,2,0,1,0,0,0,0,0,796204.1673,5831516.889,13.3698,52.55295
1,1011101.0,Stülerstraße,1100101.0,2019,6,9,3,3,3,6,0,0,0,0,0,1,0,794563.4151,5826098.673,13.34087,52.50527
6,6030608.0,Schweizer Viertel,6300632.0,2019,6,18,2,3,5,3,0,1,0,0,0,0,0,790992.1676,5817440.521,13.28085,52.42956
1,1022104.0,Emdener Straße,1200520.0,2019,6,10,3,3,2,6,0,1,0,0,0,0,0,794573.3123,5828555.621,13.34319,52.52729
2,2020202.0,Rathaus Yorckstraße,2200208.0,2019,6,18,2,3,5,2,0,1,0,0,0,0,0,797941.7363,5825259.281,13.38975,52.49591
1,1011202.0,Unter den Linden Nord,1100206.0,2019,6,10,3,3,8,1,0,1,0,0,0,0,0,797729.6156,5827644.573,13.38877,52.51741
12,12103115.0,Breitkopfbecken,12100103.0,2019,6,16,2,3,5,2,0,0,0,0,0,1,0,795344.3929,5833841.037,13.35923,52.57425
9,9051901.0,Dammvorstadt,9501941.0,2019,6,11,3,3,0,2,0,0,0,0,0,0,0,812040.6431,5821394.944,13.59315,52.4534
12,12301203.0,Wittenau Süd,12500926.0,2019,6,7,2,3,0,2,0,0,0,0,1,0,0,793930.2741,5835301.5,13.33971,52.58811
6,6010102.0,Schloßstraße,6100102.0,2019,6,6,2,3,5,3,0,1,0,0,0,0,0,793746.5104,5821052.637,13.32442,52.46047
9,9020701.0,Adlershof West,9200715.0,2019,6,9,3,2,5,2,0,1,0,0,0,0,0,809421.4432,5818429.531,13.55198,52.42832
2,2050802.0,Boxhagener Platz,2500834.0,2019,6,3,2,3,0,1,2,0,0,0,0,0,0,802449.163,5827058.911,13.45758,52.50956
2,2030401.0,Reichenberger Straße,2300418.0,2019,6,8,3,3,1,5,0,1,0,0,0,0,0,801244.833,5825286.716,13.43828,52.49434
9,9041302.0,Wendenschloß,9401330.0,2019,6,10,2,3,5,3,0,1,0,0,0,0,0,812235.2417,5817032.001,13.59193,52.41419
12,12103117.0,Letteplatz,12100101.0,2019,6,9,3,3,1,5,0,1,0,0,0,0,0,796650.9657,5832516.834,13.37727,52.56167
1,1011105.0,Nördlicher Landwehrkanal,1100102.0,2019,6,8,3,2,3,6,0,0,0,0,1,0,0,795475.8914,5826646.412,13.35476,52.50969
7,7010104.0,Dennewitzplatz,7100205.0,2019,6,9,2,3,5,2,0,0,0,0,0,1,0,796229.5231,5824934.162,13.36431,52.49393
11,11040926.0,Weitlingstraße,11400929.0,2019,6,8,2,3,5,3,0,1,0,0,0,0,1,805892.941,5826556.828,13.5077,52.50314
7,7040404.0,Marienhöhe,7400826.0,2019,6,8,3,3,0,7,0,0,0,0,0,0,0,796956.6719,5820516.854,13.37106,52.45394
1,1011304.0,Karl-Marx-Allee,1100311.0,2019,6,11,2,3,5,2,0,0,0,0,0,1,0,799727.011,5827763.959,13.41822,52.51738
1,1022103.0,Westhafen,1200517.0,2019,6,11,2,2,5,3,0,1,0,0,0,0,0,793513.2085,5829336.887,13.3283,52.53486
6,6040810.0,Dahlem,6400844.0,2019,6,11,2,3,5,2,0,1,0,0,0,0,0,790244.2017,5820078.824,13.27217,52.45361
8,8010405.0,Hertzbergplatz,8100418.0,2019,6,16,2,3,5,2,0,1,0,0,0,0,0,802019.4284,5823518.721,13.44805,52.47807
10,10020517.0,Adele-Sandrock-Straße,10200524.0,2019,6,16,2,3,4,6,0,0,0,0,0,0,0,812353.1455,5830455.076,13.60623,52.53441
7,7040405.0,Rathaus Tempelhof,7400927.0,2019,6,13,2,2,5,3,0,0,0,0,0,0,0,799654.3503,5820996.973,13.41107,52.45677
3,3061429.0,Greifswalder Straße,3601449.0,2019,6,14,2,3,1,5,0,1,0,0,0,0,0,801561.2824,5830196.969,13.44738,52.53818
11,11020515.0,Landsberger Allee,11200514.0,2019,6,14,2,3,5,3,0,1,0,0,0,0,0,803665.2424,5830091.983,13.47821,52.53607
3,3071633.0,Thälmannpark,3701657.0,2019,6,19,2,2,0,3,0,0,0,0,0,0,0,800291.8626,5830298.368,13.42881,52.53979
10,10010308.0,Marzahner Chaussee,10100311.0,2019,6,15,2,3,0,2,0,0,0,0,0,1,0,806582.2249,5828262.491,13.51939,52.51804
4,4030519.0,Kaiserin-Augusta-Allee,4300518.0,2019,6,15,2,3,5,3,0,1,0,0,0,0,0,792466.7973,5828126.514,13.31185,52.52458
8,8010214.0,Glasower Straße,8100209.0,2019,6,14,2,3,5,2,0,1,0,0,0,0,0,801568.6792,5822302.961,13.44034,52.46742
7,7060604.0,Marienfelde Süd,7601339.0,2019,6,11,2,3,0,1,0,0,0,0,0,0,0,797099.4136,5815597.55,13.36878,52.40976
4,7030301.0,Friedenau,7300516.0,2019,6,14,2,3,1,5,0,1,0,0,0,0,0,793425.2013,5821768.781,13.32034,52.46707
2,2020204.0,Urbanstraße,2200210.0,2019,6,0,2,3,5,3,2,1,0,0,0,0,0,798830.4469,5825095.505,13.40265,52.49396
4,4010101.0,Jungfernheide,4100101.0,2019,6,0,2,3,3,6,2,1,0,0,0,0,0,789703.9189,5830105.559,13.27297,52.54379
12,12214527.0,Alt-Tegel,12200515.0,2019,6,15,2,3,5,3,0,1,0,0,0,0,0,790313.9744,5835443.836,13.28661,52.59133
2,2050801.0,Traveplatz,2500830.0,2019,6,19,1,3,5,3,0,1,0,0,0,0,0,803338.9211,5826745.558,13.47036,52.50626
3,3020210.0,Herthaplatz,3200207.0,2019,6,13,1,3,1,5,0,1,0,0,0,0,0,798544.5872,5835292.876,13.40762,52.58552
2,2030301.0,Oranienplatz,2300314.0,2019,6,18,1,3,5,7,0,1,0,0,0,0,0,800053.4693,5825651.867,13.42111,52.49827
4,4051549.0,Rathaus Wilmersdorf,4501146.0,2019,6,14,1,3,1,5,0,1,0,0,0,0,0,793084.8246,5823917.693,13.31723,52.48651
3,3071536.0,Teutoburger Platz,3701554.0,2019,6,17,1,3,3,6,0,1,0,0,0,0,0,798865.956,5829830.819,13.40743,52.53638
8,8010117.0,Schillerpromenade,8100102.0,2019,6,16,1,3,6,7,0,0,1,0,0,0,0,800646.2154,5823012.886,13.42744,52.47429
1,1011103.0,Lützowstraße,1100103.0,2019,6,17,1,3,5,2,0,0,0,1,0,0,0,795402.2182,5825828.114,13.35295,52.50239
5,5010312.0,Kurstraße,5100314.0,2019,6,16,1,3,0,1,0,1,0,0,0,0,0,784989.9803,5830012.555,13.20356,52.54545
7,7070703.0,John-Locke-Straße,7601544.0,2019,6,16,1,3,3,6,0,1,0,0,0,0,0,799633.8758,5813176.424,13.40377,52.38668
4,4031032.0,Halensee,4500938.0,2019,6,12,1,2,5,2,0,1,0,0,0,0,0,791583.3583,5825102.294,13.29622,52.49794
1,1033203.0,Humboldthain Nordwest,1300836.0,2019,6,16,1,3,1,5,0,1,0,0,0,0,0,797024.9494,5830889.135,13.38131,52.54688
9,9020701.0,Adlershof West,9200715.0,2019,6,15,1,3,5,2,0,1,0,0,0,0,0,809409.8774,5818440.892,13.55182,52.42843
9,9020702.0,Adlershof Ost,9200717.0,2019,6,14,1,3,0,1,0,0,0,0,0,0,0,809180.5951,5819542.05,13.54948,52.43842
7,7010101.0,Wittenbergplatz/Viktoria-Luise-Platz,7100101.0,2019,6,14,1,2,3,1,0,1,0,0,0,0,0,794736.2923,5824888.347,13.34234,52.49433
1,1011401.0,Invalidenstraße,1100415.0,2019,6,5,1,3,0,1,0,0,0,0,0,0,0,798313.425,5829376.361,13.3989,52.53261
3,3040818.0,Pankow Süd,3400830.0,2019,6,13,1,2,1,5,0,1,0,0,0,0,0,798969.6151,5832774.003,13.4116,52.56271
6,6040804.0,Krumme Lanke,6400838.0,2019,6,16,1,3,0,1,0,0,0,0,0,0,0,786914.9652,5818472.433,13.22194,52.44097
8,8010301.0,Reuterkiez,8100312.0,2019,6,1,1,3,5,3,2,1,0,0,0,0,0,800762.3742,5824348.134,13.43035,52.4862
2,2020206.0,Graefekiez,2200213.0,2019,6,1,1,3,2,6,2,1,0,0,0,0,0,799429.8995,5824542.614,13.41096,52.48867
8,8010301.0,Reuterkiez,8100312.0,2019,6,1,1,3,5,2,2,1,0,0,0,0,0,801489.2124,5823934.21,13.44065,52.48209
4,4010103.0,Paul-Hertz-Siedlung,4100102.0,2019,6,1,1,3,0,1,2,0,0,0,0,0,0,791210.3223,5829055.684,13.2942,52.53358
10,10040933.0,Mahlsdorf Süd,10400941.0,2019,6,9,7,3,5,2,0,1,0,0,0,0,0,812385.8102,5824295.841,13.60093,52.4792
2,2010104.0,Wassertorplatz,2100106.0,2019,6,15,7,3,1,5,0,0,0,0,0,0,0,799034.2033,5825517.323,13.40602,52.49763
1,2010103.0,Moritzplatz,2100104.0,2019,6,16,7,3,2,2,0,1,0,0,0,0,0,799368.1162,5826341.3,13.41167,52.50483
3,3050924.0,Behaimstraße,3500935.0,2019,6,14,7,3,5,3,0,0,0,0,0,0,0,801598.6602,5831580.69,13.44918,52.55056
2,2040701.0,Andreasviertel,2400623.0,2019,6,14,7,3,5,3,0,1,0,0,0,0,0,800573.422,5827017.064,13.42998,52.51022
3,3040614.0,Pankow Zentrum,3400724.0,2019,6,13,7,3,6,7,0,0,1,0,0,0,0,797933.138,5832881.588,13.39645,52.56424
8,8010301.0,Reuterkiez,8100312.0,2019,6,12,7,3,3,6,0,1,0,0,0,0,0,801099.2498,5824904.995,13.4358,52.491
4,4030931.0,Breitscheidplatz,4501042.0,2019,6,15,7,3,5,3,0,1,0,0,0,0,0,793938.1862,5825810.732,13.33143,52.50302
4,4030417.0,Schloßstraße,4300414.0,2019,6,18,7,3,1,5,0,1,0,0,0,0,0,791006.7179,5826540.588,13.289,52.51114
4,4051448.0,Schaperstraße,4501045.0,2019,6,9,7,3,5,3,0,1,0,0,0,0,0,793655.4439,5825258.56,13.32679,52.49823
9,9010401.0,Johannisthal West,9100407.0,2019,6,14,7,3,0,1,0,0,0,0,0,0,0,805974.9383,5819890.365,13.50279,52.44335
1,1033202.0,Humboldthain Süd,1300835.0,2019,6,13,7,3,0,1,0,0,0,0,0,0,0,797673.9612,5829618.595,13.38971,52.53513
7,7020203.0,Kaiser-Wilhelm-Platz,7200409.0,2019,6,7,7,3,2,2,0,0,0,0,0,0,0,795723.8852,5824490.059,13.35649,52.49022
2,2050802.0,Boxhagener Platz,2500834.0,2019,6,15,7,2,5,2,0,0,0,0,0,1,0,802079.7237,5827361.478,13.45242,52.51248
12,12301203.0,Wittenau Süd,12500926.0,2019,6,12,7,2,5,3,0,1,0,0,0,0,0,792931.4039,5835312.942,13.32502,52.58875
11,11030720.0,Herzbergstraße,11300721.0,2019,6,11,7,3,0,7,0,0,0,0,0,0,0,805424.8438,5830023.491,13.50401,52.53447
9,9051701.0,Hirschgarten,9501736.0,2019,6,12,7,3,0,7,0,0,0,0,0,0,0,812489.7193,5821265.912,13.59962,52.45199
9,9020701.0,Adlershof West,9200715.0,2019,6,11,7,3,5,2,0,1,0,0,0,0,0,809404.156,5818446.512,13.55175,52.42848
3,3061131.0,Falkplatz,3601142.0,2019,6,11,7,3,5,2,0,1,0,0,0,0,0,799183.6005,5831223.943,13.41335,52.5487
3,3040614.0,Pankow Zentrum,3400724.0,2019,6,9,7,3,0,1,0,0,0,0,0,0,0,797564.5689,5833279.25,13.39139,52.56801
6,6020301.0,Alt-Lankwitz,6200311.0,2019,6,20,7,3,1,5,0,1,0,0,0,0,0,795834.2906,5819062.839,13.3533,52.44151
10,10040830.0,Kaulsdorf Süd,10400837.0,2019,6,20,7,3,2,2,0,1,0,0,0,0,0,810420.9078,5825090.945,13.57283,52.48745
7,7010102.0,Nollendorfplatz,7100103.0,2019,6,10,7,3,7,7,0,0,0,0,0,1,0,795510.5668,5825542.12,13.35429,52.49977
6,6010205.0,Südende,6100205.0,2019,6,2,7,3,0,1,2,0,0,0,0,0,0,795363.8465,5819975.487,13.34721,52.44995
4,4041134.0,Bismarckallee,4400726.0,2019,6,11,7,3,1,5,0,1,0,0,0,0,0,790770.4461,5823532.202,13.28291,52.48429
1,1011301.0,Charitéviertel,1100308.0,2019,6,16,6,3,0,1,0,0,0,0,0,0,0,796907.6167,5828126.641,13.37712,52.52218
9,9041501.0,Altstadt Kietz,9401534.0,2019,6,19,7,3,5,3,0,1,0,0,0,0,0,810878.6281,5820660.767,13.57542,52.44749
4,4051653.0,Prager Platz,4501152.0,2019,6,18,7,3,5,2,0,1,0,0,0,0,0,794004.2382,5824258.593,13.33103,52.48908
6,6010101.0,Fichtenberg,6100101.0,2019,6,17,7,3,5,3,0,1,0,0,0,0,0,793382.6023,5820367.727,13.31848,52.45453
9,9041403.0,Allende II,9401433.0,2019,6,12,6,3,5,3,0,1,0,0,0,0,0,812998.4052,5820006.8,13.6059,52.44042
2,2050801.0,Traveplatz,2500830.0,2019,6,16,7,3,1,5,0,1,0,0,0,0,0,802328.4432,5827471.481,13.45618,52.51333
1,1011303.0,Alexanderplatzviertel,1100310.0,2019,6,16,6,3,4,6,0,0,0,0,0,0,0,799287.8883,5828108.544,13.41208,52.52071
5,5010311.0,Eiswerder,5100313.0,2019,6,16,6,3,0,1,0,0,0,0,0,0,0,786156.5704,5830484.251,13.22113,52.54906