district,LOR,street,LOR_2021,year,month,hour,weekday,category,accident_kind,accident_type,light_condition,car,pedestrian,motorcycle,goods_vehicle,others,road_condition,LINREFX,LINREFY,XGCSWGS84,YGCSWGS84
9,9041301.0,Kietzer Feld/Nachtheide,9401329.0,2019,6,9,6,3,5,3,0,1,0,0,0,0,0,811910.1131,5817897.505,13.58797,52.42214
1,1011302.0,Oranienburger Straße,1100309.0,2019,6,8,6,3,5,2,0,0,0,0,0,1,0,798131.474,5828444.262,13.39539,52.52436
1,1011304.0,Karl-Marx-Allee,1100311.0,2019,6,9,6,3,5,2,0,1,0,0,0,0,0,799726.7969,5827764.924,13.41822,52.51739
7,7040405.0,Rathaus Tempelhof,7400927.0,2019,6,11,6,3,6,4,0,0,1,0,0,0,0,798174.6541,5821908.313,13.39017,52.46575
1,1044202.0,Sparrplatz,1401046.0,2019,6,8,6,3,5,3,0,1,0,0,0,0,0,795020.9372,5830107.059,13.35115,52.54095
2,2020203.0,Viktoriapark,2200207.0,2019,6,18,6,3,5,3,0,1,0,0,0,0,0,797810.7721,5824934.53,13.38753,52.49307
9,9020701.0,Adlershof West,9200715.0,2019,6,17,6,3,5,2,0,1,0,0,0,0,0,807811.9852,5818556.036,13.5285,52.43036
8,8010303.0,Donaustraße,8100314.0,2019,6,23,6,3,1,5,2,1,0,0,0,0,0,801267.9055,5823819.425,13.43729,52.48118
2,2020203.0,Viktoriapark,2200207.0,2019,6,1,6,2,5,3,2,1,0,0,0,0,0,797814.7878,5824933.508,13.38759,52.49306
4,4020311.0,Reichsstraße,4200310.0,2019,6,8,6,3,5,2,0,1,0,0,0,0,0,790220.0386,5826436.092,13.27735,52.51062
1,1011201.0,Wilhelmstraße,1100205.0,2019,6,0,6,3,5,3,2,1,0,0,0,0,0,797587.3122,5826522.387,13.38567,52.50743
1,1011302.0,Oranienburger Straße,1100309.0,2019,6,18,6,2,0,7,0,0,0,0,0,0,0,797777.9177,5828812.525,13.39052,52.52785
10,10010309.0,Springpfuhl,10100312.0,2019,6,7,6,3,5,3,0,1,0,0,0,0,0,807826.8034,5830174.684,13.53945,52.53448
11,11051229.0,Rummelsburg,11501238.0,2019,6,18,6,3,5,2,0,1,0,0,0,0,0,804083.1975,5825984.516,13.4806,52.49902
7,7060604.0,Marienfelde Süd,7601339.0,2019,6,18,6,3,5,2,0,1,0,0,0,0,0,797598.0063,5815556.343,13.37605,52.40912
1,1011202.0,Unter den Linden Nord,1100206.0,2019,6,6,6,3,5,2,0,1,0,0,0,0,0,797204.0024,5827496.82,13.38091,52.51637
2,2050802.0,Boxhagener Platz,2500834.0,2019,6,3,6,3,1,5,2,1,0,0,0,0,0,802688.1482,5826982.62,13.46102,52.50875
2,2050801.0,Traveplatz,2500830.0,2019,6,18,6,3,2,6,0,1,0,0,0,0,0,803176.406,5827273.126,13.46845,52.51108
8,8010510.0,Gewerbegebiet Köllnische Heide,8100521.0,2019,6,17,6,3,1,5,0,1,0,0,0,1,0,802640.7788,5823050.129,13.45675,52.47352
2,2010104.0,Wassertorplatz,2100106.0,2019,6,17,6,3,5,2,0,1,0,0,0,0,0,799443.8727,5825667.332,13.41217,52.49875
7,7070704.0,Nahariyastraße,7601545.0,2019,6,18,6,3,8,1,0,0,0,0,0,0,0,800889.6214,5814179.307,13.42306,52.39498
1,1033101.0,Soldiner Straße,1300732.0,2019,6,9,6,3,3,6,0,0,0,0,1,0,0,797694.5379,5832873.169,13.39293,52.56429
1,1011401.0,Invalidenstraße,1100415.0,2019,6,17,5,2,2,6,0,0,0,0,0,0,0,797458.8939,5829358.004,13.38632,52.53291
3,3061227.0,Humannplatz,3601244.0,2019,6,8,5,3,5,3,0,1,0,0,0,0,0,799979.6171,5831084.82,13.42493,52.54701
1,1022106.0,Elberfelder Straße,1200522.0,2019,6,21,6,2,5,2,0,1,0,0,0,0,0,793677.3866,5828111.168,13.32963,52.52379
2,2010104.0,Wassertorplatz,2100106.0,2019,6,18,6,2,6,4,0,0,1,0,0,0,0,799560.0778,5825641.268,13.41386,52.49845
1,1044101.0,Rehberge,1400938.0,2019,6,13,1,3,1,5,0,1,0,0,0,0,0,794019.0199,5831277.951,13.33745,52.55199
8,8010117.0,Schillerpromenade,8100102.0,2019,6,12,1,3,3,6,0,1,0,0,0,0,0,800543.9811,5823346.857,13.42624,52.47734
11,11051330.0,Karlshorst West,11501339.0,2019,6,20,7,3,0,7,0,0,0,0,0,0,0,807329.7314,5825201.54,13.52755,52.49019
11,11040925.0,Victoriastadt,11400927.0,2019,6,16,7,3,3,6,0,1,0,0,0,0,0,803577.0645,5826408.68,13.47355,52.50311
3,3040818.0,Pankow Süd,3400830.0,2019,6,17,7,3,5,3,0,1,0,0,0,0,0,800077.0339,5832605.305,13.42774,52.56059
7,7010101.0,Wittenbergplatz/Viktoria-Luise-Platz,7100101.0,2019,6,19,7,3,5,3,0,1,0,0,0,0,0,794779.9884,5825688.517,13.34369,52.50148
11,11030721.0,Rüdigerstraße,11300722.0,2019,6,20,7,3,5,3,0,0,0,0,0,1,0,803849.6161,5828641.286,13.47959,52.52297
11,11040925.0,Victoriastadt,11400927.0,2019,6,21,7,3,0,1,1,1,0,0,0,0,0,803438.3148,5826586.783,13.47168,52.50478
1,1011302.0,Oranienburger Straße,1100309.0,2019,6,14,7,3,5,3,0,1,0,0,0,0,0,798137.0135,5828442.249,13.39547,52.52433
11,11040926.0,Weitlingstraße,11400929.0,2019,6,9,7,3,5,3,0,1,0,0,0,0,0,806127.402,5826692.213,13.51127,52.50422
3,3020209.0,Niederschönhausen,3200205.0,2019,6,18,6,3,0,7,0,0,0,0,0,1,0,798529.6238,5834865.875,13.40701,52.5817
8,8010301.0,Reuterkiez,8100312.0,2019,6,14,6,3,2,2,0,1,0,0,0,0,0,801451.1579,5823884.106,13.44004,52.48166
5,5010101.0,Hakenfelde Nord,5100103.0,2019,6,17,6,3,5,3,0,1,0,0,0,0,0,785974.282,5831370.339,13.21921,52.5571
5,5010311.0,Eiswerder,5100313.0,2019,6,16,6,2,1,5,0,1,0,0,0,0,0,785391.9325,5830557.463,13.20994,52.55012
6,6010208.0,Bergstraße,6100208.0,2019,6,16,6,2,3,6,0,1,0,0,0,0,0,794258.7934,5820834.525,13.33175,52.45824
2,2050803.0,Stralauer Kiez,2500835.0,2019,6,15,6,3,2,6,0,1,0,0,0,0,0,803095.5944,5826046.294,13.46615,52.50013
3,3051017.0,Rennbahnstraße,3501037.0,2019,6,13,6,3,1,5,0,1,0,0,0,0,0,802425.4349,5832979.443,13.46261,52.56264
1,1011303.0,Alexanderplatzviertel,1100310.0,2019,6,13,6,3,2,6,0,0,0,0,0,0,0,799723.777,5827470.28,13.41791,52.51475
3,3051021.0,Buschallee,3501038.0,2019,6,13,6,3,0,7,0,0,0,0,0,0,0,802840.5611,5832671.611,13.46844,52.55965
2,2040701.0,Andreasviertel,2400623.0,2019,6,20,6,3,1,5,1,1,0,0,0,1,0,800113.392,5827272.813,13.42346,52.51277
9,9041301.0,Kietzer Feld/Nachtheide,9401329.0,2019,6,19,6,3,3,6,0,0,0,0,0,1,0,811977.8239,5819600.797,13.59055,52.43736
10,10020517.0,Adele-Sandrock-Straße,10200524.0,2019,6,19,6,2,5,3,0,1,0,0,0,0,0,812477.9364,5830550.681,13.60815,52.5352
4,4051446.0,Preußenpark,4501043.0,2019,6,19,6,3,1,5,0,0,0,0,1,0,0,792402.3929,5825024.343,13.30818,52.4968
1,1033201.0,Brunnenstraße,1300834.0,2019,6,19,6,3,5,2,0,0,0,0,0,1,0,798507.8682,5830233.012,13.40252,52.54018
2,2020206.0,Graefekiez,2200213.0,2019,6,7,6,3,1,5,0,1,0,0,0,1,0,800173.1678,5824913.474,13.42221,52.49159
2,2050802.0,Boxhagener Platz,2500834.0,2019,6,23,6,2,0,1,2,0,0,0,0,1,0,802082.435,5827156.891,13.45228,52.51064
11,11020412.0,Hauptstraße,11200513.0,2019,6,7,6,2,5,2,0,1,0,0,0,0,0,805039.4318,5831492.936,13.49969,52.54786
9,9020602.0,Oberspree,9100409.0,2019,6,6,6,3,6,4,0,0,1,0,0,0,0,807422.2715,5820375.443,13.52446,52.44688
8,8010510.0,Gewerbegebiet Köllnische Heide,8100521.0,2019,6,13,6,3,5,3,0,1,0,0,0,0,0,803760.7238,5821804.904,13.47205,52.46174
1,1011303.0,Alexanderplatzviertel,1100310.0,2019,6,9,6,3,1,5,0,1,0,0,0,1,0,799127.6154,5828535.426,13.41011,52.52463
6,6030502.0,Zehlendorf Süd,6300525.0,2019,6,12,6,3,5,3,0,1,0,0,0,0,0,790291.6775,5814814.205,13.2683,52.40639
5,5040936.0,Jägerallee,5400943.0,2019,6,10,6,3,4,6,0,1,0,0,0,0,0,780565.0735,5819431.543,13.12957,52.45287
1,1011301.0,Charitéviertel,1100308.0,2019,6,11,6,3,6,4,0,0,1,0,0,0,0,796759.35,5829658.327,13.37631,52.53599
10,10040933.0,Mahlsdorf Süd,10400941.0,2019,6,9,6,3,5,3,0,1,0,0,0,0,0,812639.5978,5825271.268,13.60557,52.4878
9,9041501.0,Altstadt Kietz,9401534.0,2019,6,10,6,2,5,2,0,0,0,0,1,0,0,811359.0494,5820147.027,13.58199,52.44261
10,10040933.0,Mahlsdorf Süd,10400941.0,2019,6,9,6,3,5,3,0,1,0,0,0,0,0,812397.9908,5824300.815,13.60111,52.47924
1,1022204.0,Thomasiusstraße,1200626.0,2019,6,11,6,2,1,5,0,1,0,0,0,1,0,795008.2986,5828190.565,13.34926,52.52378
7,7030301.0,Friedenau,7300516.0,2019,6,13,5,3,4,6,0,1,0,0,0,0,0,794010.7499,5822557.936,13.32963,52.47383
1,1011101.0,Stülerstraße,1100101.0,2019,6,9,5,3,0,2,0,0,0,0,1,0,1,794582.0687,5826069.829,13.34112,52.505
1,1022203.0,Lübecker Straße,1200625.0,2019,6,9,5,3,0,1,0,0,0,0,0,0,1,795100.871,5828490.344,13.35089,52.52642
4,4030415.0,Schloßgarten,4300412.0,2019,6,8,5,3,2,2,0,1,0,0,0,0,1,790788.3612,5827382.0,13.28653,52.5188
2,2040701.0,Andreasviertel,2400623.0,2019,6,22,5,3,1,1,2,1,0,0,0,0,0,800942.249,5827121.251,13.4355,52.51095
2,2020206.0,Graefekiez,2200213.0,2019,6,23,5,3,0,3,1,0,0,1,0,0,0,799216.292,5824569.704,13.40785,52.48903
8,8041035.0,Blumenviertel,8401241.0,2019,6,7,5,3,5,3,0,1,0,0,0,0,0,803817.2599,5818828.564,13.47018,52.43503
1,1011301.0,Charitéviertel,1100308.0,2019,6,7,5,3,5,2,0,1,0,0,0,0,0,796894.1706,5828896.359,13.37761,52.52908
9,9020701.0,Adlershof West,9200715.0,2019,6,6,5,3,5,3,0,1,0,0,0,0,0,808808.9339,5819002.66,13.54353,52.4338
6,6040808.0,Hüttenweg,6400842.0,2019,6,23,5,1,0,1,2,0,0,0,0,0,0,789975.5042,5819789.372,13.26798,52.45116
1,1044102.0,Schillerpark,1400940.0,2019,6,8,5,3,5,3,0,1,0,0,0,0,1,795057.5563,5831479.296,13.35291,52.55323
9,9030901.0,Dorf Altglienicke,9300920.0,2019,6,8,5,2,5,2,0,1,0,0,0,0,1,807681.3886,5817730.987,13.52583,52.42304
2,2040703.0,Wriezener Bahnhof/Entwicklungsgebiet,2400625.0,2019,6,2,5,3,0,1,2,0,0,0,0,0,1,801122.4259,5826607.599,13.43768,52.50625
9,9020501.0,Oberschöneweide West,9200510.0,2019,6,7,5,3,5,3,0,1,0,0,0,0,0,806066.3474,5823414.898,13.50736,52.47489
4,4030724.0,Lietzensee,4300415.0,2019,6,13,5,3,5,7,0,1,0,0,0,0,0,790828.8834,5826359.841,13.28623,52.50961
2,2020205.0,Chamissokiez,2200211.0,2019,6,7,5,3,5,2,0,0,0,0,0,1,0,798127.4916,5824542.844,13.39183,52.48939
2,2040703.0,Wriezener Bahnhof/Entwicklungsgebiet,2400625.0,2019,6,17,5,3,5,5,0,1,0,0,0,0,0,801442.4418,5826397.186,13.44219,52.50419
3,3010101.0,Bucher Forst,3100101.0,2019,6,15,5,3,5,3,0,1,0,0,0,0,0,804139.263,5841911.784,13.49603,52.64174
4,4030931.0,Breitscheidplatz,4501042.0,2019,6,16,5,3,1,5,0,1,0,0,0,0,0,794498.7549,5825888.791,13.33974,52.50342
9,9020701.0,Adlershof West,9200715.0,2019,6,16,5,3,5,3,0,1,0,0,0,0,0,807922.3341,5819889.065,13.53135,52.44224
5,5020625.0,Borkumer Straße,5200629.0,2019,6,15,5,3,5,2,0,1,0,0,0,0,0,784453.4907,5828664.903,13.19452,52.53364
8,8010404.0,Rixdorf,8100417.0,2019,6,15,5,3,5,3,0,1,0,0,0,0,0,801999.3857,5823303.605,13.44756,52.47615
2,2030302.0,Lausitzer Platz,2300315.0,2019,6,19,5,3,2,5,0,1,0,0,0,0,0,800303.845,5825827.901,13.42495,52.49971
11,11051330.0,Karlshorst West,11501339.0,2019,6,11,4,3,5,2,0,1,0,0,0,0,0,807271.3787,5825411.435,13.52689,52.4921
8,8010404.0,Rixdorf,8100417.0,2019,6,8,4,3,1,5,0,1,0,0,0,0,0,802000.8727,5823314.615,13.4476,52.47625
4,4030724.0,Lietzensee,4300415.0,2019,6,16,4,3,6,4,0,0,1,0,0,0,0,790784.2734,5826169.737,13.28541,52.50793
1,1033102.0,Gesundbrunnen,1300733.0,2019,6,10,5,3,3,6,0,1,0,0,0,0,0,797023.4843,5831466.969,13.38181,52.55206
2,2030402.0,Wrangelkiez,2300419.0,2019,6,7,5,3,0,6,0,0,0,0,1,0,0,801963.6592,5825636.33,13.44915,52.49708
3,3040818.0,Pankow Süd,3400830.0,2019,6,15,4,2,1,5,0,1,0,0,0,0,0,798867.4946,5832398.711,13.40976,52.5594
6,6040809.0,Thielallee,6400843.0,2019,6,10,5,3,5,2,0,1,0,0,0,0,0,792176.1778,5820442.719,13.30084,52.45585
1,1011204.0,Leipziger Straße,1100207.0,2019,6,14,4,3,2,6,0,0,0,0,0,1,0,798345.6463,5827453.853,13.39765,52.51536
4,4030519.0,Kaiserin-Augusta-Allee,4300518.0,2019,6,14,4,3,5,2,0,1,0,0,0,0,0,792222.6675,5828623.635,13.3087,52.52916
4,4051652.0,Nikolsburger Platz,4501149.0,2019,6,13,4,3,5,5,0,1,0,0,0,0,0,793449.0679,5824323.281,13.32294,52.48995
1,1011401.0,Invalidenstraße,1100415.0,2019,6,13,4,2,0,2,0,1,0,0,0,0,0,798305.4323,5829373.286,13.39878,52.53259
2,2030301.0,Oranienplatz,2300314.0,2019,6,17,5,3,5,2,0,0,0,0,0,1,0,799704.0752,5826013.821,13.41631,52.50171
7,7010101.0,Wittenbergplatz/Viktoria-Luise-Platz,7100101.0,2019,6,12,4,3,5,2,0,1,0,0,0,0,0,794985.0787,5824900.244,13.346,52.4943
1,1011302.0,Oranienburger Straße,1100309.0,2019,6,20,4,3,3,6,1,1,0,0,0,0,0,798647.9889,5828488.561,13.40302,52.52447
9,9051901.0,Dammvorstadt,9501941.0,2019,6,9,5,3,1,1,0,1,0,0,0,0,1,810749.8831,5821396.986,13.57422,52.45416
2,2010102.0,Mehringplatz,2100102.0,2019,6,19,4,3,5,2,0,1,0,0,0,0,0,798713.3573,5826435.194,13.40213,52.50603
4,4031032.0,Halensee,4500938.0,2019,6,18,4,3,6,4,0,0,1,0,0,0,0,791083.3915,5824929.304,13.28872,52.49665
9,9020601.0,Schnellerstraße,9200613.0,2019,6,17,5,3,5,2,0,1,0,0,0,0,0,805833.5457,5821886.401,13.50254,52.46132
6,6040810.0,Dahlem,6400844.0,2019,6,17,4,3,5,2,0,1,0,0,0,0,0,790152.1911,5819783.649,13.27057,52.45102
1,1011301.0,Charitéviertel,1100308.0,2019,6,17,4,3,1,5,0,1,0,0,0,0,0,797113.2349,5829247.211,13.38114,52.53211
9,9010101.0,Elsenstraße,9100101.0,2019,6,9,4,3,2,6,0,1,0,0,0,0,0,802242.9308,5825199.27,13.45286,52.49301
4,4020310.0,Park Ruhwald,4200308.0,2019,6,15,5,3,0,2,0,1,0,0,0,0,0,788245.9272,5827790.604,13.24952,52.52381
2,2030302.0,Lausitzer Platz,2300315.0,2019,6,8,4,3,2,6,0,0,0,0,0,0,0,801069.5916,5826326.356,13.43665,52.50376
3,3061429.0,Greifswalder Straße,3601449.0,2019,6,8,5,3,0,1,0,0,0,0,0,0,1,801913.4694,5830916.313,13.45321,52.54443
1,1011303.0,Alexanderplatzviertel,1100310.0,2019,6,8,4,3,5,2,0,1,0,0,0,0,0,799235.8031,5828467.756,13.41164,52.52396
3,3010102.0,Buch,3100102.0,2019,6,8,4,3,5,3,0,1,0,0,0,0,0,804063.8289,5839911.95,13.49307,52.62386
2,2020206.0,Graefekiez,2200213.0,2019,6,14,4,3,0,3,0,0,0,0,0,0,1,799632.4793,5825054.91,13.41439,52.49315
1,1011301.0,Charitéviertel,1100308.0,2019,6,7,4,3,1,5,0,1,0,0,0,0,0,797039.33,5828402.712,13.3793,52.52458
3,3061430.0,Volkspark Prenzlauer Berg,3601450.0,2019,6,6,4,3,6,4,0,0,1,0,0,0,0,801953.9555,5829749.805,13.45274,52.53395
7,7040405.0,Rathaus Tempelhof,7400927.0,2019,6,12,4,2,5,3,0,0,0,0,0,1,0,798863.1603,5821766.238,13.40015,52.4641
1,1044202.0,Sparrplatz,1401046.0,2019,6,18,4,3,1,5,0,1,0,0,0,0,0,795662.4248,5830548.304,13.36097,52.54456
10,10010204.0,Wuhletalstraße,10100206.0,2019,6,17,4,3,5,3,0,1,0,0,0,0,0,810056.4193,5832605.828,13.57448,52.555
2,2010101.0,Askanischer Platz,2100101.0,2019,6,10,4,3,3,6,0,0,0,0,0,0,0,797149.6371,5826435.473,13.37916,52.50689
4,4051445.0,Eisenzahnstraße,4500939.0,2019,6,10,4,3,5,3,0,0,0,0,0,0,0,791946.6451,5824178.495,13.30074,52.48946
1,1011304.0,Karl-Marx-Allee,1100311.0,2019,6,18,4,3,0,7,0,0,0,0,0,0,0,799550.2668,5828083.718,13.41591,52.52035
1,1022201.0,Stephankiez,1200623.0,2019,6,10,3,3,5,2,0,1,0,0,0,0,0,795041.1803,5829166.323,13.35061,52.53251
5,5030833.0,Motardstraße,5300840.0,2019,6,8,4,3,5,2,0,1,0,0,0,0,0,789404.391,5828683.603,13.26732,52.5312
8,8010404.0,Rixdorf,8100417.0,2019,6,21,3,3,1,5,0,1,0,0,0,0,0,801446.1814,5823761.021,13.43986,52.48056
7,7060604.0,Marienfelde Süd,7601339.0,2019,6,7,4,3,1,5,0,1,0,0,0,0,0,795745.5602,5815157.115,13.34855,52.40655
7,7070704.0,Nahariyastraße,7601545.0,2019,6,13,3,3,5,2,0,1,0,0,0,0,0,800641.2479,5814140.639,13.41939,52.39477
10,10040933.0,Mahlsdorf Süd,10400941.0,2019,6,7,4,3,5,3,0,1,0,0,0,0,0,813174.7641,5825652.483,13.61378,52.49091
6,6040806.0,Fischtal,6400840.0,2019,6,7,4,3,5,3,0,0,0,0,0,0,0,788927.5468,5819640.604,13.25247,52.45038
12,12103117.0,Letteplatz,12100101.0,2019,6,13,3,3,5,3,0,1,0,0,0,0,0,795925.5955,5832888.91,13.36693,52.5654
5,5020417.0,Staakener Straße,5200420.0,2019,6,12,3,3,5,2,0,0,0,0,1,0,0,782825.6295,5828572.342,13.17051,52.53366
9,9020802.0,Köllnische Vorstadt,9200819.0,2019,6,7,4,2,5,2,0,1,0,0,0,0,0,810166.8813,5819568.605,13.56397,52.4381
10,10020622.0,Kaulsdorf Nord I,10200629.0,2019,6,11,3,2,3,6,0,0,0,0,0,1,0,810691.379,5827997.283,13.57951,52.51334
7,7040401.0,Neu-Tempelhof,7400721.0,2019,6,1,4,3,2,6,2,1,0,0,0,0,0,797306.9864,5823476.706,13.37883,52.48028
3,3051021.0,Buschallee,3501038.0,2019,6,7,4,3,0,7,0,0,0,0,0,0,0,802933.6883,5832275.027,13.46945,52.55604
8,8020625.0,Handwerker-Siedlung,8200730.0,2019,6,16,4,3,5,2,0,0,0,0,0,1,0,801545.417,5819189.846,13.43719,52.43953
2,2010103.0,Moritzplatz,2100104.0,2019,6,16,4,3,5,3,0,1,0,0,0,0,0,799402.3208,5825915.846,13.41179,52.501
2,2020204.0,Urbanstraße,2200210.0,2019,6,8,3,3,5,2,0,1,0,0,0,0,0,798490.6547,5825224.92,13.39778,52.4953
7,7020202.0,Volkspark (Rudolf-Wilde-Park),7200308.0,2019,6,15,4,3,1,5,0,1,0,0,0,0,0,794566.9344,5823418.705,13.33855,52.48124
3,3050920.0,Weißer See,3500933.0,2019,6,8,3,3,5,3,0,1,0,0,0,0,0,802037.8121,5832161.649,13.45617,52.55552
2,2020205.0,Chamissokiez,2200211.0,2019,6,8,3,3,5,2,0,0,0,0,0,0,0,798500.5236,5824510.45,13.39728,52.48889
1,1011304.0,Karl-Marx-Allee,1100311.0,2019,6,19,3,3,5,2,0,1,0,0,0,0,0,799989.895,5828081.402,13.42237,52.52008
1,1011401.0,Invalidenstraße,1100415.0,2019,6,8,3,3,0,1,0,0,0,0,0,0,0,798324.646,5829352.359,13.39904,52.53239
1,1033102.0,Gesundbrunnen,1300733.0,2019,6,15,4,3,1,5,0,1,0,0,0,0,0,797252.0062,5831542.797,13.38523,52.55261
1,1011401.0,Invalidenstraße,1100415.0,2019,6,8,3,3,0,1,0,0,0,0,0,0,0,798325.3261,5829351.2,13.39905,52.53238
8,8020620.0,Tempelhofer Weg,8200624.0,2019,6,11,4,3,3,2,0,1,0,0,0,0,0,800593.9436,5821187.163,13.42503,52.45796
8,8020619.0,Buschkrugallee Nord,8200623.0,2019,6,18,3,3,5,2,0,0,0,0,0,1,0,802460.6095,5820696.871,13.45197,52.45253
4,4030931.0,Breitscheidplatz,4501042.0,2019,6,12,4,3,2,6,0,1,0,0,0,0,0,793920.6279,5825688.625,13.33107,52.50194
2,2010102.0,Mehringplatz,2100102.0,2019,6,18,3,3,5,2,0,1,0,0,0,0,0,798179.9327,5826506.461,13.39436,52.50696
2,2040502.0,Friedenstraße,2400521.0,2019,6,18,3,3,5,2,0,0,0,0,1,0,0,801247.5829,5827816.857,13.44061,52.51702
9,9020601.0,Schnellerstraße,9200613.0,2019,6,18,3,2,5,2,0,1,0,0,0,0,0,806880.0161,5821188.45,13.51726,52.45447
9,9020602.0,Oberspree,9100409.0,2019,6,10,4,3,5,3,0,1,0,0,0,0,0,808401.6536,5820867.723,13.53928,52.45074
1,1011203.0,Unter den Linden Süd,1100206.0,2019,6,17,3,2,5,7,0,1,0,0,0,0,0,797608.0418,5827117.875,13.38651,52.51275
10,10030724.0,Oberfeldstraße,10300731.0,2019,6,13,3,3,5,3,0,1,0,0,0,0,0,809663.6249,5829684.518,13.56599,52.52904
9,9041403.0,Allende II,9401433.0,2019,6,16,3,2,5,3,0,0,0,0,1,0,0,812470.0516,5819772.416,13.59793,52.43862
1,1011306.0,Heine-Viertel Ost,1100313.0,2019,6,9,4,3,5,3,0,0,0,1,0,0,0,800083.4125,5826461.503,13.42228,52.50551
7,7040403.0,Manteuffelstraße,7400824.0,2019,6,16,3,3,0,2,0,1,0,0,0,0,0,797313.522,5822178.051,13.37777,52.46863
3,3061126.0,Arnimplatz,3601141.0,2019,6,15,3,2,0,1,0,0,0,0,0,0,0,798517.0511,5831468.954,13.40377,52.55126
3,3040614.0,Pankow Zentrum,3400724.0,2019,6,10,3,3,5,3,0,1,0,0,0,0,0,798851.9797,5834892.114,13.41178,52.58176
2,2010104.0,Wassertorplatz,2100106.0,2019,6,16,3,3,6,7,0,0,1,0,0,0,0,798999.9975,5825433.209,13.40545,52.49689
5,5020625.0,Borkumer Straße,5200629.0,2019,6,14,3,3,5,3,0,1,0,0,0,0,0,784441.0796,5828682.406,13.19435,52.53381
7,7040405.0,Rathaus Tempelhof,7400927.0,2019,6,11,3,3,1,5,0,1,0,0,0,0,0,798010.1863,5821324.224,13.38724,52.4606
4,4030623.0,Ernst-Reuter-Platz,4300622.0,2019,6,7,3,2,1,5,0,1,0,0,0,0,0,793541.9053,5826334.032,13.32607,52.50793
2,2010103.0,Moritzplatz,2100104.0,2019,6,18,3,3,5,2,0,1,0,0,0,0,0,799233.6531,5826240.415,13.4096,52.504
2,2010103.0,Moritzplatz,2100104.0,2019,6,19,2,3,5,2,0,0,0,1,0,0,0,799331.0758,5826223.943,13.41102,52.5038
4,4030931.0,Breitscheidplatz,4501042.0,2019,6,15,3,3,0,4,0,0,1,0,0,0,0,794149.17,5825692.267,13.33443,52.50185
4,4051655.0,Babelsberger Straße,4501153.0,2019,6,9,3,3,5,3,0,0,0,0,0,0,0,793939.6625,5823394.215,13.32932,52.48136
4,4030827.0,Karl-August-Platz,4300623.0,2019,6,15,2,3,3,2,0,0,0,0,0,1,0,792532.8085,5826371.279,13.31128,52.50881
3,3061227.0,Humannplatz,3601244.0,2019,6,15,3,3,6,4,0,0,1,0,0,0,0,800192.7476,5831612.991,13.42854,52.55163
1,1044202.0,Sparrplatz,1401046.0,2019,6,18,2,3,6,4,0,0,1,0,0,0,0,795409.1368,5830588.371,13.35728,52.54506
6,6010206.0,Stadtpark,6100206.0,2019,6,18,2,3,5,2,0,1,0,0,0,0,0,794546.1698,5820084.092,13.3353,52.45136
12,12301206.0,Lübars,12500929.0,2019,6,14,2,3,5,3,0,0,0,0,0,1,0,793845.0796,5838392.601,13.3412,52.61586
5,5010101.0,Hakenfelde Nord,5100103.0,2019,6,16,2,3,5,3,0,1,0,0,0,0,0,784401.435,5831930.035,13.19655,52.56295
8,8010404.0,Rixdorf,8100417.0,2019,6,20,3,3,1,5,1,1,0,0,0,0,0,801491.6164,5823429.722,13.44022,52.47756
3,3030405.0,Karow Nord,3300411.0,2019,6,16,2,2,5,3,0,0,0,0,0,0,0,804457.0452,5838459.256,13.49753,52.61062
1,1044101.0,Rehberge,1400938.0,2019,6,17,2,3,5,2,0,1,0,0,0,0,0,794021.4369,5830177.358,13.33651,52.54212
6,6020305.0,Gemeindepark Lankwitz,6200315.0,2019,6,16,3,3,5,7,0,0,0,0,0,0,0,795583.1429,5817599.582,13.34832,52.42853
7,7070705.0,Franziusweg/Rohrbachstraße,7601546.0,2019,6,18,2,3,5,5,0,1,0,0,0,0,0,798101.3212,5814239.286,13.38226,52.39704
10,10010207.0,Marzahner Promenade,10100210.0,2019,6,17,2,3,4,6,0,0,0,0,0,0,0,809461.9812,5831454.051,13.56467,52.54502
1,1022205.0,Zillesiedlung,1200627.0,2019,6,16,3,3,0,6,0,0,0,0,0,1,0,795994.3719,5828615.528,13.36413,52.52706
11,11020514.0,Große-Leege-Straße,11200513.0,2019,6,15,3,3,3,6,0,1,0,0,0,0,0,804315.4737,5830621.774,13.48825,52.54046
1,1044202.0,Sparrplatz,1401046.0,2019,6,8,2,3,5,2,0,0,0,0,0,1,0,795524.0115,5830731.603,13.3591,52.54628
10,10030726.0,Alt-Biesdorf,10300733.0,2019,6,15,3,3,5,2,0,1,0,0,0,0,0,809226.209,5827219.354,13.55727,52.5072
1,1033102.0,Gesundbrunnen,1300733.0,2019,6,15,3,2,0,1,0,0,0,0,0,0,0,797735.4481,5831867.135,13.39263,52.55525
1,1011305.0,Heine-Viertel West,1100312.0,2019,6,15,2,3,5,2,0,1,0,0,0,0,0,799687.1707,5827210.076,13.41714,52.51244
12,12214421.0,Reinickes Hof,12200307.0,2019,6,8,2,3,5,2,0,1,0,0,0,0,0,793019.0701,5833869.434,13.32504,52.57576
3,3050919.0,Gustav-Adolf-Straße,3500932.0,2019,6,6,2,3,5,2,0,0,0,0,0,1,0,801861.0983,5832889.949,13.45423,52.56215
3,3061332.0,Helmholtzplatz,3601346.0,2019,6,7,2,3,2,7,0,0,0,0,0,1,0,800022.6212,5830693.078,13.42521,52.54348
11,11030618.0,Fennpfuhl West,11300617.0,2019,6,19,3,3,5,3,0,0,0,0,0,0,0,803154.3449,5829566.188,13.47022,52.53164
2,2010103.0,Moritzplatz,2100104.0,2019,6,18,3,3,2,6,0,1,0,0,0,0,0,799506.2926,5826130.621,13.41351,52.50286
12,12214527.0,Alt-Tegel,12200515.0,2019,6,18,3,3,2,2,0,1,0,0,0,0,0,789906.282,5835707.892,13.28084,52.59391
8,8010301.0,Reuterkiez,8100312.0,2019,6,21,2,3,3,6,2,1,0,0,0,0,0,800611.513,5825122.352,13.42883,52.49322
3,3040614.0,Pankow Zentrum,3400724.0,2019,6,11,2,3,5,3,0,1,0,0,0,0,0,798043.869,5833451.403,13.39859,52.56929
1,1022204.0,Thomasiusstraße,1200626.0,2019,6,17,3,3,5,3,0,0,0,0,0,0,0,794544.9314,5828182.34,13.34244,52.52396
6,6040804.0,Krumme Lanke,6400838.0,2019,6,11,3,3,5,3,0,1,0,0,0,0,0,787672.6609,5819217.977,13.23369,52.44726
9,9041301.0,Kietzer Feld/Nachtheide,9401329.0,2019,6,10,2,3,5,3,0,1,0,0,0,0,0,811761.802,5819770.843,13.58754,52.43901
7,7040403.0,Manteuffelstraße,7400824.0,2019,6,10,2,3,1,5,0,1,0,0,0,0,0,797685.1938,5821869.442,13.38295,52.46566
4,4030931.0,Breitscheidplatz,4501042.0,2019,6,10,3,3,1,5,0,1,0,0,0,0,0,794386.2436,5825702.206,13.33792,52.50181
2,2010101.0,Askanischer Platz,2100101.0,2019,6,9,3,3,3,6,0,0,0,1,0,0,0,797616.3747,5826425.903,13.38601,52.50655
1,1044102.0,Schillerpark,1400940.0,2019,6,9,2,2,5,2,0,1,0,0,0,0,0,794911.45,5832042.045,13.35126,52.55836