district,LOR,street,LOR_2021,year,month,hour,weekday,category,accident_kind,accident_type,light_condition,car,pedestrian,motorcycle,goods_vehicle,others,road_condition,LINREFX,LINREFY,XGCSWGS84,YGCSWGS84
12,12302212.0,Rollbergesiedlung,12601032.0,2019,6,9,3,3,5,2,0,1,0,0,0,0,0,792598.2661,5837379.876,13.32195,52.60746
9,9051901.0,Dammvorstadt,9501941.0,2019,6,8,2,2,5,2,0,1,0,0,0,0,0,811159.9841,5821574.045,13.5804,52.45551
10,10040830.0,Kaulsdorf Süd,10400837.0,2019,6,16,3,3,5,3,0,1,0,0,0,0,0,810980.5632,5824874.626,13.58084,52.48519
9,9020501.0,Oberschöneweide West,9200510.0,2019,6,8,2,3,0,6,0,0,0,0,1,0,0,806246.7166,5822191.783,13.50889,52.46382
1,1011306.0,Heine-Viertel Ost,1100313.0,2019,6,16,3,3,3,6,0,1,0,0,0,0,0,800057.9585,5826900.76,13.42231,52.50946
2,2010101.0,Askanischer Platz,2100101.0,2019,6,9,3,3,5,2,0,1,0,0,0,0,0,797226.4179,5826349.09,13.38021,52.50607
4,4031032.0,Halensee,4500938.0,2019,6,9,1,3,5,2,0,1,0,0,0,0,0,791635.0307,5824511.708,13.29646,52.49262
9,9041501.0,Altstadt Kietz,9401534.0,2019,6,16,3,3,1,5,0,1,0,0,0,1,0,811301.9172,5820201.614,13.5812,52.44313
2,2010103.0,Moritzplatz,2100104.0,2019,6,8,3,3,5,2,0,0,0,0,0,1,0,799328.0174,5826226.817,13.41098,52.50382
8,8010301.0,Reuterkiez,8100312.0,2019,6,22,1,3,1,5,1,1,0,0,0,0,0,801648.5582,5824159.047,13.44319,52.48401
1,1022106.0,Elberfelder Straße,1200522.0,2019,6,8,3,3,5,2,0,1,0,0,0,0,0,793687.6773,5828003.362,13.32969,52.52282
1,1044101.0,Rehberge,1400938.0,2019,6,21,1,3,1,5,1,1,0,0,0,1,0,793826.042,5830715.717,13.33412,52.54706
10,10030724.0,Oberfeldstraße,10300731.0,2019,6,19,1,3,5,7,0,1,0,0,0,0,0,809029.6722,5828440.77,13.55551,52.51826
9,9041301.0,Kietzer Feld/Nachtheide,9401329.0,2019,6,7,3,3,5,3,0,1,0,0,0,0,0,811766.9243,5818272.864,13.58622,52.42558
7,7020204.0,Schöneberger Insel,7200413.0,2019,6,17,1,3,1,5,0,1,0,0,0,0,0,796303.0781,5824279.819,13.36481,52.48802
7,7040401.0,Neu-Tempelhof,7400721.0,2019,6,17,1,3,1,5,0,1,0,0,0,0,0,797207.536,5822598.731,13.37659,52.47246
3,3030711.0,Blankenburg,3300514.0,2019,6,7,3,3,5,2,0,1,0,0,0,0,0,801604.5702,5836127.615,13.45341,52.59131
5,5010310.0,Eckschanze,5100312.0,2019,6,6,3,3,5,3,0,1,0,0,0,0,0,784584.5525,5830691.056,13.19818,52.55174
9,9010101.0,Elsenstraße,9100101.0,2019,6,14,1,3,2,7,0,1,0,0,0,0,0,802292.3094,5825488.591,13.45385,52.49557
6,6040703.0,Nikolassee,6400737.0,2019,6,14,1,3,5,3,0,1,0,0,0,0,0,785886.5933,5817772.064,13.20625,52.43523
2,2020204.0,Urbanstraße,2200210.0,2019,7,19,5,2,5,2,0,1,0,0,0,0,0,798697.5747,5824672.444,13.40032,52.49024
1,1044101.0,Rehberge,1400938.0,2019,7,18,5,3,6,7,0,0,1,0,0,0,0,794529.1173,5831556.882,13.3452,52.55422
9,9051702.0,Bölschestraße,9501737.0,2019,7,17,5,2,5,3,0,1,0,0,0,0,0,814606.3219,5821936.317,13.63129,52.45678
2,2030302.0,Lausitzer Platz,2300315.0,2019,7,17,5,3,5,2,0,1,0,0,0,0,0,801431.1335,5826069.115,13.44172,52.50125
1,1011302.0,Oranienburger Straße,1100309.0,2019,7,16,5,2,0,4,0,0,1,0,0,0,0,798204.9621,5828918.517,13.39689,52.52857
3,3010102.0,Buch,3100102.0,2019,7,16,5,2,5,3,0,1,0,0,0,0,0,804507.7048,5841274.482,13.50087,52.63582
10,10030727.0,Biesdorf Süd,10300734.0,2019,7,13,5,3,1,5,0,1,0,0,0,0,0,809296.2736,5826661.709,13.55778,52.50216
2,2040701.0,Andreasviertel,2400623.0,2019,7,8,5,2,5,3,0,1,0,0,0,0,0,800294.3344,5827628.217,13.42643,52.51585
1,1011306.0,Heine-Viertel Ost,1100313.0,2019,7,7,5,3,5,2,0,1,0,0,0,0,0,800020.2375,5826468.064,13.42136,52.50561
4,4031032.0,Halensee,4500938.0,2019,7,7,5,3,5,3,0,1,0,0,0,0,0,791180.4039,5824998.36,13.29021,52.49722
1,1011202.0,Unter den Linden Nord,1100206.0,2019,7,7,5,3,3,6,0,1,0,0,0,0,0,797934.0859,5827934.106,13.39203,52.51989
4,4030623.0,Ernst-Reuter-Platz,4300622.0,2019,7,9,4,3,6,7,0,0,0,0,0,1,0,793700.1306,5826365.047,13.32842,52.50812
3,3010101.0,Bucher Forst,3100101.0,2019,7,20,4,3,6,7,0,0,1,0,0,0,0,803951.168,5841333.789,13.49272,52.63667
2,2030401.0,Reichenberger Straße,2300418.0,2019,7,19,4,2,5,3,0,1,0,0,0,0,0,800771.8041,5825611.272,13.43163,52.49751
1,1011204.0,Leipziger Straße,1100207.0,2019,7,17,4,3,5,2,0,1,0,0,0,0,0,798770.3467,5827484.833,13.40391,52.51541
1,1011305.0,Heine-Viertel West,1100312.0,2019,7,17,4,3,5,2,0,1,0,0,0,0,0,799646.4127,5827049.332,13.41639,52.51102
2,2040701.0,Andreasviertel,2400623.0,2019,7,16,4,3,3,6,0,1,0,0,0,0,0,800639.7013,5827357.64,13.43126,52.51324
4,4020209.0,Eichkamp,4200207.0,2019,7,15,4,2,0,1,0,0,0,0,0,0,0,789228.0211,5824032.093,13.26069,52.4896
10,10010308.0,Marzahner Chaussee,10100311.0,2019,7,14,4,3,5,2,0,0,0,0,0,1,0,806629.2438,5830238.623,13.52191,52.53573
9,9041601.0,Müggelheim,9401635.0,2019,7,9,4,3,2,6,0,0,0,0,0,0,0,819343.831,5818461.071,13.69746,52.4229
4,4030931.0,Breitscheidplatz,4501042.0,2019,7,11,4,3,5,5,0,1,0,0,0,0,0,793913.867,5825509.13,13.33081,52.50033
1,1011201.0,Wilhelmstraße,1100205.0,2019,7,10,4,3,5,2,0,1,0,0,0,0,0,797304.0478,5827235.514,13.38215,52.51397
1,1033102.0,Gesundbrunnen,1300733.0,2019,7,7,4,3,1,5,0,1,0,0,0,0,0,797087.4865,5831427.362,13.38271,52.55167
2,2010101.0,Askanischer Platz,2100101.0,2019,7,9,4,3,6,7,0,0,1,0,0,0,0,797213.8106,5826363.235,13.38004,52.5062
1,1033203.0,Humboldthain Nordwest,1300836.0,2019,7,9,4,3,5,3,0,0,0,0,1,0,0,796934.9393,5830171.942,13.37935,52.5405
9,9010202.0,Köpenicker Landstraße,9100203.0,2019,7,9,4,3,0,1,0,0,0,0,0,0,0,804146.0077,5822931.722,13.47873,52.47163
11,11020514.0,Große-Leege-Straße,11200513.0,2019,7,9,4,3,5,2,0,1,0,0,0,0,0,804149.5249,5830425.119,13.48563,52.53879
11,11030721.0,Rüdigerstraße,11300722.0,2019,7,15,4,3,1,5,0,1,0,0,0,0,0,804218.087,5828419.924,13.4848,52.52078
5,5010207.0,Darbystraße,5100209.0,2019,7,15,4,3,0,2,0,1,0,0,0,0,0,783579.2577,5830206.824,13.18298,52.54792
4,4030931.0,Breitscheidplatz,4501042.0,2019,7,14,4,3,5,2,0,1,0,0,0,0,0,793918.8992,5825642.459,13.331,52.50153
9,9030901.0,Dorf Altglienicke,9300920.0,2019,7,8,4,3,5,2,0,1,0,0,0,0,0,807684.3758,5817719.645,13.52586,52.42293
3,3020307.0,Buchholz,3200308.0,2019,7,7,4,3,0,1,0,0,0,0,0,0,0,800084.5108,5837521.357,13.4323,52.60464
9,9020701.0,Adlershof West,9200715.0,2019,7,7,4,3,5,3,0,0,0,1,0,0,0,808503.4308,5818725.839,13.5388,52.43149
6,6030504.0,Teltower Damm,6300528.0,2019,7,14,4,3,5,3,0,1,0,0,0,0,0,790189.1772,5815243.828,13.26717,52.4103
2,2040503.0,Richard-Sorge-Viertel,2400522.0,2019,7,15,4,3,3,6,0,1,0,0,0,0,0,801457.0986,5828047.338,13.4439,52.51897
1,1011301.0,Charitéviertel,1100308.0,2019,7,13,4,3,1,5,0,1,0,0,0,0,0,797041.1687,5828391.83,13.37932,52.52448
4,4030827.0,Karl-August-Platz,4300623.0,2019,7,13,4,3,5,7,0,1,0,0,0,0,0,792219.4072,5826491.161,13.30678,52.51005
4,4030827.0,Karl-August-Platz,4300623.0,2019,7,12,4,3,3,6,0,1,0,0,0,0,0,792727.8354,5826153.624,13.31395,52.50675
4,4051446.0,Preußenpark,4501043.0,2019,7,8,3,3,0,7,0,0,0,0,0,0,1,792813.0537,5824367.052,13.31363,52.49069
11,11051331.0,Karlshorst Nord,11501340.0,2019,7,19,3,3,5,3,0,0,0,0,0,1,0,807974.2171,5823866.32,13.53578,52.47786
4,4030623.0,Ernst-Reuter-Platz,4300622.0,2019,7,15,3,3,5,3,0,1,0,0,0,0,0,792901.3879,5826967.897,13.31722,52.51396
4,4051448.0,Schaperstraße,4501045.0,2019,7,14,3,3,6,7,0,0,1,0,0,0,0,793786.8387,5825471.707,13.32891,52.50007
1,1011301.0,Charitéviertel,1100308.0,2019,7,19,3,3,3,6,0,0,1,0,0,1,0,797375.4716,5828942.172,13.38472,52.52923
6,6040703.0,Nikolassee,6400737.0,2019,7,18,3,3,5,3,0,1,0,0,0,0,0,785940.9215,5817242.414,13.20659,52.43045
7,7010104.0,Dennewitzplatz,7100205.0,2019,7,18,3,2,0,7,0,0,1,0,0,0,0,796554.6112,5824856.564,13.36902,52.49306
2,2040701.0,Andreasviertel,2400623.0,2019,7,12,3,3,6,4,0,0,1,0,0,0,0,801208.0931,5827484.466,13.43973,52.51406
8,8020728.0,Buckow Ost,8200833.0,2019,7,17,3,3,0,3,0,1,0,0,0,0,0,802275.8121,5816644.396,13.4456,52.41631
9,9020601.0,Schnellerstraße,9200613.0,2019,7,17,3,3,0,1,0,1,0,0,0,0,0,806478.4345,5821587.403,13.51173,52.45828
6,6040807.0,Zehlendorf Eiche,6400841.0,2019,7,17,3,2,1,5,0,0,0,0,0,1,0,789956.3449,5819061.721,13.26707,52.44465
4,4041240.0,Messelpark,4400831.0,2019,7,17,3,3,5,3,0,1,0,0,0,0,0,790738.3293,5822655.659,13.28167,52.47645
11,11020514.0,Große-Leege-Straße,11200513.0,2019,7,15,3,3,6,4,0,0,1,0,0,0,0,804348.3128,5830822.158,13.48892,52.54223
2,2050803.0,Stralauer Kiez,2500835.0,2019,7,16,3,3,5,2,0,1,0,0,0,0,0,802037.559,5826153.006,13.45071,52.50167
8,8030829.0,Gropiusstadt Nord,8300934.0,2019,7,16,3,3,5,3,0,1,0,0,0,0,0,802968.2058,5818341.672,13.45728,52.43114
1,1033102.0,Gesundbrunnen,1300733.0,2019,7,16,3,3,1,5,0,1,0,0,0,0,0,798013.91,5831379.05,13.39629,52.55073
1,1044103.0,Westliche Müllerstraße,1400942.0,2019,7,16,3,3,5,3,0,1,0,0,0,0,0,794748.182,5830415.036,13.34741,52.54386
4,4051446.0,Preußenpark,4501043.0,2019,7,10,3,3,5,2,0,1,0,0,0,0,0,792849.3247,5824354.897,13.31416,52.49056
8,8020625.0,Handwerker-Siedlung,8200730.0,2019,7,10,3,3,5,2,0,1,0,0,0,0,0,801385.4097,5819265.642,13.43491,52.4403
12,12103220.0,Humboldtstraße,12100206.0,2019,7,7,4,2,2,6,0,1,0,0,0,0,0,794365.3097,5833745.401,13.34474,52.57392
1,1011104.0,Körnerstraße,1100104.0,2019,7,9,3,3,5,7,0,1,0,0,0,0,0,796261.974,5825958.406,13.3657,52.50309
10,10030726.0,Alt-Biesdorf,10300733.0,2019,7,7,4,2,5,3,0,1,0,0,0,0,0,809546.6389,5827716.505,13.56244,52.51147
12,12214126.0,Tegel Süd,12200413.0,2019,7,6,3,3,5,3,0,1,0,0,0,0,0,790795.4894,5834062.953,13.29249,52.57869
8,8010117.0,Schillerpromenade,8100102.0,2019,7,15,4,2,5,2,0,1,0,0,0,0,0,800175.464,5823650.664,13.4211,52.48027
1,1011204.0,Leipziger Straße,1100207.0,2019,7,15,2,3,6,4,0,0,1,0,0,0,0,797836.5496,5826975.183,13.38974,52.51135
7,7040405.0,Rathaus Tempelhof,7400927.0,2019,7,18,2,3,0,7,0,1,0,0,0,0,0,797948.9167,5821417.282,13.38642,52.46147
1,1033203.0,Humboldthain Nordwest,1300836.0,2019,7,19,4,3,6,4,0,0,1,0,0,0,0,796558.8264,5830997.568,13.37455,52.5481
2,2040703.0,Wriezener Bahnhof/Entwicklungsgebiet,2400625.0,2019,7,19,2,2,5,2,0,1,0,0,0,0,0,801753.6763,5826263.57,13.44664,52.50282
4,4030827.0,Karl-August-Platz,4300623.0,2019,7,17,4,1,2,2,0,1,0,0,0,0,0,792405.9224,5826526.158,13.30955,52.51026
11,11020515.0,Landsberger Allee,11200514.0,2019,7,22,3,3,0,1,2,0,0,0,0,0,0,803372.6562,5830090.726,13.47391,52.53622
3,3040818.0,Pankow Süd,3400830.0,2019,7,19,2,3,4,2,0,1,0,0,0,0,0,798839.9365,5832388.229,13.40935,52.55932
9,9010402.0,Johannisthal Ost,9100409.0,2019,7,14,3,3,0,1,0,0,0,0,0,0,0,806321.4359,5819658.861,13.50766,52.44108
8,8020622.0,Parchimer Allee,8200727.0,2019,7,18,3,3,5,2,0,1,0,0,0,0,0,801318.6532,5819557.922,13.43419,52.44295
2,2030301.0,Oranienplatz,2300314.0,2019,7,17,3,3,1,5,0,1,0,0,0,0,0,799849.625,5826001.43,13.41843,52.50152
6,6010101.0,Fichtenberg,6100101.0,2019,7,11,2,3,5,3,0,1,0,0,0,0,0,793380.3253,5820364.996,13.31844,52.45451
5,5020626.0,Adamstraße,5200631.0,2019,7,17,3,3,1,5,0,1,0,0,0,0,0,784728.5925,5827275.497,13.19738,52.52104
11,11041128.0,Sewanstraße,11401135.0,2019,7,10,2,2,5,2,0,0,0,0,0,1,0,806032.4971,5825652.903,13.50892,52.49496
6,6040703.0,Nikolassee,6400737.0,2019,7,14,3,3,5,3,0,0,0,0,1,0,0,784846.0772,5817638.602,13.19087,52.43458
8,8010301.0,Reuterkiez,8100312.0,2019,7,16,2,3,1,5,0,1,0,0,0,0,0,801602.1664,5824093.763,13.44245,52.48345
4,4020312.0,Branitzer Platz,4200308.0,2019,7,11,3,3,5,3,0,1,0,0,0,0,0,789629.9728,5827415.727,13.26954,52.51972
1,1011304.0,Karl-Marx-Allee,1100311.0,2019,7,9,2,2,5,3,0,1,0,0,0,0,0,799718.8372,5827562.517,13.41792,52.51558
4,4041343.0,Binger Straße,4400834.0,2019,7,8,2,3,1,5,0,0,0,0,0,1,0,792636.4281,5822775.056,13.30964,52.47651
1,1011301.0,Charitéviertel,1100308.0,2019,7,8,3,3,0,2,0,0,0,1,0,0,0,797418.3709,5828891.967,13.38531,52.52876
7,7070704.0,Nahariyastraße,7601545.0,2019,7,8,3,2,5,3,0,1,0,0,0,0,0,800683.4432,5813934.666,13.41982,52.3929
4,4041344.0,Rüdesheimer Platz,4400835.0,2019,7,7,2,3,0,3,0,1,0,0,0,0,0,792892.4566,5822847.589,13.31346,52.47702
4,4030931.0,Breitscheidplatz,4501042.0,2019,7,1,2,2,1,5,2,1,0,0,0,0,0,793793.8249,5825851.068,13.32935,52.50346
7,7010102.0,Nollendorfplatz,7100103.0,2019,7,19,3,2,5,2,0,1,0,0,0,0,0,795075.3785,5825803.539,13.34813,52.50235
4,4030417.0,Schloßstraße,4300414.0,2019,7,13,2,3,5,2,0,1,0,0,0,0,0,791183.6779,5826476.599,13.29155,52.51047
4,4030623.0,Ernst-Reuter-Platz,4300622.0,2019,6,3,1,2,0,7,2,0,0,0,0,0,0,793158.133,5827434.97,13.3214,52.51801
2,2020206.0,Graefekiez,2200213.0,2019,6,22,1,2,0,7,2,0,0,0,0,0,0,799601.1341,5824503.216,13.41344,52.48822
2,2030301.0,Oranienplatz,2300314.0,2019,7,10,2,3,3,6,0,0,0,0,0,0,0,799955.6547,5825745.245,13.41976,52.49916
10,10020413.0,Gut Hellersdorf,10200418.0,2019,6,19,1,3,5,2,0,1,0,0,0,0,0,811146.4761,5831554.512,13.58952,52.54496
9,9041301.0,Kietzer Feld/Nachtheide,9401329.0,2019,7,9,2,3,5,3,0,1,0,0,0,0,0,811469.4916,5819215.162,13.58274,52.4342
2,2010103.0,Moritzplatz,2100104.0,2019,6,19,1,3,5,2,0,1,0,0,0,0,0,798928.8119,5826354.028,13.40523,52.50518
3,3020307.0,Buchholz,3200308.0,2019,6,16,1,3,5,3,0,1,0,0,0,0,0,799820.3778,5839323.761,13.43004,52.62095
1,1011305.0,Heine-Viertel West,1100312.0,2019,7,8,2,3,1,5,0,1,0,0,0,0,0,799418.4389,5827294.228,13.41326,52.51334
8,8010404.0,Rixdorf,8100417.0,2019,6,15,1,2,5,3,0,1,0,0,0,0,0,801850.273,5823048.387,13.44514,52.47395
8,8010213.0,Körnerpark,8100208.0,2019,7,6,2,3,5,3,0,1,0,0,0,0,0,801443.2959,5822513.521,13.43869,52.46938
4,4030827.0,Karl-August-Platz,4300623.0,2019,6,9,1,3,1,5,0,1,0,0,0,0,0,792731.9769,5826231.614,13.31408,52.50745
2,2010102.0,Mehringplatz,2100102.0,2019,7,18,2,3,6,4,0,0,1,0,0,0,0,798368.6026,5826331.871,13.39698,52.50529
7,7010104.0,Dennewitzplatz,7100205.0,2019,7,16,2,3,5,2,0,1,0,0,0,0,1,796154.7725,5824372.783,13.36271,52.48894
8,8030831.0,Gropiusstadt Ost,8301036.0,2019,6,12,1,3,5,7,0,1,0,0,0,0,0,803474.136,5817722.003,13.46414,52.42531
3,3040513.0,Schönholz,3400620.0,2019,7,15,2,3,5,2,0,1,0,0,0,0,0,796755.7147,5834013.366,13.38015,52.57503
2,2030301.0,Oranienplatz,2300314.0,2019,6,11,1,3,2,2,0,1,0,0,0,0,0,799900.5797,5825981.665,13.41917,52.50131
3,3050923.0,Weißenseer Spitze,3500934.0,2019,6,11,1,3,3,6,0,1,0,0,0,0,0,800658.303,5831907.518,13.43565,52.55401
10,10030724.0,Oberfeldstraße,10300731.0,2019,6,10,1,3,5,3,0,1,0,0,0,0,0,809009.1675,5828147.121,13.55494,52.51564
10,10040830.0,Kaulsdorf Süd,10400837.0,2019,7,14,2,3,5,2,0,1,0,0,0,0,0,810594.7828,5825410.463,13.57568,52.49021
4,4051445.0,Eisenzahnstraße,4500939.0,2019,6,9,1,3,1,5,0,1,0,0,0,0,0,792654.1243,5824213.901,13.31117,52.4894
6,6030504.0,Teltower Damm,6300528.0,2019,6,8,1,2,0,1,0,0,0,0,0,0,0,790831.17,5817467.494,13.27851,52.42989
1,1044101.0,Rehberge,1400938.0,2019,6,11,7,3,5,5,0,1,0,0,0,0,0,794158.4919,5831550.748,13.33975,52.55436
1,1044202.0,Sparrplatz,1401046.0,2019,7,20,2,3,3,6,1,1,0,0,0,0,0,795561.2428,5830011.645,13.35901,52.53981
8,8010117.0,Schillerpromenade,8100102.0,2019,6,21,7,3,0,7,1,0,0,0,0,0,0,800543.0996,5823379.065,13.42626,52.47763
3,3061126.0,Arnimplatz,3601141.0,2019,6,21,7,3,5,2,1,0,0,0,0,1,0,798413.1376,5831835.748,13.40257,52.5546
2,2040701.0,Andreasviertel,2400623.0,2019,7,17,2,3,5,2,0,1,0,0,0,0,0,800606.8729,5827135.253,13.43058,52.51126
4,4041344.0,Rüdesheimer Platz,4400835.0,2019,6,19,7,2,5,2,0,1,0,0,0,0,0,793299.0246,5822853.377,13.31944,52.47686
4,4030929.0,Hindemithplatz,4501040.0,2019,6,18,7,3,1,5,0,1,0,0,0,0,0,792301.5399,5825849.221,13.30742,52.50425
4,4031032.0,Halensee,4500938.0,2019,6,18,7,3,5,2,0,1,0,0,0,0,0,791715.8339,5824838.279,13.29793,52.4955
8,8041035.0,Blumenviertel,8401241.0,2019,6,18,7,3,0,2,0,1,0,0,0,0,0,804043.9623,5818546.518,13.47324,52.43238
3,3061435.0,Conrad-Blenkle-Straße,3601452.0,2019,7,17,2,3,5,3,0,1,0,0,0,0,1,801757.5367,5829166.315,13.44933,52.52883
9,9051901.0,Dammvorstadt,9501941.0,2019,7,16,2,3,2,6,0,1,0,0,0,0,1,810656.6321,5821397.835,13.57285,52.45422
3,3040614.0,Pankow Zentrum,3400724.0,2019,7,11,2,3,0,5,0,1,0,0,0,0,0,799738.6459,5834314.725,13.4243,52.57609
4,4030931.0,Breitscheidplatz,4501042.0,2019,7,18,2,3,1,7,0,1,0,0,0,0,0,794145.4318,5825846.71,13.33451,52.50324
8,8020619.0,Buschkrugallee Nord,8200623.0,2019,6,11,7,3,0,1,0,0,0,0,0,0,0,801246.5312,5821555.488,13.43493,52.4609
3,3030711.0,Blankenburg,3300514.0,2019,6,11,7,2,5,2,0,1,0,0,0,0,0,801611.9859,5836123.765,13.45351,52.59127
1,1011303.0,Alexanderplatzviertel,1100310.0,2019,7,21,1,3,3,2,1,0,0,0,0,0,0,799248.351,5828469.191,13.41182,52.52397
1,1011306.0,Heine-Viertel Ost,1100313.0,2019,6,7,7,3,5,2,0,1,0,0,0,0,0,799979.7407,5826934.649,13.42119,52.50981
4,4020310.0,Park Ruhwald,4200308.0,2019,7,19,1,3,0,1,0,0,0,0,0,0,0,790580.4066,5827338.566,13.28344,52.51852
2,2030301.0,Oranienplatz,2300314.0,2019,6,1,7,3,1,5,2,0,0,0,0,1,0,799843.0622,5825799.208,13.41816,52.49971
12,12301206.0,Lübars,12500929.0,2019,7,16,1,3,5,3,0,1,0,0,0,0,0,794740.7502,5838687.41,13.35466,52.61802
7,7010103.0,Barbarossaplatz,7100204.0,2019,7,13,1,3,6,4,0,0,1,0,0,0,0,795512.381,5824867.472,13.35372,52.49372
1,1011302.0,Oranienburger Straße,1100309.0,2019,6,15,6,3,5,2,0,1,0,0,0,0,0,798680.829,5828662.061,13.40366,52.52601
4,4020209.0,Eichkamp,4200207.0,2019,7,8,1,2,5,3,0,1,0,0,0,0,0,789237.8529,5825321.467,13.26195,52.50115
3,3071536.0,Teutoburger Platz,3701554.0,2019,6,19,6,3,1,5,0,0,0,0,0,1,0,799072.3324,5830202.197,13.41079,52.5396
8,8010404.0,Rixdorf,8100417.0,2019,7,16,7,3,5,2,0,1,0,0,0,0,0,801756.5459,5822592.377,13.44336,52.46991
1,1044202.0,Sparrplatz,1401046.0,2019,6,18,6,3,5,2,0,1,0,0,0,0,0,794896.1033,5830252.689,13.34944,52.54233
4,4020313.0,Königin-Elisabeth-Straße,4200311.0,2019,6,17,6,3,5,2,0,0,0,0,0,0,0,790479.6378,5826641.785,13.28135,52.51233
5,5010312.0,Kurstraße,5100314.0,2019,6,17,6,3,5,3,0,1,0,0,0,0,0,785253.1509,5829957.841,13.20739,52.54482
1,1011105.0,Nördlicher Landwehrkanal,1100102.0,2019,6,15,6,3,5,2,0,1,0,0,0,0,0,795757.7206,5826336.517,13.35863,52.50675
1,1011301.0,Charitéviertel,1100308.0,2019,7,22,7,2,0,1,2,0,0,0,0,0,1,796682.4822,5828761.339,13.37437,52.52799
7,7030301.0,Friedenau,7300516.0,2019,6,14,6,3,1,5,0,1,0,0,0,0,0,794206.3047,5822834.676,13.33274,52.4762
2,2040502.0,Friedenstraße,2400521.0,2019,6,13,6,3,5,2,0,1,0,0,0,0,0,800454.7594,5828446.586,13.42953,52.5231
12,12214527.0,Alt-Tegel,12200515.0,2019,6,13,6,3,5,2,0,1,0,0,0,0,0,790134.1398,5835780.557,13.28426,52.59444
1,1033201.0,Brunnenstraße,1300834.0,2019,6,12,6,3,5,2,0,1,0,0,0,0,0,798447.3453,5830182.449,13.40159,52.53976
1,1011303.0,Alexanderplatzviertel,1100310.0,2019,7,20,7,3,5,3,1,1,0,0,0,0,1,799107.7148,5828312.713,13.40961,52.52264
1,1033102.0,Gesundbrunnen,1300733.0,2019,6,12,6,3,5,3,0,1,0,0,0,0,0,797712.969,5831816.403,13.39226,52.55481
1,1011201.0,Wilhelmstraße,1100205.0,2019,7,20,7,3,0,2,0,1,0,0,0,0,1,796974.6142,5826705.66,13.37683,52.5094
2,2010102.0,Mehringplatz,2100102.0,2019,6,11,6,3,5,2,0,1,0,0,0,0,0,797968.3589,5826183.735,13.39097,52.50418
1,1011303.0,Alexanderplatzviertel,1100310.0,2019,6,11,6,3,5,5,0,1,0,0,0,0,0,798905.8849,5827778.986,13.40617,52.51797
1,1011302.0,Oranienburger Straße,1100309.0,2019,7,19,7,3,5,3,0,1,0,0,0,0,1,798599.5543,5828883.098,13.40266,52.52803
1,1011302.0,Oranienburger Straße,1100309.0,2019,6,10,6,3,0,3,0,1,0,0,0,0,0,798085.2802,5828844.477,13.39507,52.52797
4,4030929.0,Hindemithplatz,4501040.0,2019,7,19,7,3,0,3,0,0,0,1,0,0,1,792317.0258,5825786.679,13.30759,52.50368
2,2010102.0,Mehringplatz,2100102.0,2019,6,9,6,3,5,3,0,1,0,0,0,0,0,798453.5361,5826533.08,13.39841,52.50705
6,6010207.0,Mittelstraße,6100207.0,2019,7,18,7,3,5,2,0,1,0,0,0,0,0,793998.2319,5820417.777,13.32756,52.45465
8,8010303.0,Donaustraße,8100314.0,2019,6,22,6,3,0,1,2,0,0,0,0,0,0,801007.001,5823898.101,13.43353,52.48203
9,9020702.0,Adlershof Ost,9200717.0,2019,6,17,6,2,0,1,0,0,0,0,0,0,0,809410.9664,5819698.163,13.553,52.43969
11,11051229.0,Rummelsburg,11501238.0,2019,6,12,6,2,5,3,0,1,0,0,0,0,0,803791.8113,5826174.81,13.47649,52.50089
1,1044201.0,Reinickendorfer Straße,1401045.0,2019,7,16,7,3,5,3,0,1,0,0,0,0,0,796618.5167,5831283.447,13.37569,52.55063
4,4030415.0,Schloßgarten,4300412.0,2019,6,9,6,3,5,2,0,1,0,0,0,0,0,791185.0101,5827436.59,13.29241,52.51908
4,4030931.0,Breitscheidplatz,4501042.0,2019,6,9,6,3,1,5,0,1,0,0,0,0,0,794381.5917,5826079.931,13.33818,52.5052
4,4051654.0,Wilhelmsaue,4501150.0,2019,7,15,7,3,6,6,0,0,1,0,0,0,0,793574.7104,5823692.292,13.32423,52.48423
1,1011303.0,Alexanderplatzviertel,1100310.0,2019,6,9,6,3,5,2,0,0,0,1,0,0,0,799797.2592,5828614.646,13.42002,52.52497
9,9020702.0,Adlershof Ost,9200717.0,2019,6,9,6,3,6,7,0,1,1,0,0,0,0,808859.3255,5819320.777,13.54457,52.43662
3,3010101.0,Bucher Forst,3100101.0,2019,7,12,7,3,7,7,0,0,0,0,0,0,0,803121.0519,5841341.387,13.4805,52.6372
4,4020314.0,Messegelände,4200311.0,2019,6,8,6,3,5,2,0,1,0,0,0,0,0,790027.0456,5825235.312,13.27347,52.49996
2,2050802.0,Boxhagener Platz,2500834.0,2019,6,7,6,2,2,2,0,1,0,0,0,0,0,802551.5568,5826716.408,13.45877,52.50643
4,4051447.0,Ludwigkirchplatz,4501044.0,2019,7,11,7,3,2,6,0,0,0,0,0,0,0,793206.062,5824982.1,13.31995,52.49599
8,8010301.0,Reuterkiez,8100312.0,2019,6,10,6,3,3,6,0,1,0,0,0,0,0,800927.0675,5824981.543,13.43334,52.49178
8,8010118.0,Silbersteinstraße,8100105.0,2019,6,9,6,3,3,6,0,1,0,0,0,0,0,801056.51,5822033.322,13.43258,52.46529
11,11030824.0,Frankfurter Allee Süd,11300826.0,2019,6,7,5,2,5,3,0,1,0,0,0,0,0,804135.134,5826959.126,13.48225,52.50773
1,1011201.0,Wilhelmstraße,1100205.0,2019,7,12,6,3,5,2,0,1,0,0,0,0,0,796995.333,5826616.688,13.37706,52.50859
1,1033203.0,Humboldthain Nordwest,1300836.0,2019,6,13,5,3,0,1,0,1,0,0,0,0,0,796739.4438,5831179.813,13.37737,52.54964
4,4030931.0,Breitscheidplatz,4501042.0,2019,6,13,5,3,5,3,0,1,0,0,0,0,0,793925.4149,5825819.93,13.33125,52.50311
7,7010102.0,Nollendorfplatz,7100103.0,2019,7,21,6,3,5,2,2,1,0,0,0,0,0,794958.3265,5825672.779,13.3463,52.50124
1,1044201.0,Reinickendorfer Straße,1401045.0,2019,7,20,6,2,5,3,1,1,0,0,0,0,0,796219.0498,5831513.523,13.37002,52.55291
1,1011301.0,Charitéviertel,1100308.0,2019,7,20,6,3,5,3,0,0,0,0,0,0,0,797636.6403,5828196.664,13.38789,52.52241
4,4030827.0,Karl-August-Platz,4300623.0,2019,6,19,5,3,5,2,0,1,0,0,0,0,0,792534.6947,5826124.038,13.31109,52.50659
2,2030301.0,Oranienplatz,2300314.0,2019,6,18,5,3,1,5,0,1,0,0,0,1,0,799806.165,5826018.287,13.41781,52.50169
1,1033203.0,Humboldthain Nordwest,1300836.0,2019,6,11,5,3,4,6,0,1,0,0,0,0,0,796527.3836,5830930.523,13.37403,52.54752
11,11041128.0,Sewanstraße,11401135.0,2019,6,11,5,2,5,3,0,1,0,0,0,0,0,805859.9378,5825309.29,13.50607,52.49198
6,6040804.0,Krumme Lanke,6400838.0,2019,7,17,6,3,5,2,0,0,0,0,0,1,0,787645.4759,5818143.439,13.23237,52.43764
3,3061228.0,Erich-Weinert-Straße,3601245.0,2019,6,11,5,3,5,2,0,0,0,0,0,1,0,800319.1973,5831543.292,13.43034,52.55093