district,LOR,street,LOR_2021,year,month,hour,weekday,category,accident_kind,accident_type,light_condition,car,pedestrian,motorcycle,goods_vehicle,others,road_condition,LINREFX,LINREFY,XGCSWGS84,YGCSWGS84
7,7030301.0,Friedenau,7300516.0,2019,6,10,5,3,0,2,0,0,0,1,0,0,0,794159.6254,5822101.337,13.33141,52.46965
3,3040614.0,Pankow Zentrum,3400724.0,2019,7,16,6,3,5,3,0,1,0,0,0,0,0,798730.7497,5833696.109,13.40892,52.5711
9,9020501.0,Oberschöneweide West,9200510.0,2019,6,11,5,3,5,2,0,1,0,0,0,0,0,806503.5934,5822090.995,13.51256,52.46277
2,2050602.0,Samariterviertel,2500728.0,2019,7,15,6,3,2,2,0,1,0,0,0,0,0,803194.2148,5828314.02,13.46966,52.5204
3,3061126.0,Arnimplatz,3601141.0,2019,7,13,6,3,5,3,0,1,0,0,0,0,0,798668.3551,5831783.475,13.40628,52.55399
8,8030831.0,Gropiusstadt Ost,8301036.0,2019,6,18,5,2,0,2,0,1,0,0,0,0,0,803345.9558,5817386.771,13.46196,52.42237
3,3040818.0,Pankow Süd,3400830.0,2019,6,9,5,3,1,5,0,0,0,0,0,1,0,799576.427,5833167.387,13.42088,52.5659
9,9020701.0,Adlershof West,9200715.0,2019,7,13,6,3,5,2,0,1,0,0,0,0,0,808328.979,5818868.209,13.53637,52.43287
11,11051331.0,Karlshorst Nord,11501340.0,2019,6,18,5,3,5,2,0,1,0,0,0,0,0,807314.6932,5824798.216,13.52696,52.48658
6,6010210.0,Bismarckstraße,6100210.0,2019,6,18,5,3,1,5,0,1,0,0,0,0,0,795020.6542,5820946.037,13.34303,52.45883
1,1033202.0,Humboldthain Süd,1300835.0,2019,7,12,6,3,5,3,0,1,0,0,0,0,0,796971.3284,5830138.937,13.37985,52.54018
10,10040933.0,Mahlsdorf Süd,10400941.0,2019,6,18,5,3,0,1,0,0,0,0,0,0,0,813201.5562,5825948.412,13.61445,52.49354
10,10020622.0,Kaulsdorf Nord I,10200629.0,2019,6,17,5,3,1,5,0,1,0,0,0,1,0,810418.6319,5827966.276,13.57548,52.51322
11,11040926.0,Weitlingstraße,11400929.0,2019,6,22,5,3,2,6,2,1,0,0,0,0,0,804434.0952,5826378.33,13.48611,52.50236
2,2040503.0,Richard-Sorge-Viertel,2400522.0,2019,6,17,5,3,5,2,0,0,0,0,0,0,0,801555.1079,5828215.375,13.44549,52.52042
1,1044202.0,Sparrplatz,1401046.0,2019,7,8,6,3,5,2,0,1,0,0,0,0,0,794610.9367,5829871.263,13.34491,52.53906
3,3030405.0,Karow Nord,3300411.0,2019,7,5,6,3,0,1,0,0,0,0,0,0,1,803699.3692,5839174.78,13.48703,52.61746
2,2050801.0,Traveplatz,2500830.0,2019,6,14,5,2,0,6,0,1,0,0,0,0,0,802923.4155,5827120.58,13.4646,52.50985
1,1033102.0,Gesundbrunnen,1300733.0,2019,6,20,5,3,0,1,0,0,0,0,0,0,0,797062.2059,5831443.935,13.38235,52.55183
11,11041128.0,Sewanstraße,11401135.0,2019,7,4,6,3,0,1,0,0,0,0,0,0,0,805847.1537,5825253.553,13.50583,52.49149
2,2050602.0,Samariterviertel,2500728.0,2019,7,1,6,3,0,7,2,0,0,0,0,1,0,802560.4139,5827928.408,13.46,52.51729
7,7020203.0,Kaiser-Wilhelm-Platz,7200409.0,2019,6,13,5,3,5,2,0,1,0,0,0,0,0,795224.335,5824372.504,13.34905,52.48944
1,1011401.0,Invalidenstraße,1100415.0,2019,6,9,5,2,0,1,0,0,0,0,0,0,0,798321.249,5829358.149,13.399,52.53244
1,1011305.0,Heine-Viertel West,1100312.0,2019,7,11,5,3,1,5,0,1,0,0,0,0,0,799406.608,5827128.038,13.41294,52.51186
4,4051549.0,Rathaus Wilmersdorf,4501146.0,2019,6,9,5,3,5,3,0,1,0,0,0,0,0,792480.1556,5824021.426,13.30844,52.48777
1,1011301.0,Charitéviertel,1100308.0,2019,6,8,5,3,5,2,0,1,0,0,0,0,0,797103.1269,5828833.209,13.38062,52.5284
3,3061227.0,Humannplatz,3601244.0,2019,6,8,5,2,5,2,0,0,0,0,1,0,0,800078.4155,5831672.722,13.42691,52.55223
2,2020204.0,Urbanstraße,2200210.0,2019,7,16,4,3,2,6,0,0,0,0,0,0,0,798188.1318,5824839.075,13.39299,52.49201
4,4030417.0,Schloßstraße,4300414.0,2019,7,17,4,3,5,3,0,1,0,0,0,0,0,791485.8681,5827198.794,13.29662,52.51678
8,8010301.0,Reuterkiez,8100312.0,2019,7,8,4,3,1,5,0,1,0,0,0,0,0,801322.5888,5824765.028,13.43895,52.48962
1,1011304.0,Karl-Marx-Allee,1100311.0,2019,7,1,5,3,5,2,2,1,0,0,0,0,0,799722.6428,5827561.108,13.41797,52.51557
11,11020513.0,Orankesee,11200512.0,2019,7,20,5,3,5,2,0,1,0,0,0,0,0,802917.9564,5831213.766,13.46825,52.54654
4,4030931.0,Breitscheidplatz,4501042.0,2019,7,19,5,3,5,2,0,1,0,0,0,0,0,793966.0001,5826166.352,13.33215,52.5062
4,4030416.0,Klausenerplatz,4300413.0,2019,7,19,5,3,1,5,0,1,0,0,0,0,0,791078.288,5827284.707,13.29071,52.51777
2,2010104.0,Wassertorplatz,2100106.0,2019,7,19,5,3,1,5,0,1,0,0,0,0,0,798698.1815,5825586.243,13.40115,52.49843
7,7040404.0,Marienhöhe,7400826.0,2019,7,15,5,3,5,2,0,1,0,0,0,0,0,796383.0851,5819735.748,13.36195,52.44725
5,5040938.0,Kafkastraße,5400945.0,2019,7,15,5,3,1,5,0,1,0,0,0,0,0,781278.4346,5819380.485,13.14,52.45204
9,9020701.0,Adlershof West,9200715.0,2019,7,15,5,2,5,3,0,1,0,0,0,0,0,807410.2464,5818297.769,13.52238,52.42827
4,4030415.0,Schloßgarten,4300412.0,2019,7,9,5,3,0,7,0,0,0,0,0,0,0,790758.0341,5827377.495,13.28608,52.51877
1,1011302.0,Oranienburger Straße,1100309.0,2019,7,15,5,2,3,6,0,1,0,0,0,0,0,798275.4788,5829023.467,13.39802,52.52947
7,7020202.0,Volkspark (Rudolf-Wilde-Park),7200308.0,2019,7,13,5,3,5,2,0,1,0,0,0,0,0,794980.8514,5823819.721,13.34499,52.48461
7,7010101.0,Wittenbergplatz/Viktoria-Luise-Platz,7100101.0,2019,7,8,5,3,5,2,0,0,0,0,1,0,0,794528.2228,5825239.089,13.33959,52.49758
4,4061757.0,Forst Grunewald,4200207.0,2019,7,12,5,3,1,5,0,0,0,0,0,1,0,785745.2412,5825137.978,13.21048,52.50135
11,11010310.0,Mühlengrund,11100309.0,2019,7,12,5,3,5,2,0,1,0,0,0,0,0,805441.8601,5833338.447,13.50731,52.56417
9,9020702.0,Adlershof Ost,9200717.0,2019,7,8,5,2,5,2,0,1,0,0,0,0,0,809453.6093,5818691.652,13.5527,52.43065
3,3061227.0,Humannplatz,3601244.0,2019,7,7,5,3,5,3,0,0,0,0,0,1,0,800107.8411,5831704.331,13.42737,52.55249
9,9010101.0,Elsenstraße,9100101.0,2019,7,7,5,3,5,2,0,1,0,0,0,0,0,801830.0734,5825282.649,13.44687,52.49398
6,6040701.0,Wannsee,6400735.0,2019,7,9,5,3,0,3,0,0,0,0,0,0,0,783955.6015,5816066.388,13.17647,52.42094
4,4030725.0,Amtsgerichtsplatz,4300416.0,2019,7,9,5,2,5,3,0,1,0,0,0,0,0,791358.628,5825925.649,13.29364,52.50544
5,5010101.0,Hakenfelde Nord,5100103.0,2019,7,9,5,1,3,6,0,0,0,0,1,0,0,785645.7047,5832088.437,13.21499,52.56371
4,4030931.0,Breitscheidplatz,4501042.0,2019,7,17,4,3,5,2,0,1,0,0,0,0,0,794410.1028,5826088.043,13.33861,52.50526
1,1033203.0,Humboldthain Nordwest,1300836.0,2019,7,17,4,3,2,6,0,1,0,0,0,0,0,796408.1973,5830311.781,13.37173,52.54204
10,10040828.0,Kaulsdorf Nord,10400835.0,2019,7,16,4,3,5,3,0,1,0,0,0,0,0,812005.8659,5829502.989,13.60023,52.52608
7,7020204.0,Schöneberger Insel,7200413.0,2019,7,17,4,3,1,5,0,1,0,0,0,0,0,796457.2085,5823961.516,13.36679,52.48509
8,8041038.0,Waßmannsdorfer Chaussee,8401244.0,2019,7,13,4,3,2,7,0,0,0,0,0,1,0,805666.0651,5816452.84,13.49512,52.41271
2,2020204.0,Urbanstraße,2200210.0,2019,7,11,4,3,5,2,0,1,0,0,0,0,0,798524.1525,5824718.456,13.39782,52.49074
6,6010206.0,Stadtpark,6100206.0,2019,7,11,4,3,0,1,0,0,0,0,0,0,0,795104.9464,5819452.719,13.34295,52.4454
7,7020203.0,Kaiser-Wilhelm-Platz,7200409.0,2019,7,9,4,2,5,2,0,0,0,1,0,0,0,795715.3604,5824029.13,13.35596,52.48609
9,9051801.0,Rahnsdorf/Hessenwinkel,9501838.0,2019,7,9,4,3,2,3,0,1,0,0,0,0,0,820699.9759,5819508.881,13.71834,52.43149
2,2010103.0,Moritzplatz,2100104.0,2019,7,8,4,3,5,3,0,1,0,0,0,0,0,799326.9124,5826235.581,13.41097,52.5039
1,1033203.0,Humboldthain Nordwest,1300836.0,2019,7,19,4,2,0,6,0,1,0,0,0,0,0,796621.6219,5831047.534,13.37552,52.54852
3,3061228.0,Erich-Weinert-Straße,3601245.0,2019,7,6,4,3,5,3,0,1,0,0,0,0,0,800748.6367,5831301.671,13.43643,52.54853
11,11041022.0,Rosenfelder Ring,11401032.0,2019,7,5,4,3,5,3,0,1,0,0,0,0,0,805655.2159,5827397.935,13.50498,52.51081
2,2030402.0,Wrangelkiez,2300419.0,2019,7,9,3,2,0,2,0,1,0,0,0,0,0,801543.0382,5825978.04,13.44329,52.50037
2,2040502.0,Friedenstraße,2400521.0,2019,7,16,3,3,5,2,0,0,0,0,0,0,0,801247.5252,5827816.42,13.44061,52.51702
2,2010103.0,Moritzplatz,2100104.0,2019,7,18,3,3,5,2,0,1,0,0,0,0,0,799115.5794,5826282.901,13.40791,52.50444
3,3050925.0,Komponistenviertel Weißensee,3500936.0,2019,7,17,3,3,5,7,0,1,0,0,0,0,0,802509.2602,5831547.833,13.46254,52.54976
8,8010301.0,Reuterkiez,8100312.0,2019,7,17,3,3,1,5,0,1,0,0,0,1,0,801321.1948,5824204.751,13.43842,52.4846
4,4051448.0,Schaperstraße,4501045.0,2019,7,13,3,3,1,5,0,1,0,0,0,0,0,794193.4993,5825109.095,13.33456,52.4966
8,8041037.0,Alt-Rudow,8401243.0,2019,7,13,3,3,5,3,0,1,0,0,0,0,0,805666.8362,5817015.193,13.49564,52.41775
2,2050802.0,Boxhagener Platz,2500834.0,2019,7,12,3,3,5,2,0,0,0,0,1,0,0,802067.1353,5827160.535,13.45206,52.51068
4,4041239.0,Stadion Wilmersdorf,4400830.0,2019,7,10,3,3,5,2,0,1,0,0,0,0,0,792331.2171,5823122.38,13.30547,52.47979
1,1011204.0,Leipziger Straße,1100207.0,2019,7,18,3,3,4,6,0,0,0,0,0,1,0,798704.0081,5827624.008,13.40306,52.51669
8,8010301.0,Reuterkiez,8100312.0,2019,7,19,3,3,0,3,0,0,0,0,0,0,0,801477.4606,5824421.595,13.44091,52.48646
3,3061430.0,Volkspark Prenzlauer Berg,3601450.0,2019,7,19,3,3,5,2,0,1,0,0,0,0,0,802299.7136,5829244.266,13.45737,52.52923
9,9031101.0,Grünau,9301126.0,2019,7,18,3,3,5,3,0,0,0,0,0,1,0,811810.831,5816659.479,13.58536,52.4111
3,3020203.0,Blankenfelde,3200204.0,2019,7,16,3,3,5,3,0,1,0,0,0,0,0,796389.9362,5840580.925,13.38064,52.6341
2,2020206.0,Graefekiez,2200213.0,2019,7,16,3,3,0,1,0,0,0,0,0,0,0,799991.8902,5824458.447,13.41913,52.48761
4,4051448.0,Schaperstraße,4501045.0,2019,7,15,3,3,2,6,0,1,0,0,0,0,0,793523.3572,5825222.955,13.32482,52.49798
5,5010101.0,Hakenfelde Nord,5100103.0,2019,7,15,3,3,3,6,0,0,0,0,0,1,0,785552.0608,5831778.587,13.21335,52.56099
8,8010301.0,Reuterkiez,8100312.0,2019,7,21,3,3,3,6,0,1,0,0,0,0,0,800935.7876,5824686.783,13.4332,52.48914
2,2040701.0,Andreasviertel,2400623.0,2019,7,21,2,2,5,2,2,1,0,0,0,0,0,800907.8105,5827537.903,13.43537,52.51471
1,1011301.0,Charitéviertel,1100308.0,2019,7,12,2,3,3,6,0,0,0,0,1,0,0,797130.2862,5829227.311,13.38137,52.53192
1,1022106.0,Elberfelder Straße,1200522.0,2019,7,10,2,3,3,6,0,0,0,0,1,0,0,793690.1902,5828002.038,13.32972,52.5228
9,9020601.0,Schnellerstraße,9200613.0,2019,7,9,2,3,5,3,0,1,0,0,0,0,0,805929.0677,5821839.751,13.5039,52.46084
6,6040703.0,Nikolassee,6400737.0,2019,7,8,2,3,5,3,0,1,0,0,0,0,1,785012.3662,5817548.667,13.19323,52.43368
1,1022204.0,Thomasiusstraße,1200626.0,2019,7,9,2,3,5,7,0,1,0,0,0,0,0,795000.4997,5828147.831,13.34911,52.5234
1,1022206.0,Lüneburger Straße,1200628.0,2019,7,18,1,3,0,1,0,0,0,0,0,0,0,795548.1954,5828216.292,13.35722,52.52372
1,1011402.0,Arkonaplatz,1100416.0,2019,7,1,1,3,0,1,2,0,0,0,0,0,1,798607.8043,5829323.334,13.40318,52.53198
1,1044203.0,Leopoldplatz,1401049.0,2019,7,20,1,3,6,4,1,0,1,0,0,0,0,795427.8027,5831588.456,13.35845,52.55401
6,6040810.0,Dahlem,6400844.0,2019,7,18,7,3,3,6,0,1,0,0,0,0,1,791019.7981,5819936.301,13.28343,52.45192
10,10030724.0,Oberfeldstraße,10300731.0,2019,7,21,7,3,5,2,2,1,0,0,0,0,1,809564.8133,5828022.68,13.56299,52.51421
6,6010206.0,Stadtpark,6100206.0,2019,7,16,7,3,2,6,0,1,0,0,0,0,1,794947.5572,5819474.287,13.34066,52.44568
1,1044101.0,Rehberge,1400938.0,2019,7,14,7,3,5,3,0,1,0,0,0,0,1,793792.9793,5832163.694,13.33491,52.56005
11,11030721.0,Rüdigerstraße,11300722.0,2019,7,13,7,3,0,1,0,0,0,0,0,0,0,803615.8329,5828336.249,13.47588,52.52036
7,7010104.0,Dennewitzplatz,7100205.0,2019,7,12,7,3,5,2,0,1,0,0,0,0,0,796164.5486,5824370.482,13.36286,52.48891
6,6040810.0,Dahlem,6400844.0,2019,7,8,7,3,0,2,0,1,0,0,0,0,0,790969.1417,5820706.189,13.28336,52.45885
4,4030930.0,George-Grosz-Platz,4501041.0,2019,7,10,7,3,3,6,0,1,0,0,0,0,0,793201.6485,5825616.068,13.32044,52.50168
10,10040933.0,Mahlsdorf Süd,10400941.0,2019,7,8,6,2,5,3,0,1,0,0,0,0,1,812442.4382,5824756.206,13.60219,52.4833
3,3061126.0,Arnimplatz,3601141.0,2019,7,17,6,3,5,2,0,1,0,0,0,0,0,798826.9009,5831788.062,13.40861,52.55395
1,1022206.0,Lüneburger Straße,1200628.0,2019,7,17,6,3,3,6,0,0,0,0,0,1,1,796136.1842,5828404.509,13.36603,52.52509
6,6030503.0,Zehlendorf Mitte,6300527.0,2019,7,17,6,3,5,2,0,1,0,0,0,0,0,789319.9223,5817256.982,13.25617,52.42881
4,4051655.0,Babelsberger Straße,4501153.0,2019,7,8,4,3,5,3,0,0,0,0,0,1,0,793922.0006,5823112.785,13.32881,52.47885
5,5010204.0,Griesingerstraße,5100206.0,2019,7,15,6,3,5,2,0,1,0,0,0,0,1,781562.7048,5830766.442,13.1538,52.55399
2,2040703.0,Wriezener Bahnhof/Entwicklungsgebiet,2400625.0,2019,7,12,6,3,6,7,0,0,0,0,0,1,1,801743.3706,5826214.14,13.44644,52.50238
10,10020412.0,Alte Hellersdorfer Straße,10200417.0,2019,7,12,6,3,5,3,0,1,0,0,0,0,1,811349.1556,5831945.481,13.59287,52.54835
7,7010104.0,Dennewitzplatz,7100205.0,2019,7,10,6,3,0,1,0,0,0,0,0,0,1,796433.7501,5824890.893,13.36727,52.49343
11,11040926.0,Weitlingstraße,11400929.0,2019,7,12,6,3,1,5,0,1,0,0,0,0,1,803939.111,5826288.31,13.47876,52.50183
7,7030301.0,Friedenau,7300516.0,2019,7,9,6,3,1,5,0,1,0,0,0,0,1,794203.034,5822906.528,13.33276,52.47685
1,1011204.0,Leipziger Straße,1100207.0,2019,7,9,6,3,0,7,0,1,0,0,0,0,0,798514.7806,5827198.654,13.3999,52.51298
2,2020204.0,Urbanstraße,2200210.0,2019,7,1,6,3,0,3,2,1,0,0,0,0,0,798427.7726,5824743.903,13.39642,52.49103
4,4030827.0,Karl-August-Platz,4300623.0,2019,7,16,6,3,2,7,0,1,0,0,0,0,0,792726.4931,5826128.347,13.31391,52.50652
2,2020202.0,Rathaus Yorckstraße,2200208.0,2019,7,9,5,3,5,2,0,0,0,0,0,0,0,797661.0636,5825317.545,13.38568,52.49659
2,2040701.0,Andreasviertel,2400623.0,2019,7,14,5,3,6,4,0,0,1,0,0,0,0,800639.847,5826980.6,13.43093,52.50986
7,7040403.0,Manteuffelstraße,7400824.0,2019,7,22,5,3,5,2,2,1,0,0,0,0,1,797851.2133,5821927.683,13.38544,52.4661
1,1033203.0,Humboldthain Nordwest,1300836.0,2019,7,13,5,3,6,4,0,0,1,0,0,0,0,796597.8888,5830356.901,13.37456,52.54234
4,4030415.0,Schloßgarten,4300412.0,2019,7,19,5,2,0,7,0,0,0,0,0,0,0,790971.4214,5827411.11,13.28925,52.51896
1,1011201.0,Wilhelmstraße,1100205.0,2019,7,13,5,3,6,6,0,0,1,0,0,0,0,797398.0218,5826955.837,13.38328,52.51141
2,2030302.0,Lausitzer Platz,2300315.0,2019,7,20,5,3,5,3,0,0,0,0,0,0,0,800915.6175,5826359.864,13.43442,52.50414
2,2050602.0,Samariterviertel,2500728.0,2019,7,10,5,3,5,2,0,1,0,0,0,0,0,802769.6125,5827688.356,13.46286,52.51503
8,8010301.0,Reuterkiez,8100312.0,2019,7,17,5,2,1,5,0,1,0,0,0,0,0,800898.8392,5824614.108,13.43259,52.48851
7,7020201.0,Bayerischer Platz,7200307.0,2019,7,8,5,3,5,2,0,1,0,0,0,0,0,794956.6499,5824452.051,13.34519,52.4903
9,9010202.0,Köpenicker Landstraße,9100203.0,2019,7,9,5,3,5,2,0,1,0,0,0,0,0,803887.5924,5823382.523,13.47535,52.47581
12,12304314.0,Ziekowstraße/Freie Scholle,12500824.0,2019,7,23,5,3,0,1,2,0,0,0,0,0,0,790781.4751,5836541.889,13.29446,52.60092
8,8010117.0,Schillerpromenade,8100102.0,2019,7,22,5,3,1,5,2,1,0,0,0,0,1,800685.9156,5822952.854,13.42797,52.47373
7,7040406.0,Germaniagarten,7400928.0,2019,7,21,4,2,5,3,1,0,0,0,0,1,0,800351.6851,5821674.106,13.42191,52.46245
2,2020204.0,Urbanstraße,2200210.0,2019,7,21,4,3,5,3,1,1,0,0,0,0,1,798621.7826,5825130.473,13.39962,52.49438
1,1011201.0,Wilhelmstraße,1100205.0,2019,7,21,4,3,5,3,2,1,0,0,0,0,1,797894.1815,5826569.591,13.39022,52.50768
4,4030930.0,George-Grosz-Platz,4501041.0,2019,7,20,4,3,3,6,0,1,0,0,0,0,0,793451.9101,5825695.36,13.32419,52.50225
1,1011202.0,Unter den Linden Nord,1100206.0,2019,7,20,4,3,5,2,0,1,0,0,0,0,0,797866.1111,5827607.568,13.39074,52.517
6,6010103.0,Markelstraße,6100103.0,2019,7,18,4,3,0,6,0,0,0,0,0,1,0,793804.7504,5821211.364,13.32542,52.46187
8,8010404.0,Rixdorf,8100417.0,2019,7,17,4,3,5,2,0,1,0,0,0,0,0,802024.3987,5823487.78,13.4481,52.47779
1,1011201.0,Wilhelmstraße,1100205.0,2019,7,17,4,3,5,2,0,1,0,0,0,0,0,797294.108,5827231.553,13.382,52.51394
3,3061430.0,Volkspark Prenzlauer Berg,3601450.0,2019,7,14,4,3,5,3,0,0,0,0,0,1,0,802341.2649,5829201.323,13.45794,52.52882
1,1033203.0,Humboldthain Nordwest,1300836.0,2019,7,14,4,3,2,7,0,1,0,0,0,0,0,796563.2038,5830501.648,13.37417,52.54365
8,8010301.0,Reuterkiez,8100312.0,2019,7,3,7,3,2,6,2,1,0,0,0,0,0,801412.1275,5823929.395,13.43951,52.48208
1,1011101.0,Stülerstraße,1100101.0,2019,7,22,6,2,5,3,2,0,0,0,0,0,0,794807.7151,5826245.815,13.34459,52.50646
4,4030621.0,Spreestadt,4300620.0,2019,7,14,7,3,5,2,0,1,0,0,0,0,0,793498.9662,5827611.55,13.32657,52.5194
4,4030827.0,Karl-August-Platz,4300623.0,2019,7,14,7,2,3,6,0,1,0,0,0,0,0,791983.5437,5826456.165,13.30328,52.50986
9,9010101.0,Elsenstraße,9100101.0,2019,7,22,7,3,6,4,2,0,1,0,0,0,0,801505.9058,5824928.523,13.44179,52.49099
1,1022104.0,Emdener Straße,1200520.0,2019,7,12,7,2,2,2,0,1,0,0,0,0,0,794542.7963,5829072.984,13.3432,52.53194
2,2040701.0,Andreasviertel,2400623.0,2019,7,21,7,3,5,2,1,1,0,0,0,0,0,800586.6892,5827009.168,13.43017,52.51014
12,12231101.0,Hermsdorf,12400723.0,2019,7,12,7,3,5,2,0,1,0,0,0,0,0,792167.14,5838069.796,13.31621,52.61387
6,6040703.0,Nikolassee,6400737.0,2019,7,12,7,3,5,2,0,1,0,0,0,0,0,787770.1067,5821679.68,13.23725,52.46928
1,1011401.0,Invalidenstraße,1100415.0,2019,7,11,7,3,1,5,0,0,0,0,0,1,0,797758.4472,5829256.873,13.39063,52.53184
1,1011101.0,Stülerstraße,1100101.0,2019,7,11,7,2,5,3,0,1,0,0,0,0,0,794905.8172,5825973.833,13.34579,52.50396
11,11051332.0,Karlshorst Süd,11501341.0,2019,7,10,7,3,5,3,0,0,0,0,0,1,0,807217.1539,5823900.22,13.5247,52.47859
4,4020310.0,Park Ruhwald,4200308.0,2019,7,7,6,3,3,6,0,0,0,0,0,1,0,790243.0954,5828067.494,13.27912,52.52523
9,9010401.0,Johannisthal West,9100407.0,2019,7,6,6,3,3,6,0,0,0,0,0,1,0,806326.186,5820933.198,13.5089,52.4525
11,11010310.0,Mühlengrund,11100309.0,2019,7,16,6,3,5,2,0,1,0,0,0,0,0,805463.7605,5833353.913,13.50764,52.5643
3,3020209.0,Niederschönhausen,3200205.0,2019,7,16,6,3,5,3,0,1,0,0,0,0,0,797369.0117,5835183.886,13.39022,52.58518
2,2030401.0,Reichenberger Straße,2300418.0,2019,7,15,6,2,5,3,0,0,0,0,0,1,0,801141.3718,5825433.129,13.43689,52.49571
9,9010401.0,Johannisthal West,9100407.0,2019,7,13,6,3,5,2,0,1,0,0,0,0,0,806135.2139,5821074.864,13.50623,52.45387
2,2020205.0,Chamissokiez,2200211.0,2019,7,12,6,3,0,7,0,0,0,0,0,0,0,799214.794,5824493.424,13.40776,52.48835
2,2030302.0,Lausitzer Platz,2300315.0,2019,7,10,6,3,5,2,0,0,0,0,1,0,0,800612.2044,5826605.897,13.43018,52.50652
3,3061430.0,Volkspark Prenzlauer Berg,3601450.0,2019,7,22,6,3,5,3,2,1,0,0,0,0,0,802196.1459,5829420.706,13.456,52.53087
9,9010101.0,Elsenstraße,9100101.0,2019,7,21,6,2,5,3,1,1,0,0,0,0,0,802329.4441,5825307.772,13.45423,52.49393
2,2040701.0,Andreasviertel,2400623.0,2019,7,20,6,3,5,3,0,1,0,0,0,0,0,800584.3583,5827010.421,13.43014,52.51016
8,8030829.0,Gropiusstadt Nord,8300934.0,2019,7,19,6,3,5,7,0,1,0,0,0,0,0,802766.7787,5818171.919,13.45418,52.42973
11,11030619.0,Fennpfuhl Ost,11300620.0,2019,7,9,6,3,5,2,0,1,0,0,0,0,0,804144.0293,5829828.569,13.485,52.53344
1,1044202.0,Sparrplatz,1401046.0,2019,7,8,6,2,5,3,0,1,0,0,0,0,0,795398.3563,5830283.802,13.35685,52.54233
7,7030301.0,Friedenau,7300516.0,2019,7,8,6,3,4,6,0,1,0,0,0,0,0,794083.7562,5822045.924,13.33025,52.4692
11,11040926.0,Weitlingstraße,11400929.0,2019,7,7,6,3,5,3,0,1,0,0,0,0,0,805189.6453,5826252.541,13.49709,52.50081
2,2050803.0,Stralauer Kiez,2500835.0,2019,7,6,6,3,5,2,0,1,0,0,0,0,0,803103.0948,5826085.88,13.4663,52.50048
8,8020727.0,Buckow Mitte,8200832.0,2019,7,11,5,3,0,3,0,1,0,0,0,0,0,800987.8167,5817122.088,13.42715,52.4213
1,1011303.0,Alexanderplatzviertel,1100310.0,2019,7,21,5,3,6,4,0,0,1,0,0,0,0,799020.4092,5827873.927,13.40794,52.51876
4,4030931.0,Breitscheidplatz,4501042.0,2019,7,19,5,3,5,3,0,1,0,0,0,0,0,793938.5461,5825810.689,13.33144,52.50302
2,2020206.0,Graefekiez,2200213.0,2019,7,15,5,3,5,2,0,0,0,0,0,1,0,799774.4273,5824825.1,13.41627,52.49102
1,1011201.0,Wilhelmstraße,1100205.0,2019,7,18,5,3,5,3,0,1,0,0,0,0,0,797902.559,5826576.585,13.39035,52.50774
1,1022106.0,Elberfelder Straße,1200522.0,2019,7,17,5,3,5,7,0,0,0,0,0,1,0,793703.5118,5828112.761,13.33002,52.52379
1,1011203.0,Unter den Linden Süd,1100206.0,2019,7,17,5,3,5,7,0,1,0,0,0,0,0,797810.3491,5827136.663,13.3895,52.51281
8,8010301.0,Reuterkiez,8100312.0,2019,7,17,5,3,5,3,0,0,0,0,0,0,0,801551.9419,5824363.932,13.44196,52.4859
7,7030303.0,Grazer Platz,7300619.0,2019,7,16,5,2,5,3,0,1,0,0,0,0,0,795229.4533,5822260.095,13.34725,52.4705
9,9051702.0,Bölschestraße,9501737.0,2019,7,13,5,3,1,1,0,1,0,0,0,0,0,814032.502,5820745.63,13.62176,52.44644
1,1011105.0,Nördlicher Landwehrkanal,1100102.0,2019,7,10,5,3,1,5,0,1,0,0,0,0,0,796928.6652,5826430.217,13.37591,52.50696
1,1011306.0,Heine-Viertel Ost,1100313.0,2019,7,9,5,3,5,3,0,1,0,0,0,0,0,799901.7061,5826514.373,13.41966,52.50609
4,4041241.0,Breite Straße,4400832.0,2019,7,7,5,3,5,3,0,1,0,0,0,0,0,791578.2942,5822164.356,13.29357,52.4716
4,4030931.0,Breitscheidplatz,4501042.0,2019,7,10,4,3,1,5,0,0,0,0,0,1,0,793749.2853,5825832.119,13.32868,52.50332
7,7030302.0,Ceciliengärten,7300618.0,2019,7,15,4,3,6,4,0,0,1,0,0,0,0,794574.3506,5822329.132,13.3377,52.47147
5,5010206.0,Gütersloher Weg,5100208.0,2019,7,17,4,2,5,2,0,1,0,0,0,0,0,782434.567,5830490.2,13.16639,52.55106
11,11020514.0,Große-Leege-Straße,11200513.0,2019,7,17,4,3,5,2,0,1,0,0,0,0,0,804371.8011,5830844.325,13.48928,52.54242
1,1033201.0,Brunnenstraße,1300834.0,2019,7,16,4,3,6,7,0,0,1,0,0,0,0,797882.533,5831027.186,13.39404,52.54764
6,6020302.0,Komponistenviertel Lankwitz,6200312.0,2019,7,16,4,3,5,3,0,1,0,0,0,0,0,794339.5264,5819041.313,13.33135,52.44212
5,5040934.0,Alt-Gatow,5400942.0,2019,7,23,4,3,0,1,2,0,0,0,0,0,0,783747.479,5824142.705,13.18028,52.49346
1,1033201.0,Brunnenstraße,1300834.0,2019,7,20,4,3,0,3,0,0,0,0,0,1,0,798507.5333,5830233.396,13.40252,52.54019
1,1011402.0,Arkonaplatz,1100416.0,2019,7,19,4,3,1,5,0,1,0,0,0,0,0,798782.3379,5829671.733,13.40605,52.535
2,2050802.0,Boxhagener Platz,2500834.0,2019,7,18,4,3,0,6,0,0,0,0,0,0,0,802547.5962,5826732.022,13.45872,52.50658
1,1011302.0,Oranienburger Straße,1100309.0,2019,7,18,4,3,5,3,0,1,0,0,0,0,0,798603.908,5828890.418,13.40273,52.5281
7,7040401.0,Neu-Tempelhof,7400721.0,2019,7,18,4,3,6,2,0,0,1,0,0,0,0,798099.158,5823964.834,13.3909,52.48422
1,1011402.0,Arkonaplatz,1100416.0,2019,7,18,4,3,0,1,0,0,0,0,0,0,0,798545.2399,5829189.163,13.40214,52.53081
7,7010104.0,Dennewitzplatz,7100205.0,2019,7,12,4,3,5,2,0,1,0,0,0,0,0,796347.0883,5824919.951,13.36602,52.49374
7,7010102.0,Nollendorfplatz,7100103.0,2019,7,8,4,3,5,3,0,1,0,0,0,0,0,795426.1992,5825488.69,13.353,52.49933
1,1011204.0,Leipziger Straße,1100207.0,2019,7,8,4,3,1,5,0,1,0,0,0,0,0,798855.242,5827027.577,13.40475,52.51126
11,11030619.0,Fennpfuhl Ost,11300620.0,2019,7,8,4,3,5,2,0,1,0,0,0,0,0,803969.6837,5829072.463,13.48175,52.52676
11,11051331.0,Karlshorst Nord,11501340.0,2019,7,16,4,3,0,7,0,1,0,0,0,0,0,808400.6053,5823572.31,13.54177,52.47498
12,12214125.0,Waldidyll/Flughafensee,12200412.0,2019,7,15,4,3,3,5,0,1,0,0,0,0,0,788353.7777,5832100.746,13.25485,52.5624
4,4051653.0,Prager Platz,4501152.0,2019,7,14,4,2,6,4,0,0,1,0,0,0,0,794028.2973,5824715.809,13.33179,52.49316
1,1022202.0,Heidestraße,1200624.0,2019,7,13,4,3,5,2,0,1,0,0,0,0,0,795668.9129,5829732.336,13.36034,52.53724