district,LOR,street,LOR_2021,year,month,hour,weekday,category,accident_kind,accident_type,light_condition,car,pedestrian,motorcycle,goods_vehicle,others,road_condition,LINREFX,LINREFY,XGCSWGS84,YGCSWGS84
9,9031101.0,Grünau,9301126.0,2019,7,19,3,3,6,4,0,0,1,0,0,0,0,813473.2629,5816411.605,13.60949,52.40793
7,7020203.0,Kaiser-Wilhelm-Platz,7200409.0,2019,7,19,3,3,2,7,0,0,0,0,0,1,0,796206.5206,5824232.496,13.36335,52.48765
9,9020502.0,Oberschöneweide Ost,9200511.0,2019,7,19,3,3,5,2,0,1,0,0,0,0,0,807367.0132,5822350.367,13.52547,52.46461
1,1011302.0,Oranienburger Straße,1100309.0,2019,7,19,3,2,1,5,0,1,0,0,0,0,0,798617.6698,5828850.144,13.4029,52.52773
2,2030302.0,Lausitzer Platz,2300315.0,2019,7,17,3,3,2,6,0,0,0,0,0,0,0,801627.8052,5826057.583,13.4446,52.50104
2,2050803.0,Stralauer Kiez,2500835.0,2019,7,16,3,3,5,3,0,1,0,0,0,0,0,802218.9191,5826089.384,13.45331,52.501
3,3010102.0,Buch,3100102.0,2019,7,11,3,3,0,1,0,0,0,0,0,0,0,804086.6477,5841238.982,13.49463,52.63574
1,1011402.0,Arkonaplatz,1100416.0,2019,7,16,3,2,0,1,0,0,0,0,0,0,0,798678.5389,5829460.684,13.40434,52.53317
1,1011401.0,Invalidenstraße,1100415.0,2019,7,16,3,3,0,1,0,0,0,0,0,0,0,798474.5082,5829096.249,13.40101,52.53001
8,8010303.0,Donaustraße,8100314.0,2019,7,15,3,2,0,1,0,0,0,0,0,0,0,800329.3289,5824358.696,13.424,52.48653
2,2040701.0,Andreasviertel,2400623.0,2019,7,14,3,3,0,7,0,1,0,0,0,0,0,801207.7451,5827481.316,13.43972,52.51403
9,9041301.0,Kietzer Feld/Nachtheide,9401329.0,2019,7,13,3,2,5,3,0,1,0,0,0,0,0,811558.5299,5818886.184,13.58374,52.4312
1,1011301.0,Charitéviertel,1100308.0,2019,7,12,3,3,1,5,0,1,0,0,0,0,0,797240.287,5828237.236,13.3821,52.52299
2,2030402.0,Wrangelkiez,2300419.0,2019,7,10,3,3,0,1,0,0,0,0,0,0,0,801416.9208,5825630.388,13.44112,52.49733
11,11051229.0,Rummelsburg,11501238.0,2019,7,9,3,3,5,2,0,1,0,0,0,0,0,804095.0153,5825995.295,13.48078,52.49911
3,3061429.0,Greifswalder Straße,3601449.0,2019,7,9,3,3,1,5,0,1,0,0,0,0,0,801620.921,5830165.634,13.44823,52.53787
9,9051702.0,Bölschestraße,9501737.0,2019,7,7,3,3,5,7,0,0,0,0,0,1,0,814207.5313,5821766.947,13.62528,52.4555
4,4051446.0,Preußenpark,4501043.0,2019,7,3,3,3,5,3,2,1,0,0,0,0,0,792847.2806,5824332.448,13.31411,52.49036
5,5020417.0,Staakener Straße,5200420.0,2019,7,13,3,3,1,5,0,1,0,0,0,0,0,781733.6368,5828491.503,13.15438,52.5335
1,1011301.0,Charitéviertel,1100308.0,2019,7,19,3,3,1,5,0,1,0,0,0,0,0,797482.0528,5828817.64,13.38618,52.52806
1,1011303.0,Alexanderplatzviertel,1100310.0,2019,7,15,2,3,5,3,0,1,0,0,0,0,0,799106.9793,5828466.091,13.40974,52.52402
4,4051448.0,Schaperstraße,4501045.0,2019,7,17,2,3,5,2,0,1,0,0,0,0,1,793631.3299,5824864.161,13.32609,52.4947
4,4031032.0,Halensee,4500938.0,2019,7,17,2,3,0,7,0,1,0,0,0,0,1,791839.1431,5824921.469,13.29982,52.49618
1,1033202.0,Humboldthain Süd,1300835.0,2019,7,13,2,3,5,2,0,1,0,0,0,0,0,797763.2654,5829744.614,13.39114,52.53621
1,1033202.0,Humboldthain Süd,1300835.0,2019,7,13,2,3,3,6,0,0,0,0,0,1,0,797705.0865,5829652.281,13.3902,52.53542
1,1011201.0,Wilhelmstraße,1100205.0,2019,7,15,2,2,5,2,0,1,0,0,0,0,0,797471.2321,5826798.786,13.38421,52.50997
1,1044203.0,Leopoldplatz,1401049.0,2019,7,19,2,3,1,5,0,1,0,0,0,1,0,795112.1716,5831237.511,13.35349,52.55104
1,1022106.0,Elberfelder Straße,1200522.0,2019,7,12,2,3,5,3,0,0,0,0,0,0,0,793831.3744,5828141.03,13.33192,52.52397
9,9020501.0,Oberschöneweide West,9200510.0,2019,7,11,2,3,5,3,0,1,0,0,0,0,0,806409.5666,5822969.801,13.51199,52.4707
2,2010102.0,Mehringplatz,2100102.0,2019,7,9,2,3,2,6,0,0,0,0,0,0,0,798346.1963,5825563.927,13.39596,52.49842
3,3040614.0,Pankow Zentrum,3400724.0,2019,7,8,2,3,5,3,0,1,0,0,0,0,0,798684.5131,5833804.311,13.40833,52.5721
1,1011301.0,Charitéviertel,1100308.0,2019,7,6,2,3,6,4,0,0,1,0,0,0,0,797087.5049,5828852.287,13.38041,52.52858
5,5010101.0,Hakenfelde Nord,5100103.0,2019,7,10,2,3,5,2,0,1,0,0,0,0,0,785202.6906,5831163.583,13.20768,52.55565
3,3020210.0,Herthaplatz,3200207.0,2019,7,20,2,3,1,5,1,1,0,0,0,0,0,798149.9737,5835473.657,13.40197,52.58735
3,3061131.0,Falkplatz,3601142.0,2019,7,19,1,3,5,3,0,1,0,0,0,0,0,799136.13,5830553.416,13.41205,52.54271
4,4061757.0,Forst Grunewald,4200207.0,2019,7,14,1,3,2,6,0,1,0,0,0,0,0,785817.4789,5825053.083,13.21147,52.50055
9,9020801.0,Spindlersfeld,9200818.0,2019,7,14,1,3,1,5,0,1,0,0,0,0,0,810570.0901,5820665.306,13.5709,52.4477
4,4030930.0,George-Grosz-Platz,4501041.0,2019,7,14,1,3,1,5,0,1,0,0,0,0,0,792933.6467,5825549.874,13.31645,52.50123
8,8010301.0,Reuterkiez,8100312.0,2019,7,2,1,2,1,5,2,1,0,0,0,0,1,801218.4211,5824851.347,13.4375,52.49046
3,3061228.0,Erich-Weinert-Straße,3601245.0,2019,7,20,7,3,5,2,1,1,0,0,0,0,0,800624.1669,5831371.523,13.43467,52.54923
12,12224230.0,Heiligensee,12400619.0,2019,7,22,7,3,6,7,2,0,1,0,0,0,1,787238.4723,5837814.425,13.24339,52.61421
7,7010102.0,Nollendorfplatz,7100103.0,2019,7,16,7,2,1,5,0,1,0,0,0,0,0,794959.2689,5825281.655,13.34596,52.49773
4,4010101.0,Jungfernheide,4100101.0,2019,7,16,7,3,5,3,0,1,0,0,0,0,0,790669.1179,5829639.788,13.28675,52.5391
4,4051445.0,Eisenzahnstraße,4500939.0,2019,7,15,7,3,5,2,0,1,0,0,0,0,0,792061.585,5824052.229,13.30232,52.48827
7,7060604.0,Marienfelde Süd,7601339.0,2019,7,11,7,3,5,3,0,1,0,0,0,0,0,795889.7709,5815352.929,13.35083,52.40822
10,10020412.0,Alte Hellersdorfer Straße,10200417.0,2019,7,10,7,3,5,3,0,1,0,0,0,0,0,811314.4224,5831721.137,13.59215,52.54635
3,3050923.0,Weißenseer Spitze,3500934.0,2019,7,22,7,3,5,2,2,0,0,0,0,1,1,800598.249,5831859.304,13.43473,52.55361
12,12301203.0,Wittenau Süd,12500926.0,2019,7,11,6,3,0,5,0,1,0,0,0,1,0,793235.7463,5835960.562,13.33008,52.59439
6,6020303.0,Lankwitz Kirche,6200313.0,2019,7,10,6,3,5,2,0,1,0,0,0,0,0,795348.9043,5818441.799,13.34563,52.43621
1,1011203.0,Unter den Linden Süd,1100206.0,2019,7,8,6,3,5,3,0,1,0,0,0,0,0,797761.9208,5827443.002,13.38906,52.51558
1,1011302.0,Oranienburger Straße,1100309.0,2019,7,17,6,3,0,1,0,0,0,0,0,0,1,798551.2712,5828965.436,13.40202,52.5288
10,10030724.0,Oberfeldstraße,10300731.0,2019,8,15,3,3,0,2,0,1,0,0,0,0,1,809183.9232,5830215.01,13.55943,52.53407
8,8020621.0,Mohriner Allee Nord,8200729.0,2019,8,13,2,3,3,6,0,1,0,0,0,0,0,800988.8133,5819508.749,13.42931,52.44269
1,1011105.0,Nördlicher Landwehrkanal,1100102.0,2019,8,22,2,3,1,5,2,1,0,0,0,0,0,796694.0784,5826907.377,13.37289,52.51136
1,1011302.0,Oranienburger Straße,1100309.0,2019,8,16,2,3,3,6,0,1,0,0,0,0,0,798343.1575,5828962.346,13.39896,52.52888
4,4030417.0,Schloßstraße,4300414.0,2019,8,16,2,3,5,3,0,1,0,0,0,0,0,790855.6336,5826736.783,13.28696,52.51298
9,9020601.0,Schnellerstraße,9200613.0,2019,8,9,2,3,5,2,0,0,0,0,0,1,0,805794.606,5821825.33,13.50192,52.46079
4,4051655.0,Babelsberger Straße,4501153.0,2019,8,17,2,3,3,6,0,1,0,0,0,0,0,794178.0473,5824120.51,13.33346,52.48774
9,9052001.0,Köpenick Nord,9502042.0,2019,8,16,2,3,0,2,0,0,0,0,0,1,0,809215.9385,5823033.132,13.55323,52.46969
9,9020702.0,Adlershof Ost,9200717.0,2019,8,16,2,3,0,3,0,1,0,0,0,0,0,809182.6593,5819531.062,13.5495,52.43832
7,7020204.0,Schöneberger Insel,7200413.0,2019,8,15,2,2,1,5,0,1,0,0,0,0,0,796145.7741,5824014.932,13.36226,52.48573
1,1022101.0,Huttenkiez,1200517.0,2019,8,15,2,3,0,2,0,1,0,0,0,0,0,793098.2877,5828963.683,13.32187,52.53174
1,1011204.0,Leipziger Straße,1100207.0,2019,8,11,2,3,5,3,0,0,0,0,0,1,0,797962.6729,5826580.54,13.39124,52.50774
2,2020203.0,Viktoriapark,2200207.0,2019,8,11,2,3,1,5,0,1,0,0,0,0,0,797035.7873,5823991.334,13.37531,52.48504
4,4030621.0,Spreestadt,4300620.0,2019,8,11,2,3,6,7,0,0,1,0,0,0,0,793162.6303,5827770.961,13.32177,52.52101
1,1011202.0,Unter den Linden Nord,1100206.0,2019,8,8,2,2,5,3,0,1,0,0,0,0,0,798550.2721,5827802.738,13.40097,52.51838
7,7070703.0,John-Locke-Straße,7601544.0,2019,8,8,2,3,5,2,0,1,0,0,0,0,0,799802.6047,5813185.422,13.40624,52.38667
8,8010117.0,Schillerpromenade,8100102.0,2019,8,8,2,3,5,2,0,1,0,0,0,0,0,800477.1364,5823615.274,13.4255,52.47978
3,3040614.0,Pankow Zentrum,3400724.0,2019,8,10,2,3,0,3,0,0,0,0,0,1,0,799984.783,5835246.868,13.42877,52.58431
9,9010402.0,Johannisthal Ost,9100409.0,2019,8,6,2,3,5,3,0,1,0,0,0,0,0,806494.525,5820614.202,13.51107,52.44954
1,1033203.0,Humboldthain Nordwest,1300836.0,2019,8,6,2,3,1,5,0,1,0,0,0,0,0,797099.6089,5830996.804,13.3825,52.5478
5,5010313.0,Ackerstraße,5100315.0,2019,8,9,2,3,5,2,0,1,0,0,0,0,0,784580.4094,5829771.713,13.19733,52.5435
3,3051017.0,Rennbahnstraße,3501037.0,2019,8,17,1,2,0,1,0,0,0,0,0,0,0,804141.6584,5832425.905,13.48735,52.55672
11,11010101.0,Dorf Malchow,11100101.0,2019,8,18,1,3,0,7,0,0,0,0,0,0,0,804137.6143,5834704.442,13.48938,52.57715
2,2030402.0,Wrangelkiez,2300419.0,2019,8,0,1,3,0,5,2,1,0,0,0,1,0,801991.933,5825603.084,13.44954,52.49677
1,1011101.0,Stülerstraße,1100101.0,2019,8,21,1,3,1,5,2,1,0,0,0,0,0,794525.6392,5826093.588,13.34031,52.50524
2,2020204.0,Urbanstraße,2200210.0,2019,8,19,1,3,0,1,0,0,0,0,0,0,0,798295.803,5825335.049,13.39501,52.4964
11,11051332.0,Karlshorst Süd,11501341.0,2019,8,19,1,3,0,1,0,0,0,0,0,0,0,807244.2199,5824179.594,13.52535,52.48108
2,2030302.0,Lausitzer Platz,2300315.0,2019,8,14,7,3,4,6,0,0,0,0,0,1,0,800759.6584,5825807.211,13.43163,52.49928
8,8041035.0,Blumenviertel,8401241.0,2019,8,13,7,3,5,3,0,1,0,0,0,0,0,804307.6774,5819649.526,13.47812,52.44212
2,2030301.0,Oranienplatz,2300314.0,2019,8,15,7,3,2,6,0,1,0,0,0,0,0,799983.5511,5826185.739,13.42057,52.5031
8,8020727.0,Buckow Mitte,8200832.0,2019,8,15,7,3,1,5,0,1,0,0,0,0,0,801494.5371,5817761.548,13.43515,52.42676
8,8030831.0,Gropiusstadt Ost,8301036.0,2019,8,17,7,3,5,2,0,1,0,0,0,0,0,804102.8817,5817517.229,13.47317,52.42312
5,5020625.0,Borkumer Straße,5200629.0,2019,8,16,7,3,0,2,0,1,0,0,0,0,0,784029.1293,5828512.442,13.18815,52.5325
2,2050602.0,Samariterviertel,2500728.0,2019,8,19,7,3,0,1,0,0,0,0,0,0,0,802192.2314,5828107.844,13.45475,52.51911
1,1011401.0,Invalidenstraße,1100415.0,2019,8,19,7,2,1,5,0,0,0,0,0,1,0,797604.817,5829222.413,13.38834,52.53162
6,6020410.0,Oberhofer Platz,6200422.0,2019,8,23,7,3,5,3,2,0,0,0,0,0,0,794133.631,5817331.112,13.32683,52.4269
12,12103117.0,Letteplatz,12100101.0,2019,8,13,7,2,2,7,0,1,0,0,0,0,0,796697.2496,5832997.085,13.37838,52.56595
4,4030931.0,Breitscheidplatz,4501042.0,2019,8,11,7,3,2,6,0,1,0,0,0,0,0,794029.5785,5826123.672,13.33305,52.50578
4,4030725.0,Amtsgerichtsplatz,4300416.0,2019,8,11,7,3,2,6,0,1,0,0,0,0,0,791323.4101,5826066.443,13.29324,52.50672
1,1044201.0,Reinickendorfer Straße,1401045.0,2019,8,16,6,3,5,3,0,1,0,0,0,0,0,795860.801,5831121.351,13.3644,52.54959
12,12103218.0,Teichstraße,12100205.0,2019,8,18,6,3,0,2,0,1,0,0,0,0,0,794511.5874,5834270.775,13.34735,52.57855
2,2010101.0,Askanischer Platz,2100101.0,2019,8,18,6,3,0,2,0,1,0,0,0,0,1,797844.167,5825634.055,13.38865,52.49932
3,3030406.0,Alt-Karow,3300413.0,2019,8,11,6,3,0,5,0,0,0,0,0,0,0,803016.6304,5838438.872,13.4763,52.61124
2,2040701.0,Andreasviertel,2400623.0,2019,8,15,6,3,5,2,0,1,0,0,0,0,0,800154.6356,5827339.713,13.42412,52.51335
6,6010102.0,Schloßstraße,6100102.0,2019,8,13,6,3,1,5,0,0,0,0,0,1,0,793219.8801,5821326.368,13.31693,52.46321
2,2020204.0,Urbanstraße,2200210.0,2019,8,8,6,3,5,3,0,0,0,0,0,0,0,798523.0266,5825303.253,13.39832,52.49599
6,6030502.0,Zehlendorf Süd,6300525.0,2019,8,8,6,3,5,2,0,1,0,0,0,0,0,790227.0581,5814993.992,13.26751,52.40804
3,3040818.0,Pankow Süd,3400830.0,2019,8,19,6,3,1,5,0,1,0,0,0,0,1,799103.2468,5832206.353,13.41305,52.55755
11,11051330.0,Karlshorst West,11501339.0,2019,8,18,6,3,1,5,1,1,0,0,0,0,1,807089.6669,5824392.69,13.52328,52.48307
3,3061430.0,Volkspark Prenzlauer Berg,3601450.0,2019,8,17,6,2,0,1,0,0,0,0,0,0,1,801788.137,5829991.342,13.45053,52.53621
1,1044201.0,Reinickendorfer Straße,1401045.0,2019,8,20,6,3,0,1,0,0,0,0,0,0,0,795781.6142,5831019.172,13.36314,52.54872
3,3061227.0,Humannplatz,3601244.0,2019,8,18,6,3,0,2,1,1,0,0,0,0,1,799501.2195,5831356.33,13.41814,52.54971
4,4030931.0,Breitscheidplatz,4501042.0,2019,8,22,5,3,1,5,2,1,0,0,0,0,0,794274.039,5825500.123,13.33609,52.50006
3,3050923.0,Weißenseer Spitze,3500934.0,2019,8,21,5,2,5,3,1,0,0,0,0,1,0,800396.6454,5831947.294,13.43184,52.55451
2,2050801.0,Traveplatz,2500830.0,2019,8,20,5,3,1,5,1,1,0,0,0,0,0,803097.8769,5826934.929,13.46699,52.50809
2,2010101.0,Askanischer Platz,2100101.0,2019,8,20,5,3,6,4,1,0,1,0,0,0,0,797817.6452,5825899.514,13.3885,52.50172
10,10030726.0,Alt-Biesdorf,10300733.0,2019,8,19,5,3,5,3,0,1,0,0,0,0,0,809226.1922,5827212.697,13.55726,52.50714
8,8010117.0,Schillerpromenade,8100102.0,2019,8,18,5,3,1,5,0,1,0,0,0,0,0,800206.5944,5823526.513,13.42145,52.47914
7,7040404.0,Marienhöhe,7400826.0,2019,8,16,5,3,0,1,0,0,0,0,0,0,0,796541.7762,5820099.424,13.3646,52.45042
4,4051550.0,Leon-Jessel-Platz,4501043.0,2019,8,16,5,3,5,3,0,1,0,0,0,0,0,792887.7282,5824294.618,13.31467,52.49
12,12302212.0,Rollbergesiedlung,12601032.0,2019,8,14,5,3,0,6,0,0,0,0,1,0,0,792682.3423,5837413.295,13.32321,52.60771
11,11040926.0,Weitlingstraße,11400929.0,2019,8,13,5,3,5,2,0,1,0,0,0,0,0,805141.918,5826177.218,13.49632,52.50016
10,10040829.0,Alt-Kaulsdorf,10400836.0,2019,8,12,5,3,0,6,0,1,0,0,0,0,0,810878.2694,5827352.626,13.58165,52.50746
2,2020204.0,Urbanstraße,2200210.0,2019,8,12,5,3,1,5,0,0,0,0,1,0,0,798472.0431,5824764.597,13.39709,52.49119
3,3071536.0,Teutoburger Platz,3701554.0,2019,8,9,5,3,5,2,0,1,0,0,0,0,0,799097.3877,5829119.467,13.41019,52.52988
7,7010103.0,Barbarossaplatz,7100204.0,2019,8,10,5,3,0,6,0,1,0,0,0,0,0,795222.5234,5824517.249,13.34915,52.49074
12,12103218.0,Teichstraße,12100205.0,2019,8,8,5,3,5,2,0,1,0,0,0,0,0,794973.7113,5833121.37,13.35313,52.568
2,2030402.0,Wrangelkiez,2300419.0,2019,8,6,5,3,0,4,0,0,1,0,0,0,1,801701.6301,5825858.256,13.44551,52.49921
2,2030302.0,Lausitzer Platz,2300315.0,2019,8,0,5,3,0,2,2,1,0,0,0,0,1,801420.6965,5826071.803,13.44157,52.50128
12,12214421.0,Reinickes Hof,12200307.0,2019,7,2,4,3,0,7,2,0,0,0,0,0,0,793457.9125,5833874.317,13.3315,52.57557
4,4030725.0,Amtsgerichtsplatz,4300416.0,2019,7,17,4,2,0,1,0,0,0,0,0,0,1,791464.1874,5825787.123,13.29507,52.50414
1,1011303.0,Alexanderplatzviertel,1100310.0,2019,7,17,4,2,5,2,0,1,0,0,0,0,1,798724.5164,5828298.304,13.40397,52.52272
12,12231101.0,Hermsdorf,12400723.0,2019,7,15,4,3,5,2,0,1,0,0,0,0,1,791292.4727,5838941.212,13.30409,52.62216
1,1022204.0,Thomasiusstraße,1200626.0,2019,7,9,4,3,5,7,0,1,0,0,0,0,0,794769.7231,5828313.4,13.34586,52.52501
12,12214422.0,Klixstraße,12200310.0,2019,7,9,4,2,4,6,0,0,0,0,0,0,0,792106.8156,5832956.029,13.31081,52.56806
2,2030301.0,Oranienplatz,2300314.0,2019,7,7,4,3,5,2,0,1,0,0,0,0,0,799720.0578,5826052.13,13.41658,52.50204
1,1011402.0,Arkonaplatz,1100416.0,2019,7,7,4,3,5,3,0,0,0,0,0,1,0,798715.4912,5829563.106,13.40497,52.53407
12,12214422.0,Klixstraße,12200310.0,2019,7,4,4,3,5,3,1,1,0,0,0,0,0,791496.771,5833027.919,13.3019,52.56904
11,11010204.0,Falkenberg Ost,11100203.0,2019,7,2,4,3,0,1,2,0,0,0,0,0,0,806693.6647,5833980.849,13.52631,52.56923
7,7020203.0,Kaiser-Wilhelm-Platz,7200409.0,2019,7,10,4,3,1,5,0,1,0,0,0,0,0,795592.4922,5824160.714,13.35427,52.48734
4,4061757.0,Forst Grunewald,4200207.0,2019,7,10,4,3,5,3,0,0,0,0,0,0,0,788657.619,5825722.151,13.25378,52.50505
12,12103218.0,Teichstraße,12100205.0,2019,7,9,3,3,0,6,0,1,0,0,0,0,0,794850.991,5833071.512,13.35128,52.56762
1,1011401.0,Invalidenstraße,1100415.0,2019,7,8,3,3,3,6,0,0,0,0,0,0,0,797300.6481,5829109.322,13.38377,52.53077
9,9010401.0,Johannisthal West,9100407.0,2019,7,6,3,2,1,5,0,1,0,0,0,0,0,806046.1012,5820006.085,13.50394,52.44435
4,4041241.0,Breite Straße,4400832.0,2019,7,16,3,2,1,5,0,1,0,0,0,0,0,791954.0242,5822499.632,13.29938,52.47441
1,1044102.0,Schillerpark,1400940.0,2019,7,15,3,3,5,2,0,1,0,0,0,0,0,794707.6267,5831780.937,13.34803,52.55613
2,2020203.0,Viktoriapark,2200207.0,2019,7,23,3,3,0,1,2,0,0,0,0,0,0,797247.7859,5824831.582,13.37917,52.49245
3,3061228.0,Erich-Weinert-Straße,3601245.0,2019,7,20,3,3,1,5,1,1,0,0,0,0,0,801022.3297,5830798.88,13.44,52.54387
1,1011101.0,Stülerstraße,1100101.0,2019,7,20,3,2,0,1,0,0,0,0,0,0,0,794549.2754,5826088.225,13.34065,52.50518
5,5020417.0,Staakener Straße,5200420.0,2019,7,20,3,3,5,3,0,1,0,0,0,0,0,782573.5164,5828540.581,13.16677,52.53351
9,9010202.0,Köpenicker Landstraße,9100203.0,2019,7,13,3,3,3,1,0,0,0,0,0,1,0,804279.5321,5823056.603,13.48081,52.47267
5,5040936.0,Jägerallee,5400943.0,2019,7,12,3,3,2,2,0,1,0,0,0,0,0,781551.3758,5819649.201,13.14423,52.45431
6,6040804.0,Krumme Lanke,6400838.0,2019,7,18,3,3,5,2,0,1,0,0,0,0,0,788760.1197,5819994.54,13.25032,52.45365
8,8020728.0,Buckow Ost,8200833.0,2019,7,17,3,3,5,3,0,0,0,0,0,1,0,801800.8908,5817488.167,13.4394,52.42414
1,1033101.0,Soldiner Straße,1300732.0,2019,7,9,3,3,1,5,0,0,0,0,1,0,0,797963.6549,5832408.763,13.39648,52.55998
2,2040502.0,Friedenstraße,2400521.0,2019,7,13,2,3,5,2,0,0,0,0,0,1,0,801250.7933,5827844.043,13.44068,52.51726
7,7070701.0,Kettinger Straße/Schillerstraße,7601442.0,2019,7,15,2,3,0,7,0,0,0,0,0,0,0,799195.4451,5816141.739,13.39999,52.4135
10,10040933.0,Mahlsdorf Süd,10400941.0,2019,7,12,2,3,0,1,0,0,0,0,0,0,0,812433.1499,5824753.677,13.60205,52.48328
1,1033202.0,Humboldthain Süd,1300835.0,2019,7,18,2,3,5,2,0,0,0,0,0,1,1,797763.8745,5829744.158,13.39115,52.53621
6,6030610.0,Lichterfelde West,6300634.0,2019,7,18,2,3,0,5,0,1,0,0,0,0,1,791844.99,5818906.647,13.29464,52.44225
5,5010311.0,Eiswerder,5100313.0,2019,7,16,2,3,5,7,0,1,0,0,0,0,0,785352.2748,5830155.443,13.20902,52.54654
1,1011203.0,Unter den Linden Süd,1100206.0,2019,7,17,2,3,1,5,0,1,0,0,0,0,1,798018.5797,5827089.741,13.39251,52.51228
1,1033102.0,Gesundbrunnen,1300733.0,2019,7,16,2,3,5,2,0,1,0,0,0,0,0,797720.1863,5831257.475,13.39186,52.5498
4,4051655.0,Babelsberger Straße,4501153.0,2019,7,15,2,2,5,3,0,1,0,0,0,0,0,794185.4354,5823226.393,13.33278,52.47972
11,11020516.0,Weiße Taube,11200515.0,2019,7,15,2,3,5,2,0,0,0,0,0,1,0,806220.1135,5830350.064,13.516,52.53695
1,1011301.0,Charitéviertel,1100308.0,2019,7,15,2,3,2,7,0,1,0,0,0,0,0,797108.2794,5829252.994,13.38107,52.53216
3,3061126.0,Arnimplatz,3601141.0,2019,7,12,2,3,5,2,0,1,0,0,0,0,0,798218.8879,5831596.932,13.3995,52.55257
2,2020203.0,Viktoriapark,2200207.0,2019,7,11,2,3,5,3,0,1,0,0,0,0,0,797772.1162,5824035.105,13.38616,52.48503
2,2040502.0,Friedenstraße,2400521.0,2019,7,9,2,3,5,2,0,1,0,0,0,0,0,801247.6083,5827817.05,13.44061,52.51702
2,2030302.0,Lausitzer Platz,2300315.0,2019,7,18,2,3,0,1,0,0,0,0,0,0,1,800744.9878,5826524.979,13.43206,52.50572
2,2010102.0,Mehringplatz,2100102.0,2019,7,19,2,3,0,1,0,0,0,0,0,0,1,797954.21,5826221.374,13.39079,52.50453
8,8010118.0,Silbersteinstraße,8100105.0,2019,7,7,2,3,2,2,0,1,0,0,0,0,0,800770.9391,5822754.222,13.42904,52.4719
6,6020408.0,Lichterfelde Süd,6200420.0,2019,7,20,1,3,0,1,0,0,0,0,0,0,0,792685.3396,5816255.374,13.30465,52.41804
8,8010510.0,Gewerbegebiet Köllnische Heide,8100521.0,2019,7,18,1,3,0,1,0,0,0,0,0,0,0,802547.3641,5822134.889,13.45455,52.46537
2,2050804.0,Stralauer Halbinsel,2500836.0,2019,7,9,1,3,5,2,0,0,0,0,0,1,0,803120.208,5825676.768,13.46617,52.4968
2,2010103.0,Moritzplatz,2100104.0,2019,7,10,7,3,0,1,0,0,0,0,0,0,0,799486.2656,5826075.855,13.41316,52.50238
2,2040502.0,Friedenstraße,2400521.0,2019,7,17,7,3,0,3,0,1,0,0,0,0,0,800938.9236,5828520.101,13.43671,52.52349
8,8010404.0,Rixdorf,8100417.0,2019,7,23,7,3,0,7,2,0,0,0,0,1,0,801808.5509,5823647.437,13.44507,52.47934
6,6030503.0,Zehlendorf Mitte,6300527.0,2019,7,18,7,3,5,3,0,1,0,0,0,0,0,789259.0559,5818045.547,13.25596,52.43591
1,1033101.0,Soldiner Straße,1300732.0,2019,7,16,7,3,5,2,0,1,0,0,0,0,0,797380.5277,5832454.199,13.38794,52.56071
5,5010101.0,Hakenfelde Nord,5100103.0,2019,8,7,4,3,0,1,0,0,0,0,0,0,0,785752.9864,5833148.226,13.21749,52.57316
3,3061126.0,Arnimplatz,3601141.0,2019,8,18,3,3,0,5,0,1,0,0,0,0,0,798990.5256,5831447.339,13.41071,52.5508
1,1011202.0,Unter den Linden Nord,1100206.0,2019,8,13,3,3,6,4,0,0,1,0,0,0,0,798503.6639,5827866.87,13.40034,52.51898
3,3071536.0,Teutoburger Platz,3701554.0,2019,8,18,3,3,1,5,0,1,0,0,0,1,0,799076.3458,5830209.542,13.41086,52.53966
3,3061429.0,Greifswalder Straße,3601449.0,2019,8,16,3,3,5,2,0,1,0,0,0,0,0,801324.399,5831012.737,13.44464,52.54562
8,8010406.0,Treptower Straße Nord,8100419.0,2019,8,18,3,3,1,5,1,1,0,0,0,0,0,801886.179,5824407.018,13.4469,52.4861
10,10040933.0,Mahlsdorf Süd,10400941.0,2019,8,18,3,3,1,5,0,1,0,0,0,0,0,812119.7102,5825410.824,13.59807,52.48935
3,3071633.0,Thälmannpark,3701657.0,2019,8,17,3,3,3,6,0,0,0,0,0,0,0,800030.146,5830416.315,13.42507,52.54099
8,8010214.0,Glasower Straße,8100209.0,2019,8,17,3,3,5,2,0,1,0,0,0,0,0,801751.4353,5822053.178,13.44279,52.46508
2,2050801.0,Traveplatz,2500830.0,2019,8,17,3,3,5,2,0,1,0,0,0,0,0,802742.3509,5827484.842,13.46227,52.51322
7,7030301.0,Friedenau,7300516.0,2019,8,17,3,3,2,2,0,1,0,0,0,0,0,793962.185,5822011.868,13.32843,52.46896
1,1011303.0,Alexanderplatzviertel,1100310.0,2019,8,8,3,3,0,6,0,0,0,0,0,0,0,799178.2548,5828665.568,13.41097,52.52577
1,1011204.0,Leipziger Straße,1100207.0,2019,8,16,3,3,5,3,0,1,0,1,0,0,0,798578.17,5826868.996,13.40054,52.50999
4,4051653.0,Prager Platz,4501152.0,2019,8,13,3,3,5,2,0,0,0,0,1,0,0,793970.2454,5824451.222,13.3307,52.49082
3,3050925.0,Komponistenviertel Weißensee,3500936.0,2019,8,16,3,3,3,6,0,1,0,0,0,0,0,802435.844,5831508.359,13.46143,52.54945
9,9051702.0,Bölschestraße,9501737.0,2019,8,12,3,3,1,5,0,0,0,0,0,1,0,814205.0237,5821576.376,13.62507,52.45379
1,1011304.0,Karl-Marx-Allee,1100311.0,2019,8,11,3,3,3,7,0,1,0,0,0,0,0,799728.6442,5827524.534,13.41803,52.51524
1,1011103.0,Lützowstraße,1100103.0,2019,8,8,3,3,2,6,0,1,0,0,0,0,0,796089.5964,5825998.886,13.3632,52.50355
3,3061126.0,Arnimplatz,3601141.0,2019,8,6,3,2,0,7,0,0,0,0,0,0,0,798179.4691,5831829.763,13.39913,52.55468
5,5020524.0,Weinmeisterhornweg,5200528.0,2019,8,10,3,3,0,2,0,1,0,0,0,0,0,783049.1199,5826060.425,13.17166,52.51102
1,1044101.0,Rehberge,1400938.0,2019,8,6,3,3,5,2,0,1,0,0,0,0,0,794020.8898,5830176.827,13.33651,52.54212
9,9010302.0,Späthsfelde,9100306.0,2019,8,9,3,3,5,3,0,1,0,0,0,0,0,804361.0633,5819757.855,13.479,52.44306
8,8010404.0,Rixdorf,8100417.0,2019,8,9,3,3,5,2,0,1,0,0,0,0,0,801515.4081,5823855.424,13.44096,52.48136
5,5020523.0,Maulbeerallee,5200528.0,2019,8,20,2,3,2,2,0,0,0,0,0,0,0,782821.3343,5827119.085,13.16921,52.52063
7,7030301.0,Friedenau,7300516.0,2019,8,12,2,3,2,7,0,1,0,0,0,0,0,794142.0076,5821828.56,13.33091,52.46722
8,8030829.0,Gropiusstadt Nord,8300934.0,2019,8,20,2,3,5,2,0,0,0,0,1,0,0,803150.1434,5818453.026,13.46005,52.43204
11,11030618.0,Fennpfuhl West,11300617.0,2019,8,19,2,3,6,4,0,0,1,0,0,0,0,803090.1344,5829555.484,13.46927,52.53158