district,LOR,street,LOR_2021,year,month,hour,weekday,category,accident_kind,accident_type,light_condition,car,pedestrian,motorcycle,goods_vehicle,others,road_condition,LINREFX,LINREFY,XGCSWGS84,YGCSWGS84
10,10020416.0,Böhlener Straße,10200423.0,2019,8,18,2,3,5,2,0,1,0,0,0,0,0,813242.0154,5831082.86,13.61988,52.53953
1,1011401.0,Invalidenstraße,1100415.0,2019,8,20,2,2,1,5,1,0,0,0,0,1,0,797888.4508,5829287.764,13.39257,52.53205
5,5020627.0,Tiefwerder,5200632.0,2019,8,18,2,3,5,2,0,1,0,0,0,0,0,785941.5643,5827986.124,13.21582,52.52678
7,7010104.0,Dennewitzplatz,7100205.0,2019,8,13,2,3,6,7,0,0,1,0,0,0,0,796138.2204,5824930.94,13.36297,52.49395
2,2010101.0,Askanischer Platz,2100101.0,2019,8,13,2,3,2,6,0,0,0,0,0,0,0,797860.0672,5825617.782,13.38887,52.49917
5,5020521.0,Döberitzer Weg,5200524.0,2019,8,16,2,3,0,2,0,1,0,0,0,0,0,779764.0754,5827777.819,13.12482,52.52812
11,11051229.0,Rummelsburg,11501238.0,2019,8,16,2,2,0,7,0,0,0,0,0,0,0,804813.1794,5825374.69,13.49076,52.49315
12,12301205.0,Waidmannslust,12500928.0,2019,8,16,2,3,5,3,0,1,0,0,0,0,0,791868.0067,5836954.407,13.31082,52.60404
11,11030721.0,Rüdigerstraße,11300722.0,2019,8,14,2,3,0,2,0,0,0,0,0,1,0,803705.0328,5828330.214,13.47718,52.52026
1,1011301.0,Charitéviertel,1100308.0,2019,8,14,2,3,3,5,0,1,0,0,0,0,0,797306.4507,5829022.234,13.38378,52.52999
4,4051551.0,Brabanter Platz,4501148.0,2019,8,10,2,3,5,3,0,1,0,0,0,0,0,792863.3672,5823178.646,13.31333,52.48001
12,12214424.0,Scharnweberstraße,12200309.0,2019,8,10,2,3,5,2,0,1,0,0,0,0,0,793055.1391,5832658.344,13.3245,52.56489
11,11041023.0,Gensinger Straße,11401033.0,2019,8,12,2,2,5,3,0,1,0,0,0,0,0,807525.5288,5827503.379,13.53255,52.51071
2,2030302.0,Lausitzer Platz,2300315.0,2019,8,12,2,3,0,1,0,0,0,0,0,0,0,800646.4438,5826254.01,13.43037,52.50334
7,7010102.0,Nollendorfplatz,7100103.0,2019,8,8,2,3,5,3,0,1,0,0,0,0,0,795423.7898,5825487.401,13.35297,52.49932
7,7020203.0,Kaiser-Wilhelm-Platz,7200409.0,2019,8,8,2,3,3,6,0,1,0,0,0,0,0,795874.135,5824078.934,13.35833,52.48645
8,8010117.0,Schillerpromenade,8100102.0,2019,8,22,1,3,5,2,2,1,0,0,0,0,0,800111.2893,5822904.316,13.41949,52.47361
2,2020203.0,Viktoriapark,2200207.0,2019,8,14,1,3,5,3,0,1,0,0,0,0,0,797275.9293,5824816.059,13.37957,52.4923
6,6040808.0,Hüttenweg,6400842.0,2019,8,13,1,3,0,1,0,0,0,0,0,0,0,789584.8989,5819810.161,13.26227,52.45156
3,3061228.0,Erich-Weinert-Straße,3601245.0,2019,8,12,1,3,0,1,0,0,0,0,0,0,0,800929.0775,5831159.84,13.43896,52.54716
11,11040926.0,Weitlingstraße,11400929.0,2019,8,20,1,2,5,2,1,1,0,0,0,0,0,804474.4056,5826396.77,13.48672,52.5025
1,1022106.0,Elberfelder Straße,1200522.0,2019,8,19,1,3,5,2,0,1,0,0,0,0,0,793992.5718,5827833.022,13.33402,52.52112
9,9020802.0,Köllnische Vorstadt,9200819.0,2019,8,18,1,3,5,2,0,1,0,0,0,0,0,810216.1875,5819629.706,13.56475,52.43862
6,6030503.0,Zehlendorf Mitte,6300527.0,2019,8,15,1,3,0,7,0,0,0,0,0,0,0,789964.618,5817497.545,13.26583,52.43062
1,1044202.0,Sparrplatz,1401046.0,2019,8,10,1,3,1,5,0,1,0,0,0,0,0,795156.3639,5830167.974,13.35319,52.54143
3,3020209.0,Niederschönhausen,3200205.0,2019,8,1,1,3,1,5,2,1,0,0,0,0,0,798124.5781,5836519.194,13.40254,52.59674
3,3061131.0,Falkplatz,3601142.0,2019,8,12,7,3,0,4,0,0,1,0,0,0,0,798953.688,5831063.113,13.40983,52.54738
3,3040614.0,Pankow Zentrum,3400724.0,2019,8,13,7,3,5,2,0,1,0,0,0,0,0,797777.0326,5832954.963,13.39422,52.56498
4,4041241.0,Breite Straße,4400832.0,2019,8,11,7,3,5,3,0,1,0,0,0,0,0,792154.2991,5821844.666,13.30175,52.46843
5,5010101.0,Hakenfelde Nord,5100103.0,2019,8,11,7,2,5,2,0,1,0,0,0,0,0,785222.4213,5831822.497,13.20854,52.56155
5,5020419.0,Magistratsweg,5200423.0,2019,8,11,7,3,5,3,0,1,0,0,0,0,0,781829.3196,5828449.786,13.15575,52.53308
9,9020502.0,Oberschöneweide Ost,9200511.0,2019,8,16,7,3,5,3,0,1,0,0,0,0,0,807907.5725,5821556.476,13.53267,52.4572
1,1011301.0,Charitéviertel,1100308.0,2019,8,17,6,3,5,2,0,1,0,0,0,0,0,797258.0406,5829087.652,13.38313,52.5306
2,2010101.0,Askanischer Platz,2100101.0,2019,8,16,6,3,0,4,0,0,1,0,0,0,0,797148.417,5826436.852,13.37915,52.5069
4,4030931.0,Breitscheidplatz,4501042.0,2019,8,21,6,3,3,6,2,1,0,0,0,0,0,793929.439,5826192.219,13.33164,52.50645
12,12214424.0,Scharnweberstraße,12200309.0,2019,8,17,6,3,2,6,0,1,0,0,0,0,0,793248.5048,5832592.229,13.32728,52.56419
8,8010211.0,Flughafenstraße,8100206.0,2019,8,22,6,3,1,5,2,1,0,0,0,0,0,800659.7376,5823785.19,13.42833,52.48121
2,2010102.0,Mehringplatz,2100102.0,2019,8,17,6,3,1,5,0,1,0,0,0,0,0,798298.3349,5826175.969,13.39581,52.50393
8,8010211.0,Flughafenstraße,8100206.0,2019,8,17,6,3,3,6,0,1,0,0,0,0,0,800356.1158,5824304.261,13.42434,52.48603
9,9031001.0,Bohnsdorf,9301025.0,2019,8,19,6,3,5,3,0,0,0,0,0,1,0,810688.4516,5815694.378,13.56802,52.40309
4,4041238.0,Kissinger Straße,4400830.0,2019,8,17,6,2,1,5,0,1,0,0,0,0,0,791820.3397,5823513.589,13.29831,52.48357
9,9020502.0,Oberschöneweide Ost,9200511.0,2019,8,8,6,3,0,2,0,1,0,0,0,0,0,807336.6604,5822153.079,13.52484,52.46286
12,12214125.0,Waldidyll/Flughafensee,12200412.0,2019,8,8,6,3,5,2,0,1,0,0,0,0,0,791341.9922,5834083.529,13.30055,52.57858
7,7010102.0,Nollendorfplatz,7100103.0,2019,8,8,6,3,2,2,0,1,0,0,0,0,0,795537.2264,5825528.545,13.35467,52.49963
12,12231102.0,Frohnau,12400721.0,2019,8,7,6,3,4,6,0,0,0,0,0,0,0,789715.4631,5843084.892,13.2845,52.66015
1,1011401.0,Invalidenstraße,1100415.0,2019,8,16,6,3,1,1,0,1,0,0,0,0,0,797842.3148,5829276.802,13.39188,52.53198
9,9010202.0,Köpenicker Landstraße,9100203.0,2019,8,13,6,3,6,4,0,0,1,0,0,0,0,804497.4794,5823751.3,13.48464,52.47878
11,11020412.0,Hauptstraße,11200513.0,2019,8,16,6,2,5,3,0,1,0,0,0,0,0,805822.5923,5831859.4,13.51154,52.5507
1,1011301.0,Charitéviertel,1100308.0,2019,8,13,6,3,1,5,0,1,0,0,0,0,0,796855.8998,5828954.382,13.3771,52.52962
9,9051901.0,Dammvorstadt,9501941.0,2019,8,11,6,3,0,1,0,0,0,0,0,0,0,811136.6297,5821575.653,13.58006,52.45554
3,3050920.0,Weißer See,3500933.0,2019,8,9,6,3,5,2,0,0,0,0,0,0,0,801713.8007,5831783.336,13.45106,52.55231
1,1044202.0,Sparrplatz,1401046.0,2019,8,9,6,3,5,2,0,1,0,0,0,0,0,794628.0174,5829879.14,13.34517,52.53912
9,9010101.0,Elsenstraße,9100101.0,2019,8,9,6,3,5,2,0,1,0,0,0,0,0,802628.1212,5824462.347,13.45785,52.48619
1,1044103.0,Westliche Müllerstraße,1400942.0,2019,8,15,6,3,5,2,0,1,0,1,0,0,0,794988.267,5831179.99,13.35162,52.55059
2,2010101.0,Askanischer Platz,2100101.0,2019,8,14,6,3,3,6,0,0,0,0,0,1,0,797532.4692,5826001.06,13.3844,52.50278
4,4051549.0,Rathaus Wilmersdorf,4501146.0,2019,8,2,6,3,0,1,2,0,0,0,0,0,0,792458.2732,5824011.377,13.30811,52.48769
11,11030618.0,Fennpfuhl West,11300617.0,2019,8,19,5,3,4,6,0,0,0,0,0,0,0,803846.9648,5828899.179,13.47979,52.52528
4,4030931.0,Breitscheidplatz,4501042.0,2019,8,17,5,3,6,4,0,0,1,0,0,0,0,793910.4477,5826223.901,13.33139,52.50674
9,9020501.0,Oberschöneweide West,9200510.0,2019,8,18,5,3,5,2,0,1,0,0,0,0,0,806606.8689,5822047.592,13.51404,52.46233
6,6030504.0,Teltower Damm,6300528.0,2019,8,16,5,3,5,3,0,1,0,0,0,0,0,790291.7049,5817165.004,13.27034,52.42747
1,1011305.0,Heine-Viertel West,1100312.0,2019,8,18,5,3,3,2,0,1,0,0,0,0,0,799490.22,5826644.834,13.41373,52.50748
9,9020502.0,Oberschöneweide Ost,9200511.0,2019,8,16,5,2,5,2,0,1,0,0,0,0,0,807389.932,5821730.017,13.52524,52.45904
8,8010405.0,Hertzbergplatz,8100418.0,2019,8,15,5,3,5,3,0,0,0,0,0,0,0,802493.7404,5823233.965,13.45476,52.47525
2,2010102.0,Mehringplatz,2100102.0,2019,8,15,5,3,1,5,0,1,0,0,0,0,0,797983.1023,5826068.888,13.39108,52.50314
1,1011204.0,Leipziger Straße,1100207.0,2019,8,15,5,3,2,6,0,1,0,0,0,0,0,797968.0824,5826581.411,13.39132,52.50775
1,1033202.0,Humboldthain Süd,1300835.0,2019,8,14,5,3,5,2,0,0,0,0,0,1,0,796960.9901,5830140.194,13.3797,52.5402
8,8020619.0,Buschkrugallee Nord,8200623.0,2019,8,14,5,3,5,2,0,1,0,0,0,0,0,802612.8087,5820747.366,13.45425,52.4529
11,11010204.0,Falkenberg Ost,11100203.0,2019,8,13,5,3,5,3,0,1,0,0,0,0,0,806721.0308,5833968.491,13.5267,52.5691
1,1022106.0,Elberfelder Straße,1200522.0,2019,8,10,5,3,5,2,0,1,0,0,0,0,0,793842.8454,5827938.222,13.33191,52.52215
7,7020203.0,Kaiser-Wilhelm-Platz,7200409.0,2019,8,21,5,3,6,7,2,0,1,0,0,0,0,795605.2521,5824203.297,13.35449,52.48771
6,6040810.0,Dahlem,6400844.0,2019,8,8,5,3,5,5,0,1,0,0,0,0,0,792390.0143,5821311.806,13.30474,52.46352
3,3051017.0,Rennbahnstraße,3501037.0,2019,8,8,5,3,5,3,0,0,0,0,0,0,0,802905.2808,5833190.584,13.46986,52.56427
1,1011201.0,Wilhelmstraße,1100205.0,2019,8,9,5,3,0,1,0,0,0,0,0,0,1,797045.1174,5826556.027,13.37774,52.50802
5,5010205.0,An der Tränke,5100207.0,2019,8,8,5,3,5,3,0,1,0,0,0,0,0,780096.1591,5830192.289,13.13174,52.5496
5,5030731.0,Gartenfelder Straße,5300737.0,2019,8,8,4,3,6,7,0,0,1,0,0,0,0,786952.3021,5829373.308,13.23187,52.53868
1,1011203.0,Unter den Linden Süd,1100206.0,2019,8,14,4,3,5,2,0,0,0,0,0,0,1,797883.4172,5827468.3,13.39087,52.51574
9,9020601.0,Schnellerstraße,9200613.0,2019,8,12,4,2,6,7,0,0,1,0,0,0,0,806755.6134,5821023.154,13.51528,52.45306
2,2020204.0,Urbanstraße,2200210.0,2019,8,9,4,3,6,4,0,0,1,0,0,0,0,798646.6606,5825146.559,13.4,52.49451
4,4051446.0,Preußenpark,4501043.0,2019,8,9,4,3,5,3,0,1,0,0,0,0,0,792912.4407,5824395.27,13.31512,52.49089
6,6030608.0,Schweizer Viertel,6300632.0,2019,8,9,4,2,5,3,0,1,0,0,0,0,0,791931.0031,5817469.527,13.29465,52.42932
8,8010510.0,Gewerbegebiet Köllnische Heide,8100521.0,2019,8,3,4,3,5,3,2,1,0,0,0,0,0,802944.2055,5822480.612,13.46069,52.46825
12,12214424.0,Scharnweberstraße,12200309.0,2019,8,12,4,3,0,1,0,0,0,0,0,0,0,793166.4873,5832631.332,13.32611,52.56458
3,3040818.0,Pankow Süd,3400830.0,2019,8,8,4,3,3,6,0,1,0,0,0,0,0,799817.8277,5832027.341,13.4234,52.55555
7,7020204.0,Schöneberger Insel,7200413.0,2019,8,15,4,3,3,7,0,0,0,0,0,0,0,796253.8663,5823582.794,13.36347,52.4818
1,1011204.0,Leipziger Straße,1100207.0,2019,8,15,4,3,5,2,0,0,0,0,0,1,1,798118.3084,5826806.719,13.39373,52.50968
2,2030402.0,Wrangelkiez,2300419.0,2019,8,14,4,3,0,6,0,1,0,0,0,0,0,801840.4319,5825742.687,13.44744,52.4981
7,7050501.0,Rathausstraße,7501030.0,2019,8,14,4,3,0,3,0,1,0,0,0,0,1,797341.9626,5818651.203,13.37505,52.437
3,3061430.0,Volkspark Prenzlauer Berg,3601450.0,2019,8,14,4,3,5,2,0,1,0,0,0,0,1,802417.5389,5829233.88,13.45909,52.52907
4,4030623.0,Ernst-Reuter-Platz,4300622.0,2019,8,19,4,3,5,2,0,1,0,0,0,0,0,793021.543,5826957.25,13.31898,52.5138
1,1022106.0,Elberfelder Straße,1200522.0,2019,8,13,4,3,5,2,0,1,0,0,0,0,0,794317.3858,5828375.768,13.33927,52.52581
6,6010209.0,Feuerbachstraße,6100209.0,2019,8,12,3,2,1,5,0,1,0,0,0,0,0,794162.7871,5821472.77,13.3309,52.46402
1,1011203.0,Unter den Linden Süd,1100206.0,2019,8,20,3,3,5,3,2,1,0,0,0,0,0,797877.4444,5827467.313,13.39078,52.51574
7,7010104.0,Dennewitzplatz,7100205.0,2019,8,20,3,3,3,6,0,0,0,0,0,1,0,796278.4867,5824923.285,13.36502,52.4938
5,5020625.0,Borkumer Straße,5200629.0,2019,8,18,3,3,0,4,0,0,1,0,0,0,0,784457.8651,5828663.714,13.19458,52.53363
1,1011301.0,Charitéviertel,1100308.0,2019,8,18,3,3,2,2,0,1,0,0,0,0,0,797511.7446,5828326.84,13.38617,52.52364
1,1033203.0,Humboldthain Nordwest,1300836.0,2019,8,18,3,3,5,3,0,1,0,0,0,0,0,796637.6403,5829799.464,13.37464,52.53732
2,2020206.0,Graefekiez,2200213.0,2019,8,16,3,3,0,7,0,1,0,0,0,0,1,799660.0378,5825045.622,13.41479,52.49305
9,9031101.0,Grünau,9301126.0,2019,8,17,3,3,3,6,0,1,0,0,0,0,0,812272.4861,5816664.686,13.59213,52.41088
1,1011105.0,Nördlicher Landwehrkanal,1100102.0,2019,8,17,4,3,5,2,0,1,0,0,0,0,0,796110.1835,5826714.408,13.36414,52.50995
4,4030620.0,Alt-Lietzow,4300619.0,2019,8,17,3,3,5,7,0,1,0,0,0,0,0,792926.052,5827451.134,13.31801,52.51827
1,1022202.0,Heidestraße,1200624.0,2019,8,17,4,3,0,2,0,1,0,0,0,0,0,795668.9129,5829732.336,13.36034,52.53724
3,3061126.0,Arnimplatz,3601141.0,2019,8,17,3,3,5,2,0,1,0,0,0,0,0,798411.9276,5831802.081,13.40252,52.5543
7,7070702.0,Alt-Lichtenrade/Töpchiner Weg,7601443.0,2019,8,17,4,3,5,3,0,1,0,0,0,0,0,800641.0362,5814918.821,13.42008,52.40174
10,10010203.0,Gewerbegebiet Bitterfelder Straße,10100205.0,2019,8,17,4,3,5,3,0,0,0,0,0,1,0,807649.1373,5830820.334,13.53743,52.54036
1,1011202.0,Unter den Linden Nord,1100206.0,2019,8,8,4,3,5,2,0,0,0,1,0,0,0,797648.5536,5828123.815,13.388,52.52175
2,2010104.0,Wassertorplatz,2100106.0,2019,8,16,4,3,6,7,0,0,1,0,0,0,0,799037.4848,5825525.393,13.40608,52.4977
8,8010117.0,Schillerpromenade,8100102.0,2019,8,12,3,3,2,6,0,1,0,0,0,0,0,800581.6621,5823235.918,13.42669,52.47633
6,6040806.0,Fischtal,6400840.0,2019,8,10,3,3,1,5,0,1,0,0,0,0,0,789432.1103,5819803.077,13.26002,52.45157
4,4030623.0,Ernst-Reuter-Platz,4300622.0,2019,8,15,4,2,5,2,0,0,0,0,0,1,0,793381.001,5827323.304,13.32458,52.51688
8,8010510.0,Gewerbegebiet Köllnische Heide,8100521.0,2019,8,8,3,3,5,2,0,1,0,0,0,0,0,802495.323,5822550.456,13.45416,52.46913
4,4030620.0,Alt-Lietzow,4300619.0,2019,8,7,3,3,5,2,0,1,0,0,0,0,0,791904.161,5827432.757,13.30297,52.51866
3,3040614.0,Pankow Zentrum,3400724.0,2019,8,7,3,3,5,3,0,1,0,0,0,0,0,799982.6898,5835097.359,13.4286,52.58297
9,9010201.0,Am Treptower Park Süd,9100202.0,2019,8,9,4,3,5,2,0,1,0,0,0,0,0,803087.4944,5824001.539,13.46417,52.4818
11,11030721.0,Rüdigerstraße,11300722.0,2019,8,16,3,3,4,6,0,1,0,0,0,0,0,805206.4246,5828089.675,13.49902,52.51726
7,7060603.0,Marienfelde Nordost,7601238.0,2019,8,9,4,3,5,2,0,1,0,0,0,0,0,798458.0235,5816858.123,13.38982,52.42032
3,3071536.0,Teutoburger Platz,3701554.0,2019,8,7,4,3,5,2,0,0,0,0,0,1,0,799143.9981,5829203.411,13.41095,52.53061
1,1044201.0,Reinickendorfer Straße,1401045.0,2019,8,15,4,3,5,2,0,1,0,0,0,0,0,796702.6521,5831625.93,13.37723,52.55366
1,1044201.0,Reinickendorfer Straße,1401045.0,2019,8,14,3,3,6,4,0,0,1,0,0,0,0,796484.0914,5831932.031,13.37429,52.55652
3,3071537.0,Kollwitzplatz,3701555.0,2019,8,15,4,3,4,5,0,1,0,0,0,0,0,799661.5668,5830085.927,13.41935,52.53823
11,11030618.0,Fennpfuhl West,11300617.0,2019,8,16,3,3,3,6,0,0,0,0,0,0,0,803242.0889,5829630.813,13.47157,52.53217
7,7010102.0,Nollendorfplatz,7100103.0,2019,8,15,4,3,3,6,0,1,0,0,0,0,0,794958.6569,5825649.153,13.34628,52.50103
12,12304314.0,Ziekowstraße/Freie Scholle,12500824.0,2019,8,14,4,3,1,5,0,1,0,0,0,0,0,791350.1453,5835733.339,13.30212,52.59337
5,5030730.0,Zitadellenweg,5300736.0,2019,8,13,3,3,5,2,0,1,0,0,0,0,0,785740.9699,5829268.777,13.21397,52.53838
1,1011402.0,Arkonaplatz,1100416.0,2019,8,8,3,3,5,3,0,1,0,0,0,0,0,798594.193,5829506.506,13.40314,52.53362
4,4051550.0,Leon-Jessel-Platz,4501043.0,2019,8,12,3,3,5,7,0,1,0,0,0,0,0,793210.3227,5824255.775,13.31937,52.48948
3,3061430.0,Volkspark Prenzlauer Berg,3601450.0,2019,8,15,3,3,5,2,0,1,0,0,0,0,1,802416.1299,5829233.278,13.45907,52.52907
7,7010102.0,Nollendorfplatz,7100103.0,2019,8,12,4,3,1,5,0,1,0,0,0,1,0,795909.52,5825162.448,13.35981,52.49615
10,10040829.0,Alt-Kaulsdorf,10400836.0,2019,8,13,5,3,1,5,0,1,0,0,0,0,0,811523.7931,5827156.263,13.59095,52.50533
1,1044101.0,Rehberge,1400938.0,2019,8,13,5,3,5,2,0,1,0,0,0,0,0,794165.4345,5830317.61,13.33876,52.5433
1,1011202.0,Unter den Linden Nord,1100206.0,2019,8,12,5,3,2,7,0,1,0,0,0,0,0,797713.2172,5827742.369,13.38861,52.51829
4,4020310.0,Park Ruhwald,4200308.0,2019,8,9,5,2,5,2,0,0,0,0,1,0,0,790377.3342,5827305.695,13.28042,52.51833
11,11020411.0,Malchower Weg,11200410.0,2019,8,9,5,3,5,3,0,1,0,0,0,0,0,804493.4617,5833106.309,13.49315,52.56262
1,1022206.0,Lüneburger Straße,1200628.0,2019,8,8,5,3,5,2,0,1,0,0,0,0,0,795547.8192,5828216.315,13.35721,52.52372
2,2040502.0,Friedenstraße,2400521.0,2019,8,8,5,3,5,2,0,1,0,0,0,0,0,800682.9989,5828487.434,13.43292,52.52334
9,9020601.0,Schnellerstraße,9200613.0,2019,8,7,5,3,5,2,0,1,0,0,0,0,0,807993.4899,5820988.578,13.53341,52.45206
12,12214424.0,Scharnweberstraße,12200309.0,2019,8,16,4,3,5,2,0,1,0,0,0,0,0,793549.3751,5832363.97,13.33151,52.56198
7,7030301.0,Friedenau,7300516.0,2019,8,18,4,3,5,7,0,0,0,0,0,1,0,793975.5858,5821710.854,13.32837,52.46625
2,2050602.0,Samariterviertel,2500728.0,2019,8,16,4,3,1,5,0,1,0,0,0,0,0,803387.508,5827907.456,13.47213,52.51665
2,2020206.0,Graefekiez,2200213.0,2019,8,18,4,3,3,6,0,1,0,0,0,0,0,799873.7068,5825357.012,13.41821,52.49573
5,5020521.0,Döberitzer Weg,5200524.0,2019,8,17,4,3,0,3,0,1,0,0,0,0,0,780077.7011,5827688.408,13.12936,52.52715
7,7030301.0,Friedenau,7300516.0,2019,8,17,4,3,3,6,0,1,0,0,0,0,0,794359.0268,5822247.024,13.33447,52.47085
4,4051652.0,Nikolsburger Platz,4501149.0,2019,8,17,4,3,0,4,0,0,1,0,0,0,0,793463.7422,5824621.626,13.32341,52.49262
7,7010102.0,Nollendorfplatz,7100103.0,2019,8,15,4,3,3,6,0,1,0,0,0,0,0,795727.2576,5824969.538,13.35697,52.49452
7,7020203.0,Kaiser-Wilhelm-Platz,7200409.0,2019,8,19,4,3,5,2,0,1,0,0,0,0,0,795524.7069,5823822.16,13.35297,52.48434
1,1033201.0,Brunnenstraße,1300834.0,2019,8,8,4,2,6,4,0,0,1,0,0,0,0,797803.3082,5831143.384,13.39298,52.54873
1,1011204.0,Leipziger Straße,1100207.0,2019,8,8,4,3,5,3,0,1,0,0,0,0,0,797890.573,5826670.873,13.39026,52.50859
8,8020622.0,Parchimer Allee,8200727.0,2019,8,6,4,3,5,3,0,0,0,0,0,1,0,801258.6916,5819803.717,13.43353,52.44519
1,1011203.0,Unter den Linden Süd,1100206.0,2019,8,16,4,2,5,3,0,1,0,0,0,0,0,797901.5781,5827372.985,13.39105,52.51488
12,12214527.0,Alt-Tegel,12200515.0,2019,8,15,4,3,5,3,0,1,0,0,0,0,0,790384.5358,5834864.373,13.28714,52.58609
10,10010308.0,Marzahner Chaussee,10100311.0,2019,8,15,4,3,5,3,0,1,0,0,0,0,0,806824.9184,5830304.099,13.52484,52.5362
8,8010301.0,Reuterkiez,8100312.0,2019,8,15,4,3,5,2,0,1,0,0,0,0,0,800525.9921,5824460.619,13.42698,52.48733
6,6040809.0,Thielallee,6400843.0,2019,8,14,4,2,5,3,0,1,0,0,0,0,0,791452.5944,5820604.459,13.29037,52.45768
2,2010101.0,Askanischer Platz,2100101.0,2019,8,12,4,3,5,3,0,1,0,0,0,0,0,797704.579,5825813.425,13.38676,52.50101
4,4030417.0,Schloßstraße,4300414.0,2019,8,11,4,3,5,2,0,0,0,1,0,0,0,790955.0683,5826746.159,13.28842,52.51301
11,11010103.0,Dorf Falkenberg,11100102.0,2019,8,9,4,3,5,2,0,0,0,0,0,1,0,809245.205,5834482.632,13.56431,52.57228
10,10020517.0,Adele-Sandrock-Straße,10200524.0,2019,8,11,3,2,0,7,0,0,0,0,0,0,0,812407.897,5830384.316,13.60697,52.53375
7,7010101.0,Wittenbergplatz/Viktoria-Luise-Platz,7100101.0,2019,8,8,3,3,5,3,0,0,0,0,0,0,0,794677.8673,5825722.047,13.34222,52.50183
3,3040614.0,Pankow Zentrum,3400724.0,2019,8,20,3,3,2,6,2,0,0,0,0,0,0,798671.7682,5833084.359,13.4075,52.56565
1,1011201.0,Wilhelmstraße,1100205.0,2019,8,18,3,3,5,3,0,0,0,0,0,0,0,796957.4022,5826860.539,13.37672,52.5108
12,12224230.0,Heiligensee,12400619.0,2019,8,15,3,3,5,3,0,0,0,0,0,0,0,786392.2808,5837057.435,13.23027,52.60787
4,4010103.0,Paul-Hertz-Siedlung,4100102.0,2019,8,14,3,3,5,3,0,1,0,0,0,0,0,791220.8483,5829150.519,13.29444,52.53442
1,1044202.0,Sparrplatz,1401046.0,2019,8,18,3,3,5,2,0,1,0,0,0,0,0,794623.9212,5829871.433,13.3451,52.53906
1,1011201.0,Wilhelmstraße,1100205.0,2019,8,18,3,3,1,5,0,1,0,0,0,0,0,797233.4964,5826903.722,13.38081,52.51104
1,1022204.0,Thomasiusstraße,1200626.0,2019,8,18,3,3,1,5,0,1,0,0,0,1,0,795104.1432,5828175.004,13.35066,52.52359
1,1011303.0,Alexanderplatzviertel,1100310.0,2019,8,9,3,3,0,5,0,0,0,0,1,0,0,799150.9199,5828820.352,13.41071,52.52717
1,1011102.0,Großer Tiergarten,1100102.0,2019,8,17,3,2,6,7,0,0,1,0,0,0,0,795342.9201,5827397.34,13.35347,52.51649
9,9031001.0,Bohnsdorf,9301025.0,2019,8,15,3,2,5,2,0,1,0,0,0,0,0,811048.0221,5814498.062,13.57218,52.39216
1,1044102.0,Schillerpark,1400940.0,2019,8,10,3,3,2,3,0,1,0,0,0,0,0,795962.9381,5831990.758,13.36668,52.55733
3,3071638.0,Winsstraße,3701659.0,2019,8,9,3,3,2,6,0,1,0,0,0,0,0,800093.7381,5829625.3,13.42529,52.53387
7,7040405.0,Rathaus Tempelhof,7400927.0,2019,8,9,3,3,5,2,0,1,0,0,0,0,0,799585.674,5820831.576,13.40991,52.45532
9,9020501.0,Oberschöneweide West,9200510.0,2019,8,7,3,3,5,2,0,0,0,0,1,0,0,806598.453,5822779.826,13.51459,52.46889
2,2020206.0,Graefekiez,2200213.0,2019,8,18,2,3,6,4,0,0,1,0,0,0,0,799778.6326,5824848.84,13.41635,52.49123
3,3030715.0,Heinersdorf,3300516.0,2019,8,10,2,3,3,6,0,0,0,0,0,0,0,800272.575,5833800.371,13.43169,52.57119
3,3071536.0,Teutoburger Platz,3701554.0,2019,8,19,2,3,6,4,0,0,1,0,0,0,0,799136.0159,5829207.022,13.41084,52.53064
11,11051331.0,Karlshorst Nord,11501340.0,2019,8,18,5,3,5,2,0,1,0,0,0,0,0,807349.604,5825169.976,13.52781,52.48989
1,1011302.0,Oranienburger Straße,1100309.0,2019,8,19,2,3,5,2,0,1,0,0,0,0,0,798244.8851,5829014.66,13.39756,52.52941
4,4041343.0,Binger Straße,4400834.0,2019,8,19,2,3,5,2,0,1,0,0,0,0,0,792656.8417,5823060.347,13.31019,52.47906
2,2040703.0,Wriezener Bahnhof/Entwicklungsgebiet,2400625.0,2019,8,14,2,3,5,3,0,0,0,0,0,1,0,801947.4103,5826800.343,13.44997,52.50752
11,11041128.0,Sewanstraße,11401135.0,2019,8,19,2,3,1,5,0,1,0,0,0,0,0,805808.3264,5825333.583,13.50533,52.49223
3,3051022.0,Hansastraße,3501038.0,2019,8,17,2,3,2,6,0,1,0,0,0,0,0,802862.1921,5832030.837,13.46817,52.55389
1,1011303.0,Alexanderplatzviertel,1100310.0,2019,8,18,2,3,2,6,0,1,0,0,0,0,0,799273.2421,5828505.812,13.41222,52.52428
2,2040501.0,Barnimkiez,2400520.0,2019,8,12,2,3,1,5,0,0,0,0,0,1,0,800254.7405,5828886.841,13.42699,52.52716
6,6010101.0,Fichtenberg,6100101.0,2019,8,11,2,3,5,2,0,1,0,0,0,0,0,793310.6537,5820736.578,13.31775,52.45787
4,4051655.0,Babelsberger Straße,4501153.0,2019,8,10,2,3,2,2,0,1,0,0,0,0,0,793946.7383,5823412.781,13.32944,52.48152
1,1011102.0,Großer Tiergarten,1100102.0,2019,8,6,2,3,5,2,1,1,0,0,0,0,0,796575.9464,5827796.89,13.37195,52.5194
4,4020312.0,Branitzer Platz,4200308.0,2019,8,18,1,3,5,3,0,1,0,0,0,0,1,789630.0675,5827416.167,13.26954,52.51972
7,7070703.0,John-Locke-Straße,7601544.0,2019,8,18,1,3,5,2,0,1,0,0,0,0,1,799772.6958,5813975.333,13.40651,52.39376
7,7020203.0,Kaiser-Wilhelm-Platz,7200409.0,2019,8,17,1,3,1,5,0,1,0,0,0,0,0,795693.087,5824483.021,13.35603,52.49017
2,2020205.0,Chamissokiez,2200211.0,2019,8,13,1,3,6,2,0,0,1,0,0,0,1,798140.8143,5824540.511,13.39203,52.48936
4,4030725.0,Amtsgerichtsplatz,4300416.0,2019,8,1,7,3,0,4,2,0,1,0,0,0,0,791376.8671,5826072.4,13.29403,52.50674
8,8010118.0,Silbersteinstraße,8100105.0,2019,8,13,7,3,5,2,0,1,0,0,0,0,0,800995.7581,5822155.43,13.4318,52.46641
2,2020203.0,Viktoriapark,2200207.0,2019,8,13,7,3,6,4,0,0,1,0,0,0,0,797777.6624,5824942.951,13.38705,52.49316
6,6020411.0,Schütte-Lanz-Straße,6200423.0,2019,8,20,7,3,6,7,2,0,1,0,0,0,0,794268.9484,5815533.726,13.32723,52.41072
7,7010104.0,Dennewitzplatz,7100205.0,2019,8,19,7,3,5,3,0,1,0,0,0,0,0,796046.354,5825344.573,13.36199,52.49771
3,3030711.0,Blankenburg,3300514.0,2019,8,18,7,3,0,7,0,0,0,0,0,0,0,801118.3191,5836034.273,13.44616,52.59074
5,5020524.0,Weinmeisterhornweg,5200528.0,2019,8,16,7,2,0,1,0,0,0,0,0,0,0,782963.2289,5826869.47,13.17108,52.51832
4,4041344.0,Rüdesheimer Platz,4400835.0,2019,8,15,7,3,5,3,0,1,0,0,0,0,0,793372.6104,5822415.331,13.32013,52.47289