district,LOR,street,LOR_2021,year,month,hour,weekday,category,accident_kind,accident_type,light_condition,car,pedestrian,motorcycle,goods_vehicle,others,road_condition,LINREFX,LINREFY,XGCSWGS84,YGCSWGS84
7,7050501.0,Rathausstraße,7501030.0,2019,8,14,7,3,2,6,0,1,0,0,0,0,0,797817.1339,5819926.011,13.38316,52.44817
11,11051331.0,Karlshorst Nord,11501340.0,2019,8,8,6,2,5,3,0,1,0,0,0,0,0,807713.0637,5825488.764,13.53344,52.49255
8,8010301.0,Reuterkiez,8100312.0,2019,8,19,6,3,3,6,0,1,0,0,0,0,0,800664.6143,5824372.159,13.42893,52.48647
9,9020701.0,Adlershof West,9200715.0,2019,8,16,6,3,5,2,0,1,0,0,0,0,0,809055.984,5818762.711,13.54693,52.43151
1,1022101.0,Huttenkiez,1200517.0,2019,8,16,6,3,0,5,0,0,0,0,0,1,0,793238.3312,5829015.465,13.32398,52.53213
1,1011305.0,Heine-Viertel West,1100312.0,2019,8,15,6,3,5,2,0,0,0,0,0,0,0,799354.5552,5827167.918,13.41221,52.51225
6,6040804.0,Krumme Lanke,6400838.0,2019,8,15,6,3,5,2,0,1,0,0,0,0,0,787765.2273,5818324.519,13.23428,52.4392
1,1044201.0,Reinickendorfer Straße,1401045.0,2019,8,14,6,3,5,3,0,1,0,0,0,0,0,796202.0406,5830765.475,13.3691,52.54622
9,9030902.0,Wohngebiet II,9300922.0,2019,8,16,6,3,5,2,0,1,0,0,0,0,0,807652.934,5815400.169,13.52327,52.40216
9,9041301.0,Kietzer Feld/Nachtheide,9401329.0,2019,8,17,6,3,2,6,0,1,0,0,0,0,0,811432.6706,5819474.455,13.58244,52.43654
7,7060604.0,Marienfelde Süd,7601339.0,2019,8,2,6,2,8,7,2,1,0,0,0,0,0,796645.0547,5815862.454,13.36236,52.41238
10,10030724.0,Oberfeldstraße,10300731.0,2019,8,7,6,3,1,5,0,1,0,0,0,0,0,809366.3268,5829235.102,13.5612,52.52519
1,1011305.0,Heine-Viertel West,1100312.0,2019,8,0,6,2,0,1,2,0,0,0,0,0,0,799499.6351,5826668.556,13.41389,52.50769
1,1022104.0,Emdener Straße,1200520.0,2019,8,13,6,3,0,5,0,1,0,0,0,0,0,794543.7657,5829040.924,13.34319,52.53165
12,12214125.0,Waldidyll/Flughafensee,12200412.0,2019,8,12,6,3,5,2,0,1,0,0,0,0,0,790807.8287,5834063.812,13.29267,52.57869
3,3030406.0,Alt-Karow,3300413.0,2019,8,11,6,3,5,3,0,1,0,0,0,0,0,803213.496,5838294.556,13.47907,52.60984
4,4020209.0,Eichkamp,4200207.0,2019,8,10,6,3,5,3,0,0,0,0,0,1,0,789514.4306,5824664.94,13.26545,52.49512
1,1011302.0,Oranienburger Straße,1100309.0,2019,8,9,6,3,5,3,0,1,0,0,0,0,0,798295.2768,5828774.576,13.39809,52.52723
1,1033201.0,Brunnenstraße,1300834.0,2019,8,9,6,3,5,2,0,0,0,0,1,0,0,798081.4207,5830001.1,13.39605,52.53834
10,10010102.0,Havemannstraße,10100104.0,2019,8,10,6,3,3,6,0,0,0,0,0,1,0,809827.5043,5834061.469,13.57248,52.56817
8,8010301.0,Reuterkiez,8100312.0,2019,8,10,6,3,5,2,0,1,0,0,0,0,0,801063.6899,5824921.084,13.43529,52.49117
10,10020517.0,Adele-Sandrock-Straße,10200524.0,2019,8,8,6,3,5,2,0,1,0,0,0,0,0,813056.0504,5830189.813,13.61631,52.53163
1,1011101.0,Stülerstraße,1100101.0,2019,8,16,5,3,1,7,0,1,0,0,0,0,0,794471.7764,5826103.989,13.33953,52.50537
4,4031032.0,Halensee,4500938.0,2019,8,9,6,3,1,5,0,1,0,0,0,0,0,791519.3604,5825076.898,13.29525,52.49774
3,3061228.0,Erich-Weinert-Straße,3601245.0,2019,8,16,5,3,0,6,0,0,0,0,0,1,0,800676.1451,5831379.892,13.43544,52.54927
4,4030929.0,Hindemithplatz,4501040.0,2019,8,9,6,3,1,5,0,0,0,0,0,1,0,792496.9924,5825773.292,13.31023,52.50346
3,3061430.0,Volkspark Prenzlauer Berg,3601450.0,2019,8,9,5,2,5,2,0,1,0,0,0,0,0,802413.2504,5829232.049,13.45902,52.52906
7,7010104.0,Dennewitzplatz,7100205.0,2019,8,15,6,2,5,2,0,0,0,0,0,1,0,796687.5014,5824815.48,13.37093,52.49262
3,3061228.0,Erich-Weinert-Straße,3601245.0,2019,8,14,5,3,5,2,0,1,0,0,0,0,0,800237.8485,5831183.083,13.42881,52.54775
2,2040703.0,Wriezener Bahnhof/Entwicklungsgebiet,2400625.0,2019,8,9,6,3,5,3,0,1,0,0,0,0,0,801755.4664,5826262.313,13.44666,52.50281
1,1011104.0,Körnerstraße,1100104.0,2019,8,14,6,2,5,3,0,1,0,0,0,0,0,796322.4473,5825939.404,13.36657,52.50289
7,7050502.0,Fritz-Werner-Straße,7501133.0,2019,8,18,5,3,1,5,0,1,0,0,0,0,0,798092.7355,5818431.367,13.38587,52.43462
11,11051229.0,Rummelsburg,11501238.0,2019,8,22,5,3,0,1,2,0,0,0,0,0,0,803787.423,5826193.366,13.47644,52.50106
6,6020303.0,Lankwitz Kirche,6200313.0,2019,8,14,6,3,0,6,0,0,0,0,0,0,0,795421.702,5818017.868,13.34632,52.43237
3,3061227.0,Humannplatz,3601244.0,2019,8,9,6,3,5,3,0,1,0,0,0,0,0,800107.8411,5831704.331,13.42737,52.55249
1,1044202.0,Sparrplatz,1401046.0,2019,8,18,5,3,2,7,0,1,0,0,0,0,0,795552.037,5830735.247,13.35952,52.5463
11,11020514.0,Große-Leege-Straße,11200513.0,2019,8,14,6,2,2,2,0,1,0,0,0,0,0,804735.6719,5831197.811,13.49496,52.54538
10,10040933.0,Mahlsdorf Süd,10400941.0,2019,8,17,5,3,0,7,0,0,0,0,0,0,0,812538.0793,5825004.972,13.60383,52.48547
6,6040703.0,Nikolassee,6400737.0,2019,8,13,6,2,0,3,0,0,0,1,0,0,0,787137.1802,5817203.306,13.22411,52.42947
8,8041037.0,Alt-Rudow,8401243.0,2019,8,13,6,3,5,2,0,1,0,0,0,0,0,805240.4291,5818112.762,13.49039,52.42783
11,11051330.0,Karlshorst West,11501339.0,2019,8,17,5,3,0,6,0,0,0,0,0,0,0,807213.4817,5825535.11,13.52615,52.49324
1,1044202.0,Sparrplatz,1401046.0,2019,8,16,5,3,5,3,0,1,0,0,0,0,0,795460.5523,5830151.393,13.35765,52.54111
7,7040405.0,Rathaus Tempelhof,7400927.0,2019,8,13,6,3,2,6,0,1,0,0,0,0,0,798029.2977,5821092.815,13.38731,52.45852
7,7040401.0,Neu-Tempelhof,7400721.0,2019,8,15,5,3,5,2,0,1,0,0,0,0,0,798741.1515,5823947.037,13.40031,52.48371
1,1011102.0,Großer Tiergarten,1100102.0,2019,8,8,6,3,2,6,0,1,0,0,0,0,0,795142.2051,5827068.647,13.35023,52.51365
1,1011201.0,Wilhelmstraße,1100205.0,2019,8,8,6,2,4,6,0,1,0,0,0,0,0,797656.124,5826533.363,13.38669,52.50749
9,9020802.0,Köllnische Vorstadt,9200819.0,2019,8,15,5,3,0,6,0,1,0,0,0,0,0,810290.5475,5820232.745,13.5664,52.44398
6,6010209.0,Feuerbachstraße,6100209.0,2019,8,7,6,3,5,3,0,1,0,0,0,0,0,794305.8176,5820843.585,13.33245,52.4583
1,1022104.0,Emdener Straße,1200520.0,2019,8,7,6,3,4,4,0,0,1,0,0,0,0,794565.5548,5828688.546,13.3432,52.52848
1,1044201.0,Reinickendorfer Straße,1401045.0,2019,8,16,5,3,5,3,0,1,0,0,0,0,1,796705.2814,5831623.596,13.37727,52.55363
1,1011202.0,Unter den Linden Nord,1100206.0,2019,8,16,5,3,5,3,0,1,0,0,0,0,0,798164.3527,5827654.87,13.39516,52.51726
7,7010102.0,Nollendorfplatz,7100103.0,2019,8,15,5,3,5,7,0,1,0,0,0,0,0,795138.7782,5825315.223,13.34863,52.49793
5,5010314.0,Carl-Schurz-Straße,5100317.0,2019,8,6,6,3,5,2,0,1,0,0,0,0,0,785169.3366,5829353.742,13.20564,52.53945
3,3040818.0,Pankow Süd,3400830.0,2019,8,14,5,3,5,3,0,1,0,0,0,0,0,799498.5859,5831955.332,13.41864,52.55508
1,1022106.0,Elberfelder Straße,1200522.0,2019,8,10,5,3,0,2,0,1,0,0,0,0,0,793674.4089,5828112.209,13.32959,52.5238
2,2010103.0,Moritzplatz,2100104.0,2019,8,17,5,3,5,2,0,1,0,0,0,0,0,799113.4154,5826283.725,13.40787,52.50445
10,10010311.0,Landsberger Tor,10100316.0,2019,8,17,5,3,5,2,0,1,0,0,0,0,0,810053.6742,5831662.224,13.57356,52.54655
12,12214424.0,Scharnweberstraße,12200309.0,2019,8,15,5,2,5,2,0,1,0,0,0,0,0,793495.5542,5832425.534,13.33077,52.56256
11,11030721.0,Rüdigerstraße,11300722.0,2019,8,16,5,3,5,3,0,1,0,0,0,0,0,804284.0592,5828424.809,13.48578,52.52078
2,2020204.0,Urbanstraße,2200210.0,2019,8,9,5,3,5,2,0,1,0,0,0,0,0,798309.3794,5825390.151,13.39526,52.49688
2,2050803.0,Stralauer Kiez,2500835.0,2019,8,16,5,3,0,4,0,0,1,0,0,0,0,802370.6601,5826043.477,13.4555,52.5005
1,1011401.0,Invalidenstraße,1100415.0,2019,8,9,5,3,5,3,0,0,0,0,0,1,0,797859.3259,5829059.972,13.39194,52.53002
7,7040401.0,Neu-Tempelhof,7400721.0,2019,8,8,5,3,2,6,0,1,0,0,0,0,0,797179.0299,5823326.309,13.37682,52.479
9,9010402.0,Johannisthal Ost,9100409.0,2019,8,8,5,3,3,6,0,0,0,0,0,1,0,807485.6889,5819535.716,13.52462,52.43932
2,2020203.0,Viktoriapark,2200207.0,2019,8,15,5,2,5,3,0,0,0,1,0,0,0,796996.9136,5823989.132,13.37474,52.48504
2,2020203.0,Viktoriapark,2200207.0,2019,8,7,5,3,0,1,0,0,0,0,0,0,0,797726.9853,5824595.16,13.386,52.49007
12,12231102.0,Frohnau,12400721.0,2019,8,7,5,3,5,3,0,1,0,0,0,0,0,790202.1849,5840072.232,13.28902,52.63288
8,8010212.0,Rollberg,8100207.0,2019,8,7,5,3,5,2,0,1,0,0,0,0,0,801480.2777,5823165.517,13.43982,52.4752
3,3071638.0,Winsstraße,3701659.0,2019,8,7,5,3,1,5,0,1,0,0,0,0,0,800273.9053,5829997.352,13.42827,52.5371
2,2020206.0,Graefekiez,2200213.0,2019,8,22,5,3,1,5,2,1,0,1,0,0,0,799646.7109,5825118.546,13.41466,52.49372
9,9030901.0,Dorf Altglienicke,9300920.0,2019,8,5,5,3,5,3,0,1,0,0,0,0,0,807725.1774,5817906.97,13.52663,52.42459
3,3040818.0,Pankow Süd,3400830.0,2019,8,10,5,3,2,6,0,1,0,0,0,0,0,798442.0595,5832220.368,13.40334,52.55803
1,1011203.0,Unter den Linden Süd,1100206.0,2019,8,18,4,2,6,4,1,0,1,0,0,0,0,798185.736,5827419.451,13.39527,52.51514
4,4051654.0,Wilhelmsaue,4501150.0,2019,8,20,5,3,0,7,1,0,0,0,0,0,0,793453.8798,5823877.445,13.32261,52.48595
1,1011203.0,Unter den Linden Süd,1100206.0,2019,8,18,4,3,6,4,1,0,1,0,0,0,0,798178.5838,5827418.388,13.39516,52.51513
11,2050803.0,Stralauer Kiez,2500835.0,2019,8,19,5,3,5,2,0,0,0,1,0,0,0,803298.3376,5826311.12,13.46937,52.50239
2,2010102.0,Mehringplatz,2100102.0,2019,8,12,4,3,5,2,0,0,0,0,0,1,0,797922.37,5826457.303,13.39053,52.50666
3,3061434.0,Anton-Saefkow-Park,3601451.0,2019,8,18,5,2,5,3,0,0,0,0,0,0,0,801465.6586,5829795.009,13.44561,52.53463
6,6020304.0,Kaiser-Wilhelm-Straße,6200314.0,2019,8,12,4,3,0,6,0,1,0,0,0,0,0,794895.5062,5817963.441,13.33856,52.43216
4,4041134.0,Bismarckallee,4400726.0,2019,8,14,5,2,0,7,0,0,0,0,0,0,0,790436.5368,5823930.587,13.27835,52.48804
6,6030605.0,Botanischer Garten,6300629.0,2019,8,19,4,3,5,3,0,1,0,0,0,0,0,792032.6094,5819499.555,13.29791,52.44747
2,2030301.0,Oranienplatz,2300314.0,2019,8,18,4,3,5,3,0,0,0,0,0,1,0,800087.0618,5825638.252,13.42159,52.49813
4,4051445.0,Eisenzahnstraße,4500939.0,2019,8,18,4,3,5,3,0,1,0,0,0,0,0,792314.9976,5824568.099,13.3065,52.49276
1,1011302.0,Oranienburger Straße,1100309.0,2019,8,13,5,3,6,4,0,0,1,0,0,0,0,798611.5993,5828991.258,13.40293,52.529
7,7040403.0,Manteuffelstraße,7400824.0,2019,8,18,4,3,5,2,0,1,0,0,0,0,0,796846.3782,5822343.865,13.37106,52.47037
1,1011301.0,Charitéviertel,1100308.0,2019,8,17,4,3,0,5,0,1,0,0,0,0,0,796676.9797,5829751.436,13.37518,52.53687
2,2040703.0,Wriezener Bahnhof/Entwicklungsgebiet,2400625.0,2019,8,9,5,3,3,6,0,1,0,0,0,0,0,801461.7987,5826399.787,13.44247,52.5042
8,8010212.0,Rollberg,8100207.0,2019,8,9,5,3,5,2,0,1,0,0,0,0,0,800975.3024,5823486.157,13.4327,52.47835
6,6010103.0,Markelstraße,6100103.0,2019,8,8,5,3,2,6,0,1,0,0,0,0,0,793084.8394,5821596.447,13.31519,52.4657
3,3030715.0,Heinersdorf,3300516.0,2019,8,7,5,3,5,3,0,1,0,0,0,0,0,801739.727,5833471.906,13.45298,52.56743
2,2010102.0,Mehringplatz,2100102.0,2019,8,7,5,3,5,2,0,1,0,0,0,0,0,798675.2355,5826439.932,13.40158,52.50609
9,9052001.0,Köpenick Nord,9502042.0,2019,8,7,5,3,5,2,0,1,0,0,0,0,0,810538.7594,5823205.449,13.5728,52.47048
6,6030606.0,Hindenburgdamm,6300630.0,2019,8,10,5,2,1,5,0,1,0,0,0,0,0,793617.9659,5819199.879,13.32091,52.44393
7,7010104.0,Dennewitzplatz,7100205.0,2019,8,14,5,2,0,1,0,0,0,0,0,0,0,796025.33,5824503.48,13.36093,52.49018
7,7010104.0,Dennewitzplatz,7100205.0,2019,8,5,5,3,1,5,2,1,0,0,0,0,0,796307.5454,5825096.137,13.3656,52.49534
5,5010314.0,Carl-Schurz-Straße,5100317.0,2019,8,13,5,3,1,5,0,1,0,0,0,0,0,784747.1307,5829286.599,13.19937,52.53906
3,3040818.0,Pankow Süd,3400830.0,2019,8,7,4,3,6,4,0,0,1,0,0,0,0,799618.2406,5832900.919,13.42126,52.56349
8,8010404.0,Rixdorf,8100417.0,2019,8,8,4,3,6,4,0,0,1,0,0,0,0,802359.5687,5823235.852,13.45279,52.47534
6,6040808.0,Hüttenweg,6400842.0,2019,8,21,4,3,1,5,2,1,0,0,0,0,0,788665.0191,5821483.92,13.25021,52.46705
3,3061429.0,Greifswalder Straße,3601449.0,2019,8,17,4,3,6,4,0,0,1,0,0,0,0,801035.2388,5830457.001,13.43988,52.5408
2,2020206.0,Graefekiez,2200213.0,2019,8,18,4,3,3,6,0,1,0,0,0,0,0,799736.0135,5825019.823,13.41588,52.49278
10,10040931.0,Mahlsdorf Nord,10400938.0,2019,8,17,4,3,1,5,0,1,0,0,0,0,0,814259.5337,5829300.919,13.63315,52.52298
11,11051229.0,Rummelsburg,11501238.0,2019,8,17,4,3,5,2,0,0,0,0,0,1,0,803688.0015,5826242.168,13.47503,52.50155
2,2050601.0,Hausburgviertel,2500726.0,2019,8,17,4,3,5,3,0,1,0,0,0,0,0,802168.2566,5828591.814,13.45484,52.52346
12,12214421.0,Reinickes Hof,12200307.0,2019,8,17,4,3,5,2,0,1,0,0,0,0,0,793488.8642,5833874.031,13.33195,52.57555
4,4051654.0,Wilhelmsaue,4501150.0,2019,8,15,4,3,6,4,0,0,1,0,0,0,0,793742.7547,5823682.0,13.32668,52.48405
6,6030605.0,Botanischer Garten,6300629.0,2019,8,15,4,3,0,1,0,0,0,0,0,0,0,792267.4309,5819359.743,13.30123,52.44609
3,3061441.0,Eldenaer Straße,3601453.0,2019,8,15,4,3,5,3,0,0,0,0,0,0,0,802567.4075,5828655.475,13.46076,52.52381
9,9020702.0,Adlershof Ost,9200717.0,2019,8,14,4,3,0,1,0,0,0,0,0,0,0,809146.7124,5819518.235,13.54896,52.43823
8,8010115.0,Hasenheide,8100102.0,2019,8,13,4,3,5,2,0,1,0,0,0,0,0,799850.8722,5823654.82,13.41634,52.48048
5,5030731.0,Gartenfelder Straße,5300737.0,2019,8,12,4,3,6,4,0,0,1,0,0,0,0,787999.2505,5830184.595,13.24797,52.54541
1,1033101.0,Soldiner Straße,1300732.0,2019,8,12,4,3,1,5,0,1,0,0,0,0,0,796430.8779,5831984.639,13.37355,52.55702
2,2020204.0,Urbanstraße,2200210.0,2019,8,11,4,3,5,3,0,1,0,0,0,0,0,798493.8601,5825222.624,13.39782,52.49528
4,4051655.0,Babelsberger Straße,4501153.0,2019,8,10,4,3,5,2,0,1,0,0,0,0,0,793912.9731,5823084.508,13.32866,52.4786
4,4041239.0,Stadion Wilmersdorf,4400830.0,2019,8,10,4,3,5,2,0,0,0,0,0,1,0,792342.9002,5823120.286,13.30564,52.47976
1,1011302.0,Oranienburger Straße,1100309.0,2019,8,9,4,3,5,2,0,1,0,0,0,0,0,797758.9468,5828569.808,13.39002,52.52568
12,12304314.0,Ziekowstraße/Freie Scholle,12500824.0,2019,8,9,4,3,4,6,0,0,0,0,0,0,0,790623.5039,5835959.551,13.29162,52.59578
1,1033203.0,Humboldthain Nordwest,1300836.0,2019,8,7,4,3,6,4,0,0,1,0,0,0,0,796535.2569,5829880.186,13.37321,52.5381
1,1033102.0,Gesundbrunnen,1300733.0,2019,8,7,4,3,1,5,0,0,0,0,0,1,0,797265.7959,5831276.37,13.3852,52.55022
1,1022206.0,Lüneburger Straße,1200628.0,2019,8,20,4,3,5,2,1,1,0,0,0,0,0,796153.5875,5828278.068,13.36617,52.52394
2,2050803.0,Stralauer Kiez,2500835.0,2019,8,12,4,3,0,2,0,1,0,0,0,0,0,802620.5308,5826136.051,13.45925,52.50119
5,5010314.0,Carl-Schurz-Straße,5100317.0,2019,8,17,4,2,5,3,0,1,0,0,0,0,0,784800.3362,5828788.293,13.19973,52.53457
9,9020601.0,Schnellerstraße,9200613.0,2019,8,14,4,2,3,6,0,0,0,0,0,0,0,805741.1314,5821782.362,13.50109,52.46044
10,10040829.0,Alt-Kaulsdorf,10400836.0,2019,8,7,4,2,5,3,0,1,0,0,0,0,0,811349.1206,5827806.52,13.58899,52.51125
11,11020412.0,Hauptstraße,11200513.0,2019,8,6,4,2,5,3,0,1,0,0,0,0,0,805829.9658,5831862.424,13.51165,52.55073
6,6030608.0,Schweizer Viertel,6300632.0,2019,8,7,3,3,5,2,0,1,0,0,0,0,0,790908.9877,5817458.272,13.27965,52.42977
1,1011304.0,Karl-Marx-Allee,1100311.0,2019,8,19,3,3,0,1,1,0,0,0,0,0,0,799681.4884,5827573.205,13.41738,52.5157
4,4020311.0,Reichsstraße,4200310.0,2019,8,19,3,3,1,5,1,1,0,0,0,0,0,788630.4235,5827480.252,13.2549,52.52083
3,3061228.0,Erich-Weinert-Straße,3601245.0,2019,8,19,3,3,3,6,0,0,0,0,0,0,0,800194.0116,5830930.245,13.42794,52.54551
1,1011301.0,Charitéviertel,1100308.0,2019,8,18,3,3,0,1,0,0,0,0,0,0,0,797126.7244,5827886.753,13.38012,52.51991
1,1011303.0,Alexanderplatzviertel,1100310.0,2019,8,18,3,3,1,5,0,1,0,0,0,1,0,799161.5229,5828790.194,13.41084,52.52689
1,1044202.0,Sparrplatz,1401046.0,2019,8,17,3,3,2,6,0,1,0,0,0,0,0,795529.3862,5830044.414,13.35857,52.54012
4,4030623.0,Ernst-Reuter-Platz,4300622.0,2019,8,16,3,3,5,3,0,1,0,0,0,0,0,793300.7563,5827220.259,13.32331,52.516
4,4041241.0,Breite Straße,4400832.0,2019,8,16,3,3,5,2,0,1,0,0,0,0,0,791412.9934,5822544.936,13.29148,52.4751
7,7040401.0,Neu-Tempelhof,7400721.0,2019,8,16,3,3,5,2,0,1,0,0,0,0,0,797787.572,5823274.241,13.38571,52.4782
10,10030724.0,Oberfeldstraße,10300731.0,2019,8,15,3,3,1,5,0,1,0,0,0,0,0,808995.1109,5830085.957,13.55654,52.53302
4,4030417.0,Schloßstraße,4300414.0,2019,8,9,3,3,5,2,0,1,0,0,0,0,0,791570.9237,5826572.581,13.29732,52.51112
7,7010104.0,Dennewitzplatz,7100205.0,2019,8,12,1,2,0,7,0,0,0,0,0,0,0,796761.9113,5824800.805,13.37201,52.49244
7,7030303.0,Grazer Platz,7300619.0,2019,8,14,3,3,0,5,0,1,0,0,0,0,0,795037.3795,5821615.549,13.34387,52.46482
1,1011104.0,Körnerstraße,1100104.0,2019,8,14,3,3,5,2,0,1,0,0,0,0,0,796269.6227,5825956.003,13.36581,52.50307
10,10020517.0,Adele-Sandrock-Straße,10200524.0,2019,8,13,3,3,5,2,0,1,0,0,0,0,0,813368.613,5830132.338,13.62085,52.53094
1,1044203.0,Leopoldplatz,1401049.0,2019,8,5,3,3,5,3,1,1,0,0,0,0,0,795878.6741,5831927.792,13.36538,52.55681
7,7020204.0,Schöneberger Insel,7200413.0,2019,8,11,3,3,3,6,0,0,0,0,0,1,0,796284.1819,5823196.035,13.36357,52.47832
6,6020411.0,Schütte-Lanz-Straße,6200423.0,2019,8,10,3,3,5,3,0,1,0,0,0,0,0,794846.4269,5815349.536,13.33554,52.40876
7,7030301.0,Friedenau,7300516.0,2019,8,10,3,3,4,6,0,0,0,0,0,0,0,793883.0154,5821558.935,13.32687,52.46494
6,6030607.0,Goerzwerke,6300631.0,2019,8,9,3,3,6,4,0,0,1,0,0,0,0,792991.2081,5817715.348,13.31041,52.43096
7,7030303.0,Grazer Platz,7300619.0,2019,8,7,3,3,6,4,0,0,1,0,0,0,0,795890.0336,5820828.643,13.35568,52.45731
4,4030726.0,Droysenstraße,4500936.0,2019,8,8,3,3,3,6,0,0,0,0,0,1,0,792135.541,5825303.805,13.30451,52.49945
8,8041037.0,Alt-Rudow,8401243.0,2019,8,7,3,3,5,2,0,0,0,0,0,1,0,805395.3381,5817297.758,13.49192,52.42044
3,3030406.0,Alt-Karow,3300413.0,2019,8,7,3,3,5,2,0,0,0,0,0,0,0,803626.0358,5838990.042,13.48578,52.61584
1,1011306.0,Heine-Viertel Ost,1100313.0,2019,8,7,3,3,5,5,0,1,0,0,0,0,0,799862.7028,5826725.432,13.41928,52.508
11,11030721.0,Rüdigerstraße,11300722.0,2019,8,16,3,2,0,3,0,0,0,0,0,0,0,804769.7815,5827953.595,13.49248,52.51629
10,10010102.0,Havemannstraße,10100104.0,2019,8,6,3,3,5,2,1,0,0,0,0,1,0,809357.6489,5834278.683,13.56577,52.57039
9,9010401.0,Johannisthal West,9100407.0,2019,8,9,3,2,1,5,0,0,0,0,0,1,0,805750.4818,5821343.165,13.50083,52.45649
2,2030301.0,Oranienplatz,2300314.0,2019,8,9,3,3,1,5,0,1,0,0,0,1,0,800078.7317,5825915.568,13.42172,52.50062
6,6040804.0,Krumme Lanke,6400838.0,2019,8,18,2,3,6,7,0,0,1,0,0,0,0,787950.9967,5818881.167,13.23749,52.44409
6,6030504.0,Teltower Damm,6300528.0,2019,8,18,2,3,2,6,0,1,0,0,0,0,0,789778.9538,5815904.519,13.26173,52.41644
12,12103219.0,Schäfersee,12100204.0,2019,8,17,2,3,5,2,0,0,0,0,0,1,0,795649.9105,5833011.387,13.36298,52.56665
2,2030301.0,Oranienplatz,2300314.0,2019,8,17,2,3,5,3,0,1,0,0,0,0,0,800066.633,5825920.046,13.42155,52.50067
6,6030504.0,Teltower Damm,6300528.0,2019,8,16,2,3,2,6,0,1,0,0,0,0,0,788970.5622,5816397.228,13.2503,52.42128
7,7030301.0,Friedenau,7300516.0,2019,8,16,2,3,0,7,0,0,0,0,0,0,0,793916.2284,5822504.204,13.32819,52.4734
1,1022102.0,Beusselkiez,1200518.0,2019,8,16,2,3,5,3,0,0,0,0,0,0,0,793300.5265,5828392.318,13.32434,52.52651
11,11041128.0,Sewanstraße,11401135.0,2019,8,10,2,3,0,7,0,0,0,0,0,0,0,805549.0526,5825408.884,13.5016,52.49305
1,1033102.0,Gesundbrunnen,1300733.0,2019,8,20,2,3,5,3,2,1,0,0,0,0,0,797140.9446,5831804.109,13.38383,52.55501
9,9010402.0,Johannisthal Ost,9100409.0,2019,9,15,2,3,5,3,0,1,0,0,0,0,0,807012.5646,5820000.545,13.51811,52.44375
11,11030721.0,Rüdigerstraße,11300722.0,2019,9,7,2,3,3,2,0,1,0,0,0,0,0,804303.0644,5828174.553,13.48583,52.51853
2,2050801.0,Traveplatz,2500830.0,2019,8,15,2,3,5,2,0,0,0,1,0,0,0,803466.787,5827006.257,13.47248,52.50852
9,9020802.0,Köllnische Vorstadt,9200819.0,2019,8,15,2,3,0,3,0,1,0,0,0,0,0,810488.3211,5820100.09,13.56918,52.44268
5,5010101.0,Hakenfelde Nord,5100103.0,2019,8,15,2,3,5,3,0,1,0,0,0,0,0,785421.3354,5833134.883,13.21259,52.57321
6,6030608.0,Schweizer Viertel,6300632.0,2019,8,14,2,3,0,1,0,0,0,0,0,0,0,791400.7932,5817792.549,13.28715,52.4325
4,4030621.0,Spreestadt,4300620.0,2019,8,12,2,3,5,3,0,1,0,0,0,0,0,793598.7198,5827934.896,13.32832,52.52225
9,9051901.0,Dammvorstadt,9501941.0,2019,9,10,2,3,0,1,0,0,0,0,0,0,0,810822.0614,5820754.912,13.57468,52.44836
1,1011203.0,Unter den Linden Süd,1100206.0,2019,8,11,2,3,2,6,0,1,0,0,0,0,0,797818.9095,5827085.093,13.38958,52.51234
1,1011203.0,Unter den Linden Süd,1100206.0,2019,9,7,2,3,1,5,0,1,0,0,0,0,0,797614.4145,5827324.514,13.38679,52.5146
2,2050602.0,Samariterviertel,2500728.0,2019,8,13,2,3,5,3,0,1,0,0,0,0,0,802416.3728,5828159.991,13.45809,52.51945
9,9010401.0,Johannisthal West,9100407.0,2019,9,14,2,3,5,3,0,1,0,0,0,0,0,806231.885,5820330.035,13.50696,52.44714
6,6040807.0,Zehlendorf Eiche,6400841.0,2019,8,11,2,2,5,2,0,1,0,0,0,0,0,790266.0254,5818425.522,13.27106,52.43878
1,1011401.0,Invalidenstraße,1100415.0,2019,9,10,2,3,0,1,0,1,0,0,0,0,0,797923.3745,5829296.063,13.39309,52.53211
2,2050801.0,Traveplatz,2500830.0,2019,8,10,2,3,5,5,0,0,0,0,0,1,0,803578.7314,5827251.324,13.47434,52.51066
10,10030727.0,Biesdorf Süd,10300734.0,2019,9,9,2,3,2,6,0,1,0,0,0,0,0,809581.4019,5824963.399,13.56039,52.48678
4,4030623.0,Ernst-Reuter-Platz,4300622.0,2019,8,9,2,3,0,1,0,0,0,0,0,0,0,793790.1327,5826938.358,13.33025,52.51321
4,4051446.0,Preußenpark,4501043.0,2019,8,7,2,3,5,2,0,1,0,0,0,0,0,792924.6834,5824369.308,13.31528,52.49065
4,4030417.0,Schloßstraße,4300414.0,2019,9,8,2,3,5,2,0,1,0,0,0,0,0,790879.5383,5826740.671,13.28731,52.513
6,6020410.0,Oberhofer Platz,6200422.0,2019,8,7,2,3,5,2,0,1,0,0,0,0,0,794097.1478,5817420.813,13.32637,52.42773
3,3040614.0,Pankow Zentrum,3400724.0,2019,8,23,2,3,0,1,2,0,0,0,0,0,1,799601.3908,5834026.02,13.42202,52.57358
1,1044203.0,Leopoldplatz,1401049.0,2019,8,21,2,3,5,3,2,1,0,0,0,0,1,795897.2719,5831931.011,13.36566,52.55683
1,1044202.0,Sparrplatz,1401046.0,2019,9,20,1,3,6,4,2,0,1,0,0,0,0,795353.9902,5830247.489,13.35617,52.54203
4,4020313.0,Königin-Elisabeth-Straße,4200311.0,2019,9,18,1,3,5,2,0,1,0,0,0,0,0,790741.6248,5826718.392,13.28526,52.51287
11,11041023.0,Gensinger Straße,11401033.0,2019,8,20,2,3,0,7,1,1,0,0,0,0,1,806756.234,5827745.499,13.52147,52.51331
6,6010205.0,Südende,6100205.0,2019,8,19,2,3,1,5,2,0,0,0,0,1,1,794836.8638,5820045.157,13.33954,52.45085
10,10010311.0,Landsberger Tor,10100316.0,2019,9,16,1,3,6,6,0,0,1,0,0,0,0,810268.173,5830966.691,13.57607,52.54019
11,11041128.0,Sewanstraße,11401135.0,2019,9,11,1,3,5,3,0,1,0,0,0,0,0,806999.5058,5825987.426,13.52343,52.49742
2,2010102.0,Mehringplatz,2100102.0,2019,9,11,1,3,5,3,0,1,0,0,0,0,0,798186.1162,5826507.477,13.39445,52.50697
5,5030730.0,Zitadellenweg,5300736.0,2019,9,10,1,3,5,2,0,1,0,0,0,0,0,785783.7471,5829261.769,13.21459,52.5383
1,1011301.0,Charitéviertel,1100308.0,2019,9,10,1,3,1,5,0,1,0,0,0,0,0,796934.838,5829453.263,13.3787,52.53405
3,3020307.0,Buchholz,3200308.0,2019,8,14,2,2,3,6,0,0,0,0,0,1,0,800047.5297,5837374.637,13.43162,52.60335
1,1011302.0,Oranienburger Straße,1100309.0,2019,8,21,7,2,5,3,2,0,0,0,0,1,0,798875.3797,5828559.678,13.40642,52.52498
8,8010212.0,Rollberg,8100207.0,2019,8,13,2,2,2,6,0,1,0,0,0,0,0,801318.2228,5823538.293,13.43778,52.47863