district,LOR,street,LOR_2021,year,month,hour,weekday,category,accident_kind,accident_type,light_condition,car,pedestrian,motorcycle,goods_vehicle,others,road_condition,LINREFX,LINREFY,XGCSWGS84,YGCSWGS84
4,4030620.0,Alt-Lietzow,4300619.0,2019,8,8,2,2,3,6,0,1,0,0,0,0,0,792625.7815,5827383.713,13.31353,52.51783
1,1011201.0,Wilhelmstraße,1100205.0,2019,8,7,2,3,6,2,0,0,1,0,0,0,0,796956.8289,5826851.485,13.3767,52.51072
8,8020620.0,Tempelhofer Weg,8200624.0,2019,8,18,7,2,5,3,0,0,0,0,0,1,0,801401.9158,5820270.165,13.43605,52.44929
8,8010214.0,Glasower Straße,8100209.0,2019,8,17,7,3,1,5,0,0,0,0,0,1,0,801898.5758,5822395.418,13.44526,52.46807
10,10040830.0,Kaulsdorf Süd,10400837.0,2019,8,17,7,3,5,2,0,1,0,0,0,0,0,810692.6617,5826244.576,13.57789,52.49763
6,6040810.0,Dahlem,6400844.0,2019,8,8,1,3,5,2,0,1,0,0,0,0,0,790147.0368,5819783.758,13.27049,52.45102
4,4030931.0,Breitscheidplatz,4501042.0,2019,8,17,7,3,2,6,0,1,0,0,0,0,0,793767.0114,5825839.66,13.32894,52.50338
1,1044103.0,Westliche Müllerstraße,1400942.0,2019,8,15,7,3,5,3,0,0,0,1,0,0,0,794514.5567,5830657.14,13.34419,52.54616
1,1022106.0,Elberfelder Straße,1200522.0,2019,8,22,1,3,5,3,2,0,0,1,0,0,0,794025.258,5828224.264,13.33484,52.52461
6,6010209.0,Feuerbachstraße,6100209.0,2019,8,19,1,3,0,2,0,1,0,0,0,0,0,794456.5522,5821342.746,13.3351,52.46269
1,1033102.0,Gesundbrunnen,1300733.0,2019,8,13,7,3,5,3,0,1,0,0,0,0,0,797692.2343,5831313.486,13.3915,52.55031
1,1011101.0,Stülerstraße,1100101.0,2019,8,18,1,3,1,5,0,1,0,0,0,0,0,794669.8338,5826061.607,13.3424,52.50488
8,8020727.0,Buckow Mitte,8200832.0,2019,8,13,7,3,6,4,0,0,1,0,0,0,0,800987.1573,5817046.688,13.42707,52.42063
2,2010102.0,Mehringplatz,2100102.0,2019,8,13,7,3,1,5,0,1,0,0,0,0,0,798362.9236,5826308.9,13.39687,52.50509
8,8010301.0,Reuterkiez,8100312.0,2019,8,11,7,3,3,6,0,1,0,0,0,0,0,801023.293,5824207.355,13.43405,52.48479
2,3061441.0,Eldenaer Straße,3601453.0,2019,8,9,7,3,1,6,0,1,0,0,0,0,0,803182.4517,5828348.274,13.46952,52.52071
1,1011201.0,Wilhelmstraße,1100205.0,2019,8,14,1,3,6,2,0,0,1,0,0,0,0,797465.9045,5826811.952,13.38415,52.51009
3,3040818.0,Pankow Süd,3400830.0,2019,8,8,7,3,1,5,0,1,0,0,0,0,0,799157.5687,5833207.4,13.41476,52.56649
10,10010205.0,Marzahn Ost,10100207.0,2019,8,21,1,2,0,1,2,0,0,0,0,0,0,810197.5367,5832282.385,13.57626,52.55202
2,2030301.0,Oranienplatz,2300314.0,2019,8,0,7,2,6,4,2,0,1,0,0,0,0,800222.3812,5826026.455,13.42393,52.50154
12,12214527.0,Alt-Tegel,12200515.0,2019,8,3,1,3,0,1,2,0,0,0,0,0,0,789882.2786,5834745.573,13.27964,52.5853
5,5010314.0,Carl-Schurz-Straße,5100317.0,2019,8,0,1,3,5,3,2,1,0,0,0,0,0,784803.6785,5828786.024,13.19977,52.53455
4,4030725.0,Amtsgerichtsplatz,4300416.0,2019,8,13,7,3,5,2,0,1,0,0,0,0,0,791929.0205,5826115.362,13.30218,52.50683
7,7040405.0,Rathaus Tempelhof,7400927.0,2019,8,18,6,3,5,3,0,0,0,0,0,0,0,799664.8023,5821836.306,13.41198,52.46429
11,11030721.0,Rüdigerstraße,11300722.0,2019,8,22,7,2,0,1,2,0,0,0,0,0,0,805054.5976,5827733.751,13.49647,52.51416
2,2020206.0,Graefekiez,2200213.0,2019,8,22,7,3,2,7,2,1,0,0,0,0,0,800292.8219,5824782.825,13.42385,52.49035
8,8010212.0,Rollberg,8100207.0,2019,8,21,6,2,5,3,2,1,0,0,0,0,0,800972.6522,5823485.442,13.43266,52.47835
11,11051229.0,Rummelsburg,11501238.0,2019,8,10,7,3,0,7,0,0,0,0,0,0,0,804074.3881,5826008.691,13.48049,52.49925
3,3061429.0,Greifswalder Straße,3601449.0,2019,8,19,6,3,5,3,0,1,0,0,0,0,0,801940.6689,5830654.805,13.45337,52.54207
4,4020312.0,Branitzer Platz,4200308.0,2019,8,19,6,3,5,3,0,1,0,0,0,0,0,789949.2996,5826866.278,13.27375,52.51462
6,6020411.0,Schütte-Lanz-Straße,6200423.0,2019,8,18,6,3,5,3,0,1,0,0,0,0,0,794122.0144,5815880.6,13.32538,52.41391
1,1011201.0,Wilhelmstraße,1100205.0,2019,8,17,7,3,5,2,0,1,0,0,0,0,0,797398.2276,5826955.915,13.38328,52.51142
2,2030301.0,Oranienplatz,2300314.0,2019,8,23,7,3,1,5,2,1,0,0,0,0,0,799891.7869,5825930.281,13.41899,52.50086
4,4030725.0,Amtsgerichtsplatz,4300416.0,2019,8,17,6,2,5,3,0,1,0,0,0,0,0,791981.3128,5825970.016,13.30282,52.5055
4,4030827.0,Karl-August-Platz,4300623.0,2019,8,17,6,2,0,7,0,0,0,0,0,0,0,792050.122,5825983.705,13.30385,52.50559
7,7040402.0,Lindenhofsiedlung,7400822.0,2019,8,17,7,3,5,3,0,1,0,0,0,0,0,796672.1463,5820706.888,13.36705,52.45579
10,10030727.0,Biesdorf Süd,10300734.0,2019,8,15,7,3,0,7,0,0,0,0,0,0,0,809882.9832,5825695.901,13.5655,52.49317
4,4030725.0,Amtsgerichtsplatz,4300416.0,2019,8,15,6,3,1,5,0,1,0,0,0,0,0,791593.2727,5826097.554,13.29723,52.50685
12,12103220.0,Humboldtstraße,12100206.0,2019,8,14,6,3,5,2,0,0,0,0,0,1,0,794442.2324,5833814.742,13.34593,52.5745
1,1011102.0,Großer Tiergarten,1100102.0,2019,8,13,6,3,5,3,0,1,0,0,0,0,0,795269.8836,5827320.609,13.35233,52.51584
1,1033202.0,Humboldthain Süd,1300835.0,2019,8,19,7,2,0,7,0,0,0,0,0,0,0,797371.3017,5829619.253,13.38527,52.5353
9,9020702.0,Adlershof Ost,9200717.0,2019,8,14,7,3,5,3,0,1,0,0,0,0,0,809185.9864,5819527.385,13.54955,52.43829
8,8020622.0,Parchimer Allee,8200727.0,2019,8,13,6,3,5,2,0,1,0,0,0,0,0,801303.0762,5819923.381,13.43429,52.44624
4,4030519.0,Kaiserin-Augusta-Allee,4300518.0,2019,8,12,6,3,5,2,0,1,0,0,0,0,0,792107.4487,5827719.235,13.30621,52.52112
9,9010302.0,Späthsfelde,9100306.0,2019,8,12,6,3,5,3,0,0,0,0,0,1,0,805226.4819,5820576.102,13.49244,52.44991
3,3040614.0,Pankow Zentrum,3400724.0,2019,8,11,6,3,0,3,0,0,0,0,0,1,0,799385.1194,5833902.198,13.41873,52.57259
9,9051901.0,Dammvorstadt,9501941.0,2019,8,12,7,3,5,3,0,0,0,0,0,0,0,810640.2615,5821014.471,13.57225,52.45079
7,7030303.0,Grazer Platz,7300619.0,2019,8,11,7,3,5,2,0,1,0,0,0,0,0,794663.7199,5821801.518,13.33855,52.46669
7,7050501.0,Rathausstraße,7501030.0,2019,8,9,6,3,1,5,0,1,0,0,0,0,0,797542.4664,5819885.597,13.37909,52.44796
1,1011204.0,Leipziger Straße,1100207.0,2019,8,9,6,3,5,3,0,1,0,0,0,0,0,798573.097,5826806.593,13.40041,52.50943
12,12224229.0,Konradshöhe/Tegelort,12400616.0,2019,8,8,6,3,5,2,0,1,0,0,0,0,0,786327.0895,5834462.963,13.22707,52.58465
8,8010213.0,Körnerpark,8100208.0,2019,8,16,7,3,5,3,0,1,0,0,0,0,0,801143.2076,5822844.615,13.43458,52.47251
1,1033101.0,Soldiner Straße,1300732.0,2019,8,8,6,3,5,2,0,1,0,0,0,0,0,797567.7044,5832754.761,13.39096,52.5633
2,2040701.0,Andreasviertel,2400623.0,2019,8,7,6,3,5,2,0,1,0,0,0,0,0,800143.1108,5827348.243,13.42396,52.51343
2,2030302.0,Lausitzer Platz,2300315.0,2019,8,13,6,3,0,2,0,0,0,0,0,1,0,801183.4424,5825936.078,13.43797,52.5002
9,9051901.0,Dammvorstadt,9501941.0,2019,8,20,6,3,0,6,1,0,0,0,0,1,0,810640.4998,5820337.241,13.57163,52.44472
3,3040818.0,Pankow Süd,3400830.0,2019,8,20,6,3,5,2,1,1,0,0,0,0,0,798933.6625,5832600.919,13.41092,52.56118
1,1022204.0,Thomasiusstraße,1200626.0,2019,8,8,6,2,5,3,0,0,0,0,0,0,0,794971.61,5827990.34,13.34854,52.52201
9,9020701.0,Adlershof West,9200715.0,2019,8,17,6,3,5,2,0,1,0,0,0,0,0,809054.3932,5818764.115,13.54691,52.43152
6,6030608.0,Schweizer Viertel,6300632.0,2019,8,9,6,2,1,5,0,1,0,0,0,0,0,791144.3833,5816642.349,13.28239,52.42233
4,4030417.0,Schloßstraße,4300414.0,2019,8,4,6,3,1,5,2,1,0,0,0,0,0,791461.0206,5827151.8,13.29621,52.51638
6,6010102.0,Schloßstraße,6100102.0,2019,8,19,6,2,6,4,0,0,1,0,0,0,0,793322.5098,5821172.766,13.31831,52.46178
1,1011401.0,Invalidenstraße,1100415.0,2019,8,9,5,3,5,2,0,1,0,0,0,0,0,797379.5354,5829301.541,13.3851,52.53245
8,8010303.0,Donaustraße,8100314.0,2019,8,18,6,3,2,6,0,1,0,0,0,0,0,801370.9623,5823851.961,13.43884,52.48141
1,1044201.0,Reinickendorfer Straße,1401045.0,2019,8,21,5,3,1,5,2,1,0,0,0,0,0,795792.7045,5831041.738,13.36333,52.54891
12,12103116.0,Hausotterplatz,12100102.0,2019,8,18,6,3,1,5,0,1,0,0,0,0,0,796017.4944,5833250.458,13.3686,52.56859
12,12231102.0,Frohnau,12400721.0,2019,8,19,5,3,3,6,1,1,0,0,0,0,0,789468.4412,5840379.386,13.27848,52.63602
11,11030619.0,Fennpfuhl Ost,11300620.0,2019,8,18,5,3,5,3,0,0,0,0,0,0,0,803759.1871,5829235.688,13.47881,52.52834
2,2020206.0,Graefekiez,2200213.0,2019,8,18,6,3,6,4,0,0,1,0,0,0,0,799736.7661,5824839.719,13.41573,52.49117
1,1011305.0,Heine-Viertel West,1100312.0,2019,8,17,6,3,1,5,0,0,0,0,0,1,0,799379.2786,5826369.292,13.41186,52.50507
7,7040405.0,Rathaus Tempelhof,7400927.0,2019,8,18,5,3,5,2,0,1,0,0,0,0,0,799000.5262,5821696.474,13.4021,52.4634
7,7030301.0,Friedenau,7300516.0,2019,8,16,6,2,5,2,0,1,0,0,0,0,0,794403.4776,5822298.878,13.33516,52.47129
1,1011201.0,Wilhelmstraße,1100205.0,2019,8,17,5,3,5,3,0,0,0,0,0,1,0,797261.9793,5827013.792,13.38133,52.51201
4,4051655.0,Babelsberger Straße,4501153.0,2019,8,16,6,3,5,2,0,0,0,0,0,1,0,793992.228,5824051.211,13.33067,52.48722
1,1011105.0,Nördlicher Landwehrkanal,1100102.0,2019,8,22,6,3,2,2,2,1,0,0,0,0,0,796635.7318,5826669.56,13.37182,52.50926
4,4051654.0,Wilhelmsaue,4501150.0,2019,8,15,5,3,0,7,0,0,0,0,0,0,0,793444.9141,5823947.016,13.32254,52.48658
1,1011204.0,Leipziger Straße,1100207.0,2019,8,15,5,3,5,3,0,1,0,0,0,0,0,797990.1984,5826785.715,13.39182,52.50957
9,9031001.0,Bohnsdorf,9301025.0,2019,8,16,6,2,5,2,0,1,0,0,0,0,0,809094.9643,5815181.863,13.5442,52.3994
3,3040614.0,Pankow Zentrum,3400724.0,2019,8,15,5,3,5,3,0,0,0,0,0,0,0,799256.026,5833675.786,13.41663,52.57063
5,5030731.0,Gartenfelder Straße,5300737.0,2019,8,22,6,3,5,2,2,1,0,0,0,0,0,787944.5893,5830040.922,13.24704,52.54415
7,7010102.0,Nollendorfplatz,7100103.0,2019,8,14,5,3,3,5,0,1,0,0,0,0,0,794969.0567,5825163.879,13.346,52.49667
4,4041241.0,Breite Straße,4400832.0,2019,8,22,6,2,5,2,2,1,0,0,0,0,0,791911.7383,5822279.941,13.29857,52.47246
3,3040614.0,Pankow Zentrum,3400724.0,2019,8,14,5,3,5,2,0,1,0,0,0,0,0,798733.2711,5833689.212,13.40895,52.57104
4,4030930.0,George-Grosz-Platz,4501041.0,2019,8,21,6,3,5,2,1,1,0,0,0,0,0,792949.8467,5825355.458,13.31651,52.49947
2,2030302.0,Lausitzer Platz,2300315.0,2019,8,14,5,3,4,7,0,0,0,0,0,0,0,800901.9287,5825850.269,13.43375,52.49958
11,11030721.0,Rüdigerstraße,11300722.0,2019,8,20,6,3,0,2,1,1,0,0,0,0,0,804296.7051,5828423.967,13.48596,52.52077
5,5030832.0,Rohrdamm,5300839.0,2019,8,14,5,3,5,3,0,1,0,0,0,0,0,789482.5517,5829420.639,13.26912,52.53777
5,5040936.0,Jägerallee,5400943.0,2019,8,14,5,3,5,2,0,1,0,0,0,0,0,780793.2334,5820422.124,13.13375,52.46163
1,1011204.0,Leipziger Straße,1100207.0,2019,8,12,5,3,5,3,0,0,0,0,0,0,0,798530.3508,5827097.396,13.40004,52.51206
1,1044101.0,Rehberge,1400938.0,2019,8,15,6,3,5,2,0,1,0,0,0,0,0,793673.5415,5832254.633,13.33324,52.56093
5,5010209.0,An der Kappe,5100211.0,2019,8,11,6,3,5,3,0,1,0,0,0,0,0,782906.9944,5830340.164,13.17321,52.54947
11,11051229.0,Rummelsburg,11501238.0,2019,9,6,2,3,5,2,1,1,0,0,0,0,1,804095.0153,5825995.295,13.48078,52.49911
9,9051901.0,Dammvorstadt,9501941.0,2019,9,18,2,3,5,3,0,1,0,0,0,0,1,810821.066,5821366.703,13.57523,52.45385
4,4030415.0,Schloßgarten,4300412.0,2019,9,22,1,3,5,3,2,1,0,0,0,0,0,791655.4274,5827533.803,13.29941,52.5197
8,8010212.0,Rollberg,8100207.0,2019,9,21,1,2,6,7,2,0,1,0,0,0,0,800868.4076,5823457.341,13.4311,52.47815
8,8010212.0,Rollberg,8100207.0,2019,9,2,1,2,0,1,2,0,0,0,0,0,0,801109.3563,5823523.596,13.4347,52.47861
12,12231101.0,Hermsdorf,12400723.0,2019,9,0,1,2,0,1,2,0,0,0,0,0,0,791656.1618,5838922.166,13.30943,52.62179
2,2030301.0,Oranienplatz,2300314.0,2019,9,0,1,3,2,7,2,1,0,0,0,0,1,799926.2899,5826024.477,13.41958,52.50168
8,8010118.0,Silbersteinstraße,8100105.0,2019,9,0,1,3,3,6,2,1,0,0,0,0,0,801021.5817,5822118.483,13.43214,52.46607
11,11051330.0,Karlshorst West,11501339.0,2019,9,10,1,3,0,3,0,0,0,0,0,1,0,807201.8172,5825560.026,13.526,52.49347
8,8010213.0,Körnerpark,8100208.0,2019,9,21,7,3,5,3,2,1,0,0,0,0,0,801244.7925,5822459.703,13.43573,52.469
9,9051701.0,Hirschgarten,9501736.0,2019,9,16,7,3,5,3,0,1,0,0,0,0,0,812505.9217,5821292.3,13.59988,52.45222
3,3071536.0,Teutoburger Platz,3701554.0,2019,9,14,7,3,6,4,0,0,1,0,0,0,0,798933.4401,5829951.442,13.40853,52.53743
3,3050925.0,Komponistenviertel Weißensee,3500936.0,2019,9,14,7,3,1,1,0,1,0,0,0,0,0,802323.9951,5831316.791,13.45961,52.54779
9,9020702.0,Adlershof Ost,9200717.0,2019,9,11,7,3,0,1,0,0,0,0,0,0,0,809134.0658,5819509.341,13.54877,52.43816
1,1011401.0,Invalidenstraße,1100415.0,2019,9,10,7,3,1,1,0,1,0,0,0,0,0,797815.9117,5829270.528,13.39149,52.53193
7,7030301.0,Friedenau,7300516.0,2019,9,9,7,3,5,3,0,1,0,0,0,0,0,793974.1274,5822306.115,13.32887,52.47159
2,2020203.0,Viktoriapark,2200207.0,2019,9,1,7,3,1,5,2,1,0,0,0,1,0,797690.8606,5824591.385,13.38547,52.49006
2,2010103.0,Moritzplatz,2100104.0,2019,9,21,6,3,0,1,2,0,0,0,0,0,0,799173.0862,5826260.654,13.40873,52.50421
2,2050803.0,Stralauer Kiez,2500835.0,2019,9,21,6,3,5,2,2,1,0,0,0,0,0,802753.6741,5826107.63,13.46118,52.50087
3,3061131.0,Falkplatz,3601142.0,2019,9,11,6,3,5,3,0,1,0,0,0,0,0,799177.2716,5830743.543,13.41282,52.54439
9,9010402.0,Johannisthal Ost,9100409.0,2019,9,19,6,3,5,2,1,1,0,0,0,0,0,806104.989,5819162.606,13.50403,52.43675
1,1011302.0,Oranienburger Straße,1100309.0,2019,9,8,6,3,2,2,0,1,0,0,0,0,0,799091.1194,5828975.067,13.40997,52.52859
1,1011306.0,Heine-Viertel Ost,1100313.0,2019,9,14,6,3,1,7,0,1,0,0,0,0,0,800108.9568,5826881.932,13.42304,52.50927
4,4030621.0,Spreestadt,4300620.0,2019,9,14,6,3,5,3,0,1,0,0,0,0,0,793216.8433,5827791.511,13.32258,52.52117
7,7010101.0,Wittenbergplatz/Viktoria-Luise-Platz,7100101.0,2019,9,16,6,3,2,2,0,1,0,0,0,0,0,794562.963,5825786.132,13.34059,52.50247
4,4041136.0,Hagenplatz,4400728.0,2019,9,13,6,3,5,2,0,1,0,0,0,0,0,790677.2585,5822691.548,13.2808,52.47681
3,3050920.0,Weißer See,3500933.0,2019,9,16,6,3,5,2,0,1,0,0,0,0,0,802307.5556,5832626.487,13.46056,52.55954
1,1044103.0,Westliche Müllerstraße,1400942.0,2019,9,16,6,3,5,2,0,1,0,0,0,0,0,794509.8518,5830643.201,13.34411,52.54604
1,1011402.0,Arkonaplatz,1100416.0,2019,9,15,6,3,0,1,0,0,0,0,0,0,0,798718.9779,5829543.158,13.40501,52.53388
4,4030726.0,Droysenstraße,4500936.0,2019,9,15,6,2,5,2,0,1,0,0,0,0,0,792090.9959,5825291.91,13.30384,52.49937
4,4030623.0,Ernst-Reuter-Platz,4300622.0,2019,9,12,6,3,5,2,0,0,0,0,1,0,0,793674.295,5825995.311,13.32772,52.50482
4,4041343.0,Binger Straße,4400834.0,2019,9,6,5,2,0,7,0,1,0,0,0,0,0,792742.6544,5823123.808,13.31151,52.47958
6,6040810.0,Dahlem,6400844.0,2019,9,20,5,3,5,2,2,1,0,0,0,0,0,790352.3107,5820678.943,13.27428,52.45894
12,12214125.0,Waldidyll/Flughafensee,12200412.0,2019,9,18,5,2,0,7,0,0,0,0,0,0,0,791061.4568,5833909.291,13.29627,52.57717
3,3071639.0,Bötzowstraße,3701660.0,2019,9,21,5,3,5,3,2,1,0,0,0,0,0,800962.4858,5829193.916,13.43767,52.52952
6,6020303.0,Lankwitz Kirche,6200313.0,2019,9,10,5,3,5,2,0,1,0,0,0,0,0,795189.6191,5818764.689,13.34358,52.43919
1,1022104.0,Emdener Straße,1200520.0,2019,9,17,5,3,5,3,0,0,0,0,0,0,1,794303.1401,5828462.655,13.33914,52.5266
12,12103218.0,Teichstraße,12100205.0,2019,9,11,5,3,5,2,0,1,0,0,0,0,0,794565.1456,5833792.474,13.34772,52.57424
3,3061131.0,Falkplatz,3601142.0,2019,9,11,5,3,5,2,0,1,0,0,0,0,0,799135.5132,5830601.35,13.41208,52.54314
3,3020209.0,Niederschönhausen,3200205.0,2019,9,9,5,3,5,3,0,1,0,0,0,0,0,797885.1622,5834642.227,13.39733,52.58005
7,7040406.0,Germaniagarten,7400928.0,2019,9,8,5,3,5,2,0,1,0,0,0,0,0,800253.7607,5821586.116,13.42039,52.46172
3,3040512.0,Wilhelmsruh,3400619.0,2019,9,8,5,3,0,2,0,1,0,0,0,0,0,796916.2901,5835822.402,13.38413,52.59116
5,5030731.0,Gartenfelder Straße,5300737.0,2019,9,8,5,2,5,3,0,0,0,0,0,1,0,788001.8548,5830207.936,13.24803,52.54561
12,12224230.0,Heiligensee,12400619.0,2019,9,17,5,3,5,2,0,1,0,0,0,0,0,787290.0051,5837899.624,13.24423,52.61495
5,5040934.0,Alt-Gatow,5400942.0,2019,9,16,5,2,0,1,0,0,0,0,0,0,0,783826.613,5823585.922,13.18097,52.48843
5,5040936.0,Jägerallee,5400943.0,2019,9,7,5,3,5,3,0,1,0,0,0,0,0,780779.1452,5820414.777,13.13354,52.46157
1,1022104.0,Emdener Straße,1200520.0,2019,9,15,6,3,1,5,0,1,0,0,0,0,0,794363.2458,5828435.887,13.34,52.52633
6,6040701.0,Wannsee,6400735.0,2019,9,15,6,3,5,3,0,1,0,0,0,0,0,782334.5566,5815313.249,13.15206,52.41503
1,1033102.0,Gesundbrunnen,1300733.0,2019,9,15,5,3,5,2,0,1,0,0,0,0,0,797317.6553,5831634.203,13.38628,52.55339
4,4051549.0,Rathaus Wilmersdorf,4501146.0,2019,9,7,5,3,5,2,0,1,0,0,0,0,1,793312.8333,5823634.548,13.32033,52.48385
6,6010102.0,Schloßstraße,6100102.0,2019,9,11,5,3,0,1,0,0,0,0,0,0,0,793733.9796,5821072.301,13.32426,52.46066
2,2020205.0,Chamissokiez,2200211.0,2019,9,14,5,3,5,5,0,1,0,0,0,0,0,798318.1772,5824281.804,13.3944,52.48694
6,6040810.0,Dahlem,6400844.0,2019,9,16,5,3,5,2,0,1,0,0,0,0,0,790387.9079,5820839.826,13.27494,52.46036
6,6040804.0,Krumme Lanke,6400838.0,2019,9,15,5,3,6,4,0,0,1,0,0,0,0,787606.683,5818080.596,13.23175,52.43709
7,7020201.0,Bayerischer Platz,7200307.0,2019,9,16,5,3,2,2,0,1,0,0,0,0,0,794860.4586,5824286.138,13.34363,52.48886
7,7010104.0,Dennewitzplatz,7100205.0,2019,9,14,5,3,5,3,0,1,0,0,0,0,0,796317.4343,5824924.649,13.36559,52.49379
5,5010312.0,Kurstraße,5100314.0,2019,9,15,5,3,1,5,0,1,0,0,0,0,0,784779.2556,5830471.799,13.20086,52.54967
11,11040926.0,Weitlingstraße,11400929.0,2019,9,14,5,2,6,4,0,0,1,0,0,0,0,805049.0543,5826744.562,13.49548,52.5053
2,2040703.0,Wriezener Bahnhof/Entwicklungsgebiet,2400625.0,2019,9,13,5,3,5,3,0,0,0,0,0,1,0,801767.78,5826253.667,13.44684,52.50272
11,11030720.0,Herzbergstraße,11300721.0,2019,9,13,5,2,5,3,0,1,0,0,0,0,0,805186.448,5829419.154,13.49995,52.52919
12,12231101.0,Hermsdorf,12400723.0,2019,9,14,5,3,5,3,0,1,0,0,0,0,0,792104.8276,5837987.676,13.31522,52.61317
2,2040701.0,Andreasviertel,2400623.0,2019,9,11,5,3,2,6,0,0,0,0,0,0,0,800602.469,5827039.541,13.43043,52.51041
10,10020414.0,Helle Mitte,10200421.0,2019,9,15,5,3,5,3,0,1,0,0,0,0,0,812014.3105,5830885.123,13.60165,52.53846
2,2040502.0,Friedenstraße,2400521.0,2019,9,12,4,3,2,6,0,1,0,0,0,0,0,800761.124,5828450.768,13.43404,52.52297
1,3071536.0,Teutoburger Platz,3701554.0,2019,9,14,4,3,3,3,0,1,0,0,0,0,0,799083.2619,5829018.168,13.40989,52.52898
1,1044202.0,Sparrplatz,1401046.0,2019,9,19,4,3,5,2,0,1,0,0,0,0,0,794610.7721,5829870.924,13.34491,52.53906
5,5020523.0,Maulbeerallee,5200528.0,2019,9,18,5,2,5,3,0,1,0,0,0,0,0,783047.9776,5827281.903,13.17268,52.52197
1,1011302.0,Oranienburger Straße,1100309.0,2019,9,18,4,3,1,5,0,0,0,0,1,1,0,797978.0969,5828497.12,13.39318,52.52491
4,4031032.0,Halensee,4500938.0,2019,9,10,5,3,1,5,0,1,0,0,0,0,0,791536.3916,5825100.987,13.29553,52.49795
3,3061429.0,Greifswalder Straße,3601449.0,2019,9,9,5,3,5,3,0,1,0,0,0,0,0,801415.3715,5830908.652,13.44588,52.54464
1,1011306.0,Heine-Viertel Ost,1100313.0,2019,9,17,4,3,5,2,0,0,0,1,0,0,0,799774.106,5826561.658,13.41783,52.50658
8,8020622.0,Parchimer Allee,8200727.0,2019,9,7,5,3,2,7,0,1,0,0,0,0,0,802316.0528,5819329.018,13.44861,52.44035
3,3040508.0,Rosenthal,3400618.0,2019,9,16,4,2,5,3,0,1,0,0,0,0,0,795890.3772,5836466.663,13.3696,52.59749
1,1011303.0,Alexanderplatzviertel,1100310.0,2019,9,8,5,3,5,3,0,0,0,1,0,0,1,799350.0423,5828621.446,13.41345,52.52528
2,2020202.0,Rathaus Yorckstraße,2200208.0,2019,9,7,5,3,5,2,0,1,0,0,0,0,1,797943.0511,5825259.136,13.38977,52.49591
4,4031032.0,Halensee,4500938.0,2019,9,16,4,3,2,3,0,1,0,0,0,0,0,791451.2681,5825070.675,13.29425,52.49772
12,12214424.0,Scharnweberstraße,12200309.0,2019,9,5,5,2,0,3,2,1,0,0,0,0,1,793471.3267,5832412.124,13.3304,52.56245
2,2010103.0,Moritzplatz,2100104.0,2019,9,16,4,3,1,5,0,1,0,0,0,0,0,799553.659,5826112.818,13.41419,52.50268
1,1022207.0,Hansaviertel,1200629.0,2019,9,16,5,2,6,4,0,0,1,0,0,0,0,794635.4703,5827606.908,13.34326,52.51875
1,1011301.0,Charitéviertel,1100308.0,2019,9,8,4,3,3,6,0,1,0,0,0,0,0,797615.0966,5828331.117,13.3877,52.52362
8,8020621.0,Mohriner Allee Nord,8200729.0,2019,9,15,4,3,3,6,0,0,0,0,0,0,0,800340.0042,5819243.086,13.41955,52.44067
9,9020702.0,Adlershof Ost,9200717.0,2019,9,15,4,3,0,3,0,0,0,0,0,1,0,809317.3531,5819371.469,13.55133,52.43682
6,6010101.0,Fichtenberg,6100101.0,2019,9,15,4,3,5,3,0,1,0,0,0,0,0,793150.8323,5820833.713,13.31549,52.45883
8,8010213.0,Körnerpark,8100208.0,2019,9,16,4,3,2,2,0,0,0,0,0,1,0,801047.945,5822427.431,13.43281,52.46882
1,1011204.0,Leipziger Straße,1100207.0,2019,9,15,4,3,2,2,0,0,0,0,0,1,0,798674.1392,5827587.342,13.40259,52.51638
9,9051702.0,Bölschestraße,9501737.0,2019,9,12,4,3,5,2,0,1,0,0,0,0,0,814202.6549,5821326.771,13.6248,52.45155
5,5020524.0,Weinmeisterhornweg,5200528.0,2019,9,20,4,3,6,4,2,0,1,0,0,0,0,783391.7432,5826748.951,13.17728,52.51702
9,9041402.0,Siedlung Kämmereiheide,9401432.0,2019,9,10,4,3,6,4,0,0,1,0,0,0,0,812133.011,5820713.967,13.59387,52.44725
3,3061131.0,Falkplatz,3601142.0,2019,9,19,4,3,4,6,1,0,0,0,0,0,0,798695.0606,5830312.633,13.40535,52.54079
3,3061131.0,Falkplatz,3601142.0,2019,9,19,4,3,3,6,0,0,0,0,0,0,0,798725.3965,5830324.222,13.4058,52.54088
6,6020304.0,Kaiser-Wilhelm-Straße,6200314.0,2019,9,15,4,3,5,3,0,0,0,0,0,1,0,794628.4565,5817924.641,13.33461,52.43196
2,2050802.0,Boxhagener Platz,2500834.0,2019,9,18,4,3,0,1,0,1,0,0,0,0,0,802697.3937,5827237.595,13.46138,52.51103
5,5030730.0,Zitadellenweg,5300736.0,2019,9,14,4,3,5,2,0,0,0,0,0,1,0,786916.8857,5829320.829,13.2313,52.53823
9,9051901.0,Dammvorstadt,9501941.0,2019,9,9,4,3,5,3,0,1,0,0,0,0,0,810887.1485,5821450.313,13.57628,52.45456
3,3061430.0,Volkspark Prenzlauer Berg,3601450.0,2019,9,17,4,3,5,2,0,1,0,0,0,0,0,802328.8842,5829223.813,13.45778,52.52903
7,7040403.0,Manteuffelstraße,7400824.0,2019,9,14,4,3,5,2,0,1,0,0,0,0,0,797329.7373,5822178.812,13.37801,52.46863
6,6010101.0,Fichtenberg,6100101.0,2019,9,14,4,3,5,2,0,1,0,0,0,0,0,793194.1765,5820228.557,13.31559,52.45338
1,1011202.0,Unter den Linden Nord,1100206.0,2019,9,7,4,3,5,2,0,0,0,1,0,0,0,798551.3148,5827801.312,13.40098,52.51836
12,12231102.0,Frohnau,12400721.0,2019,9,12,4,3,1,5,0,1,0,0,0,0,0,790367.8558,5840191.586,13.29157,52.63386
4,4051549.0,Rathaus Wilmersdorf,4501146.0,2019,9,10,4,2,5,2,0,0,0,0,0,1,0,793319.7835,5823612.353,13.32041,52.48365
9,9020501.0,Oberschöneweide West,9200510.0,2019,9,11,4,3,5,2,0,0,0,0,1,0,0,806555.5223,5822315.907,13.51353,52.46476
1,1044203.0,Leopoldplatz,1401049.0,2019,9,10,4,3,1,5,0,1,0,0,0,1,0,795955.4405,5831941.016,13.36652,52.55689
8,8010301.0,Reuterkiez,8100312.0,2019,9,10,4,3,5,2,0,1,0,0,0,0,0,800564.9943,5825143.543,13.42817,52.49343
4,4030622.0,Richard-Wagner-Straße,4300621.0,2019,9,9,4,3,1,5,0,1,0,0,0,0,0,792215.8271,5826927.208,13.30711,52.51396
11,11040926.0,Weitlingstraße,11400929.0,2019,9,8,4,3,5,2,0,1,0,0,0,0,0,806684.3788,5826910.934,13.51965,52.50587
2,2040703.0,Wriezener Bahnhof/Entwicklungsgebiet,2400625.0,2019,9,8,4,3,5,2,0,1,0,0,0,0,0,801754.308,5826263.126,13.44665,52.50281
12,12304314.0,Ziekowstraße/Freie Scholle,12500824.0,2019,9,7,4,3,5,2,0,1,0,0,0,0,0,790616.8918,5835985.806,13.29154,52.59602
9,9051801.0,Rahnsdorf/Hessenwinkel,9501838.0,2019,9,12,4,3,5,3,0,1,0,0,0,0,0,820724.3371,5819513.518,13.7187,52.43152