district,LOR,street,LOR_2021,year,month,hour,weekday,category,accident_kind,accident_type,light_condition,car,pedestrian,motorcycle,goods_vehicle,others,road_condition,LINREFX,LINREFY,XGCSWGS84,YGCSWGS84
2,2010102.0,Mehringplatz,2100102.0,2019,9,7,4,3,3,6,0,1,0,0,0,0,0,798043.7731,5826515.471,13.39237,52.50711
12,12301203.0,Wittenau Süd,12500926.0,2019,9,5,4,3,0,3,2,1,0,0,0,0,0,793276.6137,5835161.461,13.32997,52.58721
9,9051901.0,Dammvorstadt,9501941.0,2019,9,6,4,3,5,2,0,1,0,0,0,0,0,810259.7449,5821449.385,13.56708,52.45491
8,8010117.0,Schillerpromenade,8100102.0,2019,9,15,4,3,5,2,0,1,0,0,0,0,0,800178.9217,5823637.139,13.42114,52.48014
11,11030721.0,Rüdigerstraße,11300722.0,2019,9,17,3,3,1,5,0,1,0,0,0,0,0,805174.3836,5827754.936,13.49824,52.51428
4,4030415.0,Schloßgarten,4300412.0,2019,9,15,4,2,0,7,0,1,0,0,0,0,0,791091.7479,5827434.103,13.29104,52.5191
11,11040926.0,Weitlingstraße,11400929.0,2019,9,8,3,3,5,3,0,0,0,0,0,0,0,806621.4483,5827363.831,13.51914,52.50997
11,11051330.0,Karlshorst West,11501339.0,2019,9,15,4,3,5,2,0,1,0,0,0,0,0,807269.8838,5825414.629,13.52687,52.49213
1,1011202.0,Unter den Linden Nord,1100206.0,2019,9,11,4,3,0,1,0,0,0,0,0,0,0,798150.0458,5828007.793,13.39527,52.52043
1,1044201.0,Reinickendorfer Straße,1401045.0,2019,9,12,4,3,5,2,0,1,0,0,0,0,0,796983.8306,5831935.137,13.38164,52.55627
1,1022202.0,Heidestraße,1200624.0,2019,9,15,3,3,5,2,0,1,0,0,0,0,0,795668.9129,5829732.336,13.36034,52.53724
1,1011201.0,Wilhelmstraße,1100205.0,2019,9,20,3,3,2,6,2,1,0,0,0,0,0,797481.3231,5826772.855,13.38434,52.50973
12,12214527.0,Alt-Tegel,12200515.0,2019,9,15,3,3,5,3,0,1,0,0,0,0,0,789877.6087,5835060.533,13.27985,52.58812
2,2040502.0,Friedenstraße,2400521.0,2019,9,14,3,3,2,7,0,1,0,0,0,0,0,801180.6724,5827977.197,13.43977,52.51849
4,4051446.0,Preußenpark,4501043.0,2019,9,15,3,3,1,5,0,1,0,0,0,0,0,793072.9901,5824882.818,13.3179,52.49517
9,9020701.0,Adlershof West,9200715.0,2019,9,17,3,3,5,2,0,0,0,0,0,1,0,807713.8476,5818106.469,13.52665,52.42638
1,1044102.0,Schillerpark,1400940.0,2019,9,15,3,3,2,6,0,1,0,0,0,0,0,794336.0977,5831769.219,13.34255,52.55622
2,2030302.0,Lausitzer Platz,2300315.0,2019,9,15,3,3,2,7,0,1,0,0,0,0,0,801267.3758,5826185.358,13.43942,52.50239
6,6030501.0,Berlepschstraße,6300524.0,2019,9,16,3,2,5,3,0,1,0,0,0,0,0,788735.0235,5816316.94,13.24678,52.42069
10,10040933.0,Mahlsdorf Süd,10400941.0,2019,9,14,3,3,3,6,0,1,0,0,0,0,0,812374.2619,5824001.542,13.60048,52.47657
11,11040925.0,Victoriastadt,11400927.0,2019,9,14,3,3,5,3,0,1,0,0,0,0,0,803626.1416,5826566.052,13.47442,52.50449
3,3040614.0,Pankow Zentrum,3400724.0,2019,9,12,3,3,5,2,0,1,0,0,0,0,0,797852.8641,5833037.83,13.39541,52.56568
10,10010310.0,Alt-Marzahn,10100313.0,2019,9,14,3,3,5,2,0,1,0,0,0,0,0,809419.4542,5831091.694,13.56371,52.54179
2,2020202.0,Rathaus Yorckstraße,2200208.0,2019,9,10,3,3,5,2,0,1,0,0,0,0,0,797941.3924,5825259.319,13.38974,52.49591
1,1044202.0,Sparrplatz,1401046.0,2019,9,10,3,3,5,2,0,1,0,0,0,0,0,794896.8303,5830251.901,13.34945,52.54232
4,4030417.0,Schloßstraße,4300414.0,2019,9,10,3,3,0,1,0,0,0,0,0,0,1,791485.6755,5827200.012,13.29662,52.5168
3,3061126.0,Arnimplatz,3601141.0,2019,9,22,3,3,0,1,2,0,0,0,0,0,0,798789.0635,5831459.103,13.40776,52.55102
11,11051229.0,Rummelsburg,11501238.0,2019,9,9,3,3,1,5,0,0,0,0,1,0,0,803811.9533,5826162.059,13.47678,52.50077
1,1044103.0,Westliche Müllerstraße,1400942.0,2019,9,10,3,3,0,7,0,0,0,0,0,0,1,794681.9076,5830867.32,13.34684,52.54795
11,11030721.0,Rüdigerstraße,11300722.0,2019,9,8,3,3,0,6,0,1,0,0,0,0,0,804467.7607,5828170.809,13.48824,52.5184
7,7040401.0,Neu-Tempelhof,7400721.0,2019,9,8,3,3,5,2,0,1,0,0,0,0,0,798740.9929,5823947.057,13.40031,52.48371
2,2020203.0,Viktoriapark,2200207.0,2019,9,9,3,3,5,2,0,0,0,0,0,1,1,797482.6737,5824555.387,13.38238,52.48985
2,2020205.0,Chamissokiez,2200211.0,2019,9,21,3,2,3,7,2,1,0,0,0,0,0,797953.3456,5824572.73,13.3893,52.48975
3,3051017.0,Rennbahnstraße,3501037.0,2019,9,7,3,3,5,2,0,1,0,0,0,0,0,803870.1244,5832202.451,13.48315,52.55487
2,2050803.0,Stralauer Kiez,2500835.0,2019,9,7,3,3,5,2,0,1,0,0,0,0,1,803103.3215,5826087.077,13.4663,52.50049
1,1011202.0,Unter den Linden Nord,1100206.0,2019,9,6,3,3,5,3,0,1,0,0,0,0,0,797498.6972,5827762.657,13.38548,52.51859
1,1011302.0,Oranienburger Straße,1100309.0,2019,9,23,3,3,5,3,2,0,0,1,0,0,0,798766.1177,5828963.647,13.40518,52.52866
8,8041036.0,Zittauer Straße,8401242.0,2019,9,16,3,3,5,3,0,1,0,0,0,0,0,804552.0816,5816532.477,13.47886,52.41405
10,10010205.0,Marzahn Ost,10100207.0,2019,9,18,3,3,5,3,0,1,0,0,0,0,0,810404.7078,5832151.285,13.57918,52.55073
4,4030620.0,Alt-Lietzow,4300619.0,2019,9,17,3,3,0,4,0,0,1,0,0,0,0,791834.156,5827445.07,13.30196,52.51881
2,2030402.0,Wrangelkiez,2300419.0,2019,9,14,2,3,1,5,0,1,0,0,0,0,0,801759.2969,5825810.411,13.44631,52.49875
10,10040828.0,Kaulsdorf Nord,10400835.0,2019,9,10,2,3,5,3,0,0,0,0,0,1,0,811202.376,5827915.258,13.58694,52.51231
11,11020513.0,Orankesee,11200512.0,2019,9,6,2,2,6,7,1,0,1,0,0,0,0,803020.725,5831351.302,13.46988,52.54772
11,11051332.0,Karlshorst Süd,11501341.0,2019,9,8,2,3,2,2,0,1,0,0,0,0,0,807196.1272,5823898.684,13.52439,52.47859
7,7030301.0,Friedenau,7300516.0,2019,9,16,2,3,5,3,0,0,0,0,0,0,0,794395.9639,5822574.251,13.3353,52.47376
7,7020204.0,Schöneberger Insel,7200413.0,2019,9,12,2,2,5,3,0,1,0,0,0,0,1,796128.7732,5823309.018,13.36139,52.47941
1,1011203.0,Unter den Linden Süd,1100206.0,2019,9,18,2,3,3,6,0,1,0,0,0,0,0,797936.514,5827178.645,13.39139,52.51312
1,1011306.0,Heine-Viertel Ost,1100313.0,2019,9,17,2,3,5,3,0,1,0,0,0,0,0,799900.4672,5826514.857,13.41964,52.50609
4,4051447.0,Ludwigkirchplatz,4501044.0,2019,9,17,2,3,5,2,0,1,0,0,0,0,0,793192.3399,5824560.764,13.31937,52.49222
4,4020311.0,Reichsstraße,4200310.0,2019,9,17,2,3,5,2,0,1,0,0,0,0,0,790160.772,5826651.235,13.27667,52.51258
5,5010311.0,Eiswerder,5100313.0,2019,9,17,2,3,5,3,0,1,0,0,0,0,0,785366.267,5830245.984,13.2093,52.54734
4,4020311.0,Reichsstraße,4200310.0,2019,9,10,2,3,1,5,0,0,0,0,1,0,1,788826.6515,5827229.456,13.25757,52.51847
5,5020625.0,Borkumer Straße,5200629.0,2019,9,15,2,3,5,2,0,1,0,0,0,0,1,784641.327,5828418.543,13.19707,52.53134
8,8010301.0,Reuterkiez,8100312.0,2019,9,15,2,3,5,3,0,1,0,0,0,0,1,801298.3528,5824011.839,13.43791,52.48289
8,8010510.0,Gewerbegebiet Köllnische Heide,8100521.0,2019,9,12,2,2,5,3,0,1,0,0,0,0,0,802483.3266,5822557.436,13.45399,52.4692
4,4030622.0,Richard-Wagner-Straße,4300621.0,2019,9,14,2,3,6,4,0,0,1,0,0,0,1,791892.5385,5827078.756,13.30249,52.51549
2,2030402.0,Wrangelkiez,2300419.0,2019,9,14,2,3,5,3,0,1,0,0,0,0,1,801069.6003,5825688.959,13.43607,52.49805
1,1011304.0,Karl-Marx-Allee,1100311.0,2019,9,8,2,3,0,3,0,0,0,1,0,0,0,799736.3749,5827706.607,13.41831,52.51686
1,1011303.0,Alexanderplatzviertel,1100310.0,2019,9,16,6,3,5,2,0,1,0,0,0,0,0,799763.9716,5828636.434,13.41955,52.52518
8,8030831.0,Gropiusstadt Ost,8301036.0,2019,9,15,6,2,5,2,0,1,0,0,0,0,0,803741.7327,5818005.983,13.46832,52.4277
9,9010402.0,Johannisthal Ost,9100409.0,2019,9,15,6,3,0,1,0,0,0,0,0,0,0,807237.7231,5819779.808,13.52121,52.44165
9,9020701.0,Adlershof West,9200715.0,2019,9,14,6,3,5,2,0,1,0,0,0,0,0,808328.0567,5818867.135,13.53636,52.43286
1,1011303.0,Alexanderplatzviertel,1100310.0,2019,9,13,6,3,2,6,0,1,0,0,0,0,0,798840.5172,5827960.98,13.40537,52.51964
3,3010101.0,Bucher Forst,3100101.0,2019,9,7,6,3,3,6,0,1,0,0,0,0,0,803557.821,5841732.395,13.48729,52.64046
4,4030827.0,Karl-August-Platz,4300623.0,2019,9,11,6,3,1,5,0,1,0,0,0,0,0,792139.0173,5826248.238,13.30538,52.50791
10,10040828.0,Kaulsdorf Nord,10400835.0,2019,9,9,6,3,5,3,0,1,0,0,0,0,0,812425.8907,5829374.5,13.60628,52.52469
7,7020204.0,Schöneberger Insel,7200413.0,2019,9,9,6,2,5,3,0,1,0,0,0,0,0,796256.8098,5823525.701,13.36346,52.48129
10,10010308.0,Marzahner Chaussee,10100311.0,2019,9,15,5,2,5,2,0,0,0,0,0,0,0,807639.1952,5829194.103,13.53578,52.5258
2,2020206.0,Graefekiez,2200213.0,2019,9,19,5,3,6,4,1,0,1,0,0,0,0,800018.2454,5824454.445,13.41952,52.48756
5,5020625.0,Borkumer Straße,5200629.0,2019,9,19,5,3,6,4,1,0,1,0,0,0,0,784040.0282,5828716.999,13.18849,52.53433
1,1011105.0,Nördlicher Landwehrkanal,1100102.0,2019,9,9,5,3,1,5,0,1,0,0,0,0,0,796069.7457,5826436.26,13.3633,52.50748
8,8020622.0,Parchimer Allee,8200727.0,2019,9,8,5,3,0,2,0,1,0,0,0,0,0,802573.8257,5819932.359,13.45294,52.44562
2,2050802.0,Boxhagener Platz,2500834.0,2019,9,8,5,3,5,2,0,1,0,0,0,0,0,802673.5302,5827243.944,13.46104,52.5111
8,8020622.0,Parchimer Allee,8200727.0,2019,9,7,5,2,5,2,0,1,0,0,0,0,0,801312.9247,5819949.854,13.43446,52.44647
9,9051901.0,Dammvorstadt,9501941.0,2019,9,14,5,2,5,7,0,1,0,0,0,0,0,809947.5866,5821593.083,13.56263,52.45637
7,7060604.0,Marienfelde Süd,7601339.0,2019,9,7,5,3,5,3,0,1,0,0,0,0,0,795815.3581,5815200.24,13.34961,52.40689
1,1011303.0,Alexanderplatzviertel,1100310.0,2019,9,14,5,3,6,4,0,0,1,0,0,0,0,798816.3231,5828243.611,13.40527,52.52218
1,1022206.0,Lüneburger Straße,1200628.0,2019,9,17,5,2,5,2,0,1,0,0,0,0,0,795453.5003,5827718.071,13.35538,52.5193
5,5010209.0,An der Kappe,5100211.0,2019,9,14,5,3,1,1,0,1,0,0,0,0,0,782241.6088,5829468.191,13.16268,52.542
4,4030726.0,Droysenstraße,4500936.0,2019,9,16,4,3,5,3,0,1,0,0,0,0,0,791949.7623,5825233.921,13.30171,52.49892
1,1011204.0,Leipziger Straße,1100207.0,2019,9,9,4,3,5,3,0,1,0,0,0,0,0,798557.1436,5826814.789,13.40018,52.50952
1,1011202.0,Unter den Linden Nord,1100206.0,2019,9,13,4,3,5,2,0,1,0,0,0,0,0,797594.3006,5828064.041,13.38715,52.52124
9,9010101.0,Elsenstraße,9100101.0,2019,9,23,4,3,0,1,2,0,0,0,0,0,0,802306.8598,5825328.781,13.45391,52.49413
11,11040926.0,Weitlingstraße,11400929.0,2019,9,16,4,3,5,3,0,1,0,0,0,0,0,806133.0342,5826709.065,13.51137,52.50437
1,1022201.0,Stephankiez,1200623.0,2019,9,22,4,2,1,5,2,0,0,0,0,1,0,795670.0169,5829262.409,13.35994,52.53303
1,1011301.0,Charitéviertel,1100308.0,2019,9,21,4,3,1,1,2,1,0,0,0,0,0,797579.6615,5828552.126,13.38737,52.52562
6,6040703.0,Nikolassee,6400737.0,2019,9,19,4,3,1,5,2,1,0,0,0,0,0,787044.8768,5817293.97,13.22283,52.43034
11,11030721.0,Rüdigerstraße,11300722.0,2019,9,18,4,3,0,3,0,1,0,0,0,0,0,804833.3841,5827748.044,13.49323,52.51441
5,5030730.0,Zitadellenweg,5300736.0,2019,9,16,4,3,2,3,0,1,0,0,0,0,0,786601.792,5830059.839,13.22731,52.54502
3,3061429.0,Greifswalder Straße,3601449.0,2019,9,15,4,3,2,2,0,1,0,0,0,0,0,801345.6202,5830615.99,13.44459,52.54205
9,9051701.0,Hirschgarten,9501736.0,2019,9,6,4,3,5,2,1,0,0,0,0,1,0,812938.755,5821379.441,13.60631,52.45275
9,9010302.0,Späthsfelde,9100306.0,2019,9,6,4,3,5,2,0,1,0,0,0,0,0,803842.1722,5820985.842,13.4725,52.45436
12,12103115.0,Breitkopfbecken,12100103.0,2019,9,14,4,3,5,2,0,1,0,0,0,0,0,795330.7214,5833842.353,13.35903,52.57427
7,7040405.0,Rathaus Tempelhof,7400927.0,2019,9,14,4,3,5,3,0,1,0,0,0,0,0,799149.5234,5821299.005,13.40393,52.45975
2,2030302.0,Lausitzer Platz,2300315.0,2019,9,13,4,3,0,3,0,0,0,1,0,0,0,800658.209,5826577.874,13.43083,52.50624
11,11051331.0,Karlshorst Nord,11501340.0,2019,9,10,4,2,4,2,0,0,0,0,0,1,0,807755.08,5824028.585,13.53271,52.47944
5,5010208.0,Germersheimer Platz,5100210.0,2019,9,9,4,3,5,3,0,1,0,0,0,0,0,783825.0211,5830154.407,13.18655,52.54733
10,10010308.0,Marzahner Chaussee,10100311.0,2019,9,9,4,3,5,2,0,1,0,0,0,0,0,806318.3014,5830168.815,13.51727,52.53527
2,2040701.0,Andreasviertel,2400623.0,2019,9,8,4,3,5,2,0,1,0,0,0,0,0,800315.5027,5827619.739,13.42674,52.51577
8,8020622.0,Parchimer Allee,8200727.0,2019,9,7,4,3,5,7,0,1,0,0,0,0,0,802007.6944,5819931.88,13.44464,52.44593
2,2030302.0,Lausitzer Platz,2300315.0,2019,9,6,4,3,5,3,0,0,0,1,0,0,1,800847.2584,5826462.001,13.4335,52.5051
2,2020205.0,Chamissokiez,2200211.0,2019,9,16,3,3,1,5,0,1,0,0,0,0,0,798280.7277,5824716.338,13.39424,52.49086
1,1022207.0,Hansaviertel,1200629.0,2019,9,22,3,2,6,4,2,0,1,0,0,0,1,794696.6662,5827418.746,13.344,52.51703
1,1011401.0,Invalidenstraße,1100415.0,2019,9,21,3,3,6,4,2,0,1,0,0,0,1,798125.5857,5829345.109,13.39611,52.53243
2,2040502.0,Friedenstraße,2400521.0,2019,9,17,3,3,0,2,1,1,0,0,0,0,1,800483.853,5828469.113,13.42998,52.52329
8,8040933.0,Vogelviertel Süd,8401139.0,2019,9,15,3,3,0,2,0,1,0,0,0,0,0,803019.9057,5819379.025,13.45898,52.44041
11,11040926.0,Weitlingstraße,11400929.0,2019,9,12,3,2,5,2,0,1,0,0,0,0,1,806698.6441,5826916.611,13.51986,52.50591
11,11030619.0,Fennpfuhl Ost,11300620.0,2019,9,5,3,3,7,7,1,0,0,0,0,0,0,803613.9352,5829766.808,13.47716,52.53318
4,4051446.0,Preußenpark,4501043.0,2019,9,10,3,3,5,2,0,1,0,0,0,0,0,792316.9356,5825233.37,13.30711,52.49872
3,3020307.0,Buchholz,3200308.0,2019,9,9,3,3,5,2,0,1,0,0,0,0,0,799262.1692,5837648.99,13.42031,52.60624
12,12301203.0,Wittenau Süd,12500926.0,2019,9,23,3,3,5,3,2,1,0,0,0,0,0,793352.2399,5836046.457,13.33187,52.5951
6,6030504.0,Teltower Damm,6300528.0,2019,9,15,3,3,5,3,0,0,0,0,0,0,0,789633.3304,5817029.24,13.26057,52.4266
2,2020203.0,Viktoriapark,2200207.0,2019,9,9,3,3,2,2,0,1,0,0,0,0,0,797179.4874,5824753.782,13.3781,52.49179
6,6020302.0,Komponistenviertel Lankwitz,6200312.0,2019,9,8,3,2,1,5,0,1,0,0,0,0,0,794457.6023,5818806.492,13.33288,52.43996
5,5020626.0,Adamstraße,5200631.0,2019,9,21,3,3,5,3,2,1,0,0,0,0,0,784232.3396,5827368.095,13.19016,52.52213
5,5020419.0,Magistratsweg,5200423.0,2019,9,8,3,3,0,2,0,0,0,0,0,1,0,780875.8989,5828336.119,13.14164,52.53255
3,3040818.0,Pankow Süd,3400830.0,2019,9,8,3,3,6,7,0,0,1,0,0,0,0,799783.7546,5832261.794,13.42311,52.55767
11,11010204.0,Falkenberg Ost,11100203.0,2019,9,6,3,3,5,2,0,1,0,0,0,0,0,807351.4629,5833148.318,13.53521,52.56139
6,6010207.0,Mittelstraße,6100207.0,2019,9,16,3,3,5,3,0,0,0,0,0,1,1,793746.8588,5819871.128,13.32339,52.44988
3,3040818.0,Pankow Süd,3400830.0,2019,9,16,3,3,5,3,0,1,0,0,0,0,1,799979.5224,5833095.534,13.42675,52.56503
2,2010103.0,Moritzplatz,2100104.0,2019,9,16,3,3,5,3,0,1,0,0,0,0,1,798997.7806,5825707.03,13.40566,52.49935
2,2020204.0,Urbanstraße,2200210.0,2019,9,16,3,3,5,7,0,1,0,0,0,0,1,798003.5985,5825270.555,13.39067,52.49598
5,5020625.0,Borkumer Straße,5200629.0,2019,9,15,3,3,5,7,0,1,0,0,0,0,0,784272.4762,5828074.443,13.19135,52.52844
2,2010103.0,Moritzplatz,2100104.0,2019,9,15,3,3,5,3,0,1,0,0,0,0,1,799598.0653,5825841.476,13.4146,52.50022
8,8041036.0,Zittauer Straße,8401242.0,2019,9,14,3,3,5,3,0,1,0,0,0,0,0,805149.3517,5817087.648,13.48812,52.41869
11,11020514.0,Große-Leege-Straße,11200513.0,2019,9,15,3,2,0,3,0,1,0,0,0,0,1,804729.0296,5831191.408,13.49485,52.54533
1,1011204.0,Leipziger Straße,1100207.0,2019,9,8,3,3,5,2,0,1,0,0,0,0,0,798899.2338,5827347.78,13.40568,52.51411
7,7010102.0,Nollendorfplatz,7100103.0,2019,9,17,3,3,5,3,0,1,0,0,0,0,0,795704.3949,5825458.968,13.35706,52.49892
1,1044201.0,Reinickendorfer Straße,1401045.0,2019,9,8,3,3,5,2,0,1,0,0,0,0,0,796705.2717,5831623.605,13.37727,52.55363
2,2030401.0,Reichenberger Straße,2300418.0,2019,9,8,3,3,0,2,0,0,0,1,0,0,0,800695.5395,5825390.879,13.43031,52.49558
3,3050924.0,Behaimstraße,3500935.0,2019,9,8,3,3,2,6,0,1,0,0,0,0,0,801666.8832,5831709.965,13.4503,52.55168
1,1011302.0,Oranienburger Straße,1100309.0,2019,9,7,3,3,3,6,0,1,0,0,0,0,0,798951.2733,5828436.422,13.40743,52.52384
1,1022101.0,Huttenkiez,1200517.0,2019,9,17,2,3,5,2,0,1,0,0,0,0,0,793286.0525,5829033.163,13.32469,52.53226
3,3040614.0,Pankow Zentrum,3400724.0,2019,9,17,2,3,4,6,0,1,0,0,0,0,0,798153.8869,5833694.472,13.40043,52.5714
2,2010102.0,Mehringplatz,2100102.0,2019,9,22,3,2,5,3,2,1,1,0,0,0,0,798346.979,5825559.333,13.39597,52.49838
8,8030831.0,Gropiusstadt Ost,8301036.0,2019,9,16,2,2,5,2,0,0,0,0,0,1,0,804697.2274,5817818.177,13.48216,52.42549
8,8010214.0,Glasower Straße,8100209.0,2019,9,9,2,3,0,3,0,0,0,0,1,0,0,801859.5144,5822386.125,13.44468,52.46801
9,9020701.0,Adlershof West,9200715.0,2019,9,14,2,3,5,2,0,1,0,0,0,0,0,807722.7203,5818115.205,13.52679,52.42646
3,3040818.0,Pankow Süd,3400830.0,2019,9,20,2,3,0,6,2,1,0,0,0,0,0,799477.8476,5832755.627,13.41906,52.56226
4,4041238.0,Kissinger Straße,4400830.0,2019,9,16,2,3,5,3,0,1,0,0,0,0,0,791670.024,5823246.435,13.29587,52.48125
2,2050802.0,Boxhagener Platz,2500834.0,2019,9,15,2,3,1,5,0,1,0,0,0,0,0,802179.7778,5827134.503,13.45369,52.51039
9,9031001.0,Bohnsdorf,9301025.0,2019,9,8,2,3,5,3,0,1,0,0,0,0,0,810847.7825,5815493.752,13.57017,52.4012
8,8010211.0,Flughafenstraße,8100206.0,2019,9,14,2,3,6,7,0,0,1,0,0,0,0,800356.7239,5824213.683,13.42427,52.48521
10,10010308.0,Marzahner Chaussee,10100311.0,2019,9,8,2,3,5,2,0,1,0,0,0,0,0,807200.008,5829145.792,13.52929,52.52561
4,4051447.0,Ludwigkirchplatz,4501044.0,2019,9,8,2,3,5,2,0,1,0,0,0,0,0,793156.8504,5824516.691,13.31881,52.49184
1,1011203.0,Unter den Linden Süd,1100206.0,2019,9,9,2,3,5,2,0,1,0,0,0,0,0,798201.916,5827421.858,13.39551,52.51515
2,2020204.0,Urbanstraße,2200210.0,2019,9,9,2,3,5,2,0,1,0,0,0,0,1,798791.8838,5824920.462,13.40193,52.49241
6,6030502.0,Zehlendorf Süd,6300525.0,2019,9,9,2,3,5,3,0,1,0,0,0,0,1,789079.7188,5815764.743,13.25135,52.41555
1,1011305.0,Heine-Viertel West,1100312.0,2019,9,9,2,3,3,6,0,1,0,0,0,0,0,799660.6163,5827084.328,13.41663,52.51133
4,4030931.0,Breitscheidplatz,4501042.0,2019,9,8,2,3,2,6,0,1,0,0,0,0,1,794562.5859,5826001.987,13.34077,52.5044
7,7040405.0,Rathaus Tempelhof,7400927.0,2019,9,9,2,2,5,3,0,0,0,0,0,0,0,797942.1079,5822041.348,13.38688,52.46707
1,1011301.0,Charitéviertel,1100308.0,2019,9,8,2,3,5,2,0,1,0,0,0,0,0,796969.4202,5828808.357,13.37863,52.52825
3,3061227.0,Humannplatz,3601244.0,2019,9,8,2,3,0,2,0,1,0,0,0,0,0,800159.9217,5831670.374,13.42811,52.55216
6,6020410.0,Oberhofer Platz,6200422.0,2019,9,7,2,2,5,3,0,1,0,0,0,0,0,794445.1153,5817316.057,13.33138,52.4266
7,7020202.0,Volkspark (Rudolf-Wilde-Park),7200308.0,2019,9,14,2,3,5,3,0,1,0,0,0,0,0,794892.0102,5823919.138,13.34377,52.48555
1,1011302.0,Oranienburger Straße,1100309.0,2019,9,19,2,3,0,4,2,0,1,0,0,0,0,798601.6565,5828879.274,13.40269,52.528
1,1033102.0,Gesundbrunnen,1300733.0,2019,9,15,1,3,1,5,0,1,0,0,0,0,0,797277.2076,5831910.735,13.38593,52.5559
5,5020521.0,Döberitzer Weg,5200524.0,2019,9,17,2,3,0,3,0,1,0,0,0,0,0,780686.0779,5827868.001,13.13845,52.52845
1,1011302.0,Oranienburger Straße,1100309.0,2019,9,13,2,3,0,1,0,0,0,0,0,0,0,797875.4282,5828531.457,13.3917,52.52528
4,4030931.0,Breitscheidplatz,4501042.0,2019,9,16,1,3,5,2,0,1,0,0,0,0,0,793986.6853,5826152.492,13.33245,52.50606
8,8010301.0,Reuterkiez,8100312.0,2019,9,9,2,3,5,2,0,1,0,0,0,0,0,801102.7883,5824358.22,13.43536,52.4861
3,3050924.0,Behaimstraße,3500935.0,2019,9,18,2,3,4,1,1,0,0,0,0,1,0,801608.3575,5831413.342,13.44917,52.54906
9,9010101.0,Elsenstraße,9100101.0,2019,9,16,1,3,2,6,0,1,0,0,0,0,0,802250.8945,5824849.782,13.45266,52.48987
9,9041601.0,Müggelheim,9401635.0,2019,9,12,2,3,5,3,0,1,0,0,0,0,0,816641.6225,5817425.396,13.65687,52.41519
4,4051551.0,Brabanter Platz,4501148.0,2019,9,15,1,3,1,5,0,1,0,0,0,0,0,792937.6429,5823317.294,13.31454,52.48121
4,4030620.0,Alt-Lietzow,4300619.0,2019,9,14,1,3,2,3,0,1,0,0,0,0,0,791793.2005,5827491.668,13.30139,52.51925
1,1044102.0,Schillerpark,1400940.0,2019,9,18,1,2,5,3,0,1,0,0,0,0,0,795277.2446,5831732.913,13.35636,52.55539
7,7040403.0,Manteuffelstraße,7400824.0,2019,9,17,1,3,5,2,0,1,0,0,0,0,0,797850.4669,5821927.573,13.38543,52.4661
9,9041501.0,Altstadt Kietz,9401534.0,2019,9,14,2,3,1,1,0,1,0,0,0,0,0,810855.6004,5820529.909,13.57496,52.44633
1,1033201.0,Brunnenstraße,1300834.0,2019,9,17,2,3,1,5,0,1,0,0,0,0,0,797843.0024,5830434.097,13.39293,52.54235
2,2030302.0,Lausitzer Platz,2300315.0,2019,9,0,1,3,0,7,2,0,0,0,0,0,0,801645.5922,5826072.385,13.44488,52.50116
9,9010101.0,Elsenstraße,9100101.0,2019,9,6,1,3,5,3,0,1,0,0,0,0,0,802319.3244,5825532.826,13.45428,52.49596
8,8020727.0,Buckow Mitte,8200832.0,2019,9,17,2,3,5,7,0,1,0,0,0,0,0,801558.1274,5817506.874,13.43585,52.42444
3,3040818.0,Pankow Süd,3400830.0,2019,9,16,2,3,5,2,0,1,0,0,0,0,0,799649.0299,5831843.833,13.42075,52.554
12,12301205.0,Waidmannslust,12500928.0,2019,9,14,7,2,0,1,0,0,0,0,0,0,0,792312.0308,5837794.064,13.3181,52.61132
7,7010104.0,Dennewitzplatz,7100205.0,2019,9,14,7,2,5,2,0,1,0,0,0,0,0,795998.7577,5824957.224,13.36094,52.49426
9,9020802.0,Köllnische Vorstadt,9200819.0,2019,9,13,7,3,5,3,0,1,0,0,0,0,0,810487.611,5820100.325,13.56917,52.44269
1,1044101.0,Rehberge,1400938.0,2019,9,20,1,3,5,3,2,1,0,0,0,0,0,794033.4905,5830175.902,13.33669,52.5421
2,2020203.0,Viktoriapark,2200207.0,2019,9,20,1,3,5,2,2,1,0,0,0,0,0,797753.44,5824294.292,13.38612,52.48736
3,3061228.0,Erich-Weinert-Straße,3601245.0,2019,9,21,1,2,5,2,2,1,0,0,0,0,0,800169.7637,5830964.025,13.42762,52.54582
1,1011402.0,Arkonaplatz,1100416.0,2019,9,13,7,3,0,7,0,0,0,0,0,0,0,798627.8435,5829362.22,13.40351,52.53231
7,7010102.0,Nollendorfplatz,7100103.0,2019,9,19,1,3,5,3,2,1,0,0,0,0,0,795914.3453,5825161.279,13.35988,52.49613
2,2020203.0,Viktoriapark,2200207.0,2019,9,20,7,3,1,5,2,1,0,0,0,0,0,797514.0364,5824836.529,13.38309,52.49235
4,4030930.0,George-Grosz-Platz,4501041.0,2019,9,14,1,2,3,6,0,0,0,0,0,1,0,793499.9205,5825729.522,13.32492,52.50253
3,3061332.0,Helmholtzplatz,3601346.0,2019,9,13,1,2,5,7,0,1,0,0,0,0,0,799871.1501,5830870.556,13.42314,52.54515
9,9010401.0,Johannisthal West,9100407.0,2019,9,9,7,3,3,6,0,0,0,0,0,0,0,805580.5324,5821600.976,13.49857,52.4589
6,6040804.0,Krumme Lanke,6400838.0,2019,9,9,7,3,6,4,0,0,1,0,0,0,0,787652.6747,5818154.254,13.23249,52.43773
6,6030610.0,Lichterfelde West,6300634.0,2019,9,19,1,2,2,2,1,1,0,0,0,0,0,791980.3456,5818992.746,13.2967,52.44295
3,3030716.0,Märchenland,3300517.0,2019,9,8,7,3,6,4,0,0,1,0,0,0,0,802507.434,5833837.412,13.4646,52.57028
11,11030619.0,Fennpfuhl Ost,11300620.0,2019,9,11,7,3,5,2,0,1,0,0,0,0,0,803548.4357,5829724.318,13.47616,52.53284
1,1011202.0,Unter den Linden Nord,1100206.0,2019,9,16,7,3,1,6,0,1,0,0,0,0,0,797673.8233,5827980.122,13.38825,52.52045
7,7040404.0,Marienhöhe,7400826.0,2019,9,15,7,3,3,6,0,1,0,0,0,0,0,796575.7306,5820074.555,13.36507,52.45018
3,3030405.0,Karow Nord,3300411.0,2019,9,17,7,3,5,3,0,1,0,0,0,0,0,804155.5217,5838842.838,13.49344,52.61423
7,7030303.0,Grazer Platz,7300619.0,2019,9,0,7,3,1,3,2,1,0,0,0,0,0,794864.192,5821591.994,13.3413,52.46471
7,7070706.0,Horstwalder Straße/Paplitzer Straße,7601547.0,2019,9,13,6,3,1,5,0,1,0,0,0,0,0,800027.19,5813186.206,13.40954,52.38655
10,10020414.0,Helle Mitte,10200421.0,2019,9,13,7,3,1,5,0,1,0,0,0,0,0,812055.2316,5830892.74,13.60226,52.53851
4,4051448.0,Schaperstraße,4501045.0,2019,9,10,6,3,0,7,0,0,0,0,0,0,0,793996.6695,5825513.957,13.33203,52.50033
12,12214424.0,Scharnweberstraße,12200309.0,2019,9,15,7,3,1,5,0,1,0,0,0,1,0,792308.3314,5832913.652,13.31374,52.56758