district,LOR,street,LOR_2021,year,month,hour,weekday,category,accident_kind,accident_type,light_condition,car,pedestrian,motorcycle,goods_vehicle,others,road_condition,LINREFX,LINREFY,XGCSWGS84,YGCSWGS84
1,1011304.0,Karl-Marx-Allee,1100311.0,2019,9,13,6,3,3,6,0,0,0,0,0,0,0,799739.9663,5827544.148,13.41821,52.51541
5,5030730.0,Zitadellenweg,5300736.0,2019,9,13,6,3,5,2,0,0,0,0,0,1,1,785746.668,5829267.844,13.21405,52.53837
8,8010301.0,Reuterkiez,8100312.0,2019,9,14,7,3,3,6,0,1,0,0,0,0,0,801367.4561,5823942.513,13.43887,52.48223
7,7030301.0,Friedenau,7300516.0,2019,9,12,6,3,0,7,0,1,0,0,0,0,0,793940.0134,5822531.83,13.32857,52.47363
7,7020203.0,Kaiser-Wilhelm-Platz,7200409.0,2019,9,12,6,3,0,7,0,1,0,0,0,0,0,795651.0521,5824126.32,13.3551,52.487
9,9010101.0,Elsenstraße,9100101.0,2019,9,10,6,3,5,2,0,1,0,0,0,0,0,802330.1912,5825303.626,13.45423,52.49389
12,12214424.0,Scharnweberstraße,12200309.0,2019,9,21,6,3,4,6,2,1,0,0,0,0,0,793026.7109,5832767.263,13.32418,52.56588
10,10020412.0,Alte Hellersdorfer Straße,10200417.0,2019,9,13,7,3,5,3,0,1,0,0,0,0,0,811347.3244,5831933.489,13.59283,52.54824
9,9051901.0,Dammvorstadt,9501941.0,2019,9,18,6,3,5,2,0,1,0,0,0,0,0,809933.9053,5821623.534,13.56246,52.45665
5,5020417.0,Staakener Straße,5200420.0,2019,9,10,7,3,5,2,0,1,0,0,0,0,0,783585.3891,5828663.303,13.18176,52.53408
2,2010104.0,Wassertorplatz,2100106.0,2019,9,10,7,3,5,7,0,1,0,0,0,0,0,799333.5702,5825627.564,13.41052,52.49845
3,3040818.0,Pankow Süd,3400830.0,2019,9,17,6,3,5,3,0,1,0,0,0,0,0,799657.302,5832810.173,13.42175,52.56265
4,4030623.0,Ernst-Reuter-Platz,4300622.0,2019,9,16,6,3,5,3,0,1,0,0,0,0,0,792922.73,5826761.875,13.31735,52.5121
1,1011102.0,Großer Tiergarten,1100102.0,2019,9,12,7,3,1,5,0,1,0,0,0,0,0,796536.571,5827613.376,13.37121,52.51778
1,1033201.0,Brunnenstraße,1300834.0,2019,9,16,6,3,4,6,0,0,0,0,0,1,0,797700.2577,5830671.323,13.39104,52.54455
4,4030623.0,Ernst-Reuter-Platz,4300622.0,2019,9,18,6,3,1,5,0,1,0,0,0,0,0,793797.4518,5826075.197,13.3296,52.50547
5,5020626.0,Adamstraße,5200631.0,2019,9,16,2,3,1,5,0,1,0,0,0,0,1,784595.639,5827950.281,13.196,52.52716
1,1033102.0,Gesundbrunnen,1300733.0,2019,9,6,2,3,5,2,0,1,0,0,0,0,0,797156.6552,5831919.568,13.38417,52.55604
4,4030622.0,Richard-Wagner-Straße,4300621.0,2019,9,8,2,3,5,2,0,1,0,0,0,0,1,792748.5023,5826737.825,13.31477,52.51198
2,2030302.0,Lausitzer Platz,2300315.0,2019,9,8,2,3,0,5,0,1,0,0,0,0,1,801548.1655,5826038.169,13.44342,52.50091
4,4010101.0,Jungfernheide,4100101.0,2019,9,7,2,3,5,2,0,1,0,0,0,0,1,790421.1521,5829043.117,13.28259,52.53389
6,6020305.0,Gemeindepark Lankwitz,6200315.0,2019,9,5,2,3,5,2,2,1,0,0,0,0,1,796064.614,5817534.143,13.35533,52.42768
1,1033102.0,Gesundbrunnen,1300733.0,2019,9,18,2,3,5,2,0,1,0,0,0,0,0,797161.1645,5831877.887,13.3842,52.55566
7,7030301.0,Friedenau,7300516.0,2019,9,13,1,3,3,6,0,1,0,0,0,0,1,794795.1817,5822894.912,13.34144,52.47642
2,2030301.0,Oranienplatz,2300314.0,2019,9,12,1,2,4,7,0,0,0,0,0,1,1,800277.3969,5826074.643,13.42478,52.50194
2,2020204.0,Urbanstraße,2200210.0,2019,9,8,1,3,5,3,0,1,0,0,0,0,1,798292.6721,5824821.381,13.39451,52.49179
8,8010301.0,Reuterkiez,8100312.0,2019,9,17,1,3,5,2,0,0,0,0,0,1,1,801412.7018,5824134.458,13.4397,52.48392
1,1011102.0,Großer Tiergarten,1100102.0,2019,9,13,7,2,2,6,0,0,0,0,0,1,0,795155.563,5827075.522,13.35044,52.51371
1,1011306.0,Heine-Viertel Ost,1100313.0,2019,10,17,3,3,1,5,0,1,0,0,0,0,1,800125.4294,5826577.673,13.42301,52.50653
1,1011301.0,Charitéviertel,1100308.0,2019,9,23,7,3,5,2,2,1,0,0,0,0,0,797013.799,5828942.3,13.37941,52.52943
5,5010311.0,Eiswerder,5100313.0,2019,9,18,7,3,0,1,0,1,0,0,0,0,1,785941.153,5830341.528,13.21784,52.5479
8,8010301.0,Reuterkiez,8100312.0,2019,9,18,7,3,0,5,0,1,0,0,0,0,1,800501.8014,5824472.817,13.42663,52.48746
1,1033102.0,Gesundbrunnen,1300733.0,2019,10,14,3,3,5,2,0,1,0,0,0,0,1,797330.942,5831873.573,13.38669,52.55553
2,2030301.0,Oranienplatz,2300314.0,2019,10,14,3,3,5,3,0,1,0,0,0,0,1,800107.2649,5825740.862,13.42198,52.49904
6,6020411.0,Schütte-Lanz-Straße,6200423.0,2019,9,14,7,3,5,2,0,1,0,0,0,0,1,795220.1495,5816173.353,13.34174,52.41594
2,2020204.0,Urbanstraße,2200210.0,2019,9,12,7,3,3,6,0,0,0,0,0,1,1,798404.9154,5824782.567,13.39612,52.49138
6,6030503.0,Zehlendorf Mitte,6300527.0,2019,9,11,7,3,0,1,0,0,0,0,0,0,1,789387.8071,5817890.596,13.25771,52.43445
1,1011304.0,Karl-Marx-Allee,1100311.0,2019,10,16,2,3,4,2,0,0,0,0,0,0,0,799672.061,5827595.643,13.41726,52.5159
5,5010207.0,Darbystraße,5100209.0,2019,9,10,7,2,5,2,0,1,0,0,0,0,1,783702.499,5830168.375,13.18476,52.54751
8,8041036.0,Zittauer Straße,8401242.0,2019,10,16,2,3,5,3,0,1,0,0,0,0,0,805254.5841,5817233.126,13.4898,52.41993
9,9051701.0,Hirschgarten,9501736.0,2019,10,18,2,3,1,5,2,1,0,0,0,0,0,813049.5549,5821635.995,13.60818,52.45499
1,1011302.0,Oranienburger Straße,1100309.0,2019,10,15,2,2,4,6,0,0,0,0,0,1,0,798145.1458,5828887.621,13.39598,52.52832
9,9010402.0,Johannisthal Ost,9100409.0,2019,10,15,2,3,5,3,0,0,0,1,0,0,0,807116.76,5819898.907,13.51954,52.44278
12,12231101.0,Hermsdorf,12400723.0,2019,9,16,6,3,5,2,0,1,0,0,0,0,1,792221.676,5838181.846,13.31711,52.61485
4,4051653.0,Prager Platz,4501152.0,2019,9,21,6,3,5,2,2,1,0,0,0,0,1,793948.4352,5824710.565,13.33061,52.49316
7,7030303.0,Grazer Platz,7300619.0,2019,10,13,2,3,5,2,0,0,0,0,0,1,0,796191.7462,5822784.814,13.36185,52.47468
1,1033102.0,Gesundbrunnen,1300733.0,2019,10,13,2,3,5,3,0,0,0,0,0,1,0,797713.1022,5831818.383,13.39226,52.55483
2,2010101.0,Askanischer Platz,2100101.0,2019,10,10,2,3,1,7,0,1,0,0,0,0,0,797695.9955,5825807.211,13.38663,52.50096
9,9041501.0,Altstadt Kietz,9401534.0,2019,9,13,6,3,5,2,0,0,0,0,0,1,1,811341.8913,5819932.436,13.58154,52.4407
1,1022103.0,Westhafen,1200517.0,2019,10,10,2,3,5,2,0,0,0,0,1,0,0,794578.1584,5829789.565,13.34436,52.53835
6,6040807.0,Zehlendorf Eiche,6400841.0,2019,10,12,2,3,5,3,0,1,0,0,0,0,0,789858.3026,5818760.161,13.26537,52.442
1,1011204.0,Leipziger Straße,1100207.0,2019,10,9,2,3,0,7,0,0,0,0,0,0,0,798157.733,5826644.946,13.39416,52.50821
8,8010301.0,Reuterkiez,8100312.0,2019,10,9,2,3,3,6,0,0,0,0,0,1,0,800817.6791,5825029.745,13.43178,52.49228
4,4010102.0,Plötzensee,4100101.0,2019,9,12,6,3,5,3,0,1,0,0,0,0,1,793356.0868,5829669.931,13.32628,52.53793
3,3061228.0,Erich-Weinert-Straße,3601245.0,2019,10,9,2,3,5,3,0,1,0,0,0,0,0,801154.7558,5831132.778,13.44225,52.54679
7,7040401.0,Neu-Tempelhof,7400721.0,2019,10,8,2,3,1,5,0,1,0,0,0,0,0,797411.8021,5823671.301,13.38055,52.48196
2,2020202.0,Rathaus Yorckstraße,2200208.0,2019,10,7,2,3,5,3,0,1,0,0,0,0,0,797273.2895,5825511.353,13.38015,52.49853
9,9052001.0,Köpenick Nord,9502042.0,2019,10,12,2,3,5,3,0,1,0,0,0,0,0,810988.2838,5821976.045,13.57825,52.45921
1,1044103.0,Westliche Müllerstraße,1400942.0,2019,9,14,6,3,5,3,0,1,0,0,0,0,1,794956.5584,5830810.876,13.35083,52.5473
9,9051901.0,Dammvorstadt,9501941.0,2019,9,14,6,3,5,2,0,1,0,0,0,0,1,811587.3328,5821155.046,13.58628,52.45151
12,12103117.0,Letteplatz,12100101.0,2019,10,7,2,3,5,2,0,1,0,0,0,0,0,795774.41,5832708.541,13.36454,52.56387
4,4051448.0,Schaperstraße,4501045.0,2019,9,13,6,3,5,2,0,1,0,0,0,0,1,793459.8653,5824721.958,13.32345,52.49352
9,9020501.0,Oberschöneweide West,9200510.0,2019,10,10,2,2,5,3,0,1,0,0,0,0,0,806211.3864,5822174.162,13.50835,52.46368
2,2050803.0,Stralauer Kiez,2500835.0,2019,10,5,1,3,1,5,2,1,0,0,0,1,1,803110.0241,5826296.668,13.46659,52.50236
7,7070703.0,John-Locke-Straße,7601544.0,2019,9,13,6,3,1,6,0,1,0,0,0,0,1,798900.5026,5814354.293,13.39407,52.39764
10,10010206.0,Ringkolonnaden,10100208.0,2019,10,14,1,3,5,3,0,1,0,0,0,0,0,809981.5728,5832050.792,13.57286,52.55007
8,8010301.0,Reuterkiez,8100312.0,2019,9,12,6,3,1,5,0,1,0,0,0,0,1,801096.92,5824135.331,13.43507,52.4841
1,1011204.0,Leipziger Straße,1100207.0,2019,9,12,6,3,5,2,0,1,0,0,0,0,1,798860.024,5826767.224,13.40459,52.50892
1,1044102.0,Schillerpark,1400940.0,2019,9,11,6,3,5,2,0,1,0,0,0,0,1,794700.6914,5831783.392,13.34793,52.55615
7,7010102.0,Nollendorfplatz,7100103.0,2019,9,18,6,3,5,3,1,1,0,0,0,0,1,795182.5715,5825494.419,13.34943,52.49952
12,12231102.0,Frohnau,12400721.0,2019,10,14,1,3,2,2,0,1,0,0,0,0,0,789922.9949,5840474.14,13.28526,52.63663
8,8010405.0,Hertzbergplatz,8100418.0,2019,10,14,1,3,5,3,0,1,0,0,0,0,0,801650.6878,5823968.661,13.44305,52.48231
1,1022102.0,Beusselkiez,1200518.0,2019,9,17,6,3,1,5,0,1,0,0,0,0,1,793548.2113,5828510.926,13.32808,52.52744
2,2040703.0,Wriezener Bahnhof/Entwicklungsgebiet,2400625.0,2019,10,13,1,3,2,2,0,1,0,0,0,0,0,801351.2615,5826457.932,13.4409,52.50478
6,6040804.0,Krumme Lanke,6400838.0,2019,10,13,1,3,5,3,0,1,0,0,0,0,0,787244.3364,5818354.348,13.22667,52.43974
5,5010206.0,Gütersloher Weg,5100208.0,2019,10,12,1,3,5,2,0,1,0,0,0,0,0,782158.6651,5829951.975,13.16187,52.54638
2,2040701.0,Andreasviertel,2400623.0,2019,10,9,1,3,5,3,0,1,0,0,0,0,0,800619.97,5827307.604,13.43093,52.5128
3,3050923.0,Weißenseer Spitze,3500934.0,2019,9,11,6,3,0,1,0,1,1,0,0,0,1,800831.403,5832047.48,13.43833,52.55517
10,10040932.0,Alt-Mahlsdorf,10400939.0,2019,9,9,6,3,5,2,0,1,0,0,0,0,1,812977.451,5827501.006,13.61262,52.50759
2,2010103.0,Moritzplatz,2100104.0,2019,10,16,7,3,5,3,0,1,0,0,0,0,0,799343.5968,5826192.208,13.41117,52.50351
1,1011202.0,Unter den Linden Nord,1100206.0,2019,10,14,7,3,0,1,0,0,0,0,0,0,0,797207.6581,5827497.332,13.38096,52.51637
9,9020702.0,Adlershof Ost,9200717.0,2019,9,10,6,3,5,3,0,1,0,0,0,0,1,809228.6699,5819314.425,13.54998,52.43636
7,7010101.0,Wittenbergplatz/Viktoria-Luise-Platz,7100101.0,2019,10,20,7,3,6,7,2,0,1,0,0,0,1,794600.477,5825793.879,13.34115,52.50252
1,1011103.0,Lützowstraße,1100103.0,2019,9,10,6,3,5,2,0,1,0,0,0,0,1,795271.403,5826033.423,13.35121,52.5043
12,12103115.0,Breitkopfbecken,12100103.0,2019,9,9,6,3,5,3,0,1,0,0,0,0,1,795346.3893,5833841.178,13.35926,52.57425
3,3061332.0,Helmholtzplatz,3601346.0,2019,9,9,6,3,0,5,0,0,0,0,1,0,1,799602.8038,5831130.138,13.41943,52.54762
5,5010102.0,Goltzstraße,5100102.0,2019,9,8,6,3,5,2,0,1,0,0,0,0,1,785209.2192,5831876.388,13.20839,52.56204
4,4030827.0,Karl-August-Platz,4300623.0,2019,10,19,7,3,1,5,2,1,0,0,0,0,1,792731.0996,5826215.094,13.31405,52.5073
8,8010404.0,Rixdorf,8100417.0,2019,9,8,6,3,5,2,0,1,0,0,0,0,1,802576.2757,5823077.955,13.45583,52.47381
1,1011201.0,Wilhelmstraße,1100205.0,2019,9,9,6,3,2,6,0,0,0,0,0,0,1,797206.5308,5827476.955,13.38093,52.51619
2,2020206.0,Graefekiez,2200213.0,2019,9,8,6,3,6,4,0,0,1,0,0,0,1,799474.925,5824850.323,13.4119,52.49141
7,7050501.0,Rathausstraße,7501030.0,2019,9,7,6,3,0,4,0,0,1,0,0,0,1,797951.3267,5819922.54,13.38512,52.44807
2,2030301.0,Oranienplatz,2300314.0,2019,9,21,5,3,5,2,2,0,0,0,0,1,0,799881.1807,5825901.596,13.41881,52.50061
2,2030302.0,Lausitzer Platz,2300315.0,2019,10,16,6,3,5,3,0,1,0,0,0,0,1,800418.6268,5826038.529,13.42683,52.50154
3,3020307.0,Buchholz,3200308.0,2019,10,15,6,3,0,5,0,1,0,0,0,0,0,800077.783,5837494.666,13.43217,52.60441
5,5040936.0,Jägerallee,5400943.0,2019,9,12,5,2,5,2,0,1,0,0,0,0,0,780517.9141,5820688.658,13.12993,52.46416
7,7040403.0,Manteuffelstraße,7400824.0,2019,10,5,6,2,5,2,2,1,0,0,0,0,0,797327.6851,5822178.708,13.37798,52.46863
8,8010303.0,Donaustraße,8100314.0,2019,10,0,6,3,5,2,2,1,0,0,0,0,0,801293.9918,5823827.941,13.43768,52.48124
3,3061131.0,Falkplatz,3601142.0,2019,9,8,5,3,1,5,0,1,0,0,0,0,0,798697.2612,5830879.392,13.40589,52.54587
7,7020203.0,Kaiser-Wilhelm-Platz,7200409.0,2019,9,8,5,3,1,5,0,0,0,0,0,1,0,795476.0459,5824436.633,13.3528,52.48988
6,6030503.0,Zehlendorf Mitte,6300527.0,2019,9,8,5,3,5,3,0,1,0,0,0,0,0,789259.5317,5818044.816,13.25596,52.4359
5,5010310.0,Eckschanze,5100312.0,2019,9,7,5,3,4,6,0,0,0,0,0,0,0,784765.6902,5830421.594,13.20062,52.54923
2,2010102.0,Mehringplatz,2100102.0,2019,9,7,5,2,5,3,0,1,0,0,0,0,0,798334.1358,5825630.643,13.39584,52.49902
3,3071639.0,Bötzowstraße,3701660.0,2019,9,16,5,3,6,7,0,0,1,0,0,0,0,800654.048,5829616.748,13.43352,52.53348
3,3061429.0,Greifswalder Straße,3601449.0,2019,9,18,5,3,5,3,1,1,0,0,0,0,0,801413.5641,5830922.624,13.44586,52.54477
9,9031101.0,Grünau,9301126.0,2019,9,18,5,3,5,3,2,1,0,0,0,0,0,811468.9656,5817294.982,13.58094,52.41699
1,1022102.0,Beusselkiez,1200518.0,2019,10,16,5,3,1,5,0,1,0,0,0,0,1,793526.4367,5828513.856,13.32777,52.52748
1,1011204.0,Leipziger Straße,1100207.0,2019,9,16,5,3,5,2,0,1,0,0,0,0,0,797855.0992,5826859.091,13.38991,52.5103
8,8020622.0,Parchimer Allee,8200727.0,2019,9,18,5,3,5,2,0,0,0,0,0,1,0,801264.6138,5819821.28,13.43364,52.44534
3,3061332.0,Helmholtzplatz,3601346.0,2019,9,15,5,3,3,6,0,1,0,0,0,0,0,800068.9657,5830664.635,13.42586,52.5432
6,6010102.0,Schloßstraße,6100102.0,2019,10,7,4,3,3,6,0,0,0,0,0,1,0,793067.913,5821401.572,13.31477,52.46397
8,8010404.0,Rixdorf,8100417.0,2019,10,16,4,3,1,5,0,1,0,0,0,0,1,801769.0084,5822674.234,13.44361,52.47064
6,6030608.0,Schweizer Viertel,6300632.0,2019,10,16,4,3,0,2,0,0,0,0,0,1,0,792591.08,5817200.311,13.30409,52.42656
12,12301204.0,Wittenau Nord,12500927.0,2019,9,18,5,3,5,2,0,1,0,0,0,0,0,792907.5047,5835906.835,13.3252,52.59409
8,8010301.0,Reuterkiez,8100312.0,2019,10,16,4,3,5,3,0,0,0,1,0,0,0,800950.6568,5824716.081,13.43345,52.48939
1,1044103.0,Westliche Müllerstraße,1400942.0,2019,9,13,5,3,2,2,0,1,0,0,0,0,0,794635.2898,5830512.245,13.34584,52.54479
1,1044202.0,Sparrplatz,1401046.0,2019,10,22,4,3,1,5,2,1,0,0,0,0,0,795685.617,5830562.211,13.36133,52.54467
2,2010103.0,Moritzplatz,2100104.0,2019,9,7,5,3,0,1,0,0,0,0,0,0,1,799234.8326,5826244.169,13.40962,52.50403
3,3040818.0,Pankow Süd,3400830.0,2019,10,20,4,3,5,3,2,1,0,0,0,0,0,800076.2618,5832605.133,13.42772,52.56058
2,2030301.0,Oranienplatz,2300314.0,2019,9,1,5,2,0,1,2,0,0,0,0,0,1,800091.2226,5825739.615,13.42175,52.49904
1,1011301.0,Charitéviertel,1100308.0,2019,10,18,4,3,2,6,2,1,0,0,0,0,0,796911.3276,5828127.803,13.37717,52.52219
2,2050802.0,Boxhagener Platz,2500834.0,2019,9,10,4,3,0,3,0,0,0,0,0,0,0,802029.2646,5827169.856,13.45151,52.51079
1,1011204.0,Leipziger Straße,1100207.0,2019,9,12,4,3,0,1,0,0,0,0,0,0,1,798898.209,5827349.037,13.40567,52.51412
1,1033203.0,Humboldthain Nordwest,1300836.0,2019,10,8,4,3,5,2,0,1,0,0,0,0,1,796916.9458,5830733.379,13.37958,52.54554
2,2010102.0,Mehringplatz,2100102.0,2019,9,9,4,3,5,3,0,1,0,0,0,0,1,798183.347,5826499.56,13.39441,52.5069
1,1011203.0,Unter den Linden Süd,1100206.0,2019,10,8,4,3,5,2,0,1,0,0,0,0,1,797622.8021,5827024.094,13.38664,52.5119
4,4051446.0,Preußenpark,4501043.0,2019,9,23,4,3,5,7,2,1,0,0,0,0,0,792860.8025,5825287.913,13.31514,52.49892
1,1011302.0,Oranienburger Straße,1100309.0,2019,9,21,4,3,0,6,2,0,1,0,0,0,1,797862.7502,5828741.636,13.3917,52.52717
2,2020204.0,Urbanstraße,2200210.0,2019,10,8,4,3,0,2,0,1,0,0,0,0,1,798747.8356,5824982.852,13.40134,52.49299
11,11030720.0,Herzbergstraße,11300721.0,2019,10,10,4,2,0,1,0,0,0,0,0,0,1,804354.9313,5829081.816,13.48742,52.52663
1,1044202.0,Sparrplatz,1401046.0,2019,9,20,4,3,0,7,2,1,0,0,0,0,0,795456.7177,5830145.365,13.35759,52.54106
9,9041501.0,Altstadt Kietz,9401534.0,2019,10,20,3,3,1,1,2,1,0,0,0,0,1,811122.9864,5820269.323,13.57864,52.44384
2,2020206.0,Graefekiez,2200213.0,2019,9,19,4,3,5,2,2,1,0,0,0,0,1,800190.7067,5824401.536,13.422,52.48699
10,10040828.0,Kaulsdorf Nord,10400835.0,2019,9,19,4,3,5,3,2,1,0,0,0,0,1,812417.4698,5829366.807,13.60615,52.52463
11,11051229.0,Rummelsburg,11501238.0,2019,10,20,3,3,5,2,2,1,0,0,0,0,1,804093.8475,5825996.071,13.48076,52.49912
7,7030301.0,Friedenau,7300516.0,2019,9,19,4,3,5,2,2,1,0,0,0,0,1,793496.174,5822495.199,13.32202,52.47354
3,3061131.0,Falkplatz,3601142.0,2019,10,15,3,3,5,2,0,1,0,0,0,0,0,799138.9572,5830367.632,13.41192,52.54104
11,11020411.0,Malchower Weg,11200410.0,2019,10,21,3,3,6,7,2,0,1,0,0,0,1,806657.8028,5832305.105,13.52423,52.55423
2,2050802.0,Boxhagener Platz,2500834.0,2019,9,17,4,3,5,3,0,1,0,0,0,0,1,802847.0699,5826941.093,13.46331,52.50828
2,2010102.0,Mehringplatz,2100102.0,2019,9,17,4,3,5,3,0,1,0,0,0,0,1,798359.0802,5825560.264,13.39615,52.49838
1,1011402.0,Arkonaplatz,1100416.0,2019,9,17,4,3,5,3,0,1,0,0,0,0,1,798682.18,5829453.767,13.40439,52.5331
6,6010206.0,Stadtpark,6100206.0,2019,10,17,3,3,5,3,1,1,0,0,0,0,1,794709.1216,5819452.267,13.33714,52.44561
7,7030301.0,Friedenau,7300516.0,2019,9,17,4,3,5,3,0,1,0,0,0,0,1,793952.6241,5822454.078,13.32868,52.47293
6,6040702.0,Düppel,6400736.0,2019,9,16,4,3,5,3,0,1,0,0,0,0,1,787499.7932,5816884.497,13.22915,52.42643
6,6040703.0,Nikolassee,6400737.0,2019,10,15,3,3,0,3,0,1,0,0,0,0,1,786664.5538,5817724.994,13.21762,52.4344
4,4030623.0,Ernst-Reuter-Platz,4300622.0,2019,10,15,3,3,2,6,0,1,0,0,0,0,0,793741.6685,5826505.93,13.32916,52.50936
1,1022207.0,Hansaviertel,1200629.0,2019,9,8,4,3,5,2,0,1,0,0,0,0,0,794396.663,5827608.577,13.33976,52.51889
2,2050601.0,Hausburgviertel,2500726.0,2019,10,14,3,3,3,6,0,1,0,0,0,0,1,801899.0922,5828928.055,13.45119,52.52662
1,1011204.0,Leipziger Straße,1100207.0,2019,9,8,4,3,2,6,0,1,0,0,0,0,1,797956.758,5827067.006,13.39159,52.51211
5,5010312.0,Kurstraße,5100314.0,2019,10,14,3,3,5,3,0,1,0,0,0,0,1,785075.1616,5829890.506,13.20471,52.54431
11,11020513.0,Orankesee,11200512.0,2019,9,16,4,3,5,3,0,1,0,0,0,0,1,804119.3978,5831903.769,13.48654,52.55206
4,4030621.0,Spreestadt,4300620.0,2019,10,14,3,3,5,2,0,1,0,0,0,0,1,793881.2456,5826957.554,13.33161,52.51334
4,4030930.0,George-Grosz-Platz,4501041.0,2019,10,14,3,3,6,4,0,0,1,0,0,0,1,792954.1806,5825471.501,13.31668,52.50051
1,1033101.0,Soldiner Straße,1300732.0,2019,10,12,3,3,5,3,0,0,0,0,0,1,1,796155.7813,5832271.126,13.36976,52.55974
2,2040502.0,Friedenstraße,2400521.0,2019,9,12,4,3,5,3,0,1,0,0,0,0,1,800769.0971,5828490.69,13.43419,52.52332
4,4041134.0,Bismarckallee,4400726.0,2019,9,11,4,3,0,5,0,1,0,0,0,0,0,790858.3168,5824442.692,13.28499,52.49241
3,3020203.0,Blankenfelde,3200204.0,2019,10,10,3,3,0,2,0,1,0,0,0,0,1,797150.1966,5838895.354,13.39033,52.61857
9,9051702.0,Bölschestraße,9501737.0,2019,10,7,3,3,5,3,0,1,0,0,0,0,1,813761.843,5821714.099,13.6187,52.45528
4,4030415.0,Schloßgarten,4300412.0,2019,9,10,4,3,6,4,0,0,1,0,0,0,1,790971.1836,5827411.072,13.28924,52.51896
4,4051447.0,Ludwigkirchplatz,4501044.0,2019,10,9,3,3,5,3,0,1,0,0,0,0,1,793354.4942,5824665.024,13.32185,52.49307
3,3050923.0,Weißenseer Spitze,3500934.0,2019,10,9,3,3,5,3,0,0,0,0,0,0,1,800328.2903,5831640.141,13.43056,52.5518
9,9020602.0,Oberspree,9100409.0,2019,9,14,4,3,5,3,0,1,0,0,0,0,1,807578.9646,5820222.779,13.52662,52.44543
6,6020408.0,Lichterfelde Süd,6200420.0,2019,9,19,2,3,5,3,2,1,0,0,0,0,1,792650.2787,5815228.62,13.30324,52.40885
10,10040931.0,Mahlsdorf Nord,10400938.0,2019,9,17,2,3,5,2,0,1,0,0,0,0,0,813776.1244,5830051.234,13.62676,52.52998
4,4030929.0,Hindemithplatz,4501040.0,2019,10,18,4,3,0,4,1,0,1,0,0,0,1,792718.6679,5825876.242,13.31357,52.50427
1,1011101.0,Stülerstraße,1100101.0,2019,10,18,4,3,0,3,1,1,0,0,0,0,1,795112.6454,5826491.871,13.34929,52.5085
7,7020204.0,Schöneberger Insel,7200413.0,2019,10,11,4,3,5,3,0,1,0,0,0,0,1,796273.1528,5823229.024,13.36344,52.47862
9,9020802.0,Köllnische Vorstadt,9200819.0,2019,10,9,4,3,5,3,0,1,0,0,0,0,1,810258.0031,5820350.587,13.56603,52.44506
3,3061227.0,Humannplatz,3601244.0,2019,10,9,4,3,1,5,0,0,0,0,1,0,1,799958.3374,5831098.264,13.42463,52.54714
3,3061332.0,Helmholtzplatz,3601346.0,2019,10,9,4,3,5,2,0,1,0,0,0,0,1,799841.1317,5830806.315,13.42264,52.54459
4,4051656.0,Hildegardstraße,4501151.0,2019,10,7,4,3,5,5,0,1,0,0,0,0,1,793436.0985,5823414.389,13.32195,52.48181
8,8020622.0,Parchimer Allee,8200727.0,2019,10,6,4,3,5,2,2,1,0,0,0,0,0,801414.1694,5820246.761,13.43621,52.44908
9,9041501.0,Altstadt Kietz,9401534.0,2019,10,15,3,3,3,6,0,0,0,0,0,0,0,810875.361,5820304.965,13.57504,52.4443
3,3061228.0,Erich-Weinert-Straße,3601245.0,2019,10,15,3,2,5,3,0,1,0,0,0,0,0,801256.3256,5831050.732,13.44367,52.546
2,2030302.0,Lausitzer Platz,2300315.0,2019,10,22,3,3,1,5,2,1,0,0,0,1,0,800667.1698,5826572.416,13.43096,52.50619
2,2050802.0,Boxhagener Platz,2500834.0,2019,10,21,3,3,1,5,2,1,0,0,0,0,0,802259.5542,5827115.811,13.45484,52.51018
4,4031032.0,Halensee,4500938.0,2019,10,20,3,3,5,7,2,1,0,0,0,0,0,791451.4074,5825070.281,13.29425,52.49772
7,7010102.0,Nollendorfplatz,7100103.0,2019,10,14,3,3,1,5,0,0,0,1,0,0,0,795508.3041,5824981.757,13.35376,52.49475
6,6030605.0,Botanischer Garten,6300629.0,2019,10,11,3,3,0,1,0,0,0,0,0,0,1,792211.6199,5819436.844,13.30048,52.44681
9,9020501.0,Oberschöneweide West,9200510.0,2019,10,11,3,3,5,2,0,0,0,0,1,0,0,806598.0389,5822779.1,13.51458,52.46889
1,1011302.0,Oranienburger Straße,1100309.0,2019,10,11,3,3,5,2,0,0,0,0,0,0,0,798332.9919,5828961.324,13.39881,52.52888
5,5020626.0,Adamstraße,5200631.0,2019,10,10,3,3,5,2,0,1,0,0,0,0,0,784591.0754,5827964.067,13.19594,52.52729
4,4041344.0,Rüdesheimer Platz,4400835.0,2019,10,9,3,3,1,5,0,1,0,0,0,0,1,793181.3353,5822105.481,13.31705,52.47022
1,1011201.0,Wilhelmstraße,1100205.0,2019,10,8,3,3,5,3,0,0,1,0,0,0,0,797465.2644,5826813.493,13.38414,52.5101
1,1011306.0,Heine-Viertel Ost,1100313.0,2019,10,9,3,3,4,6,0,1,0,0,0,0,0,800152.6886,5826865.621,13.42367,52.5091
3,3071536.0,Teutoburger Platz,3701554.0,2019,10,14,3,3,6,4,0,0,1,0,0,0,0,798825.1704,5829228.28,13.40629,52.531
1,1011204.0,Leipziger Straße,1100207.0,2019,10,8,3,3,2,2,0,1,0,0,0,0,0,797862.3539,5826764.054,13.38993,52.50944
5,5010312.0,Kurstraße,5100314.0,2019,10,6,3,3,5,3,1,1,0,0,0,0,0,785135.0443,5829611.911,13.20535,52.54178
5,5010209.0,An der Kappe,5100211.0,2019,10,17,3,3,5,2,0,1,0,0,0,0,0,783238.72,5830269.678,13.17803,52.54866
2,2040701.0,Andreasviertel,2400623.0,2019,10,17,3,3,5,3,0,0,0,0,1,0,0,800618.4866,5827307.795,13.43091,52.5128
1,1022201.0,Stephankiez,1200623.0,2019,10,20,2,3,2,6,2,1,0,0,0,0,0,795338.5265,5829445.6,13.35523,52.53485
2,2050802.0,Boxhagener Platz,2500834.0,2019,10,19,2,3,5,2,2,1,0,0,0,0,0,802107.3253,5827355.98,13.45282,52.51241
3,3061430.0,Volkspark Prenzlauer Berg,3601450.0,2019,10,18,2,3,2,2,1,1,0,0,0,0,0,802329.7699,5829224.175,13.45779,52.52903
1,1011201.0,Wilhelmstraße,1100205.0,2019,10,18,2,3,6,4,1,0,1,0,0,0,0,797045.2766,5826555.838,13.37774,52.50802
4,4041136.0,Hagenplatz,4400728.0,2019,10,18,2,3,5,2,1,1,0,0,0,0,0,790689.9757,5822707.533,13.28101,52.47694
1,1011105.0,Nördlicher Landwehrkanal,1100102.0,2019,10,17,2,3,5,2,0,1,0,0,0,0,0,796123.0942,5826718.675,13.36433,52.50998
10,10010309.0,Springpfuhl,10100312.0,2019,10,15,2,3,5,2,0,0,0,0,0,1,0,807934.6073,5829198.169,13.54013,52.52566
2,2020204.0,Urbanstraße,2200210.0,2019,10,9,2,3,2,2,0,1,0,0,0,0,0,798622.0509,5825120.332,13.39961,52.49429
8,8010302.0,Bouchéstraße,8100313.0,2019,10,15,2,3,0,6,0,0,0,0,0,1,0,801954.6417,5824578.349,13.44806,52.4876