district,LOR,street,LOR_2021,year,month,hour,weekday,category,accident_kind,accident_type,light_condition,car,pedestrian,motorcycle,goods_vehicle,others,road_condition,LINREFX,LINREFY,XGCSWGS84,YGCSWGS84
5,5020625.0,Borkumer Straße,5200629.0,2019,10,11,2,2,5,3,0,0,0,1,0,0,0,783923.89,5828516.799,13.18661,52.53259
9,9051702.0,Bölschestraße,9501737.0,2019,10,11,2,3,0,6,0,0,0,0,0,1,0,814203.663,5821471.993,13.62495,52.45286
9,9041401.0,Allende I,9401431.0,2019,10,11,2,2,0,7,0,0,0,0,0,0,0,811923.8645,5820624.038,13.59072,52.44656
6,6030609.0,Augustaplatz,6300633.0,2019,10,6,2,3,1,5,1,1,0,0,0,0,0,792761.0765,5819039.585,13.3082,52.44296
3,3061435.0,Conrad-Blenkle-Straße,3601452.0,2019,10,6,2,3,5,3,2,1,0,0,0,0,1,801742.0715,5829168.244,13.4491,52.52886
4,4030519.0,Kaiserin-Augusta-Allee,4300518.0,2019,10,13,2,3,5,3,0,1,0,0,0,0,0,792075.5737,5828588.712,13.30651,52.52893
3,3061131.0,Falkplatz,3601142.0,2019,10,12,2,2,5,3,0,1,0,0,0,0,0,799133.853,5830368.056,13.41185,52.54105
7,7040401.0,Neu-Tempelhof,7400721.0,2019,10,9,2,3,0,1,0,0,0,0,0,0,0,797230.5003,5823036.913,13.37732,52.47638
8,8010211.0,Flughafenstraße,8100206.0,2019,10,16,1,3,5,3,0,1,0,0,0,0,0,800613.685,5823773.777,13.42765,52.48113
3,3040614.0,Pankow Zentrum,3400724.0,2019,10,22,1,2,3,6,2,0,0,0,0,1,0,798724.7687,5833121.229,13.40831,52.56595
3,3040614.0,Pankow Zentrum,3400724.0,2019,10,17,1,3,4,6,0,0,0,0,0,0,0,800012.6048,5834827.181,13.4288,52.58054
1,1011105.0,Nördlicher Landwehrkanal,1100102.0,2019,10,13,1,3,5,3,0,0,0,1,0,0,0,796569.367,5826870.404,13.37103,52.5111
11,11010205.0,Falkenberg West,11100204.0,2019,10,9,1,3,5,7,0,1,0,0,0,0,0,806299.9369,5833899.636,13.52044,52.56872
3,3040614.0,Pankow Zentrum,3400724.0,2019,10,22,1,2,3,6,2,0,0,0,0,1,0,798727.584,5833123.736,13.40836,52.56597
4,4030620.0,Alt-Lietzow,4300619.0,2019,10,20,1,3,0,1,2,0,0,0,0,0,0,792637.25,5827412.208,13.31373,52.51808
2,2010104.0,Wassertorplatz,2100106.0,2019,10,18,1,3,0,2,2,1,0,0,0,0,1,799452.7651,5825659.489,13.4123,52.49867
6,6030610.0,Lichterfelde West,6300634.0,2019,10,23,7,2,0,1,2,0,0,0,0,0,0,792231.6245,5818664.829,13.3001,52.43988
1,1044101.0,Rehberge,1400938.0,2019,10,22,7,2,5,2,1,1,0,0,0,0,0,794519.4647,5831564.763,13.34507,52.55429
12,12301205.0,Waidmannslust,12500928.0,2019,10,16,7,2,5,3,0,1,0,0,0,0,0,792374.8311,5837801.268,13.31903,52.61136
7,7060604.0,Marienfelde Süd,7601339.0,2019,10,14,7,3,5,2,0,1,0,0,0,0,0,797595.9221,5815555.83,13.37602,52.40912
4,4030827.0,Karl-August-Platz,4300623.0,2019,10,12,7,3,5,3,0,0,0,1,0,0,0,792731.2633,5826591.302,13.31439,52.51067
9,9020701.0,Adlershof West,9200715.0,2019,10,12,7,3,5,3,0,1,0,0,0,0,0,807643.3487,5819360.774,13.52677,52.43767
11,11041128.0,Sewanstraße,11401135.0,2019,10,11,7,3,5,3,0,1,0,0,0,0,0,806845.3531,5826253.121,13.52141,52.49988
11,11030720.0,Herzbergstraße,11300721.0,2019,10,11,7,3,3,6,0,0,0,0,0,1,0,805194.9492,5829081.116,13.49976,52.52616
11,11030721.0,Rüdigerstraße,11300722.0,2019,10,10,7,3,3,6,0,1,0,0,0,0,0,804223.9317,5828690.198,13.48514,52.5232
1,1011202.0,Unter den Linden Nord,1100206.0,2019,10,10,6,2,6,4,0,0,1,0,0,0,1,797363.8398,5827731.613,13.38347,52.51839
1,1011306.0,Heine-Viertel Ost,1100313.0,2019,10,14,6,3,5,7,0,0,0,0,0,1,0,800348.9418,5826766.45,13.42646,52.5081
1,1022201.0,Stephankiez,1200623.0,2019,10,10,6,3,0,6,0,1,0,0,0,0,0,795434.827,5829536.095,13.35673,52.53561
3,3071537.0,Kollwitzplatz,3701555.0,2019,10,19,6,3,1,5,2,1,0,0,0,0,1,799316.1322,5830073.473,13.41426,52.53831
2,2030302.0,Lausitzer Platz,2300315.0,2019,10,17,6,3,5,2,1,1,0,0,0,0,1,801453.5564,5826033.276,13.44202,52.50092
4,4020310.0,Park Ruhwald,4200308.0,2019,10,19,6,3,5,2,2,1,0,0,0,0,1,790330.8425,5827537.8,13.27994,52.52044
2,2050802.0,Boxhagener Platz,2500834.0,2019,10,12,4,3,0,3,0,1,0,0,0,0,1,802065.394,5827160.95,13.45203,52.51069
2,2010104.0,Wassertorplatz,2100106.0,2019,10,17,6,3,5,3,1,1,0,0,0,0,1,799442.5149,5825663.703,13.41215,52.49871
1,1011204.0,Leipziger Straße,1100207.0,2019,10,19,5,3,5,3,2,0,0,0,0,0,0,798154.6201,5826611.238,13.39408,52.50791
3,3010102.0,Buch,3100102.0,2019,10,20,5,3,6,4,2,0,1,0,0,0,1,804207.86,5841108.333,13.4963,52.6345
10,10020415.0,Hellersdorfer Promenade,10200422.0,2019,10,19,5,2,3,6,2,1,0,0,0,0,1,812123.3615,5831381.379,13.60372,52.54285
11,11051330.0,Karlshorst West,11501339.0,2019,10,14,4,3,3,6,0,1,0,0,0,0,1,806471.0537,5824864.903,13.51463,52.48765
1,1011402.0,Arkonaplatz,1100416.0,2019,10,9,5,3,0,1,0,0,0,0,0,0,1,798639.8797,5829385.556,13.4037,52.53252
6,6030503.0,Zehlendorf Mitte,6300527.0,2019,10,9,5,3,3,6,0,1,0,0,0,0,0,789508.1295,5817489.554,13.25913,52.43079
3,3051022.0,Hansastraße,3501038.0,2019,10,13,4,3,5,2,0,1,0,0,0,0,1,803664.2351,5832011.892,13.47995,52.55328
7,7060603.0,Marienfelde Nordost,7601238.0,2019,10,16,5,3,5,2,0,1,0,0,0,0,0,798669.6373,5816135.923,13.39228,52.41373
2,2050602.0,Samariterviertel,2500728.0,2019,10,15,5,3,1,5,0,0,0,0,0,1,0,803109.7577,5828297.384,13.46841,52.52029
11,11010310.0,Mühlengrund,11100309.0,2019,10,10,5,3,6,6,0,0,1,0,0,0,0,805280.6314,5833242.424,13.50485,52.5634
1,1011304.0,Karl-Marx-Allee,1100311.0,2019,10,23,4,3,0,1,2,0,0,0,0,0,1,799868.5754,5827486.026,13.42005,52.51481
1,1044103.0,Westliche Müllerstraße,1400942.0,2019,10,16,4,3,1,5,0,1,0,0,0,0,0,795002.4866,5830872.717,13.35156,52.54783
2,2030301.0,Oranienplatz,2300314.0,2019,10,21,4,3,0,4,2,0,1,0,0,0,1,800010.1585,5825476.881,13.42032,52.49673
4,4030931.0,Breitscheidplatz,4501042.0,2019,10,15,4,3,0,3,0,0,0,1,0,0,0,793936.0516,5825810.985,13.3314,52.50303
11,11030617.0,Hohenschönhausener Straße,11300616.0,2019,10,12,4,3,6,4,0,0,1,0,0,0,1,802954.6319,5829811.631,13.46751,52.53395
1,1011302.0,Oranienburger Straße,1100309.0,2019,10,9,4,3,1,1,0,1,0,0,0,0,0,798292.4346,5828387.174,13.3977,52.52376
3,3040614.0,Pankow Zentrum,3400724.0,2019,10,21,4,3,5,3,2,0,0,1,0,0,1,798646.044,5833926.375,13.40788,52.57321
12,12214527.0,Alt-Tegel,12200515.0,2019,10,8,4,3,1,5,0,1,0,0,0,0,1,790160.8782,5835199.566,13.28414,52.58922
7,7030301.0,Friedenau,7300516.0,2019,10,12,4,3,1,5,0,1,0,0,0,0,1,794762.7418,5822889.721,13.34096,52.47639
7,7010102.0,Nollendorfplatz,7100103.0,2019,10,19,4,3,5,2,2,1,0,0,0,0,0,795544.5928,5825255.692,13.35454,52.49718
8,8010301.0,Reuterkiez,8100312.0,2019,10,5,4,3,0,3,2,1,0,0,0,0,1,800573.4921,5824574.974,13.42778,52.48833
6,6040810.0,Dahlem,6400844.0,2019,10,11,4,2,5,2,0,1,0,0,0,0,0,791848.1002,5821374.381,13.29684,52.46438
3,3040818.0,Pankow Süd,3400830.0,2019,10,10,4,3,2,6,0,1,0,0,0,0,0,799082.5543,5833200.495,13.41365,52.56647
3,3020210.0,Herthaplatz,3200207.0,2019,10,6,4,3,5,3,0,0,0,0,0,1,1,798374.0568,5835330.255,13.40514,52.58595
9,9051702.0,Bölschestraße,9501737.0,2019,10,6,4,2,5,3,2,1,0,0,0,0,1,813663.5187,5821700.741,13.61724,52.45522
1,1033101.0,Soldiner Straße,1300732.0,2019,10,6,4,3,6,4,2,0,1,0,0,0,1,797517.1016,5832691.415,13.39016,52.56276
1,1022106.0,Elberfelder Straße,1200522.0,2019,10,10,3,3,5,2,0,1,0,0,0,0,1,794042.045,5828244.089,13.33511,52.52478
1,1011302.0,Oranienburger Straße,1100309.0,2019,10,20,3,3,1,5,2,0,0,0,0,1,1,798576.8684,5828987.425,13.40242,52.52898
4,4041344.0,Rüdesheimer Platz,4400835.0,2019,10,18,3,2,0,1,2,0,0,0,0,0,1,793050.3485,5822018.814,13.31505,52.46951
1,1011303.0,Alexanderplatzviertel,1100310.0,2019,10,13,5,3,2,2,0,1,0,0,0,0,0,799112.1114,5828970.207,13.41027,52.52853
7,7060603.0,Marienfelde Nordost,7601238.0,2019,10,12,5,3,0,1,0,0,0,0,0,0,1,798076.2146,5815816.234,13.38329,52.41119
1,1011102.0,Großer Tiergarten,1100102.0,2019,10,8,5,2,1,5,0,0,0,0,0,1,1,796675.5996,5827888.541,13.37349,52.52017
7,7040404.0,Marienhöhe,7400826.0,2019,10,8,5,3,5,2,0,1,0,0,0,0,1,796636.3451,5819967.861,13.36587,52.44919
1,1033101.0,Soldiner Straße,1300732.0,2019,10,9,5,3,1,5,0,1,0,0,0,0,0,796658.047,5832068.865,13.37697,52.55765
1,1011301.0,Charitéviertel,1100308.0,2019,10,8,5,3,5,2,0,1,0,0,0,0,1,797069.7332,5829297.978,13.38055,52.53259
4,4020310.0,Park Ruhwald,4200308.0,2019,10,8,5,2,0,7,0,0,0,0,0,0,1,790452.154,5827317.797,13.28153,52.5184
6,6030609.0,Augustaplatz,6300633.0,2019,10,12,4,3,5,3,0,1,0,0,0,0,0,792584.6327,5818923.088,13.30551,52.44201
3,3071536.0,Teutoburger Platz,3701554.0,2019,10,9,4,3,5,2,0,0,0,0,0,1,0,799153.4738,5829211.586,13.4111,52.53067
4,4030931.0,Breitscheidplatz,4501042.0,2019,10,18,4,3,5,3,2,1,0,0,0,0,0,793522.3399,5825730.336,13.32525,52.50253
4,4030620.0,Alt-Lietzow,4300619.0,2019,10,10,5,3,5,3,0,1,0,0,0,0,0,792650.4718,5827115.402,13.31366,52.51541
3,3051021.0,Buschallee,3501038.0,2019,10,20,4,3,5,3,2,1,0,0,0,0,0,802858.7853,5832380.872,13.46844,52.55703
3,3071537.0,Kollwitzplatz,3701555.0,2019,10,19,4,3,5,3,2,1,0,0,0,0,0,799600.6658,5829902.821,13.41829,52.53662
4,4020209.0,Eichkamp,4200207.0,2019,10,14,4,2,5,3,0,0,0,0,0,0,0,789345.0694,5825247.166,13.26346,52.50043
8,8041035.0,Blumenviertel,8401241.0,2019,10,14,4,3,5,3,0,1,0,0,0,0,0,804241.6529,5818820.214,13.47639,52.43472
1,1033102.0,Gesundbrunnen,1300733.0,2019,10,17,4,3,6,4,2,0,1,0,0,0,0,797711.0604,5831788.025,13.3922,52.55456
4,4020209.0,Eichkamp,4200207.0,2019,10,17,4,3,5,2,0,1,0,0,0,0,0,789463.3794,5824385.387,13.26445,52.49264
2,2050601.0,Hausburgviertel,2500726.0,2019,10,9,5,2,6,4,0,0,1,0,0,0,0,801634.4609,5828883.747,13.44726,52.52637
3,3040818.0,Pankow Süd,3400830.0,2019,10,17,4,3,1,5,1,1,0,0,0,1,1,799132.9869,5832828.225,13.41405,52.5631
6,6010206.0,Stadtpark,6100206.0,2019,10,7,5,2,0,4,0,0,1,0,0,0,0,794523.1186,5820034.946,13.33492,52.45093
2,2020203.0,Viktoriapark,2200207.0,2019,10,16,4,3,5,2,0,1,0,0,0,0,0,797110.0616,5824260.426,13.37664,52.48741
9,9010101.0,Elsenstraße,9100101.0,2019,10,7,4,3,5,2,0,0,0,0,0,1,0,802352.5717,5824748.049,13.45406,52.4889
1,1022207.0,Hansaviertel,1200629.0,2019,10,16,4,3,3,6,0,0,0,0,1,0,0,794253.3112,5827263.074,13.33734,52.51587
6,6020409.0,Königsberger Straße,6200421.0,2019,10,15,4,3,5,2,0,1,0,0,0,0,0,793122.8759,5817654.469,13.31229,52.43034
11,11040926.0,Weitlingstraße,11400929.0,2019,10,15,4,3,5,3,0,1,0,0,0,0,0,805123.427,5826543.654,13.49639,52.50345
3,3020209.0,Niederschönhausen,3200205.0,2019,10,10,4,3,5,2,0,0,0,0,0,1,0,798472.0474,5834861.24,13.40616,52.58169
1,1044103.0,Westliche Müllerstraße,1400942.0,2019,10,10,4,3,5,2,0,1,0,0,0,0,0,795020.2991,5831150.044,13.35206,52.5503
10,10030726.0,Alt-Biesdorf,10300733.0,2019,10,10,4,3,5,3,0,0,0,0,0,0,0,808918.0234,5827024.4,13.55256,52.50563
3,3040614.0,Pankow Zentrum,3400724.0,2019,10,8,4,3,5,3,0,0,0,0,0,1,0,798213.8952,5833046.098,13.40073,52.56556
7,7020204.0,Schöneberger Insel,7200413.0,2019,10,8,4,3,5,2,0,0,0,0,0,0,0,796542.9105,5823745.717,13.36786,52.4831
2,2030401.0,Reichenberger Straße,2300418.0,2019,10,13,4,3,1,7,0,1,0,0,0,0,0,800930.6581,5825418.054,13.43379,52.49569
1,1033202.0,Humboldthain Süd,1300835.0,2019,10,7,4,3,5,7,0,1,0,0,0,0,0,797408.0283,5830030.76,13.38617,52.53897
12,12214527.0,Alt-Tegel,12200515.0,2019,10,13,4,3,5,2,0,1,0,0,0,0,0,789955.265,5835567.446,13.28144,52.59263
8,8010214.0,Glasower Straße,8100209.0,2019,10,12,4,3,5,7,0,1,0,0,0,0,0,801643.7124,5821918.913,13.44109,52.46394
9,9030901.0,Dorf Altglienicke,9300920.0,2019,10,6,4,3,1,5,2,1,0,0,0,0,0,808367.9671,5817693.736,13.53586,52.42232
5,5020626.0,Adamstraße,5200631.0,2019,10,11,4,3,1,5,0,0,0,0,0,1,0,784745.877,5827428.849,13.19776,52.52241
4,4030623.0,Ernst-Reuter-Platz,4300622.0,2019,10,16,3,3,2,6,0,1,0,0,0,0,0,793337.5981,5826652.048,13.32335,52.51089
1,1011301.0,Charitéviertel,1100308.0,2019,10,8,5,3,5,2,0,1,0,0,0,0,0,797130.7653,5828201.595,13.38046,52.52273
2,2030402.0,Wrangelkiez,2300419.0,2019,10,19,3,3,1,5,2,0,0,0,0,1,0,801808.5699,5825769.53,13.447,52.49836
4,4030623.0,Ernst-Reuter-Platz,4300622.0,2019,10,15,3,3,0,6,0,0,0,0,0,1,0,793431.7299,5826578.303,13.32467,52.51018
1,1033203.0,Humboldthain Nordwest,1300836.0,2019,10,13,3,3,2,2,0,1,0,0,0,0,0,796301.7352,5830675.722,13.37049,52.54536
9,9010301.0,Baumschulenstraße,9100305.0,2019,10,10,3,3,5,2,0,1,0,0,0,0,0,804922.0362,5822558.474,13.48978,52.46785
6,6030609.0,Augustaplatz,6300633.0,2019,10,9,3,3,2,6,0,1,0,0,0,0,0,793237.4258,5819389.367,13.31549,52.44584
8,8010404.0,Rixdorf,8100417.0,2019,10,17,3,3,0,7,0,0,0,0,0,0,0,801429.7309,5823695.878,13.43956,52.47998
9,9020701.0,Adlershof West,9200715.0,2019,10,6,3,3,5,3,0,1,0,0,0,0,0,808194.618,5819624.748,13.5351,52.43972
7,7050502.0,Fritz-Werner-Straße,7501133.0,2019,10,7,5,3,0,1,0,0,0,0,0,0,1,797337.7935,5818372.412,13.37474,52.43451
1,1022103.0,Westhafen,1200517.0,2019,10,15,3,3,5,2,0,0,0,0,1,0,0,795268.2807,5829656.978,13.35438,52.53679
2,2020203.0,Viktoriapark,2200207.0,2019,10,16,3,3,1,5,0,1,0,0,0,0,0,797117.9436,5824087.878,13.3766,52.48586
6,6010207.0,Mittelstraße,6100207.0,2019,10,15,3,3,3,6,0,1,0,0,0,0,0,793454.543,5820116.432,13.31932,52.45224
5,5030833.0,Motardstraße,5300840.0,2019,10,15,3,3,5,2,0,1,0,0,0,0,0,788173.529,5829380.732,13.24983,52.53811
8,8041036.0,Zittauer Straße,8401242.0,2019,10,7,3,3,0,3,2,1,0,0,0,0,1,804550.5177,5817094.643,13.47935,52.41909
1,1011105.0,Nördlicher Landwehrkanal,1100102.0,2019,10,17,2,3,5,3,1,1,0,0,0,0,0,795756.3459,5826351.216,13.35862,52.50689
8,8041038.0,Waßmannsdorfer Chaussee,8401244.0,2019,10,16,2,3,5,3,0,0,0,0,0,1,0,805917.1848,5816210.02,13.49858,52.41039
4,4030417.0,Schloßstraße,4300414.0,2019,10,15,2,3,5,3,0,1,0,0,0,0,0,791797.2987,5827063.929,13.30108,52.51541
8,8041039.0,Frauenviertel,8401245.0,2019,10,15,2,3,5,2,0,1,0,0,0,0,0,806124.2393,5815162.165,13.50065,52.40089
3,3071536.0,Teutoburger Platz,3701554.0,2019,10,15,2,3,1,5,0,0,0,0,0,1,0,798980.7236,5830035.775,13.4093,52.53816
11,11030824.0,Frankfurter Allee Süd,11300826.0,2019,10,14,2,2,5,3,0,0,0,0,0,1,0,803729.22,5827145.144,13.47646,52.50962
5,5010312.0,Kurstraße,5100314.0,2019,10,14,2,2,5,3,0,1,0,0,0,0,0,784825.8816,5830254.049,13.20136,52.5477
6,6040805.0,Fischerhüttenstraße,6400839.0,2019,10,14,2,3,5,3,0,0,0,0,0,1,0,788801.21,5818057.261,13.24925,52.43625
11,11040926.0,Weitlingstraße,11400929.0,2019,10,13,2,3,5,3,0,1,0,0,0,0,0,805757.965,5827181.083,13.50629,52.50881
2,2040701.0,Andreasviertel,2400623.0,2019,10,19,2,3,5,2,2,0,0,0,0,1,0,801206.4482,5827467.238,13.43969,52.51391
8,8010406.0,Treptower Straße Nord,8100419.0,2019,10,19,2,3,1,5,2,1,0,0,0,0,0,801968.8498,5824220.581,13.44795,52.48439
1,1011305.0,Heine-Viertel West,1100312.0,2019,10,19,2,3,5,2,2,1,0,0,0,0,0,799124.0588,5827123.737,13.40879,52.51198
2,2030302.0,Lausitzer Platz,2300315.0,2019,10,19,2,3,1,5,2,1,0,0,0,0,0,800333.5379,5825943.511,13.42549,52.50073
1,1011302.0,Oranienburger Straße,1100309.0,2019,10,18,2,3,0,1,1,0,0,0,0,0,1,797979.2838,5828496.709,13.3932,52.52491
1,1011305.0,Heine-Viertel West,1100312.0,2019,10,1,2,3,0,1,2,0,0,0,0,0,0,799446.613,5826756.236,13.41319,52.5085
9,9051901.0,Dammvorstadt,9501941.0,2019,10,8,2,3,0,2,0,1,0,0,0,0,0,812050.7804,5821282.944,13.59319,52.45239
1,2040701.0,Andreasviertel,2400623.0,2019,10,8,2,3,0,6,0,1,0,0,0,0,0,800167.7355,5827387.503,13.42436,52.51377
11,11030824.0,Frankfurter Allee Süd,11300826.0,2019,10,6,5,3,5,3,2,1,0,0,0,0,1,803692.264,5827471.396,13.47621,52.51257
1,1011301.0,Charitéviertel,1100308.0,2019,10,8,2,3,5,3,0,1,0,0,0,0,0,796894.091,5829203.728,13.37788,52.53184
10,10020414.0,Helle Mitte,10200421.0,2019,10,8,2,3,5,3,0,1,0,0,0,0,0,812064.889,5830625.37,13.60215,52.53611
12,12224230.0,Heiligensee,12400619.0,2019,10,7,2,3,4,6,1,0,0,0,0,0,1,787073.216,5838229.101,13.24132,52.61802
6,6030504.0,Teltower Damm,6300528.0,2019,10,7,2,3,0,2,1,1,0,0,0,0,1,789966.7903,5816242.925,13.26478,52.41937
12,12103117.0,Letteplatz,12100101.0,2019,10,19,1,2,5,2,2,1,0,0,0,0,0,796175.0752,5832754.284,13.37048,52.56406
2,2020203.0,Viktoriapark,2200207.0,2019,10,11,7,3,0,7,0,1,0,0,0,0,0,797092.7863,5824685.556,13.37677,52.49123
2,2030301.0,Oranienplatz,2300314.0,2019,10,15,7,3,5,3,0,1,0,0,0,0,0,799925.802,5825743.09,13.41932,52.49916
1,1011302.0,Oranienburger Straße,1100309.0,2019,10,14,7,3,1,5,0,1,0,0,0,0,0,797762.443,5828323.726,13.38986,52.52348
8,8010214.0,Glasower Straße,8100209.0,2019,10,13,7,3,6,4,0,0,1,0,0,0,1,801331.0956,5822166.562,13.43673,52.46633
2,2030302.0,Lausitzer Platz,2300315.0,2019,10,2,7,3,1,5,2,1,0,0,0,1,1,800929.2293,5825858.591,13.43416,52.49964
7,7010102.0,Nollendorfplatz,7100103.0,2019,10,18,6,3,5,2,2,0,0,1,0,0,1,794951.6794,5825644.97,13.34617,52.50099
7,7010104.0,Dennewitzplatz,7100205.0,2019,10,3,6,2,0,1,2,0,0,0,0,0,1,796656.0172,5824828.398,13.37048,52.49275
8,8010405.0,Hertzbergplatz,8100418.0,2019,10,3,6,3,5,2,2,0,0,0,0,1,0,801735.9068,5823907.623,13.44424,52.48171
7,7010102.0,Nollendorfplatz,7100103.0,2019,10,11,6,3,5,2,0,1,0,0,0,0,0,794999.4432,5825633.49,13.34686,52.50086
3,3020307.0,Buchholz,3200308.0,2019,10,8,5,3,5,3,0,0,0,0,0,1,1,800484.8877,5836403.21,13.43718,52.5944
4,4030417.0,Schloßstraße,4300414.0,2019,10,19,5,3,1,5,2,1,0,0,0,0,0,791277.0803,5826601.557,13.29303,52.51154
2,2020203.0,Viktoriapark,2200207.0,2019,10,12,6,3,5,3,0,0,0,0,0,0,0,796945.9811,5824295.834,13.37426,52.48782
1,1022206.0,Lüneburger Straße,1200628.0,2019,10,10,6,3,2,6,0,1,0,0,0,0,1,796454.888,5828233.178,13.37056,52.52338
1,1033202.0,Humboldthain Süd,1300835.0,2019,10,9,6,2,5,3,0,1,0,0,0,0,1,796971.6266,5830138.511,13.37985,52.54018
2,2040701.0,Andreasviertel,2400623.0,2019,10,8,6,3,1,5,0,1,0,0,0,0,0,800359.6266,5827741.206,13.4275,52.51683
4,4030930.0,George-Grosz-Platz,4501041.0,2019,10,7,6,3,5,3,0,1,0,0,0,0,1,792968.3524,5825890.668,13.31725,52.50426
1,1011304.0,Karl-Marx-Allee,1100311.0,2019,10,19,6,3,6,4,2,0,1,0,0,0,1,799580.5301,5828027.678,13.41631,52.51983
3,3040818.0,Pankow Süd,3400830.0,2019,10,19,6,3,5,3,2,1,0,0,0,0,1,799081.773,5833201.546,13.41364,52.56648
3,3061429.0,Greifswalder Straße,3601449.0,2019,10,17,6,3,5,3,1,1,0,0,0,0,0,802091.2437,5830587.042,13.45552,52.54138
2,2040701.0,Andreasviertel,2400623.0,2019,10,22,6,3,5,2,2,1,0,0,0,0,1,800374.2415,5827890.698,13.42785,52.51816
3,3071536.0,Teutoburger Platz,3701554.0,2019,10,16,6,3,5,2,0,1,0,1,0,0,0,799081.9672,5830219.83,13.41095,52.53975
2,2040703.0,Wriezener Bahnhof/Entwicklungsgebiet,2400625.0,2019,10,20,6,3,5,2,2,1,0,0,0,0,1,801754.3231,5826263.116,13.44665,52.50281
12,12224230.0,Heiligensee,12400619.0,2019,10,11,5,3,5,7,0,1,0,0,0,0,1,786409.5229,5838821.013,13.23205,52.62367
1,1011105.0,Nördlicher Landwehrkanal,1100102.0,2019,10,10,5,3,1,5,0,1,0,0,0,1,0,796922.4691,5826850.694,13.3762,52.51073
9,9052001.0,Köpenick Nord,9502042.0,2019,10,20,6,3,0,1,2,0,0,0,0,0,1,811149.1169,5822074.307,13.58071,52.46
6,6020303.0,Lankwitz Kirche,6200313.0,2019,10,14,6,3,5,3,0,1,0,0,0,0,0,795282.3621,5818607.528,13.3448,52.43773
10,10020416.0,Böhlener Straße,10200423.0,2019,10,14,6,3,5,3,0,1,0,0,0,0,0,813012.0507,5831230.063,13.61664,52.54098
8,8030831.0,Gropiusstadt Ost,8301036.0,2019,10,19,6,3,2,3,2,1,0,0,0,0,1,803603.9798,5817861.697,13.46617,52.42649
12,12231101.0,Hermsdorf,12400723.0,2019,10,6,4,3,3,6,1,1,0,0,0,0,1,792601.7739,5839326.422,13.32372,52.62491
1,1011305.0,Heine-Viertel West,1100312.0,2019,10,13,5,3,1,5,0,1,0,0,0,0,0,799441.8442,5826523.985,13.41292,52.50643
1,1022202.0,Heidestraße,1200624.0,2019,10,17,4,3,5,2,0,1,0,0,0,0,0,795669.217,5829731.907,13.36035,52.53724
2,2050601.0,Hausburgviertel,2500726.0,2019,10,9,5,3,5,2,0,0,0,0,1,0,0,801787.2272,5828672.998,13.44932,52.5244
10,10010204.0,Wuhletalstraße,10100206.0,2019,10,1,5,2,5,2,2,0,0,0,0,1,1,809577.5151,5832688.883,13.56752,52.55602
1,1011304.0,Karl-Marx-Allee,1100311.0,2019,10,20,5,3,0,2,2,1,0,0,0,0,0,799609.613,5827987.189,13.4167,52.51945
4,4051448.0,Schaperstraße,4501045.0,2019,10,20,5,3,1,5,2,1,0,0,0,0,0,793480.2728,5824972.062,13.32397,52.49575
4,4051445.0,Eisenzahnstraße,4500939.0,2019,10,19,5,3,5,2,2,1,0,0,0,0,0,792600.2479,5824204.52,13.31037,52.48934
4,4030931.0,Breitscheidplatz,4501042.0,2019,10,12,5,3,5,7,0,1,0,0,0,0,0,793919.6422,5825534.677,13.33092,52.50056
11,11051331.0,Karlshorst Nord,11501340.0,2019,10,7,5,3,5,3,0,0,0,0,0,0,1,807349.9054,5825174.202,13.52782,52.48993
7,7010104.0,Dennewitzplatz,7100205.0,2019,10,18,5,2,5,2,2,1,0,0,0,0,0,796000.7501,5824957.171,13.36097,52.49426
4,4051654.0,Wilhelmsaue,4501150.0,2019,10,17,5,3,5,2,0,1,0,0,0,0,0,793635.0695,5823953.88,13.32534,52.48654
2,2020204.0,Urbanstraße,2200210.0,2019,10,21,5,2,3,6,2,1,0,0,0,0,1,798347.6965,5825310.518,13.39576,52.49615
1,1011306.0,Heine-Viertel Ost,1100313.0,2019,10,17,5,3,5,2,0,1,0,0,0,0,0,800044.8568,5827113.457,13.4223,52.51138
4,4030623.0,Ernst-Reuter-Platz,4300622.0,2019,10,15,5,2,5,3,0,1,0,0,0,0,0,793796.3756,5826908.208,13.33032,52.51294
9,9030902.0,Wohngebiet II,9300922.0,2019,10,15,5,2,6,4,0,0,1,0,0,0,0,807611.3522,5815414.643,13.52267,52.40232
3,3030406.0,Alt-Karow,3300413.0,2019,10,13,5,3,5,3,0,1,0,0,0,0,0,803225.2649,5838029.16,13.479,52.60745
4,4030828.0,Savignyplatz,4300624.0,2019,10,15,5,2,3,6,0,1,0,0,0,0,0,792860.5913,5826142.195,13.31589,52.50658
4,4041137.0,Flinsberger Platz,4400727.0,2019,10,16,4,3,5,2,0,1,0,0,0,0,1,790967.8749,5823011.108,13.28535,52.47952
2,2020203.0,Viktoriapark,2200207.0,2019,10,0,3,3,0,3,2,0,0,1,0,0,1,797540.6837,5824968.729,13.3836,52.49352
3,3050924.0,Behaimstraße,3500935.0,2019,11,10,6,3,5,7,0,1,0,0,0,0,0,801631.262,5831292.173,13.4494,52.54796
4,4051448.0,Schaperstraße,4501045.0,2019,10,16,4,3,1,1,0,1,0,0,0,0,1,794187.5407,5824946.116,13.33433,52.49514
3,3020307.0,Buchholz,3200308.0,2019,11,18,6,3,5,2,2,1,0,0,0,0,0,800148.8953,5837867.431,13.43356,52.60771
4,4030828.0,Savignyplatz,4300624.0,2019,10,23,6,3,1,5,2,1,0,0,0,1,0,793192.8007,5826095.453,13.32073,52.50598
2,2010102.0,Mehringplatz,2100102.0,2019,10,13,7,2,1,5,0,1,0,0,0,0,0,798291.3152,5825672.62,13.39525,52.49942
10,10040830.0,Kaulsdorf Süd,10400837.0,2019,10,18,5,3,5,3,2,0,0,0,0,1,1,810639.8182,5826003.194,13.57689,52.4955
1,1044102.0,Schillerpark,1400940.0,2019,10,12,6,3,0,2,0,1,0,0,0,0,0,795860.551,5832062.544,13.36523,52.55803
4,4020209.0,Eichkamp,4200207.0,2019,10,7,2,3,2,6,0,1,0,0,0,0,0,789504.5482,5825149.176,13.26572,52.49946
1,1011302.0,Oranienburger Straße,1100309.0,2019,10,16,7,3,6,4,0,0,1,0,0,0,0,798016.8831,5828889.664,13.3941,52.52841
1,1011201.0,Wilhelmstraße,1100205.0,2019,11,17,6,2,5,3,2,1,0,0,0,0,1,796955.3758,5826855.715,13.37668,52.51076
2,2010102.0,Mehringplatz,2100102.0,2019,10,18,6,3,1,5,2,1,0,0,0,0,0,797992.2933,5826474.921,13.39158,52.50678
9,9020501.0,Oberschöneweide West,9200510.0,2019,10,19,3,3,5,3,2,1,0,0,0,0,0,806355.7324,5822134.691,13.51043,52.46325
2,2010102.0,Mehringplatz,2100102.0,2019,11,14,6,3,5,3,0,1,0,0,0,0,0,798668.4792,5826432.568,13.40147,52.50603