district,LOR,street,LOR_2021,year,month,hour,weekday,category,accident_kind,accident_type,light_condition,car,pedestrian,motorcycle,goods_vehicle,others,road_condition,LINREFX,LINREFY,XGCSWGS84,YGCSWGS84
8,8010508.0,Weiße Siedlung,8100520.0,2019,10,16,6,3,5,2,0,1,0,0,0,0,0,803189.1687,5822738.882,13.46452,52.47043
6,6020410.0,Oberhofer Platz,6200422.0,2019,10,13,2,3,0,2,0,1,0,0,0,0,1,794321.8584,5817572.681,13.3298,52.42897
8,8010303.0,Donaustraße,8100314.0,2019,10,13,5,3,1,5,0,1,0,0,0,1,0,801243.4506,5823811.442,13.43693,52.48112
2,2020206.0,Graefekiez,2200213.0,2019,10,12,3,3,5,2,0,1,0,0,0,0,0,799078.3491,5824615.065,13.40586,52.48951
2,2020202.0,Rathaus Yorckstraße,2200208.0,2019,10,12,5,3,0,5,0,1,0,0,0,0,0,797569.1047,5825209.037,13.38423,52.49566
1,1011305.0,Heine-Viertel West,1100312.0,2019,10,11,6,3,0,5,0,1,0,0,0,0,0,799040.9321,5827077.151,13.40752,52.5116
9,9010401.0,Johannisthal West,9100407.0,2019,10,13,1,3,5,3,0,1,0,0,0,0,0,805814.123,5820339.766,13.50084,52.44747
1,1011101.0,Stülerstraße,1100101.0,2019,10,17,4,3,5,2,2,1,0,0,0,0,0,795230.5272,5826625.853,13.35114,52.50963
4,4051448.0,Schaperstraße,4501045.0,2019,11,19,6,3,5,2,2,1,0,0,0,0,1,793917.9272,5824957.728,13.33038,52.49539
8,8020726.0,Buckow West,8200831.0,2019,10,10,5,3,0,1,0,0,0,0,0,0,0,799563.3662,5816390.255,13.40561,52.41552
4,4030519.0,Kaiserin-Augusta-Allee,4300518.0,2019,10,17,4,2,4,7,2,0,0,0,0,1,0,791253.54,5828956.4,13.29475,52.53267
3,3040818.0,Pankow Süd,3400830.0,2019,10,17,3,2,0,7,2,0,0,0,0,0,0,799476.3914,5833291.105,13.41952,52.56706
4,4051446.0,Preußenpark,4501043.0,2019,11,18,6,3,5,3,2,1,0,0,0,0,1,792912.178,5824395.732,13.31511,52.49089
2,2050801.0,Traveplatz,2500830.0,2019,10,1,7,3,5,3,2,1,0,0,0,0,0,803102.327,5827119.047,13.46722,52.50974
5,5030730.0,Zitadellenweg,5300736.0,2019,10,6,3,3,5,2,1,1,0,0,0,0,0,786645.3069,5829241.803,13.22724,52.53767
7,7020204.0,Schöneberger Insel,7200413.0,2019,10,19,5,3,6,4,2,0,1,0,0,0,0,796039.0863,5823519.794,13.36026,52.48135
2,2050602.0,Samariterviertel,2500728.0,2019,10,17,7,3,5,2,2,1,0,0,0,0,0,802636.038,5827910.317,13.46109,52.51709
1,1011202.0,Unter den Linden Nord,1100206.0,2019,10,8,4,3,2,6,0,1,0,0,0,0,0,797179.5752,5827492.875,13.38055,52.51635
7,7030301.0,Friedenau,7300516.0,2019,11,16,6,3,5,3,2,1,0,0,0,0,0,793754.8158,5822077.792,13.32545,52.46966
1,1011302.0,Oranienburger Straße,1100309.0,2019,10,15,5,3,3,6,0,1,0,0,0,0,0,798579.2213,5828918.001,13.40239,52.52836
6,6030501.0,Berlepschstraße,6300524.0,2019,10,8,2,3,5,3,0,1,0,0,0,0,0,788505.8321,5816873.118,13.2439,52.42579
4,4031032.0,Halensee,4500938.0,2019,10,17,5,3,1,5,1,1,0,0,0,0,0,791848.5583,5825272.007,13.30026,52.49932
11,11040925.0,Victoriastadt,11400927.0,2019,10,9,2,3,5,2,0,1,0,0,0,0,0,803709.5786,5826763.361,13.47582,52.50621
6,6020303.0,Lankwitz Kirche,6200313.0,2019,11,22,7,3,5,3,2,1,0,0,0,0,1,795143.3537,5818244.083,13.34244,52.43454
5,5010206.0,Gütersloher Weg,5100208.0,2019,10,16,7,3,2,6,0,1,0,0,0,0,0,782391.8917,5830484.7,13.16576,52.55103
4,4020313.0,Königin-Elisabeth-Straße,4200311.0,2019,10,16,6,3,5,2,0,0,0,0,0,1,0,790493.7503,5826547.439,13.28147,52.51147
9,9020701.0,Adlershof West,9200715.0,2019,10,10,3,3,1,5,0,1,0,0,0,1,0,808625.1428,5818622.192,13.54049,52.43049
2,2030402.0,Wrangelkiez,2300419.0,2019,10,19,6,3,5,7,2,1,0,0,0,0,0,801679.9369,5825874.933,13.4452,52.49938
1,1011302.0,Oranienburger Straße,1100309.0,2019,10,23,2,2,4,6,2,1,0,0,0,0,1,797901.7387,5828522.794,13.39208,52.52519
9,9051901.0,Dammvorstadt,9501941.0,2019,11,21,6,2,0,1,2,0,0,0,0,0,1,812039.819,5821397.372,13.59314,52.45343
6,6020409.0,Königsberger Straße,6200421.0,2019,10,13,7,3,0,1,0,0,0,0,0,0,0,793195.2119,5817486.798,13.3132,52.4288
3,3071537.0,Kollwitzplatz,3701555.0,2019,10,8,3,3,5,2,0,1,0,0,0,0,0,799785.6324,5829587.119,13.42073,52.53369
1,1011202.0,Unter den Linden Nord,1100206.0,2019,10,17,5,3,5,3,2,1,0,0,0,0,0,798548.3247,5827805.403,13.40094,52.5184
5,5020625.0,Borkumer Straße,5200629.0,2019,10,10,2,3,5,2,0,1,0,0,0,0,0,784551.7063,5828174.892,13.19555,52.5292
4,4051448.0,Schaperstraße,4501045.0,2019,10,17,7,3,5,3,1,1,0,0,0,0,0,794206.2843,5824955.356,13.33461,52.49521
12,12214125.0,Waldidyll/Flughafensee,12200412.0,2019,10,19,3,3,5,2,2,1,0,0,0,0,0,789975.0747,5833680.452,13.28008,52.5757
9,9052001.0,Köpenick Nord,9502042.0,2019,10,14,6,3,0,6,0,0,0,0,0,0,0,811575.9133,5823108.873,13.58793,52.46903
5,5020417.0,Staakener Straße,5200420.0,2019,10,17,7,3,0,7,1,1,0,0,0,0,0,781739.1776,5828463.441,13.15444,52.53325
2,2040701.0,Andreasviertel,2400623.0,2019,11,21,6,3,5,3,2,1,0,0,0,0,1,800613.4675,5827116.752,13.43066,52.51109
1,1011202.0,Unter den Linden Nord,1100206.0,2019,10,19,6,3,5,2,2,1,0,0,0,0,0,797648.7189,5828129.82,13.38801,52.5218
7,7040403.0,Manteuffelstraße,7400824.0,2019,10,12,3,2,5,3,0,0,0,1,0,0,0,797705.5543,5822197.892,13.38354,52.4686
1,1033203.0,Humboldthain Nordwest,1300836.0,2019,10,8,2,3,5,3,0,1,0,0,0,0,0,795738.5815,5829803.558,13.36143,52.53784
1,1011302.0,Oranienburger Straße,1100309.0,2019,10,14,5,2,5,3,0,1,0,0,0,0,0,798716.6772,5828797.41,13.4043,52.5272
11,11020516.0,Weiße Taube,11200515.0,2019,10,16,3,3,5,2,1,0,0,0,0,1,0,806179.0321,5830425.853,13.51546,52.53766
4,4051446.0,Preußenpark,4501043.0,2019,11,13,6,3,5,3,0,1,0,0,0,0,0,792911.9613,5824396.112,13.31511,52.4909
1,1011203.0,Unter den Linden Süd,1100206.0,2019,10,18,2,3,1,5,2,1,0,0,0,0,1,798002.3069,5827389.997,13.39254,52.51498
9,9020501.0,Oberschöneweide West,9200510.0,2019,10,8,5,3,5,2,0,1,0,0,0,0,0,806455.9138,5822104.697,13.51188,52.46292
4,4041136.0,Hagenplatz,4400728.0,2019,10,8,6,3,5,2,0,1,0,0,0,0,0,790732.265,5823473.343,13.28229,52.48379
11,11040925.0,Victoriastadt,11400927.0,2019,10,13,1,3,2,6,0,1,0,0,0,0,0,803868.9361,5826822.86,13.47822,52.50666
3,3030406.0,Alt-Karow,3300413.0,2019,10,6,2,3,5,2,0,1,0,0,0,0,0,803364.647,5838250.406,13.48125,52.60936
2,2010102.0,Mehringplatz,2100102.0,2019,10,19,5,3,1,5,2,0,0,0,0,1,0,798242.6948,5826010.181,13.39484,52.50248
7,7010101.0,Wittenbergplatz/Viktoria-Luise-Platz,7100101.0,2019,10,14,7,3,0,5,0,0,0,1,0,0,0,794642.8383,5825743.445,13.34172,52.50204
7,7010103.0,Barbarossaplatz,7100204.0,2019,11,18,6,3,2,2,2,1,0,0,0,0,1,795221.9977,5824488.663,13.34912,52.49048
4,4041134.0,Bismarckallee,4400726.0,2019,10,0,7,2,1,5,2,1,0,0,0,0,0,790858.6792,5824502.071,13.28505,52.49294
8,8020625.0,Handwerker-Siedlung,8200730.0,2019,10,12,7,3,5,3,0,1,0,0,0,0,0,801509.0479,5819224.169,13.43668,52.43986
6,6040804.0,Krumme Lanke,6400838.0,2019,10,8,3,3,5,3,0,1,0,0,0,0,1,787478.7932,5817705.579,13.22955,52.4338
1,1011204.0,Leipziger Straße,1100207.0,2019,10,9,3,3,5,2,0,0,0,0,0,0,0,798619.3621,5826919.148,13.40119,52.51042
4,4030828.0,Savignyplatz,4300624.0,2019,10,9,5,3,1,5,0,1,0,0,0,0,0,793288.3397,5826150.346,13.32218,52.50642
10,10040933.0,Mahlsdorf Süd,10400941.0,2019,10,16,6,3,0,1,0,0,0,0,0,0,0,813070.6194,5826639.624,13.61318,52.49981
3,3061228.0,Erich-Weinert-Straße,3601245.0,2019,11,8,7,3,5,2,1,1,0,0,0,0,1,800321.1097,5831579.784,13.4304,52.55126
3,3050920.0,Weißer See,3500933.0,2019,10,17,7,3,1,5,0,1,0,0,0,0,0,802313.2779,5831899.236,13.45998,52.55302
10,10020413.0,Gut Hellersdorf,10200418.0,2019,10,14,3,3,6,6,0,0,1,0,0,0,0,811674.311,5831506.565,13.59724,52.54423
7,7010102.0,Nollendorfplatz,7100103.0,2019,10,16,7,3,6,7,0,0,1,0,0,0,0,795607.5901,5824986.034,13.35522,52.49473
7,7040403.0,Manteuffelstraße,7400824.0,2019,11,15,6,3,5,3,0,1,0,0,0,0,0,797277.7836,5821223.949,13.3764,52.4601
6,6030606.0,Hindenburgdamm,6300630.0,2019,10,13,5,3,5,3,0,1,0,0,0,0,0,793241.7988,5819537.451,13.31569,52.44716
9,9041301.0,Kietzer Feld/Nachtheide,9401329.0,2019,10,6,4,3,5,3,2,1,0,0,0,0,0,812301.0049,5819155.929,13.59488,52.43319
2,2040502.0,Friedenstraße,2400521.0,2019,10,9,6,3,2,6,0,1,0,0,0,0,0,800751.5624,5828096.969,13.43358,52.5198
1,1011202.0,Unter den Linden Nord,1100206.0,2019,10,11,3,3,5,3,0,0,0,1,0,0,0,798068.9871,5827870.391,13.39395,52.51925
2,2040701.0,Andreasviertel,2400623.0,2019,11,10,6,3,2,2,0,1,0,0,0,0,0,800514.0208,5827088.853,13.42917,52.5109
2,2030302.0,Lausitzer Platz,2300315.0,2019,10,14,6,3,2,7,0,1,0,0,0,0,0,801458.5014,5826068.898,13.44213,52.50124
7,7050501.0,Rathausstraße,7501030.0,2019,10,17,2,3,0,5,2,1,0,0,0,0,1,797665.3027,5819592.478,13.38063,52.44526
4,4030930.0,George-Grosz-Platz,4501041.0,2019,10,15,6,3,5,3,0,1,0,0,0,0,0,793131.0654,5825593.727,13.31938,52.50151
3,3050919.0,Gustav-Adolf-Straße,3500932.0,2019,10,7,5,3,5,3,0,1,0,0,0,0,0,801938.3654,5832579.454,13.45509,52.55932
10,10020414.0,Helle Mitte,10200421.0,2019,10,17,5,2,1,4,1,1,1,0,0,0,0,812047.5876,5830713.696,13.60198,52.53691
4,4020311.0,Reichsstraße,4200310.0,2019,10,10,3,3,5,2,0,1,0,0,0,0,1,789118.0252,5826933.112,13.26159,52.51566
3,3061441.0,Eldenaer Straße,3601453.0,2019,11,7,6,3,5,2,1,1,0,0,0,0,0,802379.3675,5828837.982,13.45817,52.52555
2,2010102.0,Mehringplatz,2100102.0,2019,10,7,5,3,5,2,0,1,0,0,0,0,0,798643.8087,5826461.002,13.40114,52.5063
9,9020701.0,Adlershof West,9200715.0,2019,10,18,5,3,5,2,0,1,0,0,0,0,0,809339.4675,5818507.65,13.55085,52.42906
1,1033101.0,Soldiner Straße,1300732.0,2019,10,11,4,3,5,3,0,1,0,0,0,0,0,797686.2746,5832849.581,13.39279,52.56409
10,10030724.0,Oberfeldstraße,10300731.0,2019,10,18,5,2,5,2,2,1,0,0,0,0,1,809584.7314,5828543.314,13.56376,52.51886
5,5010208.0,Germersheimer Platz,5100210.0,2019,10,13,4,2,5,2,0,1,0,0,0,0,0,783720.7456,5830619.093,13.18542,52.55155
1,1011203.0,Unter den Linden Süd,1100206.0,2019,10,16,5,3,1,5,0,1,0,0,0,0,0,797748.9179,5827525.909,13.38894,52.51633
3,3040614.0,Pankow Zentrum,3400724.0,2019,10,16,5,2,3,5,0,1,0,0,0,0,0,798706.3727,5833105.259,13.40803,52.56582
8,8041035.0,Blumenviertel,8401241.0,2019,10,7,3,3,5,3,0,1,0,0,0,0,1,803809.7628,5818819.131,13.47006,52.43495
7,7030302.0,Ceciliengärten,7300618.0,2019,10,7,5,3,5,2,0,1,1,0,0,0,0,794419.1576,5821933.398,13.33507,52.46801
3,3030715.0,Heinersdorf,3300516.0,2019,10,10,2,3,6,4,0,0,1,0,0,0,0,800107.3341,5832746.795,13.42831,52.56184
6,6010206.0,Stadtpark,6100206.0,2019,10,18,5,3,1,5,2,1,0,0,0,0,0,794470.7685,5820130.043,13.33424,52.45181
11,11040926.0,Weitlingstraße,11400929.0,2019,10,8,4,3,2,6,0,1,0,0,0,0,0,804745.3357,5826516.906,13.49081,52.50343
1,1011303.0,Alexanderplatzviertel,1100310.0,2019,10,14,5,3,5,5,0,1,0,0,0,0,0,798498.8585,5828173.863,13.40054,52.52173
6,6040807.0,Zehlendorf Eiche,6400841.0,2019,10,12,7,3,0,2,0,1,0,0,0,0,0,789609.727,5818715.281,13.26168,52.44173
11,11041128.0,Sewanstraße,11401135.0,2019,11,12,7,3,5,3,0,1,0,0,0,0,0,806908.0905,5825961.361,13.52206,52.49723
7,7060603.0,Marienfelde Nordost,7601238.0,2019,10,16,5,2,5,3,0,1,0,0,0,0,0,798045.7981,5815806.829,13.38284,52.41112
4,4030930.0,George-Grosz-Platz,4501041.0,2019,10,16,7,3,1,5,0,1,0,0,0,0,0,792770.8762,5825497.129,13.31401,52.50084
8,8041037.0,Alt-Rudow,8401243.0,2019,10,6,4,3,5,3,2,1,0,0,0,0,1,805585.5235,5818605.401,13.4959,52.43205
3,3061131.0,Falkplatz,3601142.0,2019,11,11,7,3,0,2,0,1,0,0,0,0,1,799177.295,5831110.598,13.41316,52.54768
6,6030609.0,Augustaplatz,6300633.0,2019,11,14,6,3,1,5,0,1,0,0,0,0,0,793196.5173,5818274.011,13.31391,52.43586
3,3040508.0,Rosenthal,3400618.0,2019,10,19,2,3,5,3,2,1,0,0,0,0,0,795881.7358,5836453.646,13.36946,52.59738
11,11030721.0,Rüdigerstraße,11300722.0,2019,10,8,5,3,1,5,0,1,0,0,0,0,0,803442.4116,5828350.331,13.47334,52.52058
6,6040702.0,Düppel,6400736.0,2019,10,16,1,3,0,3,0,1,0,0,0,0,1,787184.9471,5816769.894,13.22443,52.42556
1,1011301.0,Charitéviertel,1100308.0,2019,10,15,5,3,1,5,0,1,0,0,0,0,0,797575.9622,5828573.973,13.38734,52.52582
1,1011201.0,Wilhelmstraße,1100205.0,2019,11,15,6,3,5,2,1,0,0,0,0,1,0,796966.4692,5826853.531,13.37685,52.51073
2,2010102.0,Mehringplatz,2100102.0,2019,11,7,3,3,6,4,0,0,1,0,0,0,0,798327.0255,5825636.6,13.39574,52.49908
12,12214528.0,Tegeler Forst,12400619.0,2019,11,13,3,3,3,6,0,1,0,0,0,0,0,787806.4052,5835684.933,13.24991,52.59482
1,1011104.0,Körnerstraße,1100104.0,2019,11,13,3,3,0,2,0,1,0,0,0,0,0,796643.0025,5825782.296,13.37114,52.50131
1,1011204.0,Leipziger Straße,1100207.0,2019,11,9,3,3,5,2,0,1,0,0,0,0,0,797837.5847,5826968.664,13.38975,52.51129
10,10040830.0,Kaulsdorf Süd,10400837.0,2019,11,18,3,3,5,2,2,1,0,0,0,0,0,810593.5743,5825392.901,13.57565,52.49006
1,1011204.0,Leipziger Straße,1100207.0,2019,11,16,3,3,5,3,2,1,0,0,0,0,0,797876.1868,5826766.351,13.39013,52.50946
1,1011301.0,Charitéviertel,1100308.0,2019,11,15,2,3,2,6,0,1,0,0,0,0,0,796883.1648,5828165.613,13.37679,52.52254
9,9020802.0,Köllnische Vorstadt,9200819.0,2019,11,15,2,3,0,6,0,0,1,0,0,0,0,810253.9479,5819676.942,13.56535,52.43902
3,3040614.0,Pankow Zentrum,3400724.0,2019,11,7,2,2,5,2,2,1,0,0,0,0,0,799981.5696,5835109.049,13.4286,52.58308
8,8020620.0,Tempelhofer Weg,8200624.0,2019,11,6,2,3,5,3,1,0,0,0,0,1,1,801235.4683,5819770.21,13.43316,52.4449
1,1022104.0,Emdener Straße,1200520.0,2019,11,12,2,2,3,6,0,1,0,0,0,0,0,794370.1282,5828435.946,13.3401,52.52633
7,7060604.0,Marienfelde Süd,7601339.0,2019,11,12,2,3,0,3,0,0,0,0,0,1,0,795865.6299,5815449.386,13.35056,52.4091
12,12224230.0,Heiligensee,12400619.0,2019,11,10,2,3,5,7,0,1,0,0,0,0,0,786712.2516,5837146.258,13.23506,52.6085
3,3071537.0,Kollwitzplatz,3701555.0,2019,11,10,2,3,5,2,0,0,0,0,1,0,0,799858.4097,5829810.586,13.422,52.53566
6,6040809.0,Thielallee,6400843.0,2019,11,9,2,2,5,2,0,0,0,0,1,0,0,792367.1162,5820767.916,13.30393,52.45866
3,3030711.0,Blankenburg,3300514.0,2019,11,17,2,3,5,3,2,1,0,0,0,0,0,802510.776,5836828.166,13.46738,52.59709
1,1022103.0,Westhafen,1200517.0,2019,11,15,2,3,5,2,0,1,0,0,0,0,0,794577.312,5829787.053,13.34434,52.53833
10,10030725.0,Buckower Ring,10300732.0,2019,11,15,2,3,5,3,0,1,0,0,0,0,0,809643.505,5828927.521,13.56499,52.52227
3,3061228.0,Erich-Weinert-Straße,3601245.0,2019,11,15,2,3,5,2,0,1,0,0,0,0,0,800193.9661,5830930.274,13.42794,52.54551
5,5010206.0,Gütersloher Weg,5100208.0,2019,11,14,1,3,5,2,0,1,0,0,0,0,0,782195.1399,5830532.432,13.1629,52.55156
12,12301203.0,Wittenau Süd,12500926.0,2019,11,13,1,3,3,6,0,0,0,0,0,0,0,793107.6229,5835845.84,13.32809,52.59343
1,1011103.0,Lützowstraße,1100103.0,2019,11,17,7,3,1,5,2,1,0,0,0,0,1,796060.8033,5825727.852,13.36254,52.50113
8,8010404.0,Rixdorf,8100417.0,2019,11,16,7,3,5,2,2,1,0,0,0,0,1,801820.7531,5823620.622,13.44523,52.47909
1,1011302.0,Oranienburger Straße,1100309.0,2019,11,13,7,3,5,3,0,1,0,0,0,0,1,798353.8433,5828355.121,13.39857,52.52344
2,2040703.0,Wriezener Bahnhof/Entwicklungsgebiet,2400625.0,2019,11,0,7,3,0,1,2,0,0,0,0,0,1,801953.5809,5826797.987,13.45006,52.5075
1,1011306.0,Heine-Viertel Ost,1100313.0,2019,11,23,7,3,1,5,2,1,0,0,0,1,0,799793.6513,5826996.673,13.41851,52.51047
2,2050803.0,Stralauer Kiez,2500835.0,2019,11,22,7,3,5,2,2,1,0,0,0,0,1,803118.7159,5826178.995,13.46661,52.5013
1,1022206.0,Lüneburger Straße,1200628.0,2019,11,18,7,3,0,1,2,0,0,0,0,0,1,796097.8628,5828420.433,13.36548,52.52525
1,1033203.0,Humboldthain Nordwest,1300836.0,2019,11,11,6,3,5,2,0,1,0,0,0,0,0,796300.4186,5830596.309,13.3704,52.54465
8,8010117.0,Schillerpromenade,8100102.0,2019,11,13,6,3,5,2,0,1,0,0,0,0,0,800620.1589,5823111.122,13.42715,52.47519
2,2040502.0,Friedenstraße,2400521.0,2019,11,8,6,3,5,3,0,0,0,1,0,0,0,800454.1585,5828240.336,13.42934,52.52125
7,7070702.0,Alt-Lichtenrade/Töpchiner Weg,7601443.0,2019,11,7,6,3,5,3,0,1,0,0,0,0,0,799994.8396,5814594.18,13.41032,52.39919
7,7060604.0,Marienfelde Süd,7601339.0,2019,11,6,6,3,0,2,1,1,0,0,0,0,0,795882.6223,5816014.105,13.35131,52.41415
4,4030725.0,Amtsgerichtsplatz,4300416.0,2019,11,17,6,3,1,5,2,1,0,0,0,0,1,791795.4684,5826260.313,13.30035,52.50821
12,12304314.0,Ziekowstraße/Freie Scholle,12500824.0,2019,11,16,6,3,5,2,1,1,0,0,0,0,1,790240.5826,5835862.825,13.2859,52.59512
8,8010118.0,Silbersteinstraße,8100105.0,2019,11,16,6,3,1,5,2,1,0,0,0,0,0,801061.3401,5822020.669,13.43264,52.46517
5,5010314.0,Carl-Schurz-Straße,5100317.0,2019,11,15,6,3,2,7,1,1,0,0,0,0,1,783601.6574,5829157.638,13.18242,52.5385
2,2030302.0,Lausitzer Platz,2300315.0,2019,11,9,6,3,3,5,0,1,0,0,0,0,0,800897.051,5825927.218,13.43375,52.50028
3,3020209.0,Niederschönhausen,3200205.0,2019,11,15,6,3,1,5,0,1,0,0,0,0,0,797873.8708,5835264.958,13.39772,52.58564
3,3061131.0,Falkplatz,3601142.0,2019,11,15,6,3,5,3,0,1,0,0,0,0,0,798892.7114,5830385.953,13.40832,52.54134
9,9051801.0,Rahnsdorf/Hessenwinkel,9501838.0,2019,11,15,6,3,5,3,0,1,0,0,0,0,0,818580.3739,5820448.514,13.68816,52.44115
1,1022106.0,Elberfelder Straße,1200522.0,2019,11,15,6,3,2,6,0,1,0,0,0,0,2,794263.7875,5828140.431,13.33827,52.52373
4,4030930.0,George-Grosz-Platz,4501041.0,2019,11,15,6,3,5,2,0,0,0,1,0,0,0,793278.1215,5825411.644,13.32138,52.4998
1,1011105.0,Nördlicher Landwehrkanal,1100102.0,2019,11,8,5,3,0,5,1,1,0,0,0,0,0,796831.3186,5826603.606,13.37464,52.50857
6,6010102.0,Schloßstraße,6100102.0,2019,11,17,5,3,3,2,1,1,0,0,0,0,0,793359.9901,5821256.913,13.31893,52.46251
2,2030301.0,Oranienplatz,2300314.0,2019,11,18,5,3,3,5,2,1,0,0,0,0,0,799875.2963,5825885.681,13.41871,52.50047
1,1011203.0,Unter den Linden Süd,1100206.0,2019,11,15,5,3,2,2,0,1,0,0,0,0,0,798212.6297,5827423.525,13.39566,52.51516
6,6040804.0,Krumme Lanke,6400838.0,2019,11,17,5,2,1,5,2,1,0,0,0,0,1,787504.094,5817841.906,13.23004,52.43501
2,2040502.0,Friedenstraße,2400521.0,2019,11,12,5,3,4,6,0,0,0,0,0,1,0,800502.4139,5828451.689,13.43024,52.52312
11,11030720.0,Herzbergstraße,11300721.0,2019,11,8,5,3,0,2,0,1,0,0,0,0,0,805112.9423,5829102.196,13.49858,52.52639
1,1011102.0,Großer Tiergarten,1100102.0,2019,11,8,5,3,1,5,0,1,0,0,0,1,1,796675.3947,5827892.445,13.3735,52.5202
4,4041344.0,Rüdesheimer Platz,4400835.0,2019,11,7,5,3,5,3,0,1,0,0,0,0,0,793067.1138,5822164.334,13.31543,52.4708
7,7040403.0,Manteuffelstraße,7400824.0,2019,11,7,5,3,5,2,0,1,0,0,0,0,0,797261.1767,5820737.602,13.37572,52.45575
1,1011204.0,Leipziger Straße,1100207.0,2019,11,8,4,3,5,3,0,1,0,0,0,0,1,798030.202,5826600.304,13.39225,52.50788
1,1022207.0,Hansaviertel,1200629.0,2019,11,9,4,3,5,2,0,1,0,0,0,0,1,794264.5656,5827283.128,13.33753,52.51605
11,11020412.0,Hauptstraße,11200513.0,2019,11,6,4,3,5,2,2,1,0,0,0,0,1,805764.6651,5831835.64,13.51067,52.55052
9,9020802.0,Köllnische Vorstadt,9200819.0,2019,11,17,4,3,5,2,2,1,0,0,0,0,1,809796.3605,5820483.126,13.55938,52.44651
2,2030301.0,Oranienplatz,2300314.0,2019,11,16,4,3,0,5,1,1,0,0,0,0,1,800029.2933,5825521.607,13.42064,52.49712
1,1033202.0,Humboldthain Süd,1300835.0,2019,11,15,4,2,5,3,1,1,0,0,0,0,1,797759.2682,5829747.607,13.39108,52.53624
11,11041128.0,Sewanstraße,11401135.0,2019,11,15,4,3,5,3,0,1,0,0,0,0,1,806507.973,5825546.49,13.5158,52.49374
11,11040925.0,Victoriastadt,11400927.0,2019,11,14,4,3,5,3,0,1,0,0,0,0,1,803456.2488,5826558.441,13.47191,52.50452
9,9020702.0,Adlershof Ost,9200717.0,2019,11,13,4,3,3,6,0,0,0,0,0,1,1,808959.2229,5819389.59,13.54609,52.43718
7,7040401.0,Neu-Tempelhof,7400721.0,2019,11,13,4,3,1,5,0,1,0,0,0,0,1,796932.8313,5823518.938,13.37338,52.48086
8,8010405.0,Hertzbergplatz,8100418.0,2019,11,11,4,3,5,3,0,1,0,0,0,0,1,802114.9938,5823638.89,13.44957,52.47909
1,1011304.0,Karl-Marx-Allee,1100311.0,2019,11,8,4,3,5,2,0,1,0,0,0,0,1,799727.2583,5827762.843,13.41822,52.51737
1,1022104.0,Emdener Straße,1200520.0,2019,11,21,3,3,1,5,2,1,0,0,0,0,0,794135.1221,5828462.447,13.33667,52.52669
8,8010301.0,Reuterkiez,8100312.0,2019,11,10,3,3,1,5,0,1,0,0,0,0,0,801480.4253,5823921.508,13.44051,52.48198
1,1011102.0,Großer Tiergarten,1100102.0,2019,11,9,3,3,6,4,0,0,1,0,0,0,1,796537.7383,5827813.357,13.3714,52.51957
3,3050923.0,Weißenseer Spitze,3500934.0,2019,11,8,3,2,0,3,0,1,0,0,0,0,1,800680.7677,5831567.299,13.43568,52.55095
11,11010310.0,Mühlengrund,11100309.0,2019,11,7,3,3,5,2,0,0,0,0,0,1,0,805538.7203,5833408.496,13.5088,52.56475
11,11030618.0,Fennpfuhl West,11300617.0,2019,11,7,3,3,0,1,0,0,0,0,0,0,1,802899.8843,5829212.583,13.46616,52.52861
11,11030618.0,Fennpfuhl West,11300617.0,2019,11,6,3,3,5,2,1,0,0,0,0,0,0,803850.7161,5828776.416,13.47973,52.52418
4,4010102.0,Plötzensee,4100101.0,2019,11,18,3,3,0,1,2,0,0,0,0,0,0,792229.019,5830696.37,13.31062,52.54774
12,12214125.0,Waldidyll/Flughafensee,12200412.0,2019,11,16,3,3,5,3,2,1,0,0,0,0,1,790737.3324,5833706.288,13.29132,52.57552
1,1011302.0,Oranienburger Straße,1100309.0,2019,11,15,3,3,0,4,1,0,1,0,0,0,1,798755.6279,5828975.714,13.40504,52.52878
2,2040502.0,Friedenstraße,2400521.0,2019,11,15,3,3,5,2,1,1,0,0,0,0,1,801126.644,5828575.599,13.43952,52.52389
4,4041238.0,Kissinger Straße,4400830.0,2019,11,15,3,3,5,2,0,1,0,0,0,0,1,791668.236,5823133.054,13.29574,52.48024
2,2030301.0,Oranienplatz,2300314.0,2019,11,14,3,3,5,3,0,1,0,0,0,0,1,799912.0076,5825985.1,13.41934,52.50134
2,2020203.0,Viktoriapark,2200207.0,2019,11,14,3,2,5,2,0,1,0,0,0,0,1,797749.362,5824034.295,13.38583,52.48503
1,1011203.0,Unter den Linden Süd,1100206.0,2019,11,13,3,3,5,2,0,1,0,0,0,0,1,797775.827,5827350.948,13.38918,52.51475
6,6040810.0,Dahlem,6400844.0,2019,11,12,3,3,5,3,0,1,0,0,0,0,0,790574.1855,5819763.491,13.27674,52.45061
3,3040614.0,Pankow Zentrum,3400724.0,2019,11,12,3,3,5,3,0,0,0,0,0,0,0,798695.6333,5833450.053,13.40818,52.56892
1,1022104.0,Emdener Straße,1200520.0,2019,11,11,3,3,3,6,0,1,0,0,0,0,1,794513.3693,5828437.812,13.34221,52.52626
4,4041238.0,Kissinger Straße,4400830.0,2019,11,5,3,3,1,5,2,1,0,0,0,0,0,791857.7281,5823626.719,13.29896,52.48456
1,1044103.0,Westliche Müllerstraße,1400942.0,2019,11,18,2,3,7,7,1,0,0,0,0,0,1,794721.0819,5830905.5,13.34745,52.54827
12,12103218.0,Teichstraße,12100205.0,2019,11,18,2,3,5,2,1,1,0,0,0,0,1,794845.7381,5833049.455,13.35119,52.56742
6,6030609.0,Augustaplatz,6300633.0,2019,11,18,2,3,5,2,2,1,0,0,0,0,1,793276.9057,5819084.813,13.3158,52.44308
6,6020305.0,Gemeindepark Lankwitz,6200315.0,2019,11,12,2,2,5,3,0,1,0,0,0,0,1,796263.294,5817908.6,13.35857,52.43093
1,1022106.0,Elberfelder Straße,1200522.0,2019,11,15,4,2,5,2,0,1,0,0,0,0,0,793680.171,5828001.177,13.32957,52.5228
12,12103218.0,Teichstraße,12100205.0,2019,11,16,2,3,1,5,1,0,0,0,0,1,0,794222.6294,5833326.462,13.34226,52.57025
8,8010508.0,Weiße Siedlung,8100520.0,2019,11,10,2,2,5,2,0,0,0,0,1,0,1,802753.7184,5822970.341,13.45833,52.47275
4,4030724.0,Lietzensee,4300415.0,2019,11,10,4,3,2,6,0,1,0,0,0,0,0,790600.6267,5825985.259,13.28255,52.50638
8,8041036.0,Zittauer Straße,8401242.0,2019,11,8,2,3,5,3,0,1,0,0,0,0,1,805278.6227,5817252.071,13.49017,52.42009
6,6040810.0,Dahlem,6400844.0,2019,11,7,2,3,5,2,0,1,0,0,0,0,1,792369.4341,5820812.05,13.304,52.45906