district,LOR,street,LOR_2021,year,month,hour,weekday,category,accident_kind,accident_type,light_condition,car,pedestrian,motorcycle,goods_vehicle,others,road_condition,LINREFX,LINREFY,XGCSWGS84,YGCSWGS84
1,1033203.0,Humboldthain Nordwest,1300836.0,2019,11,7,2,3,0,6,1,1,0,0,0,0,1,797298.573,5831152.484,13.38557,52.54909
11,11051330.0,Karlshorst West,11501339.0,2019,11,7,4,3,5,3,0,1,0,0,0,0,0,807228.0229,5824304.402,13.52523,52.4822
1,1011102.0,Großer Tiergarten,1100102.0,2019,11,8,4,3,2,3,0,0,0,0,0,0,0,795155.563,5827075.522,13.35044,52.51371
3,3061430.0,Volkspark Prenzlauer Berg,3601450.0,2019,11,16,4,3,5,2,2,0,0,0,0,1,0,801884.7892,5829850.555,13.45182,52.5349
2,2050802.0,Boxhagener Platz,2500834.0,2019,11,3,1,3,0,1,2,0,1,0,0,0,1,802658.9711,5826992.062,13.4606,52.50885
2,2050801.0,Traveplatz,2500830.0,2019,11,10,3,3,5,2,0,0,0,0,0,1,0,803466.787,5827006.257,13.47248,52.50852
9,9041501.0,Altstadt Kietz,9401534.0,2019,11,17,1,3,0,1,2,0,0,0,0,0,1,810807.183,5820377.396,13.57411,52.44499
1,1033202.0,Humboldthain Süd,1300835.0,2019,11,8,3,3,5,2,0,1,0,0,0,0,0,797530.2797,5829429.61,13.38743,52.53352
1,1033102.0,Gesundbrunnen,1300733.0,2019,11,15,1,3,5,3,0,1,0,0,0,0,1,797698.973,5831738.172,13.39198,52.55412
3,3040513.0,Schönholz,3400620.0,2019,11,15,1,3,5,3,0,1,0,0,0,0,1,797412.3571,5833971.488,13.38977,52.57429
3,3051017.0,Rennbahnstraße,3501037.0,2019,11,14,1,3,0,1,0,0,0,0,0,0,1,802252.3381,5833053.074,13.46014,52.5634
1,1011301.0,Charitéviertel,1100308.0,2019,11,8,3,2,5,2,0,1,0,0,0,0,0,796898.817,5828889.314,13.37767,52.52902
3,3020307.0,Buchholz,3200308.0,2019,11,8,4,3,0,2,0,1,0,0,0,0,1,800154.6978,5836464.77,13.43237,52.59514
2,2020206.0,Graefekiez,2200213.0,2019,11,17,4,3,4,7,2,0,0,0,0,0,1,799690.4506,5825221.335,13.41539,52.49461
1,1033202.0,Humboldthain Süd,1300835.0,2019,11,17,4,3,5,3,2,1,0,0,0,0,1,796971.3284,5830138.937,13.37985,52.54018
10,10010309.0,Springpfuhl,10100312.0,2019,11,17,4,3,5,2,2,1,0,0,0,0,1,808531.2864,5829984.174,13.54962,52.53237
8,8010404.0,Rixdorf,8100417.0,2019,11,10,4,3,2,6,0,1,0,0,0,0,1,802439.0736,5823196.956,13.45392,52.47495
1,1011202.0,Unter den Linden Nord,1100206.0,2019,11,10,4,2,2,6,0,1,0,0,0,0,1,797529.2153,5827586.68,13.38577,52.517
2,2050802.0,Boxhagener Platz,2500834.0,2019,11,10,4,3,5,7,0,1,0,0,0,0,1,802887.7992,5826678.811,13.46367,52.50591
7,7050505.0,Hundsteinweg,7501134.0,2019,11,9,4,3,4,7,0,0,0,0,0,0,0,799073.3551,5818818.691,13.40059,52.43756
6,6030610.0,Lichterfelde West,6300634.0,2019,11,7,4,2,5,2,0,1,0,0,0,0,1,792761.353,5817958.289,13.30725,52.43326
9,9010302.0,Späthsfelde,9100306.0,2019,11,16,4,2,5,3,2,1,0,0,0,0,0,805033.9719,5820664.822,13.4897,52.45081
4,4030931.0,Breitscheidplatz,4501042.0,2019,11,15,4,3,6,4,1,0,1,0,0,0,0,793942.3317,5825896.636,13.33157,52.50379
4,4030931.0,Breitscheidplatz,4501042.0,2019,11,7,4,3,0,3,1,1,0,0,0,0,1,794552.6692,5826005.746,13.34063,52.50444
1,1011302.0,Oranienburger Straße,1100309.0,2019,11,9,4,3,3,6,0,1,0,0,0,0,1,798270.6094,5828838.563,13.39778,52.52781
5,5030731.0,Gartenfelder Straße,5300737.0,2019,11,6,4,3,7,7,2,0,0,0,0,0,1,787852.6913,5829367.507,13.2451,52.53816
1,1033203.0,Humboldthain Nordwest,1300836.0,2019,11,5,4,2,5,2,2,1,0,0,0,0,1,796624.0888,5829798.597,13.37444,52.53732
11,11010103.0,Dorf Falkenberg,11100102.0,2019,11,21,3,3,5,3,2,1,0,0,0,0,1,807997.922,5833894.418,13.54541,52.56772
11,11041022.0,Rosenfelder Ring,11401032.0,2019,11,16,3,3,5,2,2,1,0,0,0,0,0,806577.5673,5827759.133,13.51886,52.51353
4,4030623.0,Ernst-Reuter-Platz,4300622.0,2019,11,14,3,3,5,3,0,1,0,0,0,0,0,793687.2508,5826349.208,13.32822,52.50799
7,7040403.0,Manteuffelstraße,7400824.0,2019,11,9,3,3,1,5,0,1,0,0,0,0,0,796976.501,5820982.142,13.37176,52.4581
2,2050601.0,Hausburgviertel,2500726.0,2019,11,6,3,3,5,2,2,1,0,0,0,0,0,801950.5779,5829055.516,13.45206,52.52773
4,4051446.0,Preußenpark,4501043.0,2019,11,8,3,3,5,2,0,1,0,0,0,0,0,792948.3233,5825292.443,13.31643,52.49891
1,1011402.0,Arkonaplatz,1100416.0,2019,11,8,3,3,5,3,0,1,0,0,0,0,0,798815.7773,5829376.955,13.40628,52.53234
9,9010401.0,Johannisthal West,9100407.0,2019,11,7,3,3,2,2,0,1,0,0,0,0,1,806152.0595,5820168.516,13.50564,52.44574
2,2030402.0,Wrangelkiez,2300419.0,2019,11,7,3,3,8,1,1,0,0,0,0,0,1,801435.8948,5825665.59,13.44143,52.49763
5,5010314.0,Carl-Schurz-Straße,5100317.0,2019,11,8,2,3,5,2,0,1,0,0,0,0,0,785043.8548,5829397.788,13.20383,52.53991
9,9031001.0,Bohnsdorf,9301025.0,2019,11,18,2,3,5,2,2,0,0,0,1,0,1,808820.4374,5814861.534,13.53988,52.39668
1,1022206.0,Lüneburger Straße,1200628.0,2019,11,17,2,3,0,1,2,0,0,0,0,0,1,795485.3498,5827928.011,13.35604,52.52117
3,3061126.0,Arnimplatz,3601141.0,2019,11,17,2,3,5,2,2,1,0,0,0,0,1,798652.4323,5831486.952,13.40578,52.55134
2,2050802.0,Boxhagener Platz,2500834.0,2019,11,18,2,3,0,7,2,0,0,0,0,0,0,802333.6273,5827096.643,13.45591,52.50996
10,10010309.0,Springpfuhl,10100312.0,2019,11,15,2,3,5,2,0,1,0,0,0,0,1,807911.9759,5830177.709,13.5407,52.53446
1,1011202.0,Unter den Linden Nord,1100206.0,2019,11,17,2,3,6,4,2,0,1,0,0,0,1,797133.6846,5827775.028,13.38012,52.5189
2,2040701.0,Andreasviertel,2400623.0,2019,11,15,2,3,5,3,0,0,0,0,0,1,1,800580.2547,5827008.28,13.43008,52.51014
3,3020209.0,Niederschönhausen,3200205.0,2019,11,13,2,2,5,3,1,1,0,0,0,0,1,798342.175,5834830.075,13.40422,52.58148
4,4051551.0,Brabanter Platz,4501148.0,2019,11,13,2,3,2,3,0,1,0,0,0,0,1,793093.0227,5822997.539,13.31654,52.47826
12,12214422.0,Klixstraße,12200310.0,2019,11,12,2,2,5,2,0,0,0,0,1,0,0,792185.4295,5832956.495,13.31197,52.56803
9,9051901.0,Dammvorstadt,9501941.0,2019,11,8,2,3,5,2,0,1,0,0,0,0,1,810475.9952,5821194.308,13.57001,52.4525
1,1022104.0,Emdener Straße,1200520.0,2019,11,8,2,3,5,2,0,0,0,0,0,1,0,794542.7963,5829072.984,13.3432,52.53194
1,1011301.0,Charitéviertel,1100308.0,2019,11,8,2,3,0,1,0,0,0,0,0,0,1,797303.9626,5829025.118,13.38374,52.53001
8,8010301.0,Reuterkiez,8100312.0,2019,11,7,2,3,1,5,0,1,0,0,0,1,1,800997.5171,5824808.742,13.43422,52.4902
3,3050925.0,Komponistenviertel Weißensee,3500936.0,2019,11,15,1,3,5,3,0,1,0,0,0,0,1,802703.2938,5831775.814,13.4656,52.5517
9,9020802.0,Köllnische Vorstadt,9200819.0,2019,11,14,1,3,1,7,0,0,0,0,0,1,1,810692.847,5819595.206,13.57171,52.43804
2,2020203.0,Viktoriapark,2200207.0,2019,11,2,1,3,1,5,2,1,0,0,0,0,0,797105.5454,5824371.178,13.37667,52.48841
3,3061228.0,Erich-Weinert-Straße,3601245.0,2019,11,20,1,3,5,2,2,1,0,0,0,0,1,800291.9274,5831596.393,13.42998,52.55142
6,6020409.0,Königsberger Straße,6200421.0,2019,11,6,7,3,5,3,2,1,0,0,0,0,1,793658.7237,5817265.071,13.31981,52.42657
2,2020206.0,Graefekiez,2200213.0,2019,11,22,6,3,0,3,2,1,0,0,0,0,0,799611.2535,5824523.314,13.4136,52.4884
7,7030301.0,Friedenau,7300516.0,2019,11,19,6,3,5,2,2,1,0,0,0,0,0,793990.631,5821564.091,13.32846,52.46493
4,4051448.0,Schaperstraße,4501045.0,2019,11,17,6,3,0,5,2,1,0,0,0,0,0,794003.2069,5825127.668,13.33178,52.49687
11,11041027.0,Tierpark,11401034.0,2019,11,12,1,3,5,3,0,1,0,0,0,0,0,807403.6923,5827435.602,13.5307,52.51017
7,7020203.0,Kaiser-Wilhelm-Platz,7200409.0,2019,11,11,1,3,0,5,0,1,0,0,0,0,0,795998.9348,5824088.127,13.36017,52.48647
1,1033202.0,Humboldthain Süd,1300835.0,2019,11,16,6,3,0,1,0,0,0,0,0,0,1,796973.2246,5830136.228,13.37988,52.54015
9,9020802.0,Köllnische Vorstadt,9200819.0,2019,11,2,1,3,0,1,2,0,0,0,0,0,1,809832.0395,5820239.525,13.55968,52.44431
2,2040701.0,Andreasviertel,2400623.0,2019,11,14,6,3,5,3,0,1,0,0,0,0,0,801242.6851,5827686.68,13.44042,52.51586
3,3050919.0,Gustav-Adolf-Straße,3500932.0,2019,11,14,6,3,5,3,0,1,0,0,0,0,0,801007.2546,5832192.395,13.44104,52.55637
10,10030724.0,Oberfeldstraße,10300731.0,2019,11,15,6,2,5,3,0,1,0,0,0,0,0,808914.2209,5828162.46,13.55356,52.51583
1,1011301.0,Charitéviertel,1100308.0,2019,11,17,7,2,0,1,2,0,0,0,0,0,0,796989.6182,5828921.424,13.37903,52.52926
7,7060604.0,Marienfelde Süd,7601339.0,2019,11,12,7,3,3,6,0,1,0,0,0,0,0,796038.54,5815367.612,13.35303,52.40827
11,11030721.0,Rüdigerstraße,11300722.0,2019,11,22,7,3,0,2,2,1,0,0,0,0,0,805170.5463,5827714.537,13.49815,52.51392
4,4030620.0,Alt-Lietzow,4300619.0,2019,11,14,6,3,0,7,0,1,0,0,0,0,0,792682.231,5827414.733,13.31439,52.51808
1,1011303.0,Alexanderplatzviertel,1100310.0,2019,11,13,6,2,0,2,0,1,0,0,0,0,0,799108.7869,5828466.04,13.40977,52.52402
8,8010211.0,Flughafenstraße,8100206.0,2019,11,7,7,3,0,1,2,0,0,0,0,0,0,800472.7873,5823727.852,13.42554,52.4808
1,1033101.0,Soldiner Straße,1300732.0,2019,11,12,6,3,0,2,0,1,0,0,0,0,0,797709.7892,5832893.588,13.39318,52.56447
4,4041241.0,Breite Straße,4400832.0,2019,11,12,6,3,1,5,0,1,0,0,0,0,0,792099.5669,5822057.274,13.30113,52.47036
12,12302110.0,Dannenwalder Weg,12601235.0,2019,11,9,6,3,5,3,0,1,0,0,0,0,1,794872.0664,5835831.688,13.35405,52.59235
1,1011305.0,Heine-Viertel West,1100312.0,2019,11,10,6,3,5,5,0,0,0,0,0,1,0,799496.9021,5827092.059,13.41424,52.51149
2,2020205.0,Chamissokiez,2200211.0,2019,11,23,6,3,0,7,2,0,0,0,0,0,0,798827.6493,5824523.636,13.4021,52.48883
3,3071536.0,Teutoburger Platz,3701554.0,2019,11,9,6,3,1,5,0,1,0,0,0,0,0,799005.5426,5829155.12,13.40887,52.53025
1,1011202.0,Unter den Linden Nord,1100206.0,2019,11,18,6,3,5,2,2,1,0,0,0,0,0,797203.928,5827496.81,13.38091,52.51637
2,2040701.0,Andreasviertel,2400623.0,2019,11,18,6,3,1,5,2,1,0,0,0,1,1,800862.6063,5826860.884,13.43409,52.50866
3,3061126.0,Arnimplatz,3601141.0,2019,11,17,6,3,1,5,2,1,0,0,0,0,0,799031.2762,5831444.712,13.41131,52.55076
3,3050924.0,Behaimstraße,3500935.0,2019,11,8,6,3,6,7,0,0,1,0,0,0,0,801473.6855,5831873.453,13.44761,52.55325
5,5020625.0,Borkumer Straße,5200629.0,2019,11,17,6,2,0,1,2,0,0,0,0,0,0,784774.5123,5828598.279,13.19918,52.53288
9,9010402.0,Johannisthal Ost,9100409.0,2019,11,17,6,3,0,7,2,0,0,0,0,0,0,806255.9312,5819251.812,13.50633,52.43747
10,10020413.0,Gut Hellersdorf,10200418.0,2019,11,7,6,2,5,3,1,1,0,0,0,0,0,811312.7601,5831178.176,13.59162,52.54149
2,2030401.0,Reichenberger Straße,2300418.0,2019,11,16,6,3,1,5,1,1,0,0,0,0,0,801092.7663,5824994.766,13.43578,52.49181
12,12231102.0,Frohnau,12400721.0,2019,11,7,5,3,5,3,0,1,0,0,0,0,0,789628.1232,5840182.931,13.28066,52.63418
7,7040401.0,Neu-Tempelhof,7400721.0,2019,11,13,6,3,0,6,0,1,0,0,0,0,0,797475.6634,5822858.988,13.38076,52.47465
2,2050602.0,Samariterviertel,2500728.0,2019,11,9,6,3,5,2,0,1,0,0,0,0,1,802769.5184,5827688.03,13.46285,52.51502
10,10020413.0,Gut Hellersdorf,10200418.0,2019,11,15,5,3,5,3,0,1,0,0,0,0,0,811310.0182,5831194.54,13.59159,52.54164
7,7040403.0,Manteuffelstraße,7400824.0,2019,11,15,5,3,5,2,0,1,0,0,0,0,0,796845.7709,5821250.566,13.37008,52.46057
8,8041037.0,Alt-Rudow,8401243.0,2019,11,12,5,2,5,2,0,1,0,0,0,0,0,805554.7792,5818554.717,13.49541,52.43161
1,1022103.0,Westhafen,1200517.0,2019,11,5,6,3,5,2,2,0,0,0,1,0,1,793505.2684,5829397.196,13.32824,52.53541
1,1011304.0,Karl-Marx-Allee,1100311.0,2019,11,10,5,3,5,7,0,1,0,0,0,0,0,799725.6269,5827770.201,13.41821,52.51744
5,5020417.0,Staakener Straße,5200420.0,2019,11,11,6,3,1,5,0,0,0,0,0,1,1,782925.3291,5827993.773,13.17148,52.52842
1,1022201.0,Stephankiez,1200623.0,2019,11,14,5,3,5,2,0,1,0,0,0,0,0,795426.0218,5829544.372,13.3566,52.53569
11,11030721.0,Rüdigerstraße,11300722.0,2019,11,13,5,3,5,2,0,1,0,0,0,0,0,805181.6083,5827914.589,13.4985,52.51571
1,1011305.0,Heine-Viertel West,1100312.0,2019,11,11,6,3,3,5,0,1,0,0,0,0,0,799385.8653,5826385.577,13.41197,52.50522
11,11030720.0,Herzbergstraße,11300721.0,2019,11,19,5,3,3,6,2,0,0,0,0,1,0,804254.1378,5829079.332,13.48594,52.52667
8,8010404.0,Rixdorf,8100417.0,2019,11,14,5,3,5,2,0,1,0,0,0,0,0,802165.856,5823373.547,13.45007,52.47669
3,3030406.0,Alt-Karow,3300413.0,2019,11,16,5,3,1,5,2,1,0,0,0,1,1,803421.8046,5838399.315,13.48223,52.61066
1,1033202.0,Humboldthain Süd,1300835.0,2019,11,16,5,3,5,2,2,1,0,0,0,0,1,797894.6426,5829897.107,13.39321,52.53751
2,2010103.0,Moritzplatz,2100104.0,2019,11,6,5,3,5,5,2,0,0,0,0,1,0,799538.7278,5826248.422,13.41409,52.5039
3,3061434.0,Anton-Saefkow-Park,3601451.0,2019,11,15,5,3,5,2,1,0,0,0,0,1,0,801188.1698,5829489.973,13.44125,52.53205
9,9051702.0,Bölschestraße,9501737.0,2019,11,14,5,3,0,1,0,0,0,0,0,0,1,815171.7596,5820955.888,13.63866,52.44767
12,12231101.0,Hermsdorf,12400723.0,2019,11,9,5,3,5,3,0,1,0,0,0,0,0,792528.5647,5839293.144,13.32261,52.62465
1,2030302.0,Lausitzer Platz,2300315.0,2019,11,0,5,3,0,1,2,0,0,0,0,0,1,800490.627,5826679.437,13.42846,52.50724
1,1011303.0,Alexanderplatzviertel,1100310.0,2019,11,12,5,2,3,6,0,0,0,0,0,1,0,799164.2779,5827801.867,13.40999,52.51803
8,8010115.0,Hasenheide,8100102.0,2019,11,7,4,3,5,3,1,0,0,0,0,1,0,799813.3193,5823665.434,13.4158,52.4806
4,4030623.0,Ernst-Reuter-Platz,4300622.0,2019,11,9,5,3,5,2,0,1,0,0,0,0,0,793683.7431,5826255.475,13.32809,52.50715
2,2030301.0,Oranienplatz,2300314.0,2019,11,9,5,3,5,3,0,1,0,0,0,0,0,800278.8154,5826092.373,13.42482,52.5021
9,9020701.0,Adlershof West,9200715.0,2019,11,19,4,3,5,3,2,1,0,0,0,0,0,807405.5729,5818327.239,13.52233,52.42854
6,6010207.0,Mittelstraße,6100207.0,2019,11,8,5,3,2,2,0,1,0,0,0,0,0,794055.3111,5820385.066,13.32837,52.45432
2,2010102.0,Mehringplatz,2100102.0,2019,11,22,5,3,5,3,2,1,0,0,0,0,1,798248.1191,5826087.731,13.39499,52.50317
4,4051656.0,Hildegardstraße,4501151.0,2019,11,18,4,3,5,2,2,1,0,0,0,0,0,793676.0495,5823424.209,13.32548,52.48177
2,2010103.0,Moritzplatz,2100104.0,2019,11,18,4,3,5,2,2,1,0,0,0,0,0,799118.3786,5826276.424,13.40794,52.50438
12,12231102.0,Frohnau,12400721.0,2019,11,19,5,2,1,5,2,1,0,0,0,0,1,790020.3979,5840742.453,13.28693,52.63898
2,2050801.0,Traveplatz,2500830.0,2019,12,12,4,2,1,1,0,1,0,0,0,0,1,803246.0967,5827429.657,13.46962,52.51244
8,8010405.0,Hertzbergplatz,8100418.0,2019,12,9,4,3,1,5,0,1,0,0,0,1,0,802234.6276,5823821.476,13.45149,52.48066
4,4051448.0,Schaperstraße,4501045.0,2019,12,9,4,3,2,2,0,1,0,0,0,0,1,794246.1599,5825423.57,13.33561,52.49939
11,10010203.0,Gewerbegebiet Bitterfelder Straße,10100205.0,2019,12,9,4,3,5,2,0,1,0,0,0,0,0,806911.9213,5832618.356,13.52826,52.55689
4,4041240.0,Messelpark,4400831.0,2019,12,9,4,3,5,3,0,1,0,0,0,0,1,790958.4373,5822396.911,13.28468,52.47402
1,1011203.0,Unter den Linden Süd,1100206.0,2019,12,9,4,3,1,5,0,1,0,0,0,1,0,798315.3498,5827285.54,13.39705,52.51387
1,1044102.0,Schillerpark,1400940.0,2019,12,16,4,3,1,5,2,1,0,0,0,1,1,794651.7923,5831827.951,13.34725,52.55658
9,9010302.0,Späthsfelde,9100306.0,2019,12,14,4,3,5,3,0,1,0,0,0,0,0,804937.9973,5820711.101,13.48833,52.45128
10,10010309.0,Springpfuhl,10100312.0,2019,12,15,3,3,4,6,1,1,0,0,0,0,1,808277.1321,5828835.513,13.54482,52.52222
6,6030503.0,Zehlendorf Mitte,6300527.0,2019,12,9,3,3,0,2,0,1,0,0,0,0,1,789568.7598,5817313.778,13.25987,52.42918
8,8010303.0,Donaustraße,8100314.0,2019,12,8,3,3,3,6,0,1,0,0,0,0,0,801243.2645,5823811.382,13.43692,52.48112
11,11030824.0,Frankfurter Allee Süd,11300826.0,2019,12,7,3,3,0,1,0,0,0,0,0,0,2,803692.7441,5827471.119,13.47622,52.51257
2,2020203.0,Viktoriapark,2200207.0,2019,12,7,3,3,0,2,0,0,0,0,0,1,2,797531.4061,5824961.048,13.38345,52.49346
9,9010402.0,Johannisthal Ost,9100409.0,2019,12,20,3,3,5,2,2,1,0,0,0,0,1,806734.1903,5820275.783,13.51428,52.44638
3,3061429.0,Greifswalder Straße,3601449.0,2019,12,17,3,3,5,2,2,1,0,0,0,0,1,801135.0391,5830741.216,13.44161,52.54329
1,1011302.0,Oranienburger Straße,1100309.0,2019,12,18,3,3,1,5,2,1,0,0,0,0,1,798384.2376,5828507.565,13.39916,52.52479
11,11051331.0,Karlshorst Nord,11501340.0,2019,12,7,3,3,0,6,1,1,0,0,0,0,2,807529.27,5825486.428,13.53074,52.49263
3,3061126.0,Arnimplatz,3601141.0,2019,12,15,3,3,5,3,0,1,0,0,0,0,1,799243.0394,5831804.61,13.41475,52.55387
1,1011203.0,Unter den Linden Süd,1100206.0,2019,12,15,3,3,5,3,0,1,0,0,0,0,1,798296.6319,5827336.243,13.39682,52.51433
4,4031032.0,Halensee,4500938.0,2019,12,14,3,3,5,2,0,1,0,0,0,0,0,791581.4276,5824876.138,13.29599,52.49591
2,2020204.0,Urbanstraße,2200210.0,2019,12,13,3,3,1,5,0,1,0,0,0,0,1,797900.4509,5825059.328,13.38896,52.49414
9,9051901.0,Dammvorstadt,9501941.0,2019,12,11,3,2,5,2,0,1,0,0,0,0,0,809946.5136,5821592.918,13.56262,52.45637
1,1022206.0,Lüneburger Straße,1200628.0,2019,12,21,2,2,3,6,2,0,0,0,0,0,1,796258.7349,5828528.94,13.36794,52.52614
12,12231101.0,Hermsdorf,12400723.0,2019,12,16,2,3,1,5,2,0,0,0,0,1,0,790545.8243,5837006.397,13.29139,52.60521
1,1011301.0,Charitéviertel,1100308.0,2019,12,16,2,3,2,6,2,1,0,0,0,0,1,797052.9126,5829317.609,13.38032,52.53277
8,8010509.0,Schulenburgpark,8100521.0,2019,12,16,2,3,1,5,2,1,0,0,0,0,1,803402.1132,5822522.547,13.46744,52.46837
6,6020409.0,Königsberger Straße,6200421.0,2019,12,16,2,3,5,2,2,1,0,0,0,0,1,793123.1977,5817653.075,13.31229,52.43033
2,2050802.0,Boxhagener Platz,2500834.0,2019,12,15,2,3,0,7,1,0,0,0,0,0,1,802412.6155,5827071.589,13.45705,52.5097
8,8010301.0,Reuterkiez,8100312.0,2019,12,14,2,3,5,3,0,1,0,0,0,0,1,801061.7087,5824921.98,13.43526,52.49118
2,2010104.0,Wassertorplatz,2100106.0,2019,12,21,2,2,3,6,2,1,0,0,0,0,1,799951.1074,5825475.336,13.41945,52.49675
3,3010101.0,Bucher Forst,3100101.0,2019,12,5,2,3,5,3,2,1,0,0,0,0,0,803850.8027,5841447.337,13.49135,52.63774
3,3040614.0,Pankow Zentrum,3400724.0,2019,12,17,2,3,5,7,2,1,0,0,0,0,1,797760.2694,5832938.574,13.39396,52.56484
11,11051332.0,Karlshorst Süd,11501341.0,2019,12,7,2,3,5,2,0,1,0,0,0,0,0,807202.691,5823904.841,13.52449,52.47864
11,11030721.0,Rüdigerstraße,11300722.0,2019,12,14,1,3,0,4,0,0,1,0,0,0,0,803896.7869,5827894.7,13.4796,52.51625
1,1022206.0,Lüneburger Straße,1200628.0,2019,11,12,7,3,5,3,0,1,0,0,0,0,0,795924.4933,5828125.712,13.36267,52.5227
1,1011301.0,Charitéviertel,1100308.0,2019,11,23,7,3,1,5,2,0,0,0,0,1,0,797286.191,5829045.714,13.3835,52.53021
3,3020307.0,Buchholz,3200308.0,2019,11,18,7,3,5,2,2,1,0,0,0,0,0,800465.6378,5836192.223,13.4367,52.59252
2,2030302.0,Lausitzer Platz,2300315.0,2019,11,7,7,3,0,7,0,0,0,0,0,0,0,800360.3496,5825763.326,13.42572,52.4991
5,5010314.0,Carl-Schurz-Straße,5100317.0,2019,11,18,6,3,5,2,2,1,0,0,0,0,0,784837.7366,5829252.838,13.20067,52.53871
2,2010104.0,Wassertorplatz,2100106.0,2019,11,17,6,3,3,2,1,1,0,0,0,0,0,799443.6293,5825642.334,13.41215,52.49852
2,2020206.0,Graefekiez,2200213.0,2019,11,16,6,3,5,2,2,1,0,0,0,0,0,799071.5097,5824566.771,13.40572,52.48909
7,7030302.0,Ceciliengärten,7300618.0,2019,11,9,6,3,5,3,0,1,0,0,0,0,0,794512.8068,5821899.596,13.33642,52.46765
2,2010102.0,Mehringplatz,2100102.0,2019,11,16,6,2,0,7,2,0,0,0,0,0,0,798277.3548,5825704.866,13.39508,52.49972
7,7010102.0,Nollendorfplatz,7100103.0,2019,11,9,6,3,6,4,0,0,1,0,0,0,1,795872.0152,5825386.683,13.35946,52.49818
2,2040502.0,Friedenstraße,2400521.0,2019,11,8,6,3,5,2,0,0,0,0,0,1,0,801221.3527,5828648.384,13.44098,52.52449
2,2020205.0,Chamissokiez,2200211.0,2019,11,8,6,3,6,4,0,0,1,0,0,0,1,798493.4234,5824509.757,13.39718,52.48889
11,11030720.0,Herzbergstraße,11300721.0,2019,11,17,5,2,6,4,2,0,1,0,0,0,1,805834.7277,5830108.255,13.51011,52.535
1,1011401.0,Invalidenstraße,1100415.0,2019,11,17,5,3,5,3,2,1,0,0,0,0,1,798049.7537,5829152.3,13.39482,52.53075
10,10040933.0,Mahlsdorf Süd,10400941.0,2019,11,16,5,3,5,3,2,1,0,0,0,0,1,812363.794,5823794.055,13.60014,52.47472
1,1011303.0,Alexanderplatzviertel,1100310.0,2019,11,15,5,3,5,2,0,1,0,0,0,0,0,799108.7869,5828466.04,13.40977,52.52402
4,4051549.0,Rathaus Wilmersdorf,4501146.0,2019,11,21,5,3,5,2,2,1,0,0,0,0,1,793308.3703,5823915.97,13.32051,52.48638
3,3071537.0,Kollwitzplatz,3701555.0,2019,11,13,5,3,7,7,0,0,0,0,0,0,0,799388.0183,5830035.769,13.41529,52.53793
9,9010202.0,Köpenicker Landstraße,9100203.0,2019,11,20,5,3,5,3,2,1,0,0,0,0,1,804463.6843,5823218.044,13.48366,52.47402
2,2030302.0,Lausitzer Platz,2300315.0,2019,11,11,5,3,5,7,0,1,0,0,0,0,0,800868.9969,5825858.356,13.43328,52.49967
12,12214424.0,Scharnweberstraße,12200309.0,2019,11,10,5,3,5,2,0,1,0,0,0,0,0,793550.331,5832378.687,13.33153,52.56211
3,3020307.0,Buchholz,3200308.0,2019,11,10,5,3,1,5,0,0,0,0,0,1,0,800200.3648,5836790.939,13.43334,52.59803
10,10020415.0,Hellersdorfer Promenade,10200422.0,2019,11,8,5,3,5,3,0,1,0,0,0,0,0,812686.6434,5831086.145,13.61172,52.53988
2,2030302.0,Lausitzer Platz,2300315.0,2019,11,7,5,3,6,4,0,1,1,0,0,0,1,800526.0879,5826324.828,13.42866,52.50404
5,5030731.0,Gartenfelder Straße,5300737.0,2019,11,5,5,3,5,2,2,1,0,0,0,0,1,787712.0704,5829413.393,13.24308,52.53864
7,7010102.0,Nollendorfplatz,7100103.0,2019,11,18,4,3,2,7,2,1,0,0,0,0,1,795392.8165,5825166.826,13.35223,52.49647
7,7040405.0,Rathaus Tempelhof,7400927.0,2019,11,17,4,3,6,6,2,0,1,0,0,0,0,798269.3576,5821298.21,13.39102,52.46023
8,8010214.0,Glasower Straße,8100209.0,2019,11,20,4,3,1,5,2,1,0,0,0,0,0,801205.5016,5822209.869,13.43492,52.46679
3,3061228.0,Erich-Weinert-Straße,3601245.0,2019,12,8,6,3,5,3,0,1,0,0,0,0,1,800769.3757,5831333.89,13.43677,52.54881
4,4051445.0,Eisenzahnstraße,4500939.0,2019,11,17,4,3,5,2,2,1,0,0,0,0,1,792146.9613,5824075.564,13.3036,52.48843
6,6010207.0,Mittelstraße,6100207.0,2019,11,17,4,3,5,3,2,1,0,0,0,0,1,793950.5983,5820445.077,13.32688,52.45492
3,3040614.0,Pankow Zentrum,3400724.0,2019,12,6,6,2,5,3,2,1,0,0,0,0,0,798730.6526,5833696.375,13.40892,52.57111
2,2030302.0,Lausitzer Platz,2300315.0,2019,11,17,4,3,5,2,2,1,0,0,0,0,1,800402.0402,5825786.386,13.42635,52.49929
7,7020203.0,Kaiser-Wilhelm-Platz,7200409.0,2019,12,7,6,3,5,3,1,1,0,0,0,0,0,795522.8782,5824356.518,13.35342,52.48913
1,1022106.0,Elberfelder Straße,1200522.0,2019,11,20,4,3,5,2,2,1,0,0,0,0,0,793697.8285,5828111.581,13.32993,52.52378
5,5010101.0,Hakenfelde Nord,5100103.0,2019,12,7,6,3,5,3,1,1,0,0,0,0,1,785095.1964,5832236.483,13.20702,52.56533
3,3010104.0,Lietzengraben,3100101.0,2019,11,13,4,3,3,6,0,1,0,0,0,0,0,800804.6897,5838719.426,13.44399,52.61499
7,7040401.0,Neu-Tempelhof,7400721.0,2019,11,12,4,3,3,6,0,0,0,0,1,0,0,797761.442,5823954.551,13.38593,52.48431
1,1011301.0,Charitéviertel,1100308.0,2019,11,9,4,2,5,3,0,1,0,0,0,0,0,797023.0803,5829351.975,13.37991,52.5331
2,2010103.0,Moritzplatz,2100104.0,2019,11,16,4,3,5,3,2,1,0,0,0,0,1,799281.7464,5826219.656,13.41029,52.50379
1,1022203.0,Lübecker Straße,1200625.0,2019,12,17,5,3,1,5,2,1,0,0,0,0,1,794799.6017,5828940.681,13.34686,52.53062
1,1022206.0,Lüneburger Straße,1200628.0,2019,11,15,4,3,2,1,0,0,0,0,0,1,1,796234.1754,5828127.866,13.36722,52.52255
11,11030721.0,Rüdigerstraße,11300722.0,2019,11,7,4,3,0,1,1,0,0,0,0,0,0,804002.7415,5828219.504,13.48146,52.5191
3,3050923.0,Weißenseer Spitze,3500934.0,2019,12,9,5,3,2,6,0,1,0,0,0,0,0,800771.8014,5831764.848,13.43719,52.55267
8,8010211.0,Flughafenstraße,8100206.0,2019,11,19,3,2,0,1,2,0,0,0,0,0,0,800466.6946,5823725.655,13.42545,52.48078
6,6030608.0,Schweizer Viertel,6300632.0,2019,12,7,5,3,1,5,0,1,0,0,0,0,0,792148.5867,5816784.35,13.29724,52.42307