district,LOR,street,LOR_2021,year,month,hour,weekday,category,accident_kind,accident_type,light_condition,car,pedestrian,motorcycle,goods_vehicle,others,road_condition,LINREFX,LINREFY,XGCSWGS84,YGCSWGS84
4,4051653.0,Prager Platz,4501152.0,2019,12,21,5,3,5,2,2,1,0,0,0,0,0,793952.3444,5824716.492,13.33067,52.49321
11,11041128.0,Sewanstraße,11401135.0,2019,12,7,5,3,5,3,2,1,0,0,0,0,1,805860.1174,5825310.08,13.50607,52.49199
11,11020515.0,Landsberger Allee,11200514.0,2019,12,7,5,3,5,3,2,1,0,0,0,0,1,805124.2257,5830056.397,13.49962,52.53494
8,8010301.0,Reuterkiez,8100312.0,2019,11,15,3,3,3,6,1,0,0,0,0,1,0,801583.4323,5824067.406,13.44215,52.48323
6,6010101.0,Fichtenberg,6100101.0,2019,11,20,3,3,5,3,2,1,0,0,0,0,1,792516.9041,5821409.601,13.30669,52.46433
7,7040402.0,Lindenhofsiedlung,7400822.0,2019,12,10,5,2,5,3,0,0,0,0,1,0,0,796597.7349,5821140.413,13.36634,52.45972
2,2010103.0,Moritzplatz,2100104.0,2019,11,19,3,3,5,2,2,1,0,0,0,0,0,799117.3243,5826273.946,13.40792,52.50436
7,7030301.0,Friedenau,7300516.0,2019,11,19,3,3,1,5,2,1,0,0,0,0,0,793733.7956,5821688.171,13.3248,52.46618
4,4030417.0,Schloßstraße,4300414.0,2019,12,18,5,3,1,5,2,0,0,0,0,1,0,791554.5473,5826675.706,13.29717,52.51206
6,6040702.0,Düppel,6400736.0,2019,12,18,5,3,5,3,2,1,0,0,0,0,0,787500.7562,5816884.524,13.22916,52.42643
4,4030930.0,George-Grosz-Platz,4501041.0,2019,12,16,5,3,0,3,2,0,0,1,0,0,1,792840.3672,5825522.405,13.31505,52.50103
7,7040403.0,Manteuffelstraße,7400824.0,2019,11,14,3,3,5,3,0,1,0,0,0,0,0,797356.1552,5822015.789,13.37825,52.46716
2,2010103.0,Moritzplatz,2100104.0,2019,11,13,3,3,5,2,0,0,0,0,0,1,0,799292.6846,5826222.044,13.41045,52.5038
3,3071639.0,Bötzowstraße,3701660.0,2019,12,16,5,3,1,5,2,1,0,0,0,0,0,800824.9156,5829173.767,13.43563,52.52942
3,3010102.0,Buch,3100102.0,2019,12,14,5,3,5,3,0,1,0,0,0,0,0,804356.7982,5840432.64,13.49787,52.62836
1,1011201.0,Wilhelmstraße,1100205.0,2019,12,15,5,3,2,2,0,1,0,0,0,0,0,797296.7749,5827242.859,13.38205,52.51404
2,2020205.0,Chamissokiez,2200211.0,2019,11,7,3,3,0,3,0,0,0,1,0,0,0,798023.4733,5824680.213,13.39043,52.49068
6,6030608.0,Schweizer Viertel,6300632.0,2019,12,14,5,2,5,3,0,1,0,0,0,0,0,792504.6721,5817218.724,13.30284,52.42677
4,4031032.0,Halensee,4500938.0,2019,11,7,3,3,5,3,0,1,0,0,0,0,0,791590.6966,5825066.629,13.29629,52.49761
8,8020620.0,Tempelhofer Weg,8200624.0,2019,12,13,5,3,5,7,0,1,0,0,0,0,0,801243.0097,5820641.384,13.43406,52.45271
8,8010404.0,Rixdorf,8100417.0,2019,11,10,3,3,3,6,0,1,0,0,0,0,0,801549.7862,5823813.108,13.44143,52.48097
1,1011103.0,Lützowstraße,1100103.0,2019,11,11,3,3,1,5,0,1,0,0,0,0,0,795596.8063,5826117.301,13.35607,52.50488
11,11051332.0,Karlshorst Süd,11501341.0,2019,11,13,2,3,5,2,0,0,0,0,0,1,0,807099.2893,5823655.349,13.52274,52.47646
1,1011202.0,Unter den Linden Nord,1100206.0,2019,11,8,2,3,6,4,0,0,1,0,0,0,0,797160.435,5827685.961,13.38044,52.51809
10,10010310.0,Alt-Marzahn,10100313.0,2019,11,20,2,2,5,2,2,1,0,0,0,0,0,809940.0281,5831602.802,13.57184,52.54608
2,2030402.0,Wrangelkiez,2300419.0,2019,11,19,2,3,0,1,2,1,0,0,0,0,0,801751.8948,5825816.553,13.44621,52.49881
5,5040936.0,Jägerallee,5400943.0,2019,11,17,2,3,5,3,2,1,0,0,0,0,0,782291.1249,5820464.019,13.15578,52.46123
4,4030725.0,Amtsgerichtsplatz,4300416.0,2019,11,16,2,3,2,3,2,1,0,0,0,0,0,791283.9233,5826071.246,13.29267,52.50678
8,8010211.0,Flughafenstraße,8100206.0,2019,11,18,2,3,0,1,2,0,0,0,0,0,0,800471.4775,5823727.38,13.42552,52.48079
4,4030930.0,George-Grosz-Platz,4501041.0,2019,12,17,4,3,1,5,2,1,0,0,0,1,0,792786.8061,5825502.331,13.31425,52.50088
8,8010303.0,Donaustraße,8100314.0,2019,12,17,4,3,6,4,2,0,1,0,0,0,0,800488.9326,5824245.834,13.42624,52.48543
2,2020203.0,Viktoriapark,2200207.0,2019,11,11,2,3,5,3,0,1,0,0,0,0,0,797016.7495,5824467.615,13.37546,52.48932
7,7030301.0,Friedenau,7300516.0,2019,11,14,2,3,0,4,0,0,1,0,0,0,0,793489.2937,5821987.882,13.32147,52.469
2,2040502.0,Friedenstraße,2400521.0,2019,12,16,4,3,5,3,2,1,0,0,0,0,0,801132.3003,5828599.963,13.43963,52.5241
1,1011105.0,Nördlicher Landwehrkanal,1100102.0,2019,12,18,4,3,5,2,2,1,0,0,0,0,0,796415.3719,5826326.504,13.36828,52.50631
2,2020205.0,Chamissokiez,2200211.0,2019,11,11,2,3,5,3,0,1,0,0,0,0,0,798791.2823,5824111.69,13.40119,52.48516
1,1044202.0,Sparrplatz,1401046.0,2019,11,8,2,3,6,4,0,0,1,0,0,0,0,794855.0072,5829889.107,13.34851,52.53909
12,12214126.0,Tegel Süd,12200413.0,2019,11,6,2,2,5,3,2,1,0,0,0,0,0,789759.7469,5833884.88,13.27709,52.57765
8,8010301.0,Reuterkiez,8100312.0,2019,11,0,2,3,1,5,2,1,0,0,0,0,0,801481.6415,5823923.267,13.44052,52.48199
3,3061227.0,Humannplatz,3601244.0,2019,12,14,7,3,2,1,0,1,0,0,0,0,1,800087.0375,5831664.177,13.42703,52.55214
4,4051448.0,Schaperstraße,4501045.0,2019,12,14,7,3,0,1,0,0,0,0,0,0,1,793972.088,5824964.429,13.33118,52.49542
8,8010301.0,Reuterkiez,8100312.0,2019,12,13,7,3,4,2,0,1,0,0,0,0,1,801100.9916,5824355.675,13.43533,52.48608
5,5020417.0,Staakener Straße,5200420.0,2019,12,13,7,3,0,1,0,0,0,0,0,0,1,783579.979,5828907.484,13.18188,52.53627
6,6010209.0,Feuerbachstraße,6100209.0,2019,12,11,7,3,5,2,0,1,0,0,0,0,1,794648.8117,5820986.841,13.33761,52.4594
3,3061131.0,Falkplatz,3601142.0,2019,12,10,7,3,5,3,0,1,0,0,0,0,1,798880.506,5830395.914,13.40815,52.54144
4,4051550.0,Leon-Jessel-Platz,4501043.0,2019,12,19,7,3,6,6,2,0,1,0,0,0,1,793174.309,5824511.159,13.31907,52.49179
9,9041501.0,Altstadt Kietz,9401534.0,2019,12,21,6,3,1,5,2,0,0,0,0,1,1,811502.9849,5820070.904,13.58403,52.44184
7,7010102.0,Nollendorfplatz,7100103.0,2019,12,10,6,3,5,3,0,1,0,0,0,0,0,794992.9962,5825090.207,13.34629,52.496
7,7070703.0,John-Locke-Straße,7601544.0,2019,12,10,6,3,0,1,0,0,0,0,0,0,2,799238.9891,5813123.851,13.39793,52.38642
4,4051653.0,Prager Platz,4501152.0,2019,12,8,6,3,5,2,0,1,0,0,0,0,0,793979.405,5824651.059,13.33101,52.49261
12,12302211.0,Lübarser Straße,12601031.0,2019,12,8,6,3,3,6,0,1,0,0,0,0,0,793524.6761,5836870.284,13.33513,52.60239
4,4041239.0,Stadion Wilmersdorf,4400830.0,2019,12,7,6,3,5,2,1,0,0,0,0,1,0,792231.5646,5823140.285,13.30402,52.48
7,7040406.0,Germaniagarten,7400928.0,2019,12,7,6,3,5,2,0,1,0,0,0,0,1,800159.6576,5821496.277,13.41893,52.46097
11,11051330.0,Karlshorst West,11501339.0,2019,12,7,6,3,5,7,2,1,0,0,0,0,1,807206.462,5825569.211,13.52608,52.49355
3,3061131.0,Falkplatz,3601142.0,2019,12,19,6,2,0,1,2,0,0,0,0,0,0,798796.6317,5830351.047,13.40688,52.54108
9,9010101.0,Elsenstraße,9100101.0,2019,12,18,6,3,1,5,2,1,0,0,0,0,0,802309.1286,5825528.612,13.45413,52.49592
1,1044101.0,Rehberge,1400938.0,2019,12,18,6,2,5,3,2,1,0,0,0,0,0,794649.798,5831458.698,13.34689,52.55327
1,1022204.0,Thomasiusstraße,1200626.0,2019,12,16,6,3,0,1,0,0,0,0,0,0,0,795321.435,5827750.864,13.35347,52.51967
2,2040503.0,Richard-Sorge-Viertel,2400522.0,2019,12,15,6,3,2,7,0,1,0,0,0,0,0,801811.7887,5827957.622,13.44903,52.51797
3,3040614.0,Pankow Zentrum,3400724.0,2019,12,6,5,3,6,7,2,0,1,0,0,0,0,799922.295,5834443.365,13.42712,52.57715
2,2030402.0,Wrangelkiez,2300419.0,2019,12,11,5,3,5,2,0,1,0,0,0,0,0,801837.2142,5825745.456,13.4474,52.49813
1,1011301.0,Charitéviertel,1100308.0,2019,12,16,5,3,3,6,2,0,0,0,0,1,0,796789.3874,5828824.375,13.376,52.5285
8,8010303.0,Donaustraße,8100314.0,2019,12,16,5,3,5,3,2,1,0,0,0,0,0,801218.2685,5823891.147,13.43663,52.48185
1,1044201.0,Reinickendorfer Straße,1401045.0,2019,12,12,5,3,5,3,0,1,0,0,0,0,1,796981.2124,5831508.988,13.38122,52.55246
10,10040931.0,Mahlsdorf Nord,10400938.0,2019,12,12,5,3,5,3,0,1,0,0,0,0,1,812883.4335,5828217.38,13.61192,52.51406
9,9010401.0,Johannisthal West,9100407.0,2019,12,12,5,2,5,2,1,0,0,0,1,0,0,805510.4034,5821508.895,13.49746,52.45811
2,2020203.0,Viktoriapark,2200207.0,2019,12,21,5,2,5,3,2,0,0,0,0,0,1,797270.4236,5824744.308,13.37943,52.49166
1,1011401.0,Invalidenstraße,1100415.0,2019,12,20,5,3,1,5,0,1,0,0,0,0,0,798411.2953,5829204.446,13.40018,52.53102
6,6030503.0,Zehlendorf Mitte,6300527.0,2019,12,18,5,3,5,3,2,1,0,0,0,0,1,790633.8206,5817849.788,13.27595,52.43342
2,2030301.0,Oranienplatz,2300314.0,2019,12,18,5,3,2,2,2,1,0,0,0,0,0,799585.3322,5826345.256,13.41486,52.50474
9,9051901.0,Dammvorstadt,9501941.0,2019,12,6,5,3,4,6,2,0,0,0,0,0,1,810842.7494,5821379.93,13.57556,52.45395
9,9010301.0,Baumschulenstraße,9100305.0,2019,12,7,4,3,4,5,0,1,0,0,0,0,0,805009.2227,5822035.321,13.49058,52.46311
3,3061332.0,Helmholtzplatz,3601346.0,2019,12,16,4,3,0,6,1,1,0,0,0,0,0,799838.7745,5830337.211,13.42218,52.54039
8,8010303.0,Donaustraße,8100314.0,2019,12,20,4,3,0,2,2,0,0,0,0,1,0,801016.2015,5823909.127,13.43368,52.48212
1,1022104.0,Emdener Straße,1200520.0,2019,12,17,4,3,5,2,2,1,0,0,0,0,0,794557.1467,5828963.718,13.34332,52.53096
4,4030417.0,Schloßstraße,4300414.0,2019,12,13,4,3,0,4,0,0,1,0,0,0,0,790963.2384,5826754.292,13.28855,52.51308
1,1011305.0,Heine-Viertel West,1100312.0,2019,12,12,4,3,5,2,0,1,0,0,0,0,0,799652.4733,5827049.726,13.41648,52.51102
1,1011204.0,Leipziger Straße,1100207.0,2019,12,17,4,3,6,2,2,0,1,0,0,0,0,798933.7885,5827028.491,13.40591,52.51123
4,4030415.0,Schloßgarten,4300412.0,2019,12,15,4,1,5,3,0,1,0,0,0,0,0,791668.6984,5827715.837,13.29976,52.52132
1,1011203.0,Unter den Linden Süd,1100206.0,2019,12,14,3,3,3,2,0,0,0,0,0,1,0,797624.154,5827015.504,13.38665,52.51183
7,7070705.0,Franziusweg/Rohrbachstraße,7601546.0,2019,12,14,3,3,5,3,0,1,0,0,0,0,0,798504.5128,5814424.923,13.38833,52.39849
11,11020412.0,Hauptstraße,11200513.0,2019,12,12,3,3,1,5,0,1,0,0,0,0,1,805065.5499,5831264.545,13.49987,52.5458
9,9020701.0,Adlershof West,9200715.0,2019,12,12,3,3,5,2,0,1,0,0,0,0,1,808195.1017,5819624.28,13.53511,52.43972
1,1022104.0,Emdener Straße,1200520.0,2019,12,12,3,3,5,2,0,1,0,0,0,0,2,794560.926,5828649.015,13.34309,52.52813
4,4051446.0,Preußenpark,4501043.0,2019,12,9,3,2,5,2,0,1,0,0,0,0,0,792856.9563,5824324.29,13.31424,52.49028
10,10040932.0,Alt-Mahlsdorf,10400939.0,2019,12,8,3,3,7,7,0,0,0,0,0,0,0,813514.2539,5827712.331,13.62071,52.50917
2,2020203.0,Viktoriapark,2200207.0,2019,12,22,3,3,5,3,2,1,0,0,0,0,1,797274.0707,5824525.628,13.37929,52.4897
4,4030931.0,Breitscheidplatz,4501042.0,2019,12,17,3,3,1,5,2,1,0,0,0,0,1,793651.9682,5825790.761,13.32721,52.503
1,1022104.0,Emdener Straße,1200520.0,2019,12,17,3,3,1,5,2,1,0,0,0,1,0,794555.5099,5828999.789,13.34332,52.53128
6,6020301.0,Alt-Lankwitz,6200311.0,2019,12,16,3,3,5,3,1,1,0,0,0,0,0,796782.6489,5818442.923,13.36666,52.43544
4,4020208.0,Kranzallee,4200206.0,2019,12,7,3,2,0,1,2,0,0,0,0,0,2,786899.8174,5825765.393,13.22799,52.50636
11,11020412.0,Hauptstraße,11200513.0,2019,12,4,3,3,0,2,2,0,0,0,0,1,1,806402.5552,5831228.444,13.51949,52.54472
6,6040810.0,Dahlem,6400844.0,2019,12,8,3,3,0,1,0,0,0,0,0,0,2,791835.7099,5821375.656,13.29666,52.46439
3,3030406.0,Alt-Karow,3300413.0,2019,12,7,3,3,6,7,0,0,1,0,0,0,0,802771.2616,5837403.236,13.47174,52.6021
9,9041402.0,Siedlung Kämmereiheide,9401432.0,2019,12,17,2,3,6,6,0,0,1,0,0,0,0,812169.7256,5820407.454,13.59412,52.44448
1,1011201.0,Wilhelmstraße,1100205.0,2019,12,9,2,3,5,3,0,1,0,0,0,0,1,797156.7426,5826452.326,13.37928,52.50703
8,8020622.0,Parchimer Allee,8200727.0,2019,12,12,2,3,5,3,0,1,0,0,0,0,0,801498.8549,5820182.099,13.4374,52.44845
6,6010204.0,Munsterdamm,6100204.0,2019,12,20,2,3,0,7,2,1,0,0,0,0,1,795771.3135,5820232.715,13.35341,52.45203
3,3071537.0,Kollwitzplatz,3701555.0,2019,12,18,4,3,5,3,2,1,0,0,0,0,0,799723.33,5830079.385,13.42025,52.53814
8,8010301.0,Reuterkiez,8100312.0,2019,12,17,4,3,5,2,2,1,0,0,0,0,0,800912.8102,5824454.712,13.43265,52.48707
7,7030303.0,Grazer Platz,7300619.0,2019,12,17,4,3,5,2,2,1,0,0,0,0,0,794664.6966,5821802.186,13.33856,52.4667
4,4030931.0,Breitscheidplatz,4501042.0,2019,12,13,4,3,2,6,0,1,0,0,0,1,0,794393.8737,5825715.429,13.33804,52.50192
9,9010401.0,Johannisthal West,9100407.0,2019,12,20,3,3,5,2,2,1,0,0,0,0,0,806271.103,5820979.265,13.50813,52.45294
5,5020523.0,Maulbeerallee,5200528.0,2019,12,19,3,3,5,2,2,1,0,0,0,0,0,782383.2309,5827031.024,13.16269,52.52007
10,10020622.0,Kaulsdorf Nord I,10200629.0,2019,12,17,3,3,2,6,2,1,0,0,0,0,0,811181.1966,5829153.071,13.58779,52.52342
4,4030622.0,Richard-Wagner-Straße,4300621.0,2019,12,15,2,3,1,5,1,1,0,0,0,0,1,791927.2357,5827194.875,13.3031,52.51651
1,1011305.0,Heine-Viertel West,1100312.0,2019,12,16,3,3,5,3,2,1,0,0,0,0,0,799131.1392,5827129.004,13.40889,52.51202
4,4030725.0,Amtsgerichtsplatz,4300416.0,2019,12,15,2,3,5,3,1,1,0,0,0,0,1,791761.8948,5826439.524,13.30001,52.50983
1,1011302.0,Oranienburger Straße,1100309.0,2019,12,13,2,3,1,5,0,0,0,0,1,0,0,798951.1119,5828949.217,13.40789,52.52843
10,10010308.0,Marzahner Chaussee,10100311.0,2019,12,10,3,2,0,7,1,0,0,0,0,0,0,806554.6955,5830221.092,13.5208,52.53561
7,7020201.0,Bayerischer Platz,7200307.0,2019,12,15,3,3,5,2,0,1,0,0,0,0,0,794934.4837,5824320.312,13.34475,52.48913
7,7070704.0,Nahariyastraße,7601545.0,2019,12,15,3,3,5,2,0,1,0,0,0,0,0,799931.2509,5814007.693,13.40887,52.39397
7,7070705.0,Franziusweg/Rohrbachstraße,7601546.0,2019,12,13,3,3,5,3,0,1,0,0,0,0,1,799251.7202,5812641.973,13.39769,52.3821
2,2010102.0,Mehringplatz,2100102.0,2019,12,9,2,3,5,2,0,1,0,0,0,0,0,798401.5808,5826418.732,13.39754,52.50605
6,6040703.0,Nikolassee,6400737.0,2019,12,13,3,3,0,1,0,0,0,0,0,0,1,786768.0943,5817058.025,13.21857,52.42837
10,10020413.0,Gut Hellersdorf,10200418.0,2019,12,13,3,3,5,3,0,1,0,0,0,0,0,811113.234,5831265.985,13.58877,52.54239
3,3030715.0,Heinersdorf,3300516.0,2019,12,7,2,2,5,3,1,0,0,0,0,1,1,800812.6694,5833502.985,13.43937,52.56823
4,4041344.0,Rüdesheimer Platz,4400835.0,2019,12,7,2,3,5,3,2,1,0,0,0,0,0,793378.2099,5821960.191,13.31982,52.46881
8,8010302.0,Bouchéstraße,8100313.0,2019,12,6,2,3,5,3,1,0,0,0,0,1,0,801396.7215,5824766.876,13.44004,52.4896
4,4051550.0,Leon-Jessel-Platz,4501043.0,2019,12,13,3,3,5,3,0,0,0,0,0,0,0,793018.4882,5824224.464,13.31653,52.4893
8,8010405.0,Hertzbergplatz,8100418.0,2019,12,6,2,3,5,3,2,1,0,0,0,0,0,802116.7599,5823637.627,13.44959,52.47908
9,9051901.0,Dammvorstadt,9501941.0,2019,12,6,2,3,5,2,2,0,0,0,0,1,1,809660.8491,5821507.81,13.55835,52.45577
2,2010101.0,Askanischer Platz,2100101.0,2019,12,12,3,3,0,2,0,1,0,0,0,0,0,797766.0186,5826038.61,13.38786,52.50299
11,11040926.0,Weitlingstraße,11400929.0,2019,12,11,3,3,5,3,0,1,0,0,0,0,0,806133.5019,5826708.193,13.51137,52.50436
9,9030901.0,Dorf Altglienicke,9300920.0,2019,12,9,3,3,5,3,0,1,0,0,0,0,1,807475.517,5817763.674,13.52284,52.42345
10,10040828.0,Kaulsdorf Nord,10400835.0,2019,12,6,3,3,4,6,2,1,0,0,0,0,1,810803.0001,5827999.807,13.58115,52.5133
4,4020311.0,Reichsstraße,4200310.0,2019,12,21,2,2,0,1,2,0,0,0,0,0,1,788237.1276,5827767.504,13.24937,52.52361
2,2020205.0,Chamissokiez,2200211.0,2019,12,20,2,3,0,1,2,0,0,0,0,0,1,798763.1928,5824008.528,13.40069,52.48425
4,4030931.0,Breitscheidplatz,4501042.0,2019,12,19,2,3,5,7,2,1,0,0,0,0,1,794367.2447,5825669.281,13.33761,52.50153
4,4030623.0,Ernst-Reuter-Platz,4300622.0,2019,12,16,2,3,3,6,2,1,0,0,0,0,0,793650.0796,5826067.466,13.32743,52.50548
4,4041343.0,Binger Straße,4400834.0,2019,12,9,7,3,5,2,0,1,0,0,0,0,1,792667.5784,5823054.809,13.31035,52.479
9,9020701.0,Adlershof West,9200715.0,2019,12,5,2,3,5,3,2,1,0,0,0,0,1,807641.3515,5819358.644,13.52674,52.43765
1,1044101.0,Rehberge,1400938.0,2019,12,18,2,3,3,6,2,1,0,0,0,0,1,794889.2155,5831280.14,13.35025,52.55154
8,8010404.0,Rixdorf,8100417.0,2019,12,18,7,3,1,5,2,1,0,0,0,0,1,802070.3494,5823442.089,13.44873,52.47735
12,12214424.0,Scharnweberstraße,12200309.0,2019,12,17,2,3,5,3,2,1,0,0,0,0,1,792559.8661,5832822.093,13.31736,52.56662
5,5010339.0,Freiheit,5100317.0,2019,12,18,7,3,5,2,2,1,0,0,0,0,1,787938.6055,5827887.629,13.24509,52.52484
12,12224230.0,Heiligensee,12400619.0,2019,12,20,6,2,4,6,2,0,0,0,0,0,0,787228.2787,5836084.627,13.24174,52.59871
7,7010102.0,Nollendorfplatz,7100103.0,2019,12,16,6,3,6,4,2,0,1,0,0,0,1,795079.1756,5825806.797,13.34819,52.50237
4,4051551.0,Brabanter Platz,4501148.0,2019,12,15,6,3,5,2,1,1,0,0,0,0,1,793334.31,5823067.532,13.32015,52.47876
4,4041344.0,Rüdesheimer Platz,4400835.0,2019,12,19,1,3,5,3,2,1,0,0,0,0,1,792819.0727,5821879.015,13.31154,52.46838
10,10010310.0,Alt-Marzahn,10100313.0,2019,12,16,6,3,5,3,2,1,0,0,0,0,1,809874.8432,5831436.647,13.57072,52.54463
6,6040804.0,Krumme Lanke,6400838.0,2019,12,17,1,3,6,7,2,0,1,0,0,0,1,787629.3641,5818129.555,13.23212,52.43752
8,8010301.0,Reuterkiez,8100312.0,2019,12,14,1,3,5,3,0,1,0,0,0,0,1,800548.8694,5824778.16,13.4276,52.49017
7,7020203.0,Kaiser-Wilhelm-Platz,7200409.0,2019,12,19,6,3,0,4,2,0,1,0,0,0,1,795024.2116,5823837.194,13.34564,52.48475
4,4041241.0,Breite Straße,4400832.0,2019,12,18,6,2,6,4,2,0,1,0,0,0,1,791528.3914,5822489.752,13.29312,52.47455
4,4030929.0,Hindemithplatz,4501040.0,2019,12,16,6,2,0,7,2,0,0,0,0,0,1,792660.2197,5825767.023,13.31262,52.50332
1,1011304.0,Karl-Marx-Allee,1100311.0,2019,12,1,1,2,5,3,2,1,0,0,0,0,1,799730.1518,5827539.762,13.41807,52.51537
9,9030902.0,Wohngebiet II,9300922.0,2019,12,14,6,3,5,2,0,1,0,0,0,0,1,807990.7561,5815469.408,13.52828,52.40259
4,4041134.0,Bismarckallee,4400726.0,2019,12,10,6,3,5,3,0,1,0,0,0,0,1,790282.5033,5824205.667,13.27633,52.49059
8,8010213.0,Körnerpark,8100208.0,2019,12,8,6,3,5,7,0,1,0,0,0,0,0,801172.7026,5822731.32,13.43491,52.47148
2,2020206.0,Graefekiez,2200213.0,2019,12,8,6,3,0,1,0,0,0,0,0,0,0,800154.1611,5824656.594,13.4217,52.4893
8,8010211.0,Flughafenstraße,8100206.0,2019,12,13,2,3,1,5,0,1,0,0,0,0,0,800712.8859,5823798.449,13.42913,52.4813
9,9020501.0,Oberschöneweide West,9200510.0,2019,12,6,2,2,0,1,2,0,0,0,0,0,0,806522.6645,5822605.728,13.51332,52.46738
1,1022205.0,Zillesiedlung,1200627.0,2019,12,16,7,3,0,1,2,0,0,0,0,0,0,795998.1443,5828687.65,13.36425,52.5277
2,2040502.0,Friedenstraße,2400521.0,2019,12,15,7,3,6,3,0,0,1,0,0,0,0,800734.159,5828488.312,13.43367,52.52332
2,2030302.0,Lausitzer Platz,2300315.0,2019,12,7,7,3,5,3,2,1,0,0,0,0,0,801155.9098,5825955.241,13.43758,52.50038
8,8010301.0,Reuterkiez,8100312.0,2019,12,23,7,2,0,1,2,0,0,0,0,0,0,800848.2109,5824514.695,13.43176,52.48764
1,1022103.0,Westhafen,1200517.0,2019,12,16,6,3,5,3,2,1,0,0,0,0,0,795130.1952,5829614.96,13.35232,52.53648
9,9052001.0,Köpenick Nord,9502042.0,2019,12,10,6,3,3,6,0,1,0,0,0,0,1,810798.3568,5822472.423,13.57593,52.46377
4,4041134.0,Bismarckallee,4400726.0,2019,12,7,6,3,5,3,1,0,0,0,0,1,0,790853.0404,5823648.413,13.28422,52.48529
4,4041344.0,Rüdesheimer Platz,4400835.0,2019,12,19,6,3,1,5,2,1,0,0,0,0,0,792983.1748,5822335.656,13.31435,52.47239
7,7020204.0,Schöneberger Insel,7200413.0,2019,12,17,6,3,5,3,2,1,0,0,0,0,1,796273.1528,5823229.024,13.36344,52.47862
3,3040513.0,Schönholz,3400620.0,2019,12,14,6,2,0,1,0,0,0,0,0,0,1,798043.3684,5833591.008,13.39871,52.57054
6,6040807.0,Zehlendorf Eiche,6400841.0,2019,12,9,6,2,5,3,0,1,0,0,0,0,1,789992.8808,5819150.955,13.26768,52.44543
12,12103116.0,Hausotterplatz,12100102.0,2019,12,17,5,3,2,2,2,1,0,0,0,0,1,795892.0684,5833185.194,13.3667,52.56807
9,9051702.0,Bölschestraße,9501737.0,2019,12,9,5,3,0,1,0,0,0,0,0,0,1,814202.7415,5821334.285,13.62481,52.45162
1,1033203.0,Humboldthain Nordwest,1300836.0,2019,12,6,5,2,3,6,2,1,0,0,0,0,1,796971.2726,5831449.963,13.38102,52.55193
3,3040818.0,Pankow Süd,3400830.0,2019,12,11,3,3,5,2,0,1,0,0,0,0,0,799011.1789,5833158.611,13.41256,52.56613
2,2040502.0,Friedenstraße,2400521.0,2019,12,10,3,3,5,3,0,0,0,0,0,0,0,801001.8472,5828043.538,13.4372,52.51919
10,10010206.0,Ringkolonnaden,10100208.0,2019,12,7,2,3,6,7,2,0,1,0,0,0,0,809823.0105,5831966.078,13.57045,52.5494
2,2030302.0,Lausitzer Platz,2300315.0,2019,12,19,2,3,1,5,2,1,0,0,0,0,0,801337.2438,5826132.526,13.4404,52.50187
8,8030831.0,Gropiusstadt Ost,8301036.0,2019,12,16,2,3,0,5,1,1,0,0,0,0,1,804713.2176,5817702.841,13.48229,52.42445
12,12214125.0,Waldidyll/Flughafensee,12200412.0,2019,12,15,2,2,5,2,0,1,0,0,0,0,0,791159.7564,5833450.469,13.29731,52.573
8,8020620.0,Tempelhofer Weg,8200624.0,2019,12,11,2,3,5,3,0,1,0,0,0,0,1,801398.334,5820277.006,13.43601,52.44936
6,6010210.0,Bismarckstraße,6100210.0,2019,12,9,2,3,6,4,0,0,1,0,0,0,1,795146.1467,5821243.049,13.34513,52.46143
2,2030402.0,Wrangelkiez,2300419.0,2019,12,8,2,3,1,5,0,0,0,0,0,1,1,801242.7675,5825903.778,13.43881,52.49988
2,2020205.0,Chamissokiez,2200211.0,2019,12,14,1,3,0,1,0,0,0,0,0,0,1,798297.5239,5824513.238,13.3943,52.48903
12,12103218.0,Teichstraße,12100205.0,2019,12,12,1,2,5,2,0,1,0,0,0,0,0,794852.9766,5833077.829,13.35132,52.56768
1,1011402.0,Arkonaplatz,1100416.0,2019,12,16,1,3,3,6,2,0,0,0,0,0,1,798798.6482,5829226.53,13.40589,52.531
7,7060601.0,Marienfelder Allee Nordwest,7601236.0,2019,12,12,7,3,0,3,0,1,0,0,0,0,1,796513.9714,5816378.545,13.36089,52.41708
1,1033102.0,Gesundbrunnen,1300733.0,2019,12,15,6,3,0,3,0,1,0,0,0,0,1,797415.0029,5831909.822,13.38796,52.55581
8,8010301.0,Reuterkiez,8100312.0,2019,12,16,6,3,1,5,2,1,0,0,0,0,1,801496.5233,5823944.778,13.44076,52.48218
12,12214125.0,Waldidyll/Flughafensee,12200412.0,2019,12,10,6,3,0,5,0,1,0,0,0,0,1,790265.5247,5833690.775,13.28436,52.57564
4,4030929.0,Hindemithplatz,4501040.0,2019,12,9,6,3,5,3,0,1,0,0,0,0,1,792707.3579,5825893.924,13.31342,52.50443
1,1011204.0,Leipziger Straße,1100207.0,2019,12,7,6,3,2,2,1,1,0,0,0,0,0,798562.0174,5826812.285,13.40025,52.50949
2,2010102.0,Mehringplatz,2100102.0,2019,12,6,6,3,1,5,2,1,0,0,0,0,1,797727.5887,5826432.594,13.38765,52.50654
12,12103218.0,Teichstraße,12100205.0,2019,12,16,6,3,5,2,1,1,0,0,0,0,0,794864.7235,5833056.278,13.35147,52.56748
2,2030302.0,Lausitzer Platz,2300315.0,2019,12,15,6,3,0,3,1,1,0,0,0,0,1,801323.7911,5826142.315,13.44021,52.50197
7,7050501.0,Rathausstraße,7501030.0,2019,12,14,6,3,5,3,0,0,0,0,1,0,0,797737.4511,5819125.384,13.38127,52.44104
10,10010311.0,Landsberger Tor,10100316.0,2019,12,22,6,2,0,1,2,0,0,0,0,0,1,810571.4618,5831924.011,13.58142,52.5486
10,10030727.0,Biesdorf Süd,10300734.0,2019,12,14,6,3,5,2,0,0,0,0,0,1,0,809937.9325,5827049.218,13.56756,52.50527
7,7010101.0,Wittenbergplatz/Viktoria-Luise-Platz,7100101.0,2019,12,14,6,3,3,6,0,0,0,0,0,0,0,794681.6155,5825212.528,13.34182,52.49726
10,10020414.0,Helle Mitte,10200421.0,2019,12,17,6,2,5,2,2,1,0,0,0,0,1,812466.0383,5830966.552,13.60837,52.53893
10,10010310.0,Alt-Marzahn,10100313.0,2019,12,16,6,3,5,2,2,1,0,0,0,0,0,809778.0769,5830711.003,13.56862,52.53818
6,6030609.0,Augustaplatz,6300633.0,2019,12,7,6,3,5,2,0,1,0,0,0,0,0,793169.8212,5818223.831,13.31348,52.43542
1,1033201.0,Brunnenstraße,1300834.0,2019,12,21,6,3,5,2,2,1,0,0,0,0,1,798080.9829,5830001.892,13.39604,52.53835
1,1022201.0,Stephankiez,1200623.0,2019,12,13,6,3,5,3,0,1,0,0,0,0,1,795617.6085,5829351.107,13.35925,52.53385