district,LOR,street,LOR_2021,year,month,hour,weekday,category,accident_kind,accident_type,light_condition,car,pedestrian,motorcycle,goods_vehicle,others,road_condition,LINREFX,LINREFY,XGCSWGS84,YGCSWGS84
6,6010102.0,Schloßstraße,6100102.0,2019,12,13,6,3,3,6,0,1,0,0,0,0,0,793726.7381,5821058.062,13.32414,52.46053
1,1011101.0,Stülerstraße,1100101.0,2019,12,12,6,3,0,7,0,1,0,0,0,0,1,794906.6495,5826168.799,13.34598,52.50571
1,1044203.0,Leopoldplatz,1401049.0,2019,12,12,5,3,0,2,0,1,0,0,0,0,0,795446.5216,5831606.442,13.35874,52.55416
4,4051655.0,Babelsberger Straße,4501153.0,2019,12,17,5,3,5,2,2,1,0,0,0,0,0,794019.3743,5823818.355,13.33087,52.48512
7,7010102.0,Nollendorfplatz,7100103.0,2019,12,22,5,3,5,3,2,1,0,0,0,0,0,795698.2392,5825435.054,13.35695,52.49871
2,2030301.0,Oranienplatz,2300314.0,2019,12,18,5,3,5,3,2,0,0,0,0,0,1,800385.6397,5826384.876,13.42665,52.50466
6,6030504.0,Teltower Damm,6300528.0,2019,12,17,5,3,0,2,2,1,0,0,0,0,1,789088.9412,5816841.247,13.25242,52.4252
11,11040926.0,Weitlingstraße,11400929.0,2019,12,12,5,3,5,3,0,0,0,0,0,0,0,806201.2823,5827036.765,13.51267,52.50727
4,4030417.0,Schloßstraße,4300414.0,2019,12,12,5,3,5,2,0,1,0,0,0,0,0,791508.965,5826852.059,13.29666,52.51366
1,1011305.0,Heine-Viertel West,1100312.0,2019,12,8,5,3,5,7,0,1,0,0,0,0,0,799403.3193,5826428.732,13.41226,52.50559
12,12214125.0,Waldidyll/Flughafensee,12200412.0,2019,12,16,5,3,5,3,2,1,0,0,0,0,0,788036.1204,5831023.949,13.24924,52.55291
8,8010510.0,Gewerbegebiet Köllnische Heide,8100521.0,2019,12,14,5,3,1,5,0,1,0,0,0,0,0,802726.605,5822557.634,13.45756,52.46906
11,11020515.0,Landsberger Allee,11200514.0,2019,12,15,5,3,5,3,0,1,0,0,0,0,1,804587.2354,5829994.485,13.49167,52.53468
10,10020415.0,Hellersdorfer Promenade,10200422.0,2019,12,18,4,3,1,6,2,1,0,0,0,0,0,812159.8255,5831065.612,13.60396,52.54
6,6030608.0,Schweizer Viertel,6300632.0,2019,12,8,4,2,5,2,0,1,0,0,0,0,0,792236.7665,5816667.465,13.29843,52.42197
3,3050923.0,Weißenseer Spitze,3500934.0,2019,12,8,4,3,5,3,0,1,0,0,0,0,0,800906.2398,5832083.89,13.43946,52.55545
12,12302212.0,Rollbergesiedlung,12601032.0,2019,12,21,4,3,1,5,2,1,0,0,0,0,0,793100.8011,5837640.864,13.32958,52.60953
9,9010101.0,Elsenstraße,9100101.0,2019,12,17,4,3,5,3,2,1,0,0,0,0,0,801690.4766,5824865.363,13.44444,52.49032
1,1044101.0,Rehberge,1400938.0,2019,12,13,3,3,5,3,0,1,0,0,0,0,0,793850.568,5830086.21,13.33392,52.5414
4,4030931.0,Breitscheidplatz,4501042.0,2019,12,12,3,3,1,5,0,1,0,0,0,0,0,794383.7469,5825697.879,13.33788,52.50177
8,8020620.0,Tempelhofer Weg,8200624.0,2019,12,21,4,3,3,6,2,1,0,0,0,0,0,801007.0621,5819751.59,13.4298,52.44486
1,1011306.0,Heine-Viertel Ost,1100313.0,2019,12,2,3,3,2,7,2,1,0,0,0,0,1,799673.3953,5827039.882,13.41678,52.51092
2,2020203.0,Viktoriapark,2200207.0,2019,12,19,2,3,6,7,2,0,1,0,0,0,0,797271.938,5824653.506,13.37937,52.49085
4,4030725.0,Amtsgerichtsplatz,4300416.0,2019,12,8,4,3,2,6,0,1,0,0,0,0,0,791908.7878,5826103.953,13.30188,52.50674
1,1011304.0,Karl-Marx-Allee,1100311.0,2019,12,18,2,3,6,7,2,1,1,0,0,0,0,799730.6024,5827747.763,13.41826,52.51724
7,7040405.0,Rathaus Tempelhof,7400927.0,2019,12,18,4,3,0,7,2,0,0,0,0,0,1,798433.8284,5821074.703,13.39323,52.45813
11,11030720.0,Herzbergstraße,11300721.0,2019,12,16,2,3,5,3,2,1,0,0,0,0,0,805846.8473,5830095.538,13.51028,52.53488
2,2020204.0,Urbanstraße,2200210.0,2019,12,18,4,3,1,5,2,1,0,0,0,0,1,798351.9431,5825293.431,13.3958,52.49599
1,1011201.0,Wilhelmstraße,1100205.0,2019,12,14,2,3,1,5,0,1,0,0,0,0,0,797455.1835,5827060.276,13.38421,52.51232
1,1011202.0,Unter den Linden Nord,1100206.0,2019,12,14,4,3,2,2,0,1,0,0,0,0,0,797197.6797,5827499.898,13.38082,52.5164
4,4030417.0,,4300414.0,2020,1,11,5,3,0,1,0,0,0,0,0,0,0,790874.0987,5826433.469,13.28696175,52.51024968
2,2040503.0,,2400522.0,2020,1,18,4,3,3,6,1,0,0,0,0,0,0,801378.4835,5827810.514,13.44252783,52.51689063
2,2050803.0,,2500835.0,2020,1,21,4,3,6,7,2,0,1,0,0,0,0,802187.5376,5826095.955,13.45285824,52.50107535
3,3050925.0,,3500936.0,2020,1,7,3,3,3,6,0,1,0,0,0,0,0,801552.2215,5831199.582,13.44815487,52.54717101
1,1011201.0,,1100205.0,2020,1,18,5,3,4,6,2,0,0,0,0,1,0,797028.3594,5826728.597,13.37764319,52.50957906
12,12231101.0,,12400723.0,2020,1,11,5,3,5,3,0,1,0,0,0,0,1,792115.943,5837984.848,13.31537724,52.61314013
3,3020209.0,,3200206.0,2020,1,16,5,2,0,7,0,0,0,0,0,0,0,798320.8847,5834768.94,13.40385303,52.5809442
1,1011304.0,,1100311.0,2020,1,17,4,3,0,5,2,1,0,0,0,0,1,800034.9887,5828061.909,13.42301478,52.51988474
1,1044203.0,,1401049.0,2020,1,7,3,3,1,5,1,1,0,0,0,0,0,795973.3359,5831518.403,13.36640787,52.55308856
3,3020209.0,,3200205.0,2020,1,12,3,3,1,5,0,1,0,0,0,0,1,798188.6638,5835349.635,13.40242993,52.58622174
3,3020203.0,,3200204.0,2020,1,13,6,3,5,2,0,1,0,0,0,0,1,797167.5465,5838892.976,13.39058326,52.61854174
7,7060604.0,,7601341.0,2020,1,7,6,3,5,3,2,1,0,0,0,0,1,796302.5404,5815089.353,13.35664989,52.40563733
11,11041022.0,,11401032.0,2020,1,9,4,3,5,3,0,1,0,0,0,0,0,805652.1458,5827389.902,13.50492813,52.51074273
9,9010201.0,,9100202.0,2020,1,7,3,3,5,3,1,1,0,0,0,0,1,803111.5605,5824551.75,13.46502433,52.48672236
9,9010202.0,,9100203.0,2020,1,12,2,3,5,3,0,1,0,0,0,0,0,804103.5957,5824364.164,13.47941806,52.48448944
5,5020524.0,,5200528.0,2020,1,0,1,3,5,2,2,1,0,0,0,0,0,783509.2175,5826705.609,13.17896627,52.51656757
6,6030605.0,,6300629.0,2020,1,22,6,3,1,7,2,1,0,0,0,0,0,791476.1743,5819079.501,13.28938045,52.44400008
3,3061434.0,,3601451.0,2020,1,7,4,2,5,3,2,0,0,0,0,1,1,800847.9871,5830332.43,13.43701537,52.53978795
1,1044102.0,,1400940.0,2020,1,17,1,3,5,3,2,1,0,0,0,0,0,795877.1448,5832069.085,13.36548411,52.55807714
9,9010202.0,,9100203.0,2020,1,8,3,3,5,3,0,1,0,0,0,0,1,804104.6469,5824365.095,13.47943434,52.4844972
2,2050602.0,,2500728.0,2020,1,13,3,2,0,2,0,1,0,0,0,0,1,802985.8678,5827645.633,13.46599365,52.51452225
2,3061435.0,,3601452.0,2020,10,1,7,2,5,2,2,1,0,0,0,0,1,801664.1866,5828909.908,13.4477226,52.52658663
3,3061434.0,,3601451.0,2020,8,7,3,3,5,3,0,1,0,0,0,0,0,800711.1136,5829858.845,13.43457473,52.53561866
1,1033203.0,,1300836.0,2020,6,16,4,3,3,6,0,1,0,0,0,0,0,796294.8156,5830120.543,13.36988851,52.54038342
4,4030417.0,,4300414.0,2020,4,19,4,3,3,5,1,1,0,0,0,0,1,791674.8849,5826584.541,13.29886025,52.51117642
2,2050602.0,,2500727.0,2020,4,16,4,3,6,4,0,0,1,0,0,0,0,802168.4432,5827780.757,13.45410718,52.51618682
1,1011105.0,,1100102.0,2020,9,17,3,3,5,2,0,1,0,0,0,0,0,796419.84,5826326.476,13.36834502,52.50630542
3,3040818.0,,3400830.0,2020,10,11,6,2,5,7,0,1,0,0,0,0,1,800030.4804,5833375.779,13.42774802,52.56751703
4,4030621.0,,4300620.0,2020,8,16,4,3,5,2,0,1,0,0,0,0,0,793992.2395,5826975.018,13.3332539,52.51343282
10,10010309.0,,10100312.0,2020,11,5,5,2,3,6,2,0,0,1,0,0,0,807731.0944,5829357.301,13.53728504,52.52720576
1,1011202.0,,1100206.0,2020,4,7,4,3,3,6,0,1,0,0,0,0,0,797704.1638,5827610.702,13.38836072,52.51711768
2,2020202.0,,2200208.0,2020,12,20,3,3,5,2,2,1,0,0,0,0,0,797898.3103,5825432.668,13.38926438,52.49748826
3,3061435.0,,3601452.0,2020,9,20,5,3,5,2,2,1,0,0,0,0,0,801479.8672,5829153.473,13.44523473,52.52887167
7,7050502.0,,7501133.0,2020,10,18,5,3,0,3,1,1,0,0,0,0,1,798226.7859,5818766.709,13.38813093,52.43755635
2,2010101.0,,2100101.0,2020,5,18,7,3,5,3,0,1,0,0,0,0,0,797886.2514,5825492.013,13.38914034,52.4980268
12,12103115.0,,12100103.0,2020,8,18,6,3,5,2,0,1,0,0,0,0,0,795412.2399,5833586.44,13.35999744,52.5719312
1,1033203.0,,1300836.0,2020,4,8,3,3,5,2,0,1,0,0,0,0,0,796184.661,5830195.038,13.36833544,52.54111107
6,6030503.0,,6300526.0,2020,12,6,5,3,5,3,2,1,0,0,0,0,0,789689.9835,5817964.239,13.26220729,52.43495058
2,2050602.0,,2500727.0,2020,4,7,3,3,5,3,0,1,0,0,0,0,0,802119.8959,5828034.867,13.45362467,52.5184913
10,10040933.0,,10400940.0,2020,9,9,3,3,5,2,0,1,0,0,0,0,0,813060.6141,5827191.634,13.61355311,52.50476522
4,4020313.0,,4200311.0,2020,11,11,2,2,8,1,0,0,0,0,0,0,0,790521.6501,5826375.946,13.28173285,52.5099218
7,7020203.0,,7200411.0,2020,9,0,7,3,1,5,2,1,0,0,0,0,0,795946.0422,5824441.309,13.35970961,52.48966372
6,6040701.0,,6400735.0,2020,4,18,1,2,0,1,0,0,0,0,0,0,0,782907.67,5815862.932,13.1609308,52.41965943
1,1044203.0,,1401049.0,2020,8,13,3,3,3,6,0,1,0,0,0,0,0,795975.9951,5831511.31,13.36644065,52.55302354
3,3071639.0,,3701660.0,2020,6,12,4,3,1,5,0,1,0,0,0,0,0,800300.8807,5829451.868,13.42817699,52.53219701
3,3061126.0,,3601139.0,2020,8,15,7,2,5,2,0,1,0,0,0,0,0,799238.4705,5831932.292,13.41479592,52.55501441
3,3020209.0,,3200205.0,2020,8,9,3,3,0,7,0,0,0,0,0,0,1,798166.0935,5836125.754,13.4027963,52.59319086
7,7070701.0,,7601442.0,2020,4,15,5,3,5,7,0,1,0,0,0,0,0,799185.7661,5816433.13,13.40010893,52.41611495
2,2040503.0,,2400522.0,2020,9,16,4,3,5,3,0,0,0,1,0,0,0,801911.1492,5827755.762,13.4503043,52.51610528
1,1011303.0,,1100310.0,2020,4,17,5,3,5,2,0,1,0,0,0,0,0,799099.778,5827681.45,13.40893058,52.51698823
2,2020202.0,,2200208.0,2020,9,18,3,3,4,6,0,0,0,0,0,1,0,797910.4423,5825127.833,13.38916994,52.49474915
4,4030622.0,,4300621.0,2020,7,17,2,3,5,2,0,1,0,0,0,0,0,792378.221,5826681.148,13.30927944,52.51166594
5,5020629.0,,5200634.0,2020,10,20,3,3,0,7,2,0,0,0,0,0,0,784986.0898,5826321.216,13.20034294,52.51235134
6,6010101.0,,6100101.0,2020,7,15,3,3,5,2,0,1,0,0,0,0,0,793132.0097,5820203.789,13.31465963,52.45319391
11,11030721.0,,11300722.0,2020,11,7,4,3,5,3,0,1,0,0,0,0,0,804235.0771,5827533.276,13.48424305,52.51281989
2,2050802.0,,2500834.0,2020,9,13,5,2,2,6,0,0,0,0,1,0,0,802036.6746,5827031.083,13.45149083,52.50954047
1,1033203.0,,1300836.0,2020,6,13,1,3,0,7,0,0,0,0,0,0,0,796211.9228,5830192.462,13.36873395,52.54107316
6,6030503.0,,6300527.0,2020,7,16,5,3,5,2,0,1,0,0,0,0,0,789775.5592,5817982.909,13.26347876,52.43507264
12,12103117.0,,12100101.0,2020,10,17,5,3,5,2,0,1,0,0,0,0,1,795829.0655,5832337.8,13.3650165,52.56051202
11,11010101.0,,11100101.0,2020,8,14,5,3,5,3,0,1,0,0,0,0,0,803733.6791,5834634.746,13.48337084,52.57674715
2,2050602.0,,2500727.0,2020,7,18,3,3,4,6,0,0,0,0,0,0,0,802123.913,5828068.175,13.45371394,52.51878762
10,10040830.0,,10400837.0,2020,5,1,7,2,0,1,2,0,0,0,0,0,0,810887.4831,5827100.486,13.58155435,52.5051909
1,1011102.0,,1100102.0,2020,10,11,3,3,5,2,0,1,0,0,0,0,0,796554.4228,5827804.421,13.37163915,52.51948058
3,3061131.0,,3601142.0,2020,4,7,4,3,2,2,0,1,0,0,0,0,0,799165.6292,5830377.762,13.41232436,52.5411205
4,4030417.0,,4300414.0,2020,9,10,1,2,5,7,0,1,0,0,0,0,0,791475.122,5826529.307,13.29587666,52.51078804
4,4020208.0,,4200206.0,2020,11,15,2,2,1,5,0,1,0,0,0,0,0,788825.8932,5826107.406,13.25658277,52.50841475
9,9010202.0,,9100203.0,2020,5,9,6,3,5,3,0,1,0,0,0,0,0,804105.0611,5824365.462,13.47944076,52.48450025
1,1011202.0,,1100206.0,2020,8,16,5,3,3,6,0,1,0,0,0,0,0,797247.4025,5827534.211,13.38158082,52.51668117
11,11030721.0,,11300724.0,2020,4,21,3,3,5,3,1,1,0,0,0,0,0,804499.3537,5827506.282,13.48810065,52.5124305
7,7060601.0,,7601236.0,2020,12,8,4,3,5,3,0,1,0,0,0,0,0,796857.9004,5816355.135,13.36591227,52.41668328
7,7070701.0,,7601442.0,2020,8,16,2,3,5,3,0,1,0,0,0,0,0,799685.1504,5815193.536,13.4063202,52.40473038
2,2050602.0,,2500728.0,2020,6,10,3,3,1,7,0,1,0,0,0,0,0,802612.8963,5827683.567,13.46054868,52.5150693
12,12103117.0,,12100101.0,2020,9,17,2,3,5,3,0,1,0,0,0,0,0,795803.1069,5832486.771,13.36476748,52.5618615
7,7020203.0,,7200410.0,2020,8,1,7,3,1,5,2,1,0,0,0,0,0,795590.9815,5823887.068,13.35400391,52.48488774
9,9010301.0,,9100305.0,2020,7,23,3,3,5,3,2,1,0,0,0,0,0,805153.6362,5822563.103,13.49318558,52.46776151
2,2040703.0,,2400625.0,2020,12,7,2,3,5,2,1,1,0,0,0,0,1,801840.3171,5826427.623,13.4480592,52.50424029
7,7040401.0,,7400720.0,2020,6,15,4,2,5,2,0,1,0,0,0,0,0,797775.4346,5823548.946,13.38577648,52.48066991
10,10040830.0,,10400837.0,2020,4,18,2,3,2,6,0,1,0,0,0,0,0,811544.2679,5827130.547,13.59122779,52.50508568
2,2040503.0,,2400522.0,2020,11,18,1,3,5,3,2,0,0,0,0,1,0,801632.7924,5827784.374,13.44624057,52.51651575
1,1011202.0,,1100206.0,2020,8,18,2,3,6,4,0,0,1,0,0,0,0,798078.8288,5827663.49,13.39391319,52.51738622
2,2050602.0,,2500728.0,2020,6,16,4,3,5,2,0,1,0,0,0,0,0,803078.8308,5827635.245,13.46734993,52.51437749
1,1011201.0,,1100205.0,2020,9,3,4,3,0,1,2,0,0,0,0,0,0,797223.1087,5826762.092,13.38053423,52.50977323
1,1033203.0,,1300836.0,2020,6,20,5,2,3,6,0,0,0,0,0,0,0,796267.0314,5830144.649,13.36950152,52.54061461
9,9010102.0,,9100101.0,2020,4,14,1,3,4,6,0,1,0,0,0,0,0,803971.673,5824574.932,13.4776735,52.48645195
2,2040703.0,,2400625.0,2020,8,18,2,2,8,1,0,0,0,1,0,0,0,801872.8585,5826521.777,13.44862254,52.5050662
3,3020209.0,,3200205.0,2020,4,18,1,2,5,2,0,1,0,0,0,0,0,798153.948,5836016.099,13.40251882,52.59221462
2,2050602.0,,2500727.0,2020,7,1,2,3,0,1,2,0,0,0,0,0,0,802044.0798,5828031.873,13.45250799,52.51850647
6,6030503.0,,6300527.0,2020,9,16,6,3,5,2,0,0,0,0,0,1,0,790946.562,5818773.475,13.28134383,52.44153857
9,9010101.0,,9100101.0,2020,11,6,4,3,5,2,1,1,0,0,0,0,1,802580.7007,5825075.569,13.45770576,52.4917118
11,11030721.0,,11300722.0,2020,4,18,7,2,5,2,0,1,0,0,0,0,0,804236.0589,5827533.175,13.48425738,52.51281844
12,12103219.0,,12100204.0,2020,8,17,5,3,5,2,0,1,0,0,0,0,0,795766.4058,5832694.689,13.36441297,52.56374521
7,7040401.0,,7400720.0,2020,6,17,2,3,3,1,0,1,0,0,0,0,1,797777.3164,5823508.969,13.38576841,52.48031053
2,2050601.0,,2500726.0,2020,4,19,7,3,0,1,0,0,0,0,0,0,0,802032.1136,5828101.201,13.45239512,52.51913448
3,3061131.0,,3601142.0,2020,10,23,2,3,1,5,2,0,0,1,0,0,1,799179.7632,5830861.321,13.41296765,52.5454471
12,12103218.0,,12100205.0,2020,5,14,5,3,5,2,0,1,0,0,0,0,0,794455.9891,5834358.683,13.34661417,52.5793719
9,9020601.0,,9200613.0,2020,6,13,7,3,4,6,0,0,0,0,0,0,0,805546.2395,5822171.783,13.49858878,52.46403488
2,2050602.0,,2500727.0,2020,5,7,5,3,5,2,0,0,0,0,1,0,0,802178.5288,5827741.531,13.45421973,52.51582966
2,2040503.0,,2400522.0,2020,8,19,4,3,5,3,1,1,0,0,0,0,1,801816.5595,5827765.484,13.44892339,52.51624478
3,3020209.0,,3200206.0,2020,4,14,6,2,1,5,0,1,0,0,0,0,0,798256.6651,5834745.938,13.40288736,52.58077322
2,2020203.0,,2200209.0,2020,10,13,6,3,0,7,0,1,0,0,0,0,0,797785.0059,5824803.352,13.38703773,52.49190901
6,6030605.0,,6300629.0,2020,8,0,1,2,0,1,2,0,0,0,0,0,0,792505.3022,5819787.725,13.30509893,52.44979968
12,12231101.0,,12400723.0,2020,6,10,2,3,5,2,0,1,0,0,0,0,0,791744.7587,5839579.084,13.31131723,52.62763112
3,3061126.0,,3601141.0,2020,10,9,4,3,0,7,0,0,0,0,0,1,1,799221.6515,5831470.468,13.41413236,52.55088414
6,6030501.0,,6300524.0,2020,9,15,6,3,2,3,0,1,0,0,0,0,0,787907.8859,5817573.467,13.23572881,52.43238801
2,2050602.0,,2500727.0,2020,5,15,4,3,5,2,0,1,0,0,0,0,0,802576.0683,5827687.261,13.46001098,52.51512284
7,7040403.0,,7400824.0,2020,8,8,6,3,5,2,0,1,0,0,0,0,0,797848.686,5822305.299,13.38574131,52.46948207
12,12231101.0,,12400723.0,2020,6,3,1,3,6,7,2,0,1,0,0,0,0,791906.8023,5838918.388,13.3131211,52.62162125
12,12103219.0,,12100204.0,2020,4,10,5,2,5,2,0,1,0,0,0,0,0,795681.592,5832885.339,13.36333529,52.56550027
7,7020202.0,,7200308.0,2020,11,8,5,3,5,2,0,1,0,0,0,0,0,795241.9043,5823528.273,13.34856039,52.48186026
2,2050602.0,,2500728.0,2020,4,8,5,3,5,2,0,1,0,0,0,0,0,802987.1844,5827645.509,13.46601288,52.51452041
7,7050502.0,,7501133.0,2020,8,11,2,2,0,6,0,0,0,0,0,1,0,798456.4409,5818180.549,13.39097603,52.43217681
3,3061131.0,,3601142.0,2020,9,13,3,3,4,6,0,0,0,0,0,1,0,799165.0458,5830940.645,13.41282271,52.54616619
9,9010201.0,,9100202.0,2020,11,16,6,3,5,3,2,1,0,0,0,0,0,803268.9338,5824397.53,13.46719457,52.48525271
7,7070703.0,,7601544.0,2020,6,18,3,3,6,7,0,0,1,0,0,0,0,799802.2438,5813900.872,13.40687955,52.39307919
6,6040701.0,,6400735.0,2020,12,8,2,3,1,5,0,0,0,0,1,0,1,781158.349,5815419.302,13.13490246,52.416583
1,1011303.0,,1100310.0,2020,8,9,4,2,5,3,0,0,0,0,0,0,0,798701.6594,5827896.885,13.40327432,52.5191375
3,3061332.0,,3601347.0,2020,7,8,1,2,0,7,0,0,0,0,0,0,0,799468.9149,5830322.14,13.41673288,52.54045533
3,3061131.0,,3601142.0,2020,5,10,4,3,5,3,0,0,0,0,0,1,0,799165.6915,5830372.818,13.41232082,52.54107614
1,1011204.0,,1100207.0,2020,9,8,5,3,5,2,0,1,0,0,0,0,0,798637.7066,5827034.516,13.40156061,52.51144258
2,2050602.0,,2500727.0,2020,9,20,3,3,0,1,2,0,0,0,0,0,0,802177.8878,5827744.579,13.45421308,52.51585733
11,11030721.0,,11300722.0,2020,10,9,6,3,5,2,0,1,0,0,0,0,0,803767.0845,5827581.92,13.47741242,52.5135167
2,2050602.0,,2500728.0,2020,7,8,5,3,6,4,0,0,1,0,0,0,0,803079.5382,5827651.972,13.46737556,52.51452703
3,3061332.0,,3601347.0,2020,5,12,3,2,3,6,0,1,0,0,0,0,1,799501.9227,5830294.046,13.4171928,52.54018538
3,3071638.0,,3701659.0,2020,8,19,1,3,5,2,0,1,0,0,0,0,0,800016.3277,5828989.415,13.42357729,52.52820858
4,4030417.0,,4300414.0,2020,4,13,1,3,5,2,0,1,0,0,0,0,0,791029.0934,5826477.361,13.28927752,52.5105605
7,7060601.0,,7601236.0,2020,6,17,3,3,5,2,0,0,0,0,1,0,0,796608.831,5815997.411,13.3619437,52.41361158
2,2010101.0,,2100101.0,2020,8,18,1,3,3,6,0,1,0,0,0,0,0,797885.713,5825496.206,13.38913618,52.49806467
12,12103115.0,,12100103.0,2020,7,11,6,3,2,1,0,1,0,0,0,0,1,795540.2929,5833283.95,13.36161187,52.56915016
6,6040701.0,,6400735.0,2020,6,12,3,3,5,7,0,1,0,0,0,0,0,784015.5113,5815895.148,13.17720506,52.41937446
4,4030622.0,,4300621.0,2020,10,10,5,3,0,2,0,0,0,0,0,1,1,792372.6009,5826680.211,13.30919604,52.51166055
4,4020311.0,,4200310.0,2020,8,11,1,2,5,2,0,1,0,0,0,0,0,790120.8322,5826328.907,13.27580244,52.50971341
4,4030417.0,,4300414.0,2020,7,9,5,3,0,7,0,0,1,0,0,0,0,791359.2845,5826531.544,13.29417657,52.51086998
7,7010104.0,,7100205.0,2020,8,14,2,3,1,5,0,1,0,0,0,0,0,796006.2553,5825033.303,13.36111978,52.49493779
3,3071633.0,,3701657.0,2020,9,9,4,3,2,6,0,1,0,0,0,0,0,800539.9597,5829931.977,13.43212507,52.53636857
2,2050602.0,,2500727.0,2020,12,19,5,3,5,2,2,1,0,0,0,0,1,802146.3043,5827747.522,13.45375173,52.51590121
12,12301205.0,,12500928.0,2020,8,8,4,3,5,2,0,1,0,0,0,0,0,792368.9851,5837740.45,13.31888786,52.61081317
6,6040701.0,,6400735.0,2020,6,16,6,3,0,5,0,1,0,0,0,0,1,782483.3777,5815759.564,13.15462097,52.41895174
2,2050602.0,,2500727.0,2020,4,13,5,2,3,6,0,0,0,0,0,0,0,802358.3348,5827709.56,13.45683238,52.51544346
7,7050501.0,,7501030.0,2020,11,12,4,2,3,6,0,1,0,0,0,0,0,798130.7746,5819113.443,13.38703199,52.44071678
2,2050602.0,,2500727.0,2020,10,21,6,3,5,2,2,1,0,0,0,0,1,802576.2311,5827687.245,13.46001336,52.51512261
1,1011201.0,,1100205.0,2020,8,12,4,3,3,6,0,0,0,0,1,0,0,797600.4456,5826824.75,13.38613382,52.51012917
2,2050602.0,,2500727.0,2020,6,6,6,3,5,2,0,0,0,0,0,1,1,802380.2359,5827724.419,13.45716764,52.51556449
3,3061429.0,,3601449.0,2020,4,16,5,3,5,2,0,1,0,0,0,0,0,800973.866,5830486.269,13.43900519,52.54109732
1,1011303.0,,1100310.0,2020,9,14,5,3,5,3,0,1,0,0,0,0,0,799326.7992,5827936.222,13.41249547,52.51914733
3,3071639.0,,3701660.0,2020,9,8,5,2,5,2,0,0,0,0,0,0,0,800269.8281,5829354.748,13.42763285,52.53134359
12,12231101.0,,12400723.0,2020,4,12,5,3,0,1,0,0,0,0,0,0,0,792227.2171,5838319.969,13.31731205,52.6160845
3,3071633.0,,3701657.0,2020,10,13,5,3,5,2,0,1,0,0,0,0,0,800291.0583,5830052.565,13.42857536,52.53758663
3,3020209.0,,3200206.0,2020,5,9,2,3,5,2,0,1,0,0,0,0,0,798250.3928,5835077.053,13.40309303,52.58374461
2,2050802.0,,2500834.0,2020,8,20,6,2,3,6,1,0,0,0,0,0,0,802054.9105,5827113.06,13.4518331,52.51026513
1,1044201.0,,1401044.0,2020,5,15,1,3,0,7,0,1,0,0,0,0,0,796072.3835,5831280.272,13.36765213,52.55090012
7,7050501.0,,7501030.0,2020,5,8,2,3,3,6,0,0,0,0,0,1,1,798066.8834,5819387.21,13.386339,52.44320565
4,4020313.0,,4200311.0,2020,8,10,6,2,6,4,0,0,1,0,0,0,0,790360.0934,5826367.625,13.27935177,52.50993322
7,7050501.0,,7501029.0,2020,6,13,7,3,5,3,0,1,0,0,0,0,0,797749.8282,5818868.293,13.38122572,52.43872681
3,3061434.0,,3601451.0,2020,10,20,7,3,0,1,2,0,0,0,0,0,0,800691.9104,5830081.971,13.43449435,52.53762918
12,12231101.0,,12400723.0,2020,11,14,1,3,0,1,0,0,0,0,0,0,0,791842.3566,5839180.645,13.3124033,52.62400688
12,12103219.0,,12100204.0,2020,8,19,7,3,5,2,0,1,0,0,0,0,1,795732.7841,5832788.42,13.36400195,52.56460368
3,3071633.0,,3701657.0,2020,4,19,3,3,5,2,0,1,0,0,0,0,0,800295.0826,5830050.664,13.4286328,52.53756737
12,12103218.0,,12100205.0,2020,9,18,2,3,5,2,1,1,0,0,0,0,0,794559.1815,5833820.741,13.34765472,52.57449384
10,10010308.0,,10100311.0,2020,4,20,3,2,0,1,2,0,0,0,0,0,0,808309.4067,5827600.658,13.54415478,52.51113624
3,3061332.0,,3601347.0,2020,10,14,7,2,0,1,0,0,0,0,0,0,0,799251.4581,5830357.694,13.41356807,52.54089349
4,4030417.0,,4300414.0,2020,7,16,5,3,3,6,0,0,0,0,0,0,0,791712.9516,5826590.977,13.29942522,52.51121376
3,3040818.0,,3400831.0,2020,4,10,3,3,5,7,0,1,0,0,0,0,0,800085.8158,5833969.823,13.42909947,52.57281108
7,7040403.0,,7400824.0,2020,6,11,3,3,5,3,0,0,0,0,0,1,0,797861.462,5821608.932,13.38530725,52.46323295
12,12231101.0,,12400723.0,2020,4,11,2,3,5,3,0,1,0,0,0,0,0,792115.6621,5837980.951,13.31536966,52.61310535
7,7020202.0,,7200308.0,2020,9,9,2,2,0,2,0,0,0,0,0,1,0,795233.6302,5823511.61,13.34842415,52.48171536
2,2020201.0,,2200207.0,2020,8,14,3,3,0,3,0,0,0,1,0,0,0,797140.3808,5825591.659,13.37827427,52.49932662
2,2050602.0,,2500727.0,2020,11,15,2,3,5,2,0,1,0,0,0,0,0,802125.1005,5828061.45,13.45372528,52.51872669
4,4030622.0,,4300621.0,2020,4,15,2,3,3,6,0,0,0,0,0,0,0,791898.5128,5826622.168,13.3021791,52.51139412
2,2050602.0,,2500727.0,2020,6,1,7,3,0,1,2,0,0,0,0,0,1,802180.849,5827729.145,13.45424257,52.51571735
3,3061332.0,,3601348.0,2020,7,20,5,3,5,2,1,1,0,0,0,0,0,799888.6943,5830243.131,13.42283267,52.5395163
2,2050801.0,,2500830.0,2020,4,11,7,3,0,7,0,0,1,0,0,0,0,802128.7444,5827620.652,13.45337855,52.5147738
2,2010101.0,,2100101.0,2020,8,8,5,3,5,2,0,1,0,0,0,0,0,797029.1577,5825878.536,13.3768965,52.50195873
3,3020209.0,,3200206.0,2020,7,17,3,3,5,2,0,1,0,0,0,0,0,798222.0842,5834733.439,13.40236726,52.58068014
10,10010309.0,,10100312.0,2020,5,9,7,3,5,3,0,1,0,0,0,0,0,807669.2171,5829997.589,13.53696835,52.53297892
2,2020202.0,,2200208.0,2020,10,14,3,3,0,1,0,0,0,0,0,0,1,797796.3316,5825468.817,13.38779892,52.49786794
9,9010101.0,,9100101.0,2020,8,15,5,3,0,1,0,0,0,0,0,0,0,802742.6708,5825316.786,13.46030328,52.49378402
2,2020203.0,,2200209.0,2020,4,11,5,3,3,6,0,0,0,0,1,0,0,797762.8627,5824066.651,13.38605432,52.48531741
2,2050802.0,,2500834.0,2020,12,17,3,3,1,5,2,1,0,0,0,0,0,802006.6651,5827032.411,13.45105119,52.50956898
11,11030721.0,,11300724.0,2020,9,15,2,3,5,3,0,1,0,0,0,0,0,804510.5505,5827505.12,13.48826407,52.51241383
3,3061126.0,,3601141.0,2020,11,11,7,3,3,6,0,1,0,0,0,0,0,799209.4132,5831663.024,13.41412593,52.55261682
12,12103219.0,,12100204.0,2020,9,16,6,2,5,3,0,1,0,0,0,0,0,795751.6918,5832690.776,13.36419305,52.56371813
9,9020601.0,,9200613.0,2020,3,19,2,3,5,3,2,1,0,0,0,0,0,806600.7737,5821135.5,13.51311088,52.45415669