district,LOR,street,LOR_2021,year,month,hour,weekday,category,accident_kind,accident_type,light_condition,car,pedestrian,motorcycle,goods_vehicle,others,road_condition,LINREFX,LINREFY,XGCSWGS84,YGCSWGS84
3,3061131.0,,3601142.0,2020,8,13,2,3,2,6,0,1,0,0,0,0,0,799177.6707,5830361.824,13.41248703,52.54097102
2,2040503.0,,2400522.0,2020,6,19,3,3,3,6,0,1,0,0,0,0,0,801579.7252,5827805.816,13.44548032,52.51673729
9,9010102.0,,9100101.0,2020,3,13,7,3,2,6,0,1,0,0,0,0,0,803920.4879,5824654.232,13.47699432,52.4871912
3,3061131.0,,3601142.0,2020,7,11,4,3,6,4,0,1,1,0,0,0,0,799163.4941,5830565.571,13.41246209,52.54280509
2,2050602.0,,2500727.0,2020,6,11,4,3,0,3,0,0,0,0,0,1,0,802149.1902,5827728.655,13.453777,52.5157305
2,3071638.0,,3701659.0,2020,7,8,6,3,5,3,0,1,0,0,0,0,0,799862.8331,5828782.152,13.42113451,52.52643525
2,2050602.0,,2500727.0,2020,8,13,3,3,5,2,0,1,0,0,0,0,1,802179.6053,5827722.84,13.45421857,52.51566153
11,11030721.0,,11300722.0,2020,11,0,7,3,2,6,2,0,0,0,0,0,0,804001.8185,5827542.207,13.48082454,52.51302999
12,12103218.0,,12100205.0,2020,6,14,6,3,6,4,0,0,1,0,0,0,0,794494.0222,5834289.288,13.34711218,52.57872925
4,4030417.0,,4300414.0,2020,7,12,5,3,6,4,0,0,1,0,0,0,0,791776.8435,5826601.761,13.30037347,52.51127627
12,12103219.0,,12100204.0,2020,7,14,2,3,5,2,0,1,0,0,0,0,0,795562.8194,5833196.053,13.36186495,52.56835001
2,2040703.0,,2400625.0,2020,5,12,6,3,4,7,0,0,1,0,0,0,0,801814.3361,5826360.936,13.44761714,52.50365694
3,3061332.0,,3701657.0,2020,3,19,4,3,5,2,2,1,0,0,0,0,0,799993.8231,5830221.194,13.4243583,52.5392618
9,9020601.0,,9200613.0,2020,9,13,6,3,5,3,0,0,0,0,1,0,0,805460.8753,5822255.877,13.49741312,52.4648363
3,3071638.0,,3701659.0,2020,6,8,6,3,5,3,0,1,0,0,0,0,0,800041.477,5828989.918,13.42394736,52.52819924
1,1011303.0,,1100310.0,2020,8,20,7,3,5,3,0,1,0,0,0,0,0,799763.4005,5828629.872,13.41953595,52.52512499
2,2050602.0,,2500727.0,2020,6,11,2,3,5,2,0,1,0,0,0,0,0,802387.8967,5827706.299,13.45726373,52.51539783
4,4030417.0,,4300414.0,2020,3,18,3,2,0,1,1,0,0,0,0,0,0,791587.9172,5826548.558,13.29755086,52.51090034
11,11010101.0,,11100101.0,2020,11,8,6,3,5,2,0,0,0,0,1,0,0,803685.497,5835335.153,13.48330367,52.58305147
3,3071639.0,,3701660.0,2020,9,8,6,3,1,5,0,1,0,0,0,0,1,800436.1635,5829668.417,13.43036109,52.53406344
4,4030417.0,,4300414.0,2020,3,13,2,3,0,2,0,1,0,0,0,0,0,791231.7103,5826510.527,13.29228367,52.51074969
1,1011303.0,,1100310.0,2020,9,13,7,3,5,2,0,1,0,0,0,0,0,799762.4411,5828628.19,13.41952034,52.52511044
2,2040701.0,,2400521.0,2020,10,20,7,3,5,3,2,1,0,0,0,0,0,800962.234,5827853.092,13.43645054,52.51750213
12,12103219.0,,12100204.0,2020,7,14,6,2,5,2,0,1,0,0,0,0,1,795766.232,5832695.668,13.36441129,52.56375409
7,7040403.0,,7400825.0,2020,6,10,3,3,5,2,0,0,0,0,0,1,0,797880.3873,5820449.327,13.38455036,52.45282802
1,1044102.0,,1400940.0,2020,11,9,5,3,5,2,0,1,0,0,0,0,1,795862.1071,5832067.04,13.36526112,52.55806697
10,10040830.0,,10400837.0,2020,6,17,3,3,0,2,0,1,0,0,0,0,0,811482.3167,5827127.436,13.59031509,52.50509317
2,2010101.0,,2100101.0,2020,12,17,7,3,5,3,2,1,0,0,0,0,1,797856.9888,5825503.342,13.38872068,52.49814432
6,6040703.0,,6400737.0,2020,7,15,6,3,2,7,0,1,0,0,0,0,0,786083.4569,5816689.736,13.20821048,52.42542167
3,3061126.0,,3601141.0,2020,9,13,5,3,6,4,0,0,1,0,0,0,0,799215.2698,5831332.817,13.41391449,52.54965382
2,2010101.0,,2100101.0,2020,6,8,4,3,0,1,0,0,0,0,0,0,0,797689.8588,5825559.076,13.38631579,52.4987351
2,2040703.0,,2400625.0,2020,3,20,4,3,3,6,2,0,0,0,0,0,0,801871.7092,5826518.022,13.44860225,52.50503317
3,3071638.0,,3701659.0,2020,9,6,4,3,5,2,1,1,0,0,0,0,0,800018.6726,5828992.582,13.42361461,52.52823567
6,6030605.0,,6300629.0,2020,6,18,7,3,1,1,0,1,0,0,0,0,0,791644.2145,5819189.791,13.29194208,52.44489924
7,7030303.0,,7300619.0,2020,12,12,3,3,5,3,0,1,0,0,0,0,1,795625.0117,5823228.937,13.35392001,52.47896967
7,7050502.0,,7501133.0,2020,8,16,4,3,5,3,0,1,0,0,0,0,0,798254.5318,5818709.699,13.38848701,52.43703019
6,6040701.0,,6400735.0,2020,7,19,1,3,8,1,0,0,0,0,0,0,1,783513.9903,5816018.877,13.16995493,52.42074393
3,3071633.0,,3701657.0,2020,5,5,5,3,5,2,1,1,0,0,0,0,0,800294.4596,5830050.958,13.42862391,52.53757035
4,4030622.0,,4300621.0,2020,9,13,5,3,3,6,0,0,0,0,0,0,0,792136.1005,5826640.813,13.30568644,52.51143408
5,5020629.0,,5200634.0,2020,5,16,7,3,0,7,0,0,0,0,0,0,0,785119.3211,5826286.152,13.20227083,52.51196733
6,6030605.0,,6300629.0,2020,8,14,3,3,5,3,0,1,0,0,0,0,0,792817.1102,5820000.843,13.30986088,52.45154332
2,2050803.0,,2500835.0,2020,5,18,5,3,0,3,0,0,0,0,0,1,0,802891.5189,5825793.621,13.46292259,52.49797527
6,6040703.0,,6400737.0,2020,3,16,3,2,0,1,0,0,0,0,0,0,0,786755.8688,5817035.522,13.21836888,52.42816997
7,7020202.0,,7200308.0,2020,11,14,5,3,6,4,0,0,1,0,0,0,0,795225.438,5823516.568,13.34830826,52.48176423
1,1011303.0,,1100310.0,2020,9,10,4,3,3,6,0,1,0,0,0,0,0,799363.1747,5828007.154,13.4130938,52.51976316
4,4030622.0,,4300621.0,2020,3,14,3,3,5,2,0,1,0,0,0,0,0,792758.6973,5826766.759,13.31494522,52.51222935
3,3061131.0,,3601142.0,2020,7,23,2,2,1,5,2,1,0,0,0,0,1,799164.7186,5830455.02,13.41238054,52.5418135
2,2040703.0,,2400625.0,2020,10,19,6,3,6,7,2,0,1,0,0,0,1,801874.6782,5826527.725,13.44865466,52.5051185
9,9010301.0,,9100305.0,2020,10,9,5,3,0,1,0,1,0,0,0,0,1,805162.7091,5822576.49,13.49333097,52.46787643
7,7050502.0,,7501133.0,2020,6,12,4,3,0,2,0,1,0,0,0,0,0,798430.7914,5818242.896,13.39065551,52.43274967
9,9020601.0,,9200613.0,2020,8,15,7,3,1,5,0,0,0,0,0,1,0,806343.7355,5821386.349,13.50957018,52.45654901
12,12301205.0,,12500928.0,2020,7,17,5,3,5,2,0,1,0,0,0,0,0,792370.672,5837738.954,13.31891138,52.61079885
3,3061126.0,,3601141.0,2020,10,19,6,3,5,2,2,1,0,0,0,0,1,799219.3103,5831429.53,13.41406105,52.55051848
6,6030605.0,,6300629.0,2020,3,13,2,3,3,6,0,0,0,0,0,0,0,792714.8746,5819930.24,13.30829885,52.45096513
2,2040703.0,,2400625.0,2020,5,14,7,3,6,7,0,0,1,0,0,0,0,801830.4663,5826400.033,13.4478895,52.50399845
2,2050602.0,,2500729.0,2020,8,8,2,2,6,7,0,0,1,0,0,0,0,803457.9122,5827597.199,13.47288437,52.51382573
6,6040701.0,,6400735.0,2020,6,18,4,3,5,2,0,1,0,0,0,0,0,782718.3493,5815827.749,13.15812455,52.41944179
2,2050602.0,,2500727.0,2020,5,23,4,3,5,2,2,1,0,0,0,0,0,802178.9333,5827719.434,13.45420561,52.51563137
3,3071638.0,,3701659.0,2020,8,18,3,3,5,2,0,1,0,0,0,0,0,800046.9688,5828998.688,13.42403598,52.52827483
3,3061131.0,,3601142.0,2020,9,15,2,3,3,6,0,1,0,0,0,0,0,799173.8358,5830797.374,13.4128229,52.54487716
7,7040403.0,,7400825.0,2020,8,11,4,3,1,5,0,1,0,0,0,0,0,797811.4113,5821000.893,13.38403025,52.4578098
3,3061429.0,,3601449.0,2020,7,15,3,3,5,2,0,1,0,0,0,0,0,801540.6894,5831165.736,13.44795459,52.54687403
3,3071639.0,,3701660.0,2020,6,14,5,3,2,6,0,1,0,0,0,0,0,800231.1892,5829293.015,13.4270092,52.53081155
9,9010201.0,,9100202.0,2020,11,12,4,3,3,6,0,0,0,0,0,0,0,802926.702,5824730.496,13.46247268,52.48842705
2,2040701.0,,2400521.0,2020,11,9,2,3,6,4,0,1,1,0,0,0,0,800832.1188,5827883.871,13.43456661,52.51784979
4,4020311.0,,4200310.0,2020,7,7,6,3,3,6,0,0,0,0,0,1,0,789166.4265,5826160.368,13.26163233,52.50870918
1,1033203.0,,1300836.0,2020,8,8,2,3,1,5,0,1,0,0,0,0,0,796270.8345,5830435.107,13.36981647,52.5432162
4,4030623.0,,4300622.0,2020,5,14,2,2,0,7,0,0,0,0,0,0,1,793135.518,5826836.391,13.32054333,52.5126512
7,7020203.0,,7200411.0,2020,9,21,5,3,1,5,1,1,0,0,0,0,0,795808.487,5824189.001,13.35746564,52.48747654
2,2050602.0,,2500727.0,2020,5,19,7,3,0,1,0,0,0,0,0,0,0,802176.046,5827751.82,13.4541926,52.51592325
10,10030726.0,,10300733.0,2020,9,16,2,3,5,2,0,1,0,0,0,0,0,809513.506,5827403.925,13.561658,52.50869134
3,3061435.0,,3601452.0,2020,8,18,7,3,1,5,0,1,0,0,0,0,0,801368.2701,5829260.241,13.44369143,52.52989035
3,3061332.0,,3701657.0,2020,3,15,4,3,2,6,0,1,0,0,0,0,0,799998.5546,5830219.719,13.42442653,52.53924598
3,3020209.0,,3200205.0,2020,3,18,3,3,5,3,2,1,0,0,0,0,1,798167.8393,5835384.181,13.40215455,52.5865428
5,5020524.0,,5200528.0,2020,11,8,2,3,5,2,0,1,0,0,0,0,1,783510.0927,5826706.657,13.17898003,52.51657651
2,3061435.0,,3601452.0,2020,8,16,1,3,3,5,0,0,0,0,0,1,0,801637.9779,5828942.694,13.44736719,52.52689499
3,3061332.0,,3601347.0,2020,3,16,3,3,5,3,0,1,0,0,0,0,1,799553.6545,5830284.17,13.41794439,52.54006842
4,4030417.0,,4300414.0,2020,11,8,2,3,3,6,0,0,0,0,0,0,0,791526.2611,5826559.259,13.2966543,52.51102923
1,1011105.0,,1100102.0,2020,9,12,2,3,5,2,0,1,0,0,0,0,0,796419.84,5826326.476,13.36834502,52.50630542
3,3040513.0,,3400620.0,2020,10,16,4,3,3,6,0,1,0,0,0,0,1,798016.8751,5833737.496,13.39845245,52.57186536
9,9010301.0,,9100305.0,2020,7,13,2,3,5,3,0,1,0,0,0,0,0,805149.4068,5822567.237,13.49312729,52.46780092
5,5020524.0,,5200528.0,2020,5,14,2,3,5,2,0,1,0,0,0,0,0,783517.187,5826715.15,13.17909154,52.51664897
1,1011105.0,,1100102.0,2020,6,18,5,3,5,2,0,1,0,0,0,0,1,796451.853,5826452.307,13.36892736,52.50741598
3,3071639.0,,3701660.0,2020,11,14,3,3,1,5,0,0,0,0,0,1,0,800425.5667,5829651.444,13.43018999,52.53391715
7,7020203.0,,7200410.0,2020,11,17,2,3,1,5,2,1,0,0,0,0,0,795571.2493,5823897.703,13.3537236,52.48499376
1,1033203.0,,1300836.0,2020,9,9,4,3,5,2,0,1,0,0,0,0,0,796315.8491,5830076.52,13.37015847,52.53997736
1,1011105.0,,1100102.0,2020,10,8,4,3,5,2,0,1,0,0,0,0,0,796902.0524,5826694.82,13.37575743,52.50934504
10,10040830.0,,10400837.0,2020,8,16,5,2,5,3,0,1,0,0,0,0,0,810877.082,5827088.088,13.58139002,52.50508572
6,6030503.0,,6300526.0,2020,7,20,2,2,6,2,0,0,1,0,0,0,1,789587.6602,5817958.761,13.26070158,52.43495566
1,1011304.0,,1100311.0,2020,10,8,3,3,3,6,0,1,0,1,0,0,0,799823.7859,5828181.646,13.42001929,52.52107415
3,3071633.0,,3701657.0,2020,11,11,6,3,5,3,0,1,0,0,0,0,0,800278.4118,5830087.399,13.42842094,52.53790583
3,3040818.0,,3400831.0,2020,3,16,2,3,5,3,0,1,0,0,0,0,1,800067.642,5833958.523,13.42882188,52.57271981
2,2050602.0,,2500727.0,2020,10,12,6,3,5,2,0,1,0,0,0,0,0,802117.4446,5828026.557,13.45358111,52.51841818
7,7020202.0,,7200308.0,2020,3,10,2,3,5,2,0,0,0,0,0,1,1,795242.0545,5823528.474,13.34856278,52.48186198
1,1044102.0,,1400940.0,2020,9,13,2,3,5,3,0,1,0,0,0,0,0,795861.683,5832069.404,13.36525699,52.55808839
2,2050602.0,,2500727.0,2020,11,12,6,3,5,2,0,0,0,0,0,1,0,802149.0607,5827726.81,13.45377342,52.51571404
1,1011202.0,,1100206.0,2020,9,10,6,3,2,6,0,0,0,0,0,1,0,797242.7973,5827533.442,13.38151246,52.51667678
1,1011102.0,,1100102.0,2020,8,18,6,3,3,6,0,0,0,0,0,1,0,796074.7495,5827327.104,13.3641656,52.51546252
3,3020209.0,,3200205.0,2020,11,10,2,3,5,2,0,1,0,0,0,0,0,798114.2865,5835771.823,13.40171523,52.5900468
3,3061332.0,,3701657.0,2020,5,18,5,3,5,2,0,1,0,0,0,0,0,799974.1977,5830201.231,13.42405178,52.53909367
3,3061126.0,,3601139.0,2020,8,9,2,2,5,2,0,1,0,0,0,0,0,799238.2341,5831933.914,13.41479391,52.55502908
3,3071639.0,,3701660.0,2020,3,1,7,3,2,2,2,1,0,0,0,0,1,800310.1381,5829419.15,13.4282835,52.53189865
9,9020601.0,,9200613.0,2020,3,17,6,3,5,3,1,1,0,0,0,0,1,805589.1525,5822144.357,13.49919336,52.46376508
2,2040703.0,,2400625.0,2020,6,8,4,2,6,4,0,0,1,0,0,0,0,801874.5708,5826527.374,13.44865276,52.50511541
6,6030503.0,,6300527.0,2020,3,15,6,3,8,1,0,1,0,0,0,0,1,790280.8148,5818381.892,13.27123669,52.43838173
9,9010202.0,,9100203.0,2020,11,8,2,3,5,3,0,0,0,0,1,0,0,804105.5735,5824365.915,13.47944869,52.48450403
6,6040703.0,,6400737.0,2020,7,17,6,2,0,1,0,0,0,0,0,0,0,784996.3911,5815991.142,13.19167144,52.41972523
2,2040703.0,,2400625.0,2020,11,10,2,3,0,1,0,0,0,0,0,0,0,801865.0329,5826496.847,13.44848499,52.50484708
3,3040818.0,,3400826.0,2020,3,8,6,3,5,2,0,1,0,0,0,0,1,799174.303,5832231.369,13.41412184,52.55773042
2,2050601.0,,2500726.0,2020,11,14,7,3,3,6,0,1,0,0,0,0,0,801660.3062,5828859.883,13.44762019,52.52614039
2,2050602.0,,2500727.0,2020,3,14,6,3,5,2,0,0,0,0,0,1,1,802144.15,5827755.655,13.45372747,52.51597529
4,4030623.0,,4300622.0,2020,7,18,4,3,4,6,0,0,0,0,0,0,0,793202.9814,5826772.107,13.32147797,52.51203865
2,2020202.0,,2200208.0,2020,3,18,5,3,3,6,2,0,0,0,0,0,0,797886.4605,5825401.63,13.38906258,52.4972165
1,1011303.0,,1100310.0,2020,12,10,4,3,3,6,0,1,0,0,0,0,1,799313.2436,5827964.863,13.41232206,52.5194115
6,6030503.0,,6300526.0,2020,7,11,2,2,6,4,0,0,1,0,0,0,0,789552.9137,5817967.285,13.26019928,52.43505047
3,3071638.0,,3701659.0,2020,3,15,5,3,5,3,0,0,0,0,0,1,0,800023.9561,5828964.881,13.42366726,52.52798447
7,7040401.0,,7400720.0,2020,11,18,4,3,5,2,2,1,0,0,0,0,0,797777.0943,5823831.95,13.38605362,52.48320582
12,12103115.0,,12100103.0,2020,8,6,4,3,5,2,0,1,0,0,0,0,1,795339.7947,5833743.681,13.35907162,52.57338003
9,9010101.0,,9100101.0,2020,5,14,3,2,5,2,0,0,0,0,0,1,0,802664.8392,5825208.804,13.45906227,52.49285934
3,3020209.0,,3200206.0,2020,10,8,5,3,5,3,0,1,0,0,0,0,0,798011.2647,5834153.517,13.39874379,52.57559747
3,3050925.0,,3500936.0,2020,12,13,2,3,3,6,0,0,0,0,1,0,1,801552.9247,5831176.024,13.44814382,52.54695947
12,12103219.0,,12100204.0,2020,6,14,2,3,6,4,0,0,1,0,0,0,0,795746.4534,5832719.182,13.36414131,52.56397561
4,4030417.0,,4300414.0,2020,10,15,2,3,0,7,0,1,0,0,0,0,0,790854.655,5826430.304,13.28667329,52.51023167
3,3040818.0,,3400831.0,2020,3,9,5,3,5,3,0,1,0,0,0,0,0,800091.022,5834034.025,13.42923416,52.57338366
2,2050602.0,,2500727.0,2020,11,18,6,3,5,3,2,1,0,0,0,0,0,802118.835,5828030.345,13.45360497,52.51845136
3,3061126.0,,3601141.0,2020,3,9,5,3,5,3,0,0,0,0,0,0,0,799196.197,5831434.082,13.41372528,52.55057197
3,3061429.0,,3601449.0,2020,5,0,5,3,5,2,2,1,0,0,0,0,0,801324.399,5831012.737,13.44463578,52.54562236
1,1011303.0,,1100310.0,2020,8,18,5,3,5,2,0,1,0,0,0,0,0,799792.0181,5828612.266,13.41994064,52.52495144
5,5020629.0,,5200634.0,2020,7,21,7,3,0,1,2,0,0,0,0,0,0,785966.6124,5826059.914,13.2145277,52.50949535
7,7010104.0,,7100205.0,2020,3,8,5,3,3,6,0,1,0,0,0,0,0,796060.853,5825418.411,13.36226393,52.49836034
9,9010202.0,,9100203.0,2020,7,13,3,3,5,3,0,1,0,0,0,0,0,804106.561,5824366.79,13.47946399,52.48451132
1,1033203.0,,1300836.0,2020,5,15,4,3,5,2,0,1,0,0,0,0,0,796198.7247,5830206.491,13.36855242,52.54120609
7,7010104.0,,7100206.0,2020,8,14,6,2,5,3,0,0,0,0,0,1,0,796008.4446,5824726.12,13.36087901,52.49218297
7,7050501.0,,7501030.0,2020,12,14,2,3,1,5,0,1,0,0,0,0,1,798098.4818,5819227.93,13.38666043,52.44176064
11,11030721.0,,11300725.0,2020,3,8,4,2,1,7,0,0,0,1,0,0,0,804863.6127,5827469.036,13.49341751,52.51189322
2,2020202.0,,2200208.0,2020,7,15,5,3,5,2,0,1,0,0,0,0,0,797897.2104,5825437.794,13.38925281,52.49753481
7,7070703.0,,7601544.0,2020,7,14,7,3,5,7,0,1,0,0,0,0,0,799928.253,5813387.299,13.40826629,52.38840667
2,2050602.0,,2500727.0,2020,6,17,3,3,0,7,0,0,0,0,0,0,0,802563.0675,5827704.648,13.45983579,52.5152859
10,10010206.0,,10100208.0,2020,10,18,7,3,0,1,2,0,0,0,0,0,1,808460.362,5832335.209,13.55076535,52.55348101
12,12103219.0,,12100204.0,2020,3,17,3,2,5,2,1,0,0,0,0,1,0,795751.2956,5832692.924,13.36418913,52.5637376
11,11010101.0,,11100101.0,2020,6,13,5,3,5,2,0,1,0,0,0,0,0,803725.4507,5834401.123,13.48303578,52.57465789
2,2050601.0,,2500726.0,2020,7,9,4,3,6,7,0,0,1,0,0,0,0,801848.3807,5828541.084,13.45009468,52.5231789
7,7020203.0,,7200410.0,2020,6,19,3,3,1,5,0,1,0,0,0,0,0,795575.2156,5823901.077,13.35378484,52.48502186
5,5040936.0,,5400943.0,2020,10,14,3,3,5,2,0,1,0,0,0,0,0,780168.1478,5822271.364,13.126128,52.4785331
9,9020601.0,,9200613.0,2020,8,18,4,3,2,6,0,0,0,0,0,0,0,806418.3763,5821331.871,13.51061525,52.45601892
10,10010207.0,,10100210.0,2020,7,8,1,3,5,3,0,0,0,0,0,1,0,808294.865,5832002.821,13.54802349,52.55059592
2,2010101.0,,2100101.0,2020,5,9,4,3,5,2,0,1,0,0,0,0,0,797296.3242,5825591.955,13.38056502,52.49924435
3,3061126.0,,3601141.0,2020,6,17,5,3,1,1,0,0,0,1,0,0,1,799200.7913,5831522.163,13.41387221,52.55135896
3,3071633.0,,3701657.0,2020,9,16,4,3,5,2,0,0,0,1,0,0,0,800292.438,5830051.913,13.42859505,52.53758003
1,1011102.0,,1100102.0,2020,12,1,7,2,0,1,2,0,0,0,0,0,0,795748.0382,5827260.533,13.35930584,52.51504303
5,5040936.0,,5400943.0,2020,8,15,5,3,5,3,0,1,0,0,0,0,0,780179.0425,5822276.637,13.12629243,52.47857479
2,2040701.0,,2400521.0,2020,9,15,3,3,0,7,0,0,0,0,0,0,0,800591.3581,5827894.055,13.43103829,52.51807383
11,11030721.0,,11300724.0,2020,10,11,7,3,4,6,0,0,0,0,0,0,0,804511.036,5827505.072,13.48827115,52.51241312
12,12301203.0,,12500930.0,2020,8,13,5,3,5,3,0,1,0,0,0,0,0,793993.9107,5835207.35,13.34056736,52.58722942
1,1011104.0,,1100104.0,2020,7,13,5,3,5,5,0,1,0,0,0,0,1,796120.297,5825645.266,13.36333875,52.50036165
2,2050602.0,,2500727.0,2020,5,11,1,3,5,3,0,1,0,0,0,0,0,802147.69,5827740.299,13.45376553,52.5158357
3,3061429.0,,3601449.0,2020,12,5,4,3,0,1,2,0,0,0,0,0,1,800948.4934,5830495.653,13.43864069,52.54119544
3,3061332.0,,3701657.0,2020,6,15,3,3,5,2,0,1,0,0,0,0,0,799972.748,5830201.544,13.42403075,52.53909728
1,1011303.0,,1100310.0,2020,2,19,7,2,3,6,2,1,0,0,0,0,1,799176.9866,5828378.887,13.41069229,52.52319738
3,3061429.0,,3601449.0,2020,9,7,6,3,5,2,0,1,0,0,0,0,0,800984.7475,5830503.045,13.43918035,52.54124168
7,7070706.0,,7601547.0,2020,7,0,1,3,0,1,2,0,0,0,0,0,0,800130.1792,5813132.299,13.41099632,52.38601036
7,7050501.0,,7501030.0,2020,10,15,6,3,6,7,0,0,1,0,0,0,0,798044.3087,5819505.579,13.38611343,52.444279
12,12231101.0,,12400723.0,2020,7,16,5,3,5,3,0,1,0,0,0,0,1,792072.2872,5838552.292,13.31523537,52.61825045
4,4020313.0,,4200311.0,2020,5,13,1,3,0,3,0,1,0,0,0,0,1,790387.106,5826353.478,13.27973633,52.50979201
1,1011304.0,,1100311.0,2020,2,16,7,3,4,6,0,0,0,0,0,1,0,800004.1806,5828075.227,13.4225741,52.52002106
2,2010101.0,,2100101.0,2020,11,11,3,3,0,7,0,0,0,0,0,0,0,797146.0759,5825669.744,13.37842759,52.50002348
3,3061126.0,,3601141.0,2020,6,8,4,3,5,2,0,1,0,0,0,0,0,799196.982,5831452.869,13.41375375,52.55073994
12,12231101.0,,12400723.0,2020,6,8,2,3,0,3,0,1,0,0,0,0,0,792075.123,5838548.202,13.31527352,52.61821226
7,7020203.0,,7200411.0,2020,8,18,3,2,1,5,0,1,0,0,0,0,0,795930.4446,5824446.28,13.35948497,52.48971673
12,12103219.0,,12100204.0,2020,7,16,5,3,5,2,0,1,0,0,0,0,0,795709.843,5832847.181,13.36371686,52.56514288
2,2010101.0,,2100101.0,2020,10,11,6,3,5,3,0,1,0,0,0,0,0,797876.9817,5825498.034,13.38900958,52.49808583
12,12103219.0,,12100204.0,2020,2,15,6,3,5,2,0,1,0,0,0,0,0,795766.0386,5832696.757,13.36440942,52.56376395
1,1011303.0,,1100310.0,2020,6,15,4,3,5,2,0,0,0,0,0,1,0,799557.908,5828277.886,13.41619904,52.52208292
4,4030417.0,,4300414.0,2020,5,14,3,3,5,2,0,0,0,0,0,1,0,791751.2225,5826597.445,13.29999322,52.51125128
2,2050802.0,,2500833.0,2020,10,15,7,2,2,6,0,1,0,0,0,0,0,802118.3661,5827419.871,13.45304379,52.51297994
7,7020203.0,,7200411.0,2020,9,10,4,3,1,5,0,1,0,0,0,0,0,795835.487,5824210.502,13.3578812,52.48765464
4,4020208.0,,4200206.0,2020,11,14,2,3,1,5,0,1,0,0,0,0,0,787198.5409,5825844.921,13.23244444,52.5069206
4,4030622.0,,4300621.0,2020,8,7,3,3,5,2,0,0,0,0,0,1,0,792275.7456,5826685.437,13.30777749,52.51175932
3,3020209.0,,3200205.0,2020,2,8,6,3,5,3,0,1,0,0,0,0,0,798153.948,5836016.099,13.40251882,52.59221462
10,10040933.0,,10400940.0,2020,9,13,4,3,0,1,0,0,0,0,0,0,0,812425.0065,5827173.531,13.60420211,52.50496729
11,11030721.0,,11300722.0,2020,8,9,4,2,5,2,0,1,0,0,0,0,0,804235.0844,5827518.748,13.48422987,52.51268968
1,1011303.0,,1100310.0,2020,11,16,4,2,1,5,2,1,0,0,0,0,0,799636.3278,5828412.173,13.41747238,52.5232435
11,11010101.0,,11100101.0,2020,8,15,2,3,5,2,0,0,0,0,0,1,0,803685.497,5835335.153,13.48330367,52.58305147
1,1011104.0,,1100104.0,2020,2,17,4,3,4,6,0,0,0,0,0,1,0,796362.4347,5826164.231,13.36735728,52.50488224
2,2050602.0,,2500728.0,2020,8,15,4,2,2,2,0,0,0,0,0,0,0,802996.8352,5827660.373,13.46616819,52.51464826
1,1011303.0,,1100310.0,2020,6,9,6,3,5,3,0,1,0,0,0,0,0,799781.125,5828660.425,13.41982397,52.5253891
4,4030417.0,,4300414.0,2020,9,22,5,3,6,4,2,0,1,0,0,0,0,790971.5804,5826449.339,13.28840795,52.51033996
6,6040701.0,,6400735.0,2020,6,17,2,3,8,1,0,0,0,0,0,0,0,782539.069,5815784.582,13.15545884,52.41914731
1,1033203.0,,1300836.0,2020,2,15,4,3,0,2,0,0,0,0,0,1,0,796316.7184,5830075.734,13.37017055,52.53996984
12,12231101.0,,12400723.0,2020,7,16,6,3,5,3,0,1,0,0,0,0,0,792228.7783,5838308.859,13.31732523,52.61598406
9,9010301.0,,9100305.0,2020,2,14,4,2,5,3,0,1,0,0,0,0,0,805152.8011,5822563.919,13.49317407,52.46776929
3,3061434.0,,3601451.0,2020,10,13,5,3,3,6,0,0,0,0,0,1,0,800780.6479,5829810.508,13.43555306,52.53514704
6,6040701.0,,6400735.0,2020,12,14,3,3,0,5,0,1,0,0,0,0,0,783126.1752,5815920.142,13.16418371,52.4200594
1,1011105.0,,1100102.0,2020,5,18,4,3,5,3,0,1,0,0,0,0,0,796682.9175,5826209.937,13.37210589,52.50511777
4,4041137.0,,4400727.0,2020,5,23,1,2,0,1,2,0,0,0,0,0,0,791928.9798,5824014.492,13.30034095,52.4880004
1,1011204.0,,1100207.0,2020,5,17,4,2,5,3,0,1,0,0,0,0,0,798646.1727,5827021.723,13.40167351,52.51132327
9,9010201.0,,9100202.0,2020,6,18,7,3,5,3,1,1,0,0,0,0,1,803379.8583,5824289.227,13.46872454,52.48422039
2,2040503.0,,2400522.0,2020,10,22,7,3,4,6,2,0,0,0,0,1,0,801639.1862,5827783.716,13.44633391,52.51650632
2,2020202.0,,2200208.0,2020,8,10,2,3,5,2,0,0,0,0,0,1,0,797899.0648,5825429.151,13.38927231,52.49745632
10,10030726.0,,10300733.0,2020,2,18,4,3,5,2,2,1,0,0,0,0,1,808945.3427,5827441.082,13.55334756,52.50934638
3,3061332.0,,3601348.0,2020,11,13,1,3,2,6,0,1,0,0,0,0,0,799868.9054,5830247.062,13.42254531,52.53956242
3,3061435.0,,3601452.0,2020,8,1,7,3,2,6,2,1,0,0,0,0,0,801322.5889,5829320.695,13.44307485,52.53045746
1,1033203.0,,1300836.0,2020,6,16,3,3,5,2,0,1,0,0,0,0,0,796320.9005,5830071.95,13.37022866,52.53993364
2,2050601.0,,2500726.0,2020,6,12,4,3,5,3,0,1,1,0,0,0,0,801654.0281,5828872.732,13.44753959,52.52625903
2,2050602.0,,2500727.0,2020,11,18,2,2,5,2,2,1,0,0,0,0,0,802146.06,5827748.796,13.4537493,52.51591276
6,6040701.0,,6400735.0,2020,9,17,1,3,1,5,0,1,0,0,0,0,0,783410.0167,5816003.735,13.16841724,52.42066201
7,7040403.0,,7400824.0,2020,8,14,3,2,1,5,0,1,0,0,0,0,0,797863.6466,5821803.909,13.38551333,52.4649795
2,2040503.0,,2400522.0,2020,5,23,7,3,5,3,2,1,0,0,0,0,0,801933.6122,5827769.975,13.45064723,52.51622024
6,6030503.0,,6300526.0,2020,6,19,4,3,5,3,0,0,0,0,0,0,0,789577.61,5817961.573,13.26055659,52.43498619
3,3071633.0,,3701657.0,2020,2,18,3,3,6,4,2,0,1,0,0,0,0,800572.3221,5829917.009,13.43258724,52.53621656
6,6030605.0,,6300629.0,2020,9,13,4,3,1,5,0,1,0,0,0,0,0,791916.3333,5819376.893,13.29609794,52.44643139
3,3071639.0,,3701660.0,2020,5,16,4,3,3,6,0,0,0,0,0,0,0,800153.6158,5829169.076,13.42575716,52.52974337
10,10030726.0,,10300733.0,2020,8,16,2,3,0,2,0,1,0,0,0,0,0,808924.1716,5827407.719,13.55300565,52.50905938
9,9020601.0,,9200613.0,2020,2,17,3,3,5,2,1,1,0,0,0,0,1,806103.7585,5821629.73,13.50627257,52.45886474