district,LOR,street,LOR_2021,year,month,hour,weekday,category,accident_kind,accident_type,light_condition,car,pedestrian,motorcycle,goods_vehicle,others,road_condition,LINREFX,LINREFY,XGCSWGS84,YGCSWGS84
3,3061429.0,,3601449.0,2020,6,16,5,3,6,7,0,0,1,0,0,0,0,801183.4584,5830869.287,13.44243358,52.54441454
3,3050925.0,,3500936.0,2020,9,14,2,3,3,6,0,1,0,0,0,0,0,801549.9786,5831173.576,13.44809828,52.54693916
3,3061332.0,,3601347.0,2020,8,14,3,3,2,6,0,0,0,0,0,1,0,799490.6339,5830296.202,13.41702878,52.5402109
3,3061435.0,,3601452.0,2020,7,13,3,3,1,5,0,1,0,0,0,0,0,801626.9249,5828957.003,13.44721773,52.52702935
2,2050602.0,,2500727.0,2020,2,20,2,3,5,3,1,1,0,0,0,0,1,802584.8438,5827702.294,13.46015358,52.51525271
2,2010101.0,,2100101.0,2020,9,11,5,3,5,2,0,1,0,0,0,0,0,797850.612,5825505.469,13.38862893,52.49816686
6,6040703.0,,6400737.0,2020,6,9,1,2,4,6,0,0,0,0,0,0,0,785570.6561,5816300.955,13.20035745,52.4222037
3,3061131.0,,3601142.0,2020,9,15,4,3,1,5,0,1,0,0,0,0,1,799164.6309,5830694.843,13.41259523,52.54396318
11,11030721.0,,11300722.0,2020,12,17,6,3,6,4,2,0,1,0,0,0,1,803738.829,5827584.971,13.47700011,52.51355977
4,4020208.0,,4200206.0,2020,5,15,4,2,1,1,0,0,0,0,1,0,0,786767.3872,5825846.509,13.22611069,52.50716165
7,7050506.0,,7501135.0,2020,10,16,6,3,5,3,0,1,0,0,0,0,0,798959.7037,5817033.558,13.3973313,52.4216206
12,12103115.0,,12100103.0,2020,8,0,1,3,6,7,2,0,1,0,0,0,0,795546.5426,5833267.795,13.36168942,52.56900195
7,7010104.0,,7100205.0,2020,10,14,5,3,1,5,0,1,0,0,0,0,0,796025.1469,5825235.798,13.36157719,52.49674274
3,3051017.0,,3501037.0,2020,6,15,2,3,2,6,0,0,0,0,0,0,0,802791.8977,5832852.201,13.46788816,52.56129549
2,2010101.0,,2100101.0,2020,12,2,2,3,3,6,2,0,0,0,0,0,0,797758.9812,5825536.025,13.38731043,52.49849077
2,2050602.0,,2500727.0,2020,6,11,4,3,2,6,0,0,0,0,0,0,0,802449.2352,5827716.958,13.45817459,52.51545936
2,2050601.0,,2500726.0,2020,7,12,6,2,3,6,0,0,0,0,0,0,0,802034.4726,5828096.355,13.45242538,52.51908975
2,2050601.0,,2500726.0,2020,7,21,1,3,5,2,0,1,0,0,0,0,0,801681.43,5828880.887,13.44794967,52.52631697
2,2050602.0,,2500728.0,2020,6,13,4,3,3,6,0,1,0,0,0,0,0,803085.262,5827634.511,13.46744374,52.51436734
3,3020203.0,,3200204.0,2020,9,17,3,3,2,7,0,0,0,1,0,0,0,797166.885,5838894.688,13.39057506,52.61855745
7,7050506.0,,7501135.0,2020,2,12,6,3,0,6,0,1,0,0,0,0,0,798837.3288,5817269.976,13.39574825,52.42380666
4,4030417.0,,4300414.0,2020,7,14,4,3,3,6,0,0,0,1,0,0,0,791549.2244,5826541.988,13.29697658,52.51086212
2,2050803.0,,2500835.0,2020,2,6,6,3,5,3,2,1,0,0,0,0,1,801829.6762,5826229.845,13.44772363,52.50247348
5,5040936.0,,5400943.0,2020,8,16,4,3,5,2,0,1,0,0,0,0,0,780171.3534,5822272.634,13.12617614,52.47854284
2,2050602.0,,2500729.0,2020,7,9,2,3,5,2,0,1,0,0,0,0,0,803483.9341,5827594.541,13.47326423,52.51378742
3,3061435.0,,3601452.0,2020,9,2,5,3,2,6,2,1,0,0,0,0,0,801391.4923,5829229.51,13.44400486,52.52960206
2,2010101.0,,2100101.0,2020,5,21,3,3,0,1,1,0,0,0,0,0,0,797789.9112,5825525.711,13.38775549,52.49838143
10,10040830.0,,10400837.0,2020,8,14,3,3,5,2,0,1,0,0,0,0,0,811523.2763,5827129.606,13.59091864,52.50508923
1,1022202.0,,1200624.0,2020,6,17,5,3,0,2,0,1,0,0,0,0,0,795870.3788,5829571.033,13.36315918,52.5356882
6,6040703.0,,6400737.0,2020,8,13,5,3,5,3,0,1,0,0,0,0,0,785696.313,5816404.226,13.20228849,52.42306405
1,1011104.0,,1100104.0,2020,2,18,5,2,6,4,1,0,1,0,0,0,1,796175.3047,5825767.018,13.36425501,52.50142319
7,7050501.0,,7501030.0,2020,5,19,3,3,1,5,1,1,0,0,0,0,0,797915.4596,5820251.62,13.38488859,52.45103668
3,3061332.0,,3601347.0,2020,6,10,6,3,3,6,0,0,0,0,0,0,0,799249.8171,5830357.973,13.4135442,52.54089689
12,12231101.0,,12400723.0,2020,2,18,5,3,5,3,2,1,0,0,0,0,1,791832.3402,5839223.651,13.31229371,52.62439779
1,1011304.0,,1100311.0,2020,12,14,3,3,6,4,0,0,1,0,0,0,0,799984.6554,5828112.114,13.42232046,52.52036244
3,3020209.0,,3200205.0,2020,6,19,2,3,5,2,0,1,0,0,0,0,0,798147.1552,5835956.484,13.40236519,52.59168399
9,9020601.0,,9200613.0,2020,11,8,6,2,5,2,0,1,0,0,0,0,0,806599.8034,5821136.452,13.51309752,52.45416576
1,1011303.0,,1100310.0,2020,2,16,4,3,5,2,0,0,0,0,0,1,0,799315.2223,5827966.539,13.41235264,52.51942544
12,12103218.0,,12100205.0,2020,8,15,6,1,5,2,0,0,0,0,1,0,0,794559.1815,5833820.741,13.34765472,52.57449384
7,7070701.0,,7601442.0,2020,6,0,1,3,0,1,2,0,0,0,0,0,0,799610.0398,5815473.027,13.40546943,52.40727677
1,1011105.0,,1100102.0,2020,12,10,1,3,5,2,0,1,0,0,0,0,0,796418.9866,5826323.368,13.36832972,52.50627802
3,3020203.0,,3200204.0,2020,11,7,5,3,0,2,0,1,0,0,0,0,0,797164.8828,5838899.872,13.39055023,52.61860501
3,3061332.0,,3701657.0,2020,10,0,7,3,5,3,2,1,0,0,0,0,1,799990.4408,5830222.278,13.42430956,52.53927339
7,7010104.0,,7100205.0,2020,6,17,3,3,2,6,0,0,0,0,0,0,0,796064.5171,5825437.894,13.36233507,52.498533
3,3040818.0,,3400829.0,2020,2,19,3,2,6,7,2,0,1,0,0,0,0,800053.5192,5832772.314,13.42754115,52.56209533
6,6030605.0,,6300629.0,2020,10,17,2,3,5,2,0,1,0,0,0,0,0,792443.58,5819762.086,13.30417084,52.44960285
12,12103115.0,,12100103.0,2020,12,7,2,3,5,3,0,1,0,0,0,0,1,795440.9192,5833540.902,13.36037881,52.57150743
3,3040818.0,,3400826.0,2020,8,8,4,2,5,2,0,1,0,0,0,0,0,799149.8202,5832223.185,13.41375441,52.55767052
2,2040701.0,,2400521.0,2020,5,17,3,3,5,3,0,1,0,0,0,0,0,800963.6086,5827852.948,13.43647061,52.51750008
12,12103219.0,,12100204.0,2020,5,11,2,3,5,3,0,1,0,0,0,0,0,795751.5544,5832691.521,13.36419169,52.56372488
9,9010101.0,,9100101.0,2020,9,18,3,3,2,6,0,1,0,0,0,0,0,802831.7393,5825421.682,13.46170655,52.49467478
3,3061429.0,,3601449.0,2020,8,19,4,3,5,2,0,1,0,0,0,0,0,800945.5409,5830490.988,13.43859306,52.54115526
3,3061332.0,,3701657.0,2020,2,19,3,3,0,2,1,0,0,0,0,0,0,799993.8231,5830221.194,13.4243583,52.5392618
10,10040830.0,,10400837.0,2020,12,15,4,3,5,2,0,0,0,0,1,0,0,810873.0961,5827087.804,13.58133122,52.50508545
6,6010101.0,,6100101.0,2020,6,10,2,3,5,2,0,1,0,0,0,0,0,793129.7112,5820202.423,13.3146247,52.4531829
1,1044102.0,,1400940.0,2020,12,21,1,3,5,3,2,1,0,0,0,0,0,795878.06,5832062.625,13.36549182,52.55801873
6,6040701.0,,6400735.0,2020,8,16,5,2,0,1,0,0,0,0,0,0,0,778635.9093,5814915.513,13.09748979,52.41335541
4,4030623.0,,4300622.0,2020,11,17,6,2,6,4,2,0,1,0,0,0,0,793016.8497,5826810.518,13.31877689,52.51248301
11,11030721.0,,11300722.0,2020,8,15,5,3,5,2,0,1,0,0,0,0,0,804249.8349,5827531.79,13.48445849,52.51279834
7,7040403.0,,7400824.0,2020,9,18,5,2,5,3,0,0,0,0,0,1,0,797848.7749,5822303.343,13.38574087,52.46946449
1,1011102.0,,1100102.0,2020,8,13,1,2,0,1,0,0,0,0,0,0,0,795992.3975,5827313.163,13.36294315,52.51538225
3,3061434.0,,3601451.0,2020,6,19,3,3,5,3,0,1,0,0,0,0,0,800621.877,5829920.517,13.43331883,52.53622067
6,6030503.0,,6300527.0,2020,10,13,5,2,5,2,0,1,0,0,0,0,0,789782.981,5817986.376,13.26359064,52.43509978
7,7040401.0,,7400720.0,2020,2,16,1,3,1,5,0,0,0,1,0,0,0,797766.8828,5823724.826,13.38580801,52.48225114
7,7050501.0,,7501030.0,2020,8,11,1,3,1,5,0,1,0,0,0,0,0,797900.3176,5820336.811,13.38474242,52.45180858
7,7040401.0,,7400720.0,2020,6,14,3,3,6,2,0,1,1,0,0,0,0,797773.9315,5823580.877,13.38578293,52.48095696
3,3020209.0,,3200205.0,2020,7,17,5,3,5,3,0,0,0,1,0,0,0,798167.6344,5836140.641,13.40283238,52.59332346
1,1011104.0,,1100104.0,2020,6,19,4,3,0,2,0,1,0,0,0,0,0,796218.9429,5825863.382,13.36498173,52.50226332
1,1033203.0,,1300836.0,2020,5,18,1,3,5,3,0,1,0,0,0,0,0,796271.1648,5830253.498,13.36965936,52.54158809
1,1011201.0,,1100205.0,2020,2,20,7,3,0,5,0,1,0,0,0,0,0,796996.5993,5826722.987,13.37717158,52.50954606
11,11041022.0,,11401032.0,2020,8,18,4,2,5,3,0,1,0,0,0,0,0,806590.2645,5827406.288,13.51872326,52.51036316
2,2040503.0,,2400522.0,2020,6,12,6,3,5,3,0,1,0,0,0,0,0,801888.4221,5827758.098,13.44997251,52.5161388
1,1011303.0,,1100310.0,2020,10,13,7,3,5,2,0,1,0,0,0,0,0,799570.0831,5828301.726,13.41639942,52.52228992
4,4030623.0,,4300622.0,2020,11,11,4,2,5,2,0,1,0,0,0,0,0,793092.6548,5826823.319,13.31990201,52.51255704
10,10040933.0,,10400940.0,2020,9,18,2,2,0,1,0,0,0,0,0,0,0,813003.551,5827188.583,13.61271226,52.50477062
1,1011105.0,,1100102.0,2020,6,12,2,3,2,3,0,1,0,0,0,0,0,796423.3916,5826338.466,13.36840787,52.50641097
3,3020209.0,,3200206.0,2020,9,6,5,3,0,1,0,0,0,0,1,0,1,798255.044,5835061.364,13.40314735,52.58360143
4,4030623.0,,4300622.0,2020,10,8,5,3,5,2,0,1,0,0,0,0,0,792843.2516,5826759.567,13.31618129,52.51211948
3,3061332.0,,3701657.0,2020,12,13,3,3,5,2,0,1,0,0,0,0,1,799993.027,5830194.711,13.42432269,52.53902487
1,1011102.0,,1100102.0,2020,5,15,1,3,6,4,0,0,1,0,0,0,0,794652.1879,5827072.834,13.34303739,52.51395356
2,2050602.0,,2500727.0,2020,9,16,1,3,5,2,0,1,0,0,0,0,0,802593.0379,5827701.426,13.46027317,52.51524039
12,12103115.0,,12100103.0,2020,8,11,5,3,1,7,0,1,0,0,0,0,0,795406.7897,5833600.274,13.35992957,52.57205816
3,3061332.0,,3601347.0,2020,6,16,7,3,3,6,0,0,0,0,0,0,1,799504.0076,5830293.648,13.41722309,52.54018067
5,5040936.0,,5400943.0,2020,12,12,5,3,5,3,0,1,0,0,0,0,0,780171.337,5822272.627,13.1261759,52.4785428
7,7040403.0,,7400824.0,2020,9,21,5,3,0,1,2,0,0,0,0,0,0,797836.1418,5822229.156,13.38548922,52.46880637
3,3061434.0,,3601451.0,2020,2,8,5,3,0,1,0,0,0,0,0,0,0,800733.9399,5829842.977,13.43489589,52.53546384
3,3061131.0,,3601142.0,2020,12,13,4,3,0,2,0,1,0,0,0,0,1,799165.6644,5830374.971,13.41232236,52.54109545
3,3061332.0,,3701657.0,2020,11,17,3,3,3,6,2,0,0,0,0,0,1,799997.7962,5830192.412,13.42439072,52.53900163
1,1011102.0,,1100102.0,2020,8,16,3,3,5,3,0,0,0,0,0,0,0,794756.7142,5827091.029,13.34458936,52.51406019
3,3020209.0,,3200205.0,2020,10,14,6,3,5,3,0,1,0,0,0,0,0,798165.5959,5836120.966,13.40278466,52.59314822
7,7040403.0,,7400824.0,2020,9,15,4,3,0,1,0,1,0,0,0,0,0,797860.6941,5821848.842,13.3855101,52.46538389
3,3020209.0,,3200205.0,2020,11,8,2,3,5,2,0,1,0,0,0,0,1,798174.9363,5836311.752,13.40309391,52.5948532
11,11041022.0,,11401032.0,2020,9,16,1,3,1,5,0,1,0,0,0,0,0,805916.9889,5827366.286,13.50879675,52.51038263
11,11030721.0,,11300724.0,2020,2,15,5,3,0,7,0,0,0,0,0,0,1,804462.5519,5827510.153,13.48756356,52.51248573
3,3061434.0,,3601451.0,2020,8,9,3,3,3,6,0,1,0,0,0,0,0,800794.634,5829800.785,13.43574984,52.53505218
1,1011304.0,,1100311.0,2020,6,12,5,3,5,3,0,1,0,0,0,0,0,800018.771,5828097.368,13.42280846,52.5202115
7,7020203.0,,7200410.0,2020,2,18,4,3,3,6,1,1,0,0,0,0,0,795489.622,5823826.685,13.35246206,52.48440131
11,11030721.0,,11300725.0,2020,11,18,2,3,1,5,2,1,0,0,0,0,0,804939.4011,5827462.089,13.49452447,52.51178859
10,10030726.0,,10300733.0,2020,8,14,7,3,5,3,0,1,0,0,0,0,0,809483.6705,5827409.673,13.56122514,52.50875978
3,3061131.0,,3601142.0,2020,6,16,5,3,3,6,0,1,0,0,0,0,1,799184.3172,5830906.828,13.4130756,52.54585249
7,7050502.0,,7501133.0,2020,2,13,4,3,3,6,0,1,0,0,0,0,0,798120.923,5818903.946,13.38670061,52.43884424
7,7040401.0,,7400720.0,2020,6,11,7,3,5,2,0,1,0,0,0,0,0,797777.1999,5823829.952,13.38605339,52.48318785
11,11030721.0,,11300724.0,2020,7,7,5,3,0,2,0,1,0,0,0,0,0,804512.3422,5827504.942,13.48829022,52.51241123
1,1011303.0,,1100310.0,2020,10,19,4,3,5,3,2,1,0,0,0,0,1,799785.7236,5828602.171,13.41983904,52.52486441
9,9010101.0,,9100101.0,2020,8,17,5,2,5,2,0,1,0,0,0,0,0,802598.713,5825089.018,13.45798247,52.49182236
12,12103115.0,,12100103.0,2020,5,11,6,3,5,2,0,0,0,0,1,0,0,795337.0886,5833744.657,13.35903268,52.57339024
7,7030303.0,,7300619.0,2020,10,8,3,3,5,2,0,1,0,0,0,0,0,795573.439,5823307.799,13.35323275,52.47970452
2,2040703.0,,2400625.0,2020,9,18,1,2,6,4,0,0,1,0,0,0,0,801870.4238,5826513.821,13.44857956,52.50499623
5,5040936.0,,5400943.0,2020,11,13,1,3,5,3,0,1,0,0,0,0,0,780179.2404,5822276.784,13.12629546,52.47857601
11,11030721.0,,11300722.0,2020,10,13,6,3,5,3,0,1,0,0,0,0,0,804101.3411,5827532.199,13.48227743,52.51288481
6,6030605.0,,6300629.0,2020,6,6,2,3,0,6,0,1,0,0,0,0,0,792453.367,5819747.623,13.30430178,52.44946795
3,3071633.0,,3701657.0,2020,2,1,1,2,0,1,2,0,0,0,0,0,0,800005.2537,5830251.989,13.42455414,52.53953153
7,7020203.0,,7200411.0,2020,2,18,1,3,0,5,2,1,0,0,0,0,1,795922.7651,5824392.642,13.35932457,52.48924008
7,7010104.0,,7100205.0,2020,5,11,2,3,1,5,0,1,0,0,0,0,1,796017.8934,5825198.593,13.36143759,52.49641317
12,12103115.0,,12100103.0,2020,8,18,6,3,0,1,1,0,0,0,0,0,0,795466.1523,5833442.144,13.36066207,52.57060846
1,1011303.0,,1100310.0,2020,7,13,3,3,5,3,0,0,0,0,0,1,0,799785.4281,5828601.697,13.41983427,52.52486033
3,3061131.0,,3601142.0,2020,6,18,2,2,1,1,0,1,0,0,0,0,0,799138.0654,5830659.432,13.41217277,52.54366036
9,9020601.0,,9200613.0,2020,2,13,7,3,0,7,0,0,0,0,0,0,0,806285.0091,5821467.267,13.50878282,52.45730714
1,1011303.0,,1100310.0,2020,9,20,6,3,1,5,2,1,0,0,0,0,0,799625.6178,5828394.317,13.41729891,52.52308934
3,3040818.0,,3400830.0,2020,11,11,6,3,5,2,0,0,0,0,0,1,0,800073.648,5833830.777,13.42879465,52.57157148
2,2050802.0,,2500833.0,2020,7,18,5,3,3,6,0,1,0,0,0,0,0,802117.3446,5827414.993,13.45302435,52.51293679
1,1044102.0,,1400940.0,2020,7,7,4,2,5,3,0,1,0,0,0,0,0,795861.6203,5832069.753,13.36525638,52.55809156
4,4020208.0,,4200206.0,2020,9,16,1,3,5,2,0,1,0,0,0,0,0,788942.2603,5826126.323,13.25830901,52.50852274
4,4020311.0,,4200310.0,2020,12,7,2,3,3,6,0,1,0,0,0,0,0,789288.6906,5826180.208,13.26344604,52.50882222
10,10010308.0,,10100311.0,2020,9,21,1,3,0,1,1,0,0,0,0,0,0,808319.5137,5827572.416,13.54427708,52.51087742
1,1011303.0,,1100310.0,2020,2,19,6,3,5,3,2,0,0,0,0,1,0,799042.763,5827538.306,13.40796419,52.51573643
2,2040703.0,,2400625.0,2020,8,10,3,2,0,1,0,0,0,0,0,0,1,801870.6806,5826514.66,13.4485841,52.50500361
6,6040701.0,,6400735.0,2020,7,11,1,3,8,1,0,0,0,0,0,0,0,783529.4653,5816031.259,13.17019237,52.42084693
2,2040503.0,,2400522.0,2020,11,1,7,2,0,1,2,0,0,0,0,0,0,801994.215,5827747.224,13.45151696,52.51598277
3,3061228.0,,3601245.0,2020,6,6,6,3,0,5,0,1,0,0,0,0,0,800261.5555,5831396.339,13.4293563,52.54964748
2,2040703.0,,2400625.0,2020,2,15,6,3,0,2,0,1,0,0,0,0,0,801844.5579,5826439.501,13.44813226,52.5043444
2,2050602.0,,2500728.0,2020,9,7,3,3,5,3,0,1,0,0,0,0,0,803086.6172,5827634.376,13.46746353,52.51436538
7,7020203.0,,7200410.0,2020,8,18,4,3,0,5,0,1,0,0,0,0,0,795657.4296,5823972.894,13.35505574,52.48562113
9,9020601.0,,9200613.0,2020,7,11,2,3,5,3,0,0,0,0,0,1,0,805470.8934,5822245.701,13.49755082,52.4647395
9,9010301.0,,9100305.0,2020,9,13,6,3,5,3,0,1,0,0,0,0,0,805153.8118,5822562.931,13.493188,52.46775987
1,1011102.0,,1100102.0,2020,11,18,4,3,6,4,2,0,1,0,0,0,0,795303.6978,5827198.697,13.35272196,52.51472948
11,11030721.0,,11300722.0,2020,10,8,5,3,5,3,0,1,0,0,0,0,0,804101.3411,5827532.199,13.48227743,52.51288481
2,2050601.0,,2500726.0,2020,2,11,5,3,1,5,0,1,0,0,0,0,0,802004.3829,5828158.157,13.45203937,52.51966034
2,2050802.0,,2500834.0,2020,10,18,2,3,6,7,1,0,1,0,0,0,0,802001.5321,5827007.525,13.45095321,52.50934877
4,4030623.0,,4300622.0,2020,2,15,4,3,2,6,0,0,0,0,0,0,0,793567.0537,5826903.085,13.32694291,52.51301699
3,3020209.0,,3200205.0,2020,5,15,6,3,5,3,0,1,0,0,0,0,0,798142.399,5836680.173,13.40294667,52.59817338
2,2010101.0,,2100101.0,2020,8,18,5,3,1,5,0,1,0,0,0,0,0,797797.6293,5825523.137,13.38786655,52.49835415
7,7010104.0,,7100206.0,2020,6,20,3,3,1,5,0,1,0,0,0,0,0,796008.3116,5824687.167,13.36084245,52.49183387
2,2050602.0,,2500727.0,2020,9,15,6,3,0,6,0,0,0,0,0,0,0,802347.2142,5827710.788,13.45667011,52.51546062
11,11030721.0,,11300724.0,2020,2,20,4,2,5,2,2,1,0,0,0,0,0,804509.3945,5827505.235,13.48824719,52.5124155
1,1033203.0,,1300836.0,2020,10,13,6,3,5,3,0,0,0,0,0,1,0,796272.1631,5830254.398,13.36967484,52.5415956
4,4020311.0,,4200310.0,2020,6,10,3,3,4,6,0,0,0,0,0,0,0,789827.6942,5826250.958,13.27142735,52.50917041
3,3020209.0,,3200206.0,2020,9,18,3,3,0,1,0,1,0,0,0,0,0,797961.1846,5834625.478,13.39843115,52.57985536
1,1044201.0,,1401044.0,2020,11,19,5,3,2,6,2,0,0,0,0,1,1,796078.2235,5831266.448,13.36772568,52.55077303
6,6030605.0,,6300629.0,2020,6,16,4,3,1,1,0,1,0,0,0,0,0,791796.3365,5819328.684,13.29429524,52.44606325
5,5020524.0,,5200528.0,2020,8,17,1,3,5,2,1,1,0,0,0,0,1,783517.187,5826715.15,13.17909154,52.51664897
11,11030721.0,,11300722.0,2020,6,16,3,3,5,3,0,1,0,0,0,0,0,804234.7474,5827533.31,13.48423823,52.51282038
2,2020202.0,,2200208.0,2020,2,10,4,3,2,2,0,0,0,0,1,0,0,797898.7256,5825430.732,13.38926875,52.49747068
9,9010201.0,,9100202.0,2020,10,14,2,3,5,3,0,0,0,1,0,0,0,803365.9677,5824302.803,13.46853296,52.48434978
12,12103219.0,,12100204.0,2020,8,19,3,3,0,4,0,0,1,0,0,0,0,795719.9281,5832788.106,13.36381256,52.56460785
7,7040401.0,,7400720.0,2020,5,11,3,3,5,2,0,1,0,0,0,0,0,797766.6571,5824009.731,13.38605918,52.48480511
1,1022202.0,,1200624.0,2020,2,6,4,3,0,7,2,0,0,0,0,0,1,796342.3335,5828861.678,13.36946465,52.52907314
3,3020209.0,,3200206.0,2020,8,7,2,3,0,1,0,0,0,0,0,0,0,798298.5211,5834946.965,13.40368418,52.58255218
6,6030605.0,,6300629.0,2020,7,11,4,2,5,5,0,0,0,0,0,1,0,792432.4516,5819756.104,13.30400231,52.44955517
3,3061131.0,,3601142.0,2020,7,14,1,3,4,6,0,0,0,0,0,0,0,799151.6475,5830812.179,13.41251001,52.54502205
9,9010101.0,,9100101.0,2020,10,7,2,3,0,5,0,0,0,0,0,1,1,802774.499,5825363.329,13.46081296,52.49418352
10,10030726.0,,10300733.0,2020,9,18,5,3,5,2,0,1,0,0,0,0,0,808948.2401,5827441.17,13.5533902,52.50934552
3,3040614.0,,3400721.0,2020,4,13,5,2,6,7,0,0,1,0,0,0,0,798136.2134,5833533.477,13.40002472,52.56997128
3,3061429.0,,3601449.0,2020,5,17,1,3,5,2,0,1,0,0,0,0,0,801354.3753,5831008.106,13.44507229,52.54556428
7,7020203.0,,7200411.0,2020,12,13,7,3,1,5,0,1,0,0,0,0,0,795955.2236,5824460.505,13.35986149,52.48983082
7,7070703.0,,7601544.0,2020,10,16,2,3,0,7,0,0,0,0,0,0,0,799797.837,5813702.568,13.40663759,52.39130405
7,7050501.0,,7501029.0,2020,5,12,7,3,0,7,0,0,0,0,0,0,0,797781.5952,5818928.601,13.3817454,52.43925011
10,10010206.0,,10100208.0,2020,6,13,6,3,5,3,0,1,0,0,0,0,1,808393.0949,5832184.52,13.54963639,52.55216867
7,7060604.0,,7601341.0,2020,6,15,3,2,5,3,0,1,0,0,0,0,0,796367.8401,5815263.718,13.35776132,52.40716506
3,3061126.0,,3601141.0,2020,9,8,6,3,5,2,0,1,0,0,0,0,1,799220.6468,5831452.765,13.41410164,52.55072601
1,1033203.0,,1300836.0,2020,8,21,1,2,0,1,2,0,0,0,0,0,0,796241.4174,5830245.098,13.36921452,52.54152896
7,7020202.0,,7200308.0,2020,7,18,5,3,5,2,0,1,0,0,0,0,1,795242.2032,5823528.673,13.34856514,52.48186368
4,4020311.0,,4200310.0,2020,6,14,2,2,0,7,0,0,0,0,0,0,0,789557.6091,5826223.502,13.267435,52.50906769
9,9020601.0,,9200613.0,2020,6,10,3,3,5,2,0,1,0,0,0,0,0,806172.4542,5821581.029,13.50723581,52.45838978
4,4020311.0,,4200310.0,2020,10,15,1,3,1,5,0,1,0,0,0,0,0,789577.467,5826226.69,13.26772955,52.50908573
1,1011303.0,,1100310.0,2020,12,9,6,3,0,6,0,1,0,0,0,0,0,799321.3535,5827971.732,13.41244741,52.51946862
12,12103219.0,,12100204.0,2020,8,10,3,3,6,7,0,0,1,0,0,0,0,795638.3236,5833034.078,13.36283135,52.56685707
7,7020202.0,,7200308.0,2020,10,19,6,3,2,2,2,1,0,0,0,0,1,795342.8182,5823459.437,13.3499811,52.48118862
9,9010202.0,,9100203.0,2020,6,7,4,3,5,3,0,1,0,0,0,0,0,804106.561,5824366.79,13.47946399,52.48451132
2,2050602.0,,2500727.0,2020,9,16,3,3,5,3,0,1,0,0,0,0,0,802149.209,5827728.922,13.45377752,52.51573288
3,3061131.0,,3601142.0,2020,8,17,3,3,3,6,0,0,0,0,0,0,0,799188.5827,5831268.203,13.41346386,52.54908931
2,2040503.0,,2400522.0,2020,6,19,5,3,0,6,0,0,0,0,0,0,0,801765.1983,5827770.763,13.44817357,52.51632051
2,2020203.0,,2200209.0,2020,11,6,3,3,7,7,2,0,0,0,0,0,0,797763.3073,5824684.451,13.38661282,52.49085504
1,1011303.0,,1100310.0,2020,9,15,2,3,5,2,0,1,0,0,0,0,0,799792.1473,5828612.473,13.41994272,52.52495323
3,3061126.0,,3601141.0,2020,8,1,1,3,6,4,2,0,1,0,0,0,0,799215.814,5831345.847,13.41393423,52.54977031
8,8010301.0,,8100310.0,2020,1,11,2,2,5,3,0,1,0,0,0,0,0,800556.3019,5825147.631,13.42804383,52.4934761
8,8010118.0,,8100105.0,2020,1,9,2,3,0,5,0,1,0,0,0,0,0,800808.0187,5822107.184,13.42899738,52.4660849
8,8010303.0,,8100314.0,2020,1,17,2,3,6,7,2,0,1,0,0,0,0,801136.2378,5824078.346,13.43559394,52.4835722
1,1033102.0,,1300733.0,2020,1,15,2,3,1,5,1,1,0,0,0,0,1,797524.623,5831282.019,13.38900893,52.55012451
10,10030724.0,,10300731.0,2020,1,14,2,3,5,3,0,1,0,0,0,0,1,809638.4843,5828928.408,13.56491218,52.52228229
1,1011304.0,,1100311.0,2020,1,20,3,3,5,2,2,1,0,0,0,0,1,799584.3804,5828041.414,13.41637506,52.51994877
3,3071633.0,,3701657.0,2020,1,12,2,3,0,7,0,0,0,0,0,0,1,800363.892,5830255.116,13.42982909,52.53936201
6,6010206.0,,6100206.0,2020,1,14,3,3,5,2,0,1,0,0,0,0,1,794736.452,5819893.244,13.33792833,52.44954729
12,12224230.0,,12400619.0,2020,1,9,2,2,5,2,0,1,0,0,0,0,1,787064.3837,5837764.214,13.24078429,52.61385391
4,4030417.0,,4300414.0,2020,1,8,2,3,5,2,0,1,0,0,0,0,0,791183.6666,5826476.677,13.29154812,52.51047188
1,1011302.0,,1100309.0,2020,1,23,1,3,0,1,2,0,0,0,0,0,1,798567.3088,5828386.852,13.40173997,52.52360296
1,2010101.0,,2100101.0,2020,1,16,4,2,0,3,2,1,0,0,0,0,1,797047.1777,5826539.363,13.37775078,52.50787253
7,7050505.0,,7501134.0,2020,1,12,1,2,0,1,0,0,0,0,0,0,1,798478.6565,5819036.329,13.39206592,52.43983579
8,8010213.0,,8100208.0,2020,1,18,1,3,5,3,1,1,0,0,0,0,0,801637.7356,5822641.53,13.4416571,52.47041694
1,1044201.0,,1401044.0,2020,1,17,7,3,5,3,2,1,0,0,0,0,1,796791.7665,5831445.735,13.37837871,52.55199183
1,1011301.0,,1100308.0,2020,1,13,7,3,5,2,0,1,0,0,0,0,1,796861.9547,5828111.81,13.37643259,52.52206867
1,1022101.0,,1200517.0,2020,1,13,7,2,5,2,0,1,0,0,0,0,1,792741.964,5828277.876,13.31602915,52.52578496
4,4051654.0,,4501150.0,2020,1,11,7,3,0,4,0,0,1,0,0,0,1,793453.2439,5823892.525,13.32261791,52.48608982
10,10030727.0,,10300734.0,2020,1,12,5,3,5,3,0,0,0,0,0,1,1,809603.3418,5825667.561,13.56136328,52.49307963
6,6020409.0,,6200421.0,2020,1,12,6,3,0,1,0,0,0,0,0,0,1,793800.9423,5818453.863,13.32293653,52.43714727
3,3040818.0,,3400826.0,2020,1,14,3,3,1,5,0,1,0,0,0,0,1,798971.639,5832602.469,13.41147561,52.56116805
4,4030623.0,,4300622.0,2020,1,17,4,3,0,3,2,0,0,1,0,0,1,793134.3237,5827447.474,13.32106415,52.51812994
2,2010104.0,,2100106.0,2020,1,18,6,3,5,3,2,1,0,0,0,0,1,799574.9589,5825633.971,13.41406992,52.49837489
4,4041134.0,,4400726.0,2020,1,18,6,3,5,3,2,1,0,0,0,0,1,790852.6642,5823648.673,13.28421498,52.4852953
11,11040925.0,,11400927.0,2020,1,16,6,3,2,2,2,1,0,0,0,0,1,803410.4884,5826629.225,13.47130533,52.50517636
1,1011301.0,,1100308.0,2020,1,18,3,3,0,1,2,0,0,0,0,0,1,797565.0545,5828635.257,13.38723329,52.52637751
1,1011305.0,,1100312.0,2020,1,7,4,3,5,3,1,1,0,0,0,0,1,799130.3326,5827128.65,13.40888259,52.51201644
8,8010213.0,,8100208.0,2020,1,22,6,3,6,4,2,0,1,0,0,0,1,801227.0844,5822527.678,13.4355271,52.46962304
6,6030607.0,,6300631.0,2020,1,20,6,2,5,3,2,1,0,0,0,0,1,791479.2838,5816159.202,13.28688045,52.41781763