district,LOR,street,LOR_2021,year,month,hour,weekday,category,accident_kind,accident_type,light_condition,car,pedestrian,motorcycle,goods_vehicle,others,road_condition,LINREFX,LINREFY,XGCSWGS84,YGCSWGS84
1,1033101.0,,1300732.0,2020,1,20,6,2,5,3,2,1,0,0,0,0,1,797416.7572,5831914.516,13.38798941,52.55585295
7,7030302.0,,7300618.0,2020,1,17,3,3,5,3,2,1,0,0,0,0,1,794754.8266,5822325.191,13.34034536,52.47133847
9,9051702.0,,9501737.0,2020,1,11,6,3,5,2,0,1,0,0,0,0,1,814202.7274,5821333.061,13.62480513,52.45161072
3,3040614.0,,3400721.0,2020,1,10,6,3,5,3,0,1,0,0,0,0,1,797971.2527,5833203.942,13.39730193,52.56710778
7,7030301.0,,7300517.0,2020,1,1,6,3,0,1,2,0,0,0,0,0,0,794162.8009,5822098.505,13.33145482,52.46962546
2,2020204.0,,2200210.0,2020,1,17,3,3,5,3,2,1,0,0,0,0,1,798311.2811,5825326.64,13.39523474,52.49631228
10,10040933.0,,10400941.0,2020,1,16,3,3,5,3,1,1,0,0,0,0,1,812641.2466,5825270.688,13.60559185,52.48779182
9,9031202.0,,9301228.0,2020,1,13,5,3,2,6,0,1,0,0,0,0,0,816867.7964,5811956.379,13.65501965,52.36605197
3,3020307.0,,3200310.0,2020,1,12,5,3,0,7,0,1,0,0,0,0,0,799960.5046,5838381.371,13.43125103,52.61242163
2,2050601.0,,2500726.0,2020,1,11,5,3,3,2,0,1,0,0,0,0,0,801921.8004,5828874.732,13.45147645,52.52612874
6,6020306.0,,6200317.0,2020,1,15,3,3,5,3,1,1,0,0,0,0,1,795683.0819,5816891.395,13.34916213,52.42212646
1,1011105.0,,1100102.0,2020,1,17,5,3,5,2,2,1,0,0,0,0,0,796635.518,5826670.283,13.37181979,52.50927008
1,1033102.0,,1300733.0,2020,1,15,5,3,5,3,1,1,0,0,0,0,0,797176.5206,5831922.721,13.38446367,52.55605764
3,3040512.0,,3400619.0,2020,1,11,3,2,5,3,0,1,0,0,0,0,1,795720.354,5834977.34,13.36577131,52.58423188
6,6040806.0,,6400840.0,2020,1,21,4,3,5,2,2,1,0,0,0,0,0,789038.304,5819709.176,13.25415726,52.45093957
2,2010104.0,,2100106.0,2020,1,13,4,1,5,2,0,0,0,0,1,0,1,799880.5362,5825708.867,13.41862533,52.4988784
4,4051446.0,,4501043.0,2020,1,15,3,3,6,4,1,0,1,0,0,0,1,792678.673,5825314.625,13.31249276,52.49925435
3,3061332.0,,3601346.0,2020,1,1,4,2,0,1,2,0,0,0,0,0,0,799283.2427,5830570.509,13.41422706,52.54278359
4,4030931.0,,4501042.0,2020,1,7,3,3,1,5,0,1,0,0,0,0,1,794437.6929,5825791.426,13.33875222,52.50258237
8,8010301.0,,8100312.0,2020,1,19,2,3,1,5,2,1,0,0,0,0,0,800829.4615,5824291.893,13.43128267,52.48565539
6,6030503.0,,6300526.0,2020,1,19,4,3,5,2,2,1,0,0,0,0,1,789520.39,5817749.822,13.25953386,52.43311804
2,2020203.0,,2200208.0,2020,1,6,4,3,5,2,2,1,0,0,0,0,1,797842.0201,5824926.67,13.38798524,52.49298331
1,1011402.0,,1100416.0,2020,1,8,3,3,1,5,1,0,0,0,0,1,1,798765.6993,5829638.008,13.40577975,52.5347091
1,1011101.0,,1100101.0,2020,1,17,4,3,1,5,2,1,0,0,0,0,1,794982.8128,5825966.883,13.34691531,52.5038608
11,11030618.0,,11300617.0,2020,1,10,6,3,5,2,0,1,0,0,0,0,0,803026.08,5829186.293,13.46798797,52.52830857
8,8010117.0,,8100102.0,2020,1,7,5,3,5,2,2,1,0,0,0,0,0,800368.1483,5823327.176,13.42364032,52.47726221
9,9020602.0,,9200614.0,2020,1,7,2,3,5,3,2,1,0,0,0,0,0,808401.501,5820867.075,13.53927934,52.4507381
2,2030401.0,,2300417.0,2020,1,18,3,3,1,5,2,1,0,0,0,0,0,800370.0857,5825520.382,13.42564532,52.49691971
2,2030301.0,,2300314.0,2020,1,13,2,3,5,3,0,1,0,0,0,0,1,800392.9347,5826406.275,13.42677997,52.50484771
4,4051549.0,,4501146.0,2020,1,10,6,2,0,1,0,0,0,0,0,0,1,792364.3482,5823728.465,13.30648369,52.48520324
4,4051653.0,,4501152.0,2020,1,18,4,3,6,4,2,0,1,0,0,0,0,794032.6535,5824450.598,13.33161864,52.49078094
3,3061131.0,,3601142.0,2020,1,9,4,3,5,2,0,1,0,0,0,0,0,799171.1548,5830744.106,13.41273551,52.54440117
9,9020702.0,,9200717.0,2020,1,9,6,2,5,3,0,1,0,0,0,0,1,809600.4707,5820547.71,13.55657019,52.44719834
9,9041401.0,,9401431.0,2020,1,8,6,3,3,6,1,0,0,0,0,1,0,812028.5193,5820707.623,13.59233039,52.44725121
6,6010101.0,,6100101.0,2020,1,8,6,2,5,2,0,1,0,0,0,0,1,793249.8608,5820259.403,13.31643779,52.45362927
3,3061131.0,,3601142.0,2020,1,18,5,3,1,5,2,1,0,0,0,0,0,798311.1345,5830927.066,13.40025536,52.5465127
9,9010402.0,,9100408.0,2020,1,12,1,1,5,2,0,0,0,0,0,1,0,806625.6971,5820411.017,13.51281143,52.44764962
8,8010301.0,,8100311.0,2020,1,12,2,3,5,3,0,1,0,0,0,0,1,800500.1081,5824564.783,13.426693,52.48828277
4,4030623.0,,4300622.0,2020,1,8,6,2,5,2,0,1,0,0,0,0,1,793857.2465,5826829.121,13.33114153,52.51219768
1,1022204.0,,1200626.0,2020,1,18,5,3,6,4,1,0,1,0,0,0,0,794563.462,5828297.32,13.34281798,52.52497819
7,7020202.0,,7200308.0,2020,1,13,4,3,5,5,0,1,0,0,0,0,0,794924.5642,5823594.408,13.34395946,52.48262461
4,4051448.0,,4501045.0,2020,1,18,7,3,5,3,2,1,0,0,0,0,0,793964.6671,5824920.625,13.3310349,52.49503112
3,3040818.0,,3400829.0,2020,1,17,2,3,5,3,2,1,0,0,0,0,0,799993.567,5833017.497,13.42688105,52.564326
9,9010401.0,,9100407.0,2020,1,7,6,3,5,3,2,1,0,0,0,0,1,806115.7098,5820081.818,13.50502921,52.44498496
9,9010402.0,,9100409.0,2020,1,9,2,3,5,3,0,1,0,0,0,0,0,807493.2277,5819514.65,13.52471144,52.43912898
8,8010301.0,,8100312.0,2020,1,20,6,3,5,3,2,1,0,0,0,0,1,801251.573,5824241.068,13.43743429,52.4849671
11,11020412.0,,11200411.0,2020,1,7,4,2,5,3,2,1,0,0,0,0,0,805842.3047,5831853.978,13.5118282,52.55064448
6,6010206.0,,6100206.0,2020,1,13,7,3,5,3,0,1,0,0,0,0,0,794255.7361,5819376.404,13.33041987,52.44517299
2,2030302.0,,2300315.0,2020,1,19,6,3,5,3,1,1,0,0,0,0,1,800678.7425,5825793.301,13.43042467,52.49919601
4,4010103.0,,4100102.0,2020,1,11,6,3,0,2,0,1,0,0,0,0,0,791563.1785,5829736.048,13.29998213,52.5394889
9,9051701.0,,9501736.0,2020,1,7,5,3,5,3,1,1,0,0,0,0,0,812810.9413,5821337.579,13.6043954,52.45244934
2,2040701.0,,2400623.0,2020,1,19,6,3,3,6,2,1,0,0,0,0,1,800588.2032,5827034.371,13.43021537,52.51036998
6,6020409.0,,6200421.0,2020,1,10,7,3,5,2,0,1,0,0,0,0,1,793305.2417,5816955.203,13.31435083,52.42397816
2,2020204.0,,2200210.0,2020,1,16,3,3,5,2,0,1,0,0,0,0,0,798843.5331,5825088.206,13.40283777,52.49388386
2,2040502.0,,2400521.0,2020,1,7,6,3,1,5,0,1,0,0,0,0,0,800462.5901,5828369.996,13.42957617,52.52241078
3,3020307.0,,3200309.0,2020,1,8,2,3,5,2,0,1,0,0,0,0,0,800465.2899,5836192.497,13.43669709,52.59252381
9,9020802.0,,9200819.0,2020,1,16,4,3,5,2,0,1,0,0,0,0,0,810385.8703,5819843.046,13.567435,52.44043809
2,2020203.0,,2200209.0,2020,1,8,3,3,0,2,0,0,0,0,1,0,1,796952.5644,5824408.38,13.37446091,52.48882197
7,7010101.0,,7100101.0,2020,1,15,6,2,0,3,1,0,0,0,0,1,1,794662.6116,5825731.763,13.34200343,52.50192611
7,7040404.0,,7400826.0,2020,1,15,6,3,6,7,0,0,1,0,0,0,0,797155.8697,5820588.895,13.37404404,52.45447345
2,2010104.0,,2100106.0,2020,1,17,6,3,6,7,2,0,1,0,0,0,0,799054.6495,5825612.719,13.40640902,52.49846977
5,5030730.0,,5300736.0,2020,1,23,2,3,0,3,2,1,0,0,0,0,0,786812.2934,5829822.078,13.23019949,52.54278164
2,2020202.0,,2200208.0,2020,1,23,7,3,5,2,2,1,0,0,0,0,1,797919.5382,5825262.968,13.38942438,52.49595551
4,4020310.0,,4200308.0,2020,1,10,6,2,5,2,0,1,0,0,0,0,0,790271.5977,5827896.794,13.27938564,52.52368945
7,7050501.0,,7501030.0,2020,1,7,2,3,5,5,1,1,0,0,0,0,0,797806.3876,5820416.268,13.38343513,52.452572
2,2020205.0,,2200211.0,2020,1,12,5,3,5,3,0,1,0,0,0,0,0,798050.8638,5824556.298,13.39072094,52.48954937
7,7070704.0,,7601545.0,2020,1,7,6,3,0,1,0,0,0,0,0,0,1,800176.6034,5814055.565,13.41250323,52.3942608
1,1011402.0,,1100416.0,2020,1,1,1,3,0,1,2,0,0,0,0,0,1,798695.7,5829495.683,13.40462291,52.53347173
7,7060604.0,,7601341.0,2020,1,7,5,3,5,2,1,1,0,0,0,0,1,797597.05,5815556.108,13.37603827,52.40911934
11,11041128.0,,11401137.0,2020,1,13,6,3,5,2,0,1,0,0,0,0,0,807090.7417,5825836.071,13.52462655,52.49600917
7,7010104.0,,7100206.0,2020,1,15,6,3,0,7,0,0,0,0,0,0,0,796693.2404,5824321.015,13.37057507,52.48817982
7,7040406.0,,7400928.0,2020,1,14,5,3,4,6,0,1,0,0,0,0,0,800213.0226,5821775.104,13.41996646,52.46343555
1,1044201.0,,1401043.0,2020,1,15,4,3,5,3,0,1,0,0,0,0,0,796201.0721,5830765.617,13.3690855,52.54621681
3,3071537.0,,3701556.0,2020,1,18,7,3,3,2,2,1,0,0,0,0,0,799812.324,5829573.699,13.42110605,52.53355796
12,12214527.0,,12200515.0,2020,1,18,2,3,1,1,2,1,0,0,0,0,0,789620.3324,5834578.626,13.27564269,52.58393909
3,3061131.0,,3601142.0,2020,1,14,6,3,2,7,0,1,0,0,0,0,0,798826.1601,5830362.167,13.40731969,52.54116697
7,7050501.0,,7501029.0,2020,1,15,7,3,5,3,0,1,0,0,0,0,0,797593.2916,5819553.856,13.37954019,52.4449574
12,12214527.0,,12200515.0,2020,1,9,2,3,0,6,0,0,0,0,0,1,0,790139.5385,5835309.759,13.28392467,52.590217
6,6040703.0,,6400737.0,2020,1,15,7,3,5,2,0,1,0,0,0,0,0,787067.7071,5817276.23,13.22314934,52.43016459
3,3061227.0,,3601244.0,2020,1,11,3,3,5,3,0,1,0,0,0,0,0,800085.204,5831661.07,13.42700252,52.55211751
1,1011201.0,,1100205.0,2020,1,8,4,3,5,3,0,1,0,0,0,0,0,796957.9387,5826728.578,13.37660859,52.50961722
3,3010101.0,,3100101.0,2020,1,10,6,2,5,3,0,1,0,0,0,0,0,804133.0014,5842099.595,13.49610655,52.64342693
11,11051229.0,,11501238.0,2020,1,7,5,3,5,2,2,1,0,0,0,0,0,805625.1711,5824264.921,13.50166478,52.48275046
2,2020204.0,,2200210.0,2020,1,18,3,3,5,2,2,1,0,0,0,0,0,798295.5895,5825329.038,13.39500643,52.49634235
3,3040818.0,,3400829.0,2020,1,8,4,3,5,3,0,1,0,0,0,0,0,799635.2837,5832787.967,13.42140386,52.56246595
8,8010303.0,,8100314.0,2020,1,12,1,3,6,7,0,0,1,0,0,0,0,800937.1148,5824090.532,13.43268149,52.4837912
12,12103218.0,,12100205.0,2020,1,16,3,3,5,2,2,1,0,0,0,0,0,793789.8323,5832730.662,13.33536903,52.56513786
7,7040406.0,,7400928.0,2020,1,10,5,3,2,7,0,1,0,0,0,0,0,800304.9319,5821958.469,13.42148024,52.46502864
4,4020313.0,,4200311.0,2020,1,16,5,3,5,2,0,1,0,0,0,0,0,790360.1852,5827277.389,13.28014698,52.51808928
2,2020205.0,,2200211.0,2020,1,13,7,3,1,5,0,0,0,0,0,1,0,798045.2508,5824263.437,13.39037661,52.48692728
3,3030405.0,,3300411.0,2020,1,16,2,3,3,6,1,0,0,1,0,0,0,803891.7627,5839593.642,13.49024771,52.62110277
2,2040502.0,,2400521.0,2020,1,18,4,3,5,2,2,1,0,0,0,0,0,800452.7714,5828446.372,13.42950089,52.52310078
1,1011306.0,,1100313.0,2020,1,6,5,3,5,3,2,1,0,0,0,0,1,799474.0357,5826561.679,13.413422,52.50674581
6,6020301.0,,6200311.0,2020,1,14,1,3,5,2,0,1,0,0,0,0,0,795869.4749,5818142.534,13.35300198,52.43324136
4,4020310.0,,4200308.0,2020,1,19,5,3,5,2,2,1,0,0,0,0,1,790348.2216,5827301.289,13.27999202,52.51830992
10,10030725.0,,10300732.0,2020,1,10,6,3,5,3,0,1,0,0,0,0,0,809906.7322,5829665.554,13.56954016,52.52873587
1,1011203.0,,1100206.0,2020,1,9,5,3,1,5,0,1,0,0,0,0,0,797921.4333,5827074.28,13.39107292,52.51219068
6,6020409.0,,6200421.0,2020,1,7,2,3,5,2,0,1,0,0,0,0,0,793474.2094,5817728.162,13.31750684,52.43081696
6,6010206.0,,6100206.0,2020,1,18,5,3,1,5,2,1,0,0,0,0,1,794960.0946,5819491.137,13.3408546,52.445822
1,1011306.0,,1100313.0,2020,1,18,5,3,5,3,2,0,0,0,0,1,1,800433.2982,5826715.147,13.4276516,52.507594
6,6040701.0,,6400735.0,2020,1,10,7,2,0,1,0,0,0,0,0,0,2,781873.4693,5813347.647,13.14364568,52.39763905
3,3061332.0,,3601346.0,2020,1,20,4,3,1,5,2,1,0,0,0,0,0,799455.236,5830872.095,13.41702753,52.54539233
9,9020701.0,,9200715.0,2020,1,8,6,3,5,3,0,1,0,0,0,0,0,808199.9963,5818699.518,13.53432466,52.43142586
6,6020303.0,,6200313.0,2020,1,8,2,3,5,2,0,1,0,0,0,0,0,795367.5083,5818452.202,13.34591344,52.43628863
1,1011202.0,,1100206.0,2020,1,10,2,3,5,2,0,1,0,0,0,0,0,797203.0885,5827496.692,13.38089617,52.51636901
2,2030301.0,,2300314.0,2020,1,16,5,3,2,7,2,0,0,0,0,1,1,799860.5956,5825845.945,13.41845588,52.50011805
8,8010301.0,,8100310.0,2020,1,19,5,3,5,3,2,1,0,0,0,0,0,800386.8003,5825107.221,13.42551825,52.4932072
9,9010402.0,,9100408.0,2020,1,10,3,3,5,3,0,1,0,0,0,0,0,806718.9757,5820292.276,13.51407063,52.44653311
8,8010118.0,,8100105.0,2020,1,18,1,3,1,5,2,1,0,0,0,0,0,801096.1246,5821938.984,13.43307381,52.46441857
2,2040701.0,,2400623.0,2020,1,14,5,3,1,5,0,1,0,0,0,0,0,800885.1281,5827541.242,13.43503563,52.5147495
6,6040701.0,,6400735.0,2020,1,10,7,3,0,1,0,0,0,0,0,0,2,780981.908,5812430.409,13.12980729,52.38987233
1,1033203.0,,1300836.0,2020,1,9,2,3,2,2,0,0,0,0,0,1,0,795875.526,5830598.383,13.36414973,52.54489462
2,2050601.0,,2500726.0,2020,1,17,7,3,5,3,2,0,0,0,0,1,0,801941.3384,5829046.387,13.45191944,52.52765646
12,12103219.0,,12100204.0,2020,1,11,3,3,6,7,0,0,1,0,0,0,0,795531.1422,5833114.713,13.36132646,52.56763807
6,6030610.0,,6300634.0,2020,1,13,7,3,5,2,0,1,0,0,0,0,0,792934.5377,5817746.974,13.30960823,52.43127486
2,2010103.0,,2100104.0,2020,1,15,3,3,5,2,1,1,0,0,0,0,1,799223.5486,5825984.595,13.40922378,52.50171052
6,6030609.0,,6300633.0,2020,1,16,5,3,6,7,0,0,1,0,0,0,0,792620.2805,5818408.965,13.30557854,52.43737773
11,11040925.0,,11400927.0,2020,1,19,3,3,5,2,2,1,0,0,0,0,1,803582.9026,5826402.658,13.47363118,52.5030498
4,4030726.0,,4500936.0,2020,1,15,5,3,5,2,0,1,0,0,0,0,0,792286.9243,5825359.285,13.30677743,52.49986468
2,2010101.0,,2100101.0,2020,1,19,3,3,5,2,2,1,0,0,0,0,1,797749.5059,5826080.379,13.38765796,52.50337543
2,2030302.0,,2300316.0,2020,1,21,4,3,0,1,2,0,0,0,0,0,1,801638.6858,5826058.817,13.4447635,52.50104614
7,7020201.0,,7200307.0,2020,1,7,3,3,1,5,0,1,0,0,0,0,1,794948.5053,5824271.106,13.3449098,52.48867784
9,9020701.0,,9200715.0,2020,1,7,3,3,5,2,1,0,0,0,0,1,1,807714.0595,5818294.768,13.52682725,52.42807194
1,1011202.0,,1100206.0,2020,1,19,4,3,5,2,2,1,0,0,0,0,0,797146.4981,5827767.307,13.38030635,52.5188256
4,4030929.0,,4501040.0,2020,1,7,6,3,6,4,0,0,1,0,0,0,1,792713.4859,5825711.652,13.31335311,52.50279491
6,6010205.0,,6100205.0,2020,1,14,3,2,6,7,0,0,1,0,0,0,1,795190.5023,5819998.718,13.34468341,52.45024783
7,7010101.0,,7100101.0,2020,1,18,3,3,5,3,2,1,0,0,0,0,1,794894.883,5825166.391,13.34491477,52.49673245
4,4051448.0,,4501045.0,2020,1,18,4,3,5,3,2,1,0,0,0,0,1,794169.2042,5825308.455,13.33438153,52.49839761
9,9020701.0,,9200715.0,2020,1,11,3,3,5,2,0,1,0,0,0,0,1,809049.0665,5818768.904,13.5468379,52.43156871
1,1022202.0,,1200624.0,2020,1,7,3,3,5,2,1,1,0,0,0,0,1,795668.9128,5829732.336,13.36034106,52.53724347
9,9020501.0,,9200510.0,2020,1,17,5,3,5,2,2,1,0,0,0,0,0,806503.0121,5822091.162,13.51255403,52.4627765
1,1011302.0,,1100309.0,2020,1,17,4,3,1,5,2,1,0,0,0,0,0,798950.1318,5828742.878,13.4076858,52.52658445
12,12214125.0,,12200412.0,2020,1,12,6,1,5,2,0,0,0,0,1,0,0,791170.4823,5834031.6,13.29797705,52.57820772
9,9030901.0,,9300920.0,2020,1,17,3,3,5,2,2,1,0,0,0,0,1,807710.662,5817912.829,13.52642609,52.42465081
1,1033203.0,,1300836.0,2020,1,14,3,3,5,2,0,1,0,0,0,0,0,796344.6768,5830580.206,13.3710316,52.5444767
4,4030827.0,,4300623.0,2020,1,16,3,3,5,7,2,1,0,0,0,0,1,792263.1315,5826253.504,13.30721287,52.5078939
7,7060604.0,,7601341.0,2020,1,14,4,3,5,3,0,1,0,0,0,0,0,798076.1936,5814895.794,13.38247377,52.40293962
1,1011402.0,,1100416.0,2020,1,10,3,3,4,6,0,0,0,1,0,0,1,798667.1454,5829568.126,13.40426828,52.53413673
3,3030405.0,,3300411.0,2020,1,6,5,2,5,3,2,0,0,0,0,0,1,803759.1527,5839300.513,13.48802559,52.61854977
3,3061227.0,,3601244.0,2020,1,14,2,3,5,3,0,1,0,0,0,0,0,800216.3178,5831588.303,13.4288647,52.55139303
8,8010211.0,,8100206.0,2020,1,22,4,3,0,3,2,0,0,0,0,1,0,800885.5044,5823831.811,13.43169026,52.48150065
7,7060604.0,,7601341.0,2020,1,12,2,3,0,1,0,0,0,0,0,0,0,797593.3235,5815555.19,13.37598283,52.40911315
12,12103115.0,,12100103.0,2020,1,7,4,3,0,2,0,1,0,0,0,0,0,795344.3929,5833841.037,13.35922599,52.57425024
4,4030931.0,,4501042.0,2020,1,12,2,3,2,6,0,1,0,0,0,0,0,793527.1685,5825874.783,13.32545008,52.50382019
1,1011202.0,,1100206.0,2020,1,18,4,3,1,5,2,1,0,0,0,0,1,797669.0485,5828008.416,13.38820062,52.52070188
11,11040925.0,,11400927.0,2020,1,11,2,3,0,2,0,1,0,0,0,0,0,803416.2458,5826627.523,13.47138835,52.50515791
9,9051702.0,,9501737.0,2020,1,11,2,3,5,2,0,1,0,0,0,0,0,814193.3883,5821209.314,13.62455175,52.4505072
6,6030503.0,,6300526.0,2020,1,20,4,3,1,5,2,1,0,0,0,0,0,789558.4438,5817360.343,13.25975476,52.42960604
7,7040406.0,,7400928.0,2020,1,23,6,3,5,2,2,1,0,0,0,0,0,800302.5767,5821981.744,13.42146662,52.46523856
9,9020701.0,,9200715.0,2020,1,8,4,3,5,3,0,0,0,0,0,0,0,808498.9288,5819028.645,13.53901133,52.43420703
9,9010402.0,,9100408.0,2020,1,8,2,3,5,2,0,1,0,0,0,0,0,806528.0955,5820097.473,13.51109213,52.44489424
1,1011303.0,,1100310.0,2020,1,8,2,3,5,2,0,0,0,0,1,0,1,799097.7229,5828458.174,13.40959879,52.52395155
2,2050801.0,,2500832.0,2020,1,16,4,3,3,6,1,1,0,0,0,0,0,803344.3092,5826756.422,13.47044918,52.50635321
3,3050923.0,,3500934.0,2020,1,19,2,3,5,3,2,1,0,0,0,0,1,800443.1325,5832252.389,13.43280084,52.55722031
2,2020204.0,,2200210.0,2020,1,18,5,3,6,4,2,0,1,0,0,0,0,798607.1749,5825321.055,13.39957539,52.49610041
12,12214527.0,,12200515.0,2020,1,18,2,3,5,3,2,1,0,0,0,0,0,790145.2876,5835787.286,13.28442761,52.59449492
1,1022204.0,,1200626.0,2020,1,13,4,3,1,5,0,0,0,0,0,1,0,794625.8921,5828333.535,13.34376761,52.5252691
1,1011402.0,,1100416.0,2020,1,9,4,3,1,5,0,1,0,0,0,0,1,798844.1413,5829700.428,13.40698891,52.53522561
3,3020307.0,,3200308.0,2020,1,8,3,3,5,2,0,1,0,0,0,0,1,799870.2004,5836930.157,13.42860647,52.59946401
9,9051702.0,,9501737.0,2020,1,15,5,2,0,3,0,0,0,1,0,0,1,814580.9873,5821242.076,13.63026738,52.45057789
8,8010404.0,,8100417.0,2020,1,7,2,3,5,3,1,0,0,0,0,1,0,801912.0563,5822865.709,13.44588619,52.47227476
3,3040614.0,,3400721.0,2020,1,7,2,3,5,2,1,1,0,0,0,0,1,798342.9644,5833055.519,13.40263638,52.56557381
3,3050923.0,,3500934.0,2020,1,7,2,3,5,3,1,1,0,0,0,0,1,800427.6725,5832285.954,13.43260387,52.55752969
2,2030302.0,,2300315.0,2020,1,13,5,3,1,5,0,1,0,0,0,0,0,800225.7961,5825857.875,13.42383046,52.50002419
5,5030731.0,,5300737.0,2020,1,6,2,3,5,2,2,1,0,0,0,0,0,787944.744,5830021.895,13.24702546,52.54397578
2,2020206.0,,2200213.0,2020,1,18,4,3,2,7,2,1,0,0,0,0,1,799211.7632,5825016.779,13.40818129,52.4930419
6,6010207.0,,6100207.0,2020,1,8,3,3,5,2,0,1,0,0,0,0,0,793193.3821,5820012.907,13.31539262,52.45144979
11,11010205.0,,11100204.0,2020,1,4,2,3,5,2,2,1,0,0,0,0,0,806851.0487,5832568.279,13.5273191,52.55647879
1,1011202.0,,1100206.0,2020,1,8,3,3,5,2,0,1,0,0,0,0,0,797160.2016,5827687.336,13.38043628,52.51810128
8,8010404.0,,8100415.0,2020,1,8,5,3,5,3,0,1,0,0,0,0,1,802011.9778,5823509.341,13.4479356,52.47798848
2,2030401.0,,2300418.0,2020,1,14,3,3,1,5,0,1,0,0,0,0,0,801160.6513,5825125.21,13.43689836,52.49294204
9,9020802.0,,9200819.0,2020,1,14,3,3,6,7,0,0,1,0,0,0,0,810489.716,5820162.167,13.56925434,52.443239
8,8010405.0,,8100418.0,2020,1,17,1,3,1,5,1,1,0,0,0,0,0,801670.3406,5823796.408,13.44318023,52.48075032
5,5040935.0,,5400942.0,2020,1,14,3,3,5,3,0,1,0,0,0,0,0,782723.5119,5820878.683,13.16247388,52.46472868
9,9030902.0,,9300922.0,2020,1,12,3,3,5,3,0,1,0,0,0,0,0,807979.057,5815458.353,13.5281026,52.40250226
4,4041137.0,,4400727.0,2020,1,14,4,3,1,5,0,1,0,0,0,0,0,791280.9347,5824368.817,13.29113358,52.49152307
7,7020203.0,,7200409.0,2020,1,15,7,3,2,6,0,1,0,0,0,0,0,795509.8256,5824411.042,13.35327684,52.4896287
9,9051901.0,,9501939.0,2020,1,16,7,3,0,1,1,0,0,0,0,0,1,810740.7615,5821392.79,13.57408072,52.45412479
1,1011302.0,,1100309.0,2020,1,14,7,2,5,3,0,0,0,0,0,0,1,798760.3319,5828975.092,13.40510505,52.52876996
3,3030406.0,,3300412.0,2020,1,13,7,3,0,7,0,0,0,0,0,0,1,802080.8124,5838488.475,13.46256869,52.6122073
8,8020622.0,,8200727.0,2020,1,11,3,3,5,3,0,1,0,0,0,0,0,802555.6276,5819065.285,13.45188881,52.43785515
2,2040503.0,,2400522.0,2020,1,17,6,3,3,6,1,0,0,0,0,0,0,801391.3999,5828724.848,13.44354607,52.52507877
2,2010102.0,,2100103.0,2020,1,19,3,3,0,2,2,1,0,0,0,0,0,798405.2443,5825759.8,13.39700281,52.50014364
8,8010118.0,,8100104.0,2020,1,8,5,3,5,2,0,1,0,0,0,0,1,800766.0158,5822752.913,13.42896304,52.47189593
11,11020514.0,,11200513.0,2020,1,16,3,3,0,6,1,1,0,0,0,0,0,804733.694,5831195.905,13.4949248,52.54536785
1,1033203.0,,1300836.0,2020,1,19,3,3,5,3,2,1,0,0,0,0,0,796661.8715,5830359.522,13.37549826,52.5423259
5,5010101.0,,5100101.0,2020,1,11,6,3,5,3,0,1,0,0,0,0,0,784402.3162,5831928.34,13.19656314,52.56292973
11,11010204.0,,11100203.0,2020,1,5,5,3,5,2,2,1,0,0,0,0,1,807655.433,5833603.323,13.54010619,52.56530093
10,10010207.0,,10100210.0,2020,1,11,6,2,5,3,0,1,0,0,0,0,0,808694.5418,5831863.161,13.55376954,52.54911799
2,2050801.0,,2500831.0,2020,1,8,3,3,5,3,0,1,0,0,0,0,0,803051.8001,5826997.603,13.46637221,52.50867743
1,1011303.0,,1100310.0,2020,1,23,6,3,6,7,2,1,1,0,0,0,1,799324.0008,5828901.139,13.41332279,52.52779789
1,1022206.0,,1200628.0,2020,1,19,6,3,3,6,2,1,0,0,0,0,0,795687.5499,5828180.04,13.35923436,52.52331841
2,2020204.0,,2200210.0,2020,1,9,4,3,3,6,0,0,0,0,0,1,0,798249.8241,5825465.011,13.39445604,52.49758619
1,1044202.0,,1401046.0,2020,1,13,5,3,5,2,0,1,0,0,0,0,1,794623.9213,5829871.433,13.34510175,52.53905633
7,7010102.0,,7100102.0,2020,1,4,6,3,5,3,2,1,0,0,0,0,0,795425.3519,5825488.236,13.35299156,52.49933066
5,5010339.0,,5100317.0,2020,1,13,6,3,6,7,0,0,1,0,0,0,0,787976.0948,5827883.376,13.24563349,52.52478645
10,10010310.0,,10100313.0,2020,1,2,5,3,0,1,2,0,0,0,0,0,1,808521.013,5831165.932,13.55057086,52.5429679
1,1022106.0,,1200522.0,2020,1,14,5,3,5,3,0,0,0,0,0,1,0,793707.5111,5828113.591,13.33007545,52.52379294
7,7010104.0,,7100205.0,2020,1,13,6,3,5,3,0,1,0,0,0,0,0,796286.1008,5825322.839,13.36548733,52.49738139
9,9051901.0,,9501939.0,2020,1,14,5,3,5,2,0,1,0,0,0,0,0,810929.9183,5821589.509,13.57703862,52.45578013
1,1022101.0,,1200517.0,2020,1,15,5,3,5,3,0,1,0,0,0,0,0,792993.1602,5828924.836,13.32029135,52.53144975
7,7040406.0,,7400928.0,2020,1,12,5,3,3,6,0,1,0,0,0,0,0,800296.249,5822029.176,13.42141644,52.46566719
1,1011204.0,,1100207.0,2020,1,9,5,3,2,6,0,1,0,0,0,0,0,797987.7045,5826863.512,13.39185787,52.51026521
1,1044101.0,,1400938.0,2020,1,14,2,3,5,2,0,1,0,0,0,0,0,794425.8677,5831447.292,13.34358696,52.55328982
9,9041501.0,,9401534.0,2020,1,8,5,3,1,6,0,1,0,0,0,0,0,811022.9902,5820295.038,13.57719865,52.4441267
4,4051448.0,,4501045.0,2020,1,13,4,3,5,3,0,1,0,0,0,0,0,793494.8139,5825202.803,13.32438254,52.49781359
1,1011301.0,,1100308.0,2020,1,14,5,3,1,5,0,1,0,0,0,0,0,796887.9509,5828905.788,13.37752348,52.52917166
1,1011402.0,,1100416.0,2020,1,18,5,3,5,3,2,1,0,0,0,0,0,798813.0279,5829357.519,13.40622328,52.53216898
2,2030401.0,,2300417.0,2020,1,7,5,3,5,2,1,1,0,0,0,0,1,800798.6886,5825592.976,13.43200539,52.49733435
6,6030608.0,,6300632.0,2020,1,20,5,3,1,5,2,1,0,0,0,0,0,791659.6968,5817467.426,13.29066637,52.42944987
11,11030720.0,,11300721.0,2020,1,7,5,3,5,3,1,0,0,0,0,1,0,805193.8755,5828716.451,13.49941325,52.52288843
5,5010314.0,,5100317.0,2020,1,13,2,3,5,3,0,1,0,0,0,0,0,785279.4019,5828765.717,13.20675029,52.53411522
8,8020727.0,,8200832.0,2020,2,15,4,3,0,3,0,0,0,0,0,1,0,801636.2899,5817396.46,13.43690022,52.42340472
2,2040502.0,,2400521.0,2020,2,17,1,3,5,3,2,1,0,0,0,0,0,801216.0722,5828645.513,13.44089772,52.52446458
8,8010213.0,,8100208.0,2020,2,18,2,3,1,5,2,1,0,0,0,0,1,800954.5567,5822557.57,13.43155418,52.47004117