district,LOR,street,LOR_2021,year,month,hour,weekday,category,accident_kind,accident_type,light_condition,car,pedestrian,motorcycle,goods_vehicle,others,road_condition,LINREFX,LINREFY,XGCSWGS84,YGCSWGS84
7,7030301.0,,7300517.0,2020,2,8,3,3,4,6,0,0,0,0,0,0,0,794778.9683,5822871.613,13.34118266,52.47622379
4,4010103.0,,4100102.0,2020,2,15,3,3,5,2,0,1,0,0,0,0,1,791701.775,5829739.312,13.30202276,52.53944399
3,3061429.0,,3601449.0,2020,2,8,4,3,5,3,0,1,0,0,0,0,1,801199.9911,5830697.93,13.44252127,52.54286951
7,7050501.0,,7501029.0,2020,2,14,1,3,2,6,0,1,0,0,0,0,0,797524.8722,5819592.862,13.37857122,52.44534429
4,4031032.0,,4500937.0,2020,2,19,1,2,5,3,2,1,0,0,0,0,1,791847.511,5825217.256,13.30019815,52.49882659
4,4010101.0,,4100101.0,2020,2,8,5,3,5,2,0,0,0,0,0,1,0,790398.7703,5829029.519,13.28224422,52.53377665
1,1011304.0,,1100311.0,2020,2,19,1,3,2,6,2,0,0,0,0,1,1,799797.3249,5827534.754,13.41904752,52.51529034
4,4051655.0,,4501153.0,2020,2,11,7,3,5,2,0,1,0,0,0,0,0,794154.6741,5824098.81,13.33310011,52.48756161
4,4031032.0,,4500938.0,2020,2,8,2,3,5,2,0,1,0,0,0,0,1,791577.8306,5824872.149,13.2959346,52.49587689
1,1011402.0,,1100416.0,2020,2,11,2,3,5,3,0,1,0,0,0,0,1,798870.0514,5829488.903,13.40717956,52.53331539
1,1011204.0,,1100207.0,2020,2,6,2,3,5,2,2,1,0,0,0,0,0,798616.4368,5827000.201,13.40121733,52.51114663
1,1033201.0,,1300834.0,2020,2,17,1,3,5,2,2,0,0,0,0,1,1,798081.4206,5830001.1,13.39604695,52.53833841
9,9031001.0,,9301025.0,2020,2,16,4,2,5,3,0,1,0,0,0,0,0,811034.39,5816248.822,13.57360358,52.40785954
6,6030605.0,,6300629.0,2020,2,18,2,3,5,3,2,1,0,0,0,0,1,792100.2783,5820284.106,13.29959017,52.45446627
4,4030929.0,,4501040.0,2020,2,1,7,3,0,2,2,1,0,0,0,0,0,792699.7419,5825401.313,13.31287843,52.50002018
1,1044203.0,,1401048.0,2020,2,8,2,3,0,5,0,0,0,0,0,1,1,795711.8579,5831247.156,13.36232094,52.55079911
3,3061227.0,,3601244.0,2020,2,5,2,3,5,3,2,1,0,0,0,0,1,800107.8412,5831704.331,13.42737449,52.5524928
1,1022206.0,,1200628.0,2020,2,21,7,3,0,2,2,0,0,0,0,1,0,795546.8284,5828216.376,13.35719856,52.52372043
4,4030726.0,,4500936.0,2020,2,10,3,3,0,7,0,0,0,0,0,0,0,791854.8256,5825626.851,13.30066457,52.50249464
3,3061126.0,,3601140.0,2020,2,17,7,3,5,3,1,1,0,0,0,0,0,798388.44,5831802.944,13.40217908,52.55432137
3,3020209.0,,3200206.0,2020,2,14,1,3,5,3,0,1,0,0,0,0,1,798077.6114,5834697.3,13.40020889,52.58043537
2,2040701.0,,2400623.0,2020,2,17,2,3,5,3,2,1,0,0,0,0,1,800312.2126,5827612.829,13.4266829,52.5157069
8,8010117.0,,8100102.0,2020,2,15,7,3,1,5,0,0,0,0,0,1,0,800411.6072,5823338.629,13.4242886,52.47734097
6,6020410.0,,6200422.0,2020,2,8,3,3,2,7,0,0,0,0,1,0,1,794286.3094,5817569.633,13.32927773,52.42895955
12,12301203.0,,12500926.0,2020,2,14,3,3,6,7,0,0,1,0,0,0,0,793233.8626,5835958.875,13.33004606,52.5943766
3,3050925.0,,3500936.0,2020,2,14,4,2,5,3,0,1,0,0,0,0,0,802772.2647,5831659.994,13.46651201,52.55062092
2,2020203.0,,2200209.0,2020,2,20,7,3,5,2,2,0,0,1,0,0,1,797749.362,5824034.295,13.38582718,52.48503473
1,1011301.0,,1100308.0,2020,2,18,4,3,3,6,2,0,0,0,0,0,0,797553.1275,5828340.706,13.38679444,52.52374372
2,2050801.0,,2500830.0,2020,2,12,2,3,1,5,0,0,0,0,1,0,0,802452.1327,5827414.169,13.45794195,52.51274387
1,1022206.0,,1200628.0,2020,2,8,2,3,5,2,0,1,0,0,0,0,1,795453.3529,5827716.745,13.35538098,52.51929231
6,6010204.0,,6100204.0,2020,2,15,4,3,2,6,0,1,0,0,0,0,0,795433.744,5820414.724,13.3486203,52.45384565
7,7070704.0,,7601545.0,2020,2,8,3,3,3,6,0,1,0,0,0,0,0,799919.1529,5814005.007,13.4086857,52.39394863
9,9051702.0,,9501737.0,2020,2,22,1,1,0,7,2,0,0,0,0,0,1,814259.7621,5821456.815,13.6257581,52.45268689
2,2040701.0,,2400623.0,2020,2,16,3,3,2,6,0,1,0,0,0,0,1,801117.3163,5827530.155,13.43843689,52.51452198
1,1044201.0,,1401045.0,2020,2,17,6,2,0,3,2,1,0,0,0,0,0,796868.5824,5831556.672,13.37960752,52.55294439
1,1011302.0,,1100309.0,2020,2,19,3,2,0,6,2,0,0,0,0,1,1,798719.1424,5829060.994,13.40457686,52.52956252
1,1022201.0,,1200623.0,2020,2,10,3,3,1,5,0,1,0,0,0,0,0,795498.1301,5829555.476,13.35767312,52.53575071
8,8020727.0,,8200832.0,2020,2,7,2,3,5,3,0,1,0,0,0,0,1,801520.5751,5817350.706,13.43516242,52.42305838
1,1011303.0,,1100310.0,2020,2,14,7,3,0,1,0,0,0,0,0,0,1,799582.9315,5828469.918,13.41673973,52.52379044
4,4051447.0,,4501044.0,2020,2,9,2,3,5,2,0,1,0,0,0,0,1,793204.8874,5825203.109,13.3201242,52.49797218
2,2010103.0,,2100105.0,2020,2,10,3,3,5,7,0,1,0,0,0,0,1,799598.3592,5825842.267,13.41460097,52.50022911
9,9010301.0,,9100304.0,2020,2,12,7,3,5,3,0,1,0,0,0,0,1,804574.5358,5822013.022,13.48418507,52.46315443
2,2040701.0,,2400623.0,2020,2,16,4,3,5,3,1,1,0,0,0,0,0,800632.8359,5827313.23,13.43112295,52.51284488
4,4051654.0,,4501150.0,2020,2,15,4,3,5,3,0,1,0,0,0,0,0,793450.0124,5823804.797,13.32249322,52.48530511
11,11020514.0,,11200513.0,2020,2,14,6,3,5,2,0,1,0,0,0,0,0,803850.3473,5830392.455,13.48120369,52.53866019
12,12304314.0,,12500824.0,2020,1,23,6,3,1,5,2,1,0,0,0,0,0,791166.5499,5835495.131,13.29920514,52.59133002
10,10010309.0,,10100312.0,2020,2,15,2,2,5,3,0,1,0,0,0,0,1,807841.8572,5829091.13,13.5386662,52.52475783
7,7050501.0,,7501029.0,2020,1,21,6,3,5,3,2,1,0,0,0,0,0,797540.515,5819898.226,13.37907267,52.44807306
11,11030721.0,,11300722.0,2020,2,7,4,3,5,2,0,0,0,0,0,1,1,803583.7872,5828338.443,13.47540993,52.52039926
11,11020411.0,,11200410.0,2020,2,17,2,3,5,3,2,1,0,0,0,0,1,804568.7515,5832750.517,13.49392604,52.55939323
2,2020202.0,,2200208.0,2020,2,19,5,3,5,2,2,1,0,0,0,0,0,797263.9266,5825187.826,13.3797285,52.49563942
4,4051448.0,,4501045.0,2020,1,17,6,3,5,3,2,1,0,0,0,0,0,793506.4923,5825218.408,13.32456783,52.4979472
4,4030828.0,,4300624.0,2020,2,15,6,1,3,1,0,1,0,0,0,0,0,793325.5639,5826091.078,13.32267896,52.50586761
7,7070703.0,,7601544.0,2020,2,14,3,3,5,5,0,1,0,0,0,0,0,799347.0595,5813158.673,13.39954727,52.38667515
12,12224230.0,,12400619.0,2020,1,12,6,3,1,5,0,1,0,0,0,1,0,787388.8037,5837426.696,13.24526942,52.61065649
8,8010115.0,,8100102.0,2020,2,7,2,3,5,3,0,1,0,0,0,0,1,799793.3994,5823671.116,13.41551232,52.48066091
1,1011202.0,,1100206.0,2020,2,9,1,3,2,6,0,1,0,0,0,0,0,797654.6887,5828093.501,13.38806574,52.5214724
9,9031201.0,,9301227.0,2020,1,12,6,3,5,3,0,1,0,0,0,0,1,815342.685,5814647.609,13.63522428,52.3910471
9,9020601.0,,9200613.0,2020,1,14,6,3,0,1,0,0,0,0,0,0,0,805829.3329,5821881.626,13.50247696,52.46127599
5,5020626.0,,5200631.0,2020,1,12,6,3,0,1,0,0,0,0,0,0,0,784797.3564,5826499.032,13.19772155,52.51404422
1,1011303.0,,1100310.0,2020,2,19,5,3,5,2,2,1,0,0,0,0,0,799508.7688,5828114.94,13.41533022,52.52064936
9,9020601.0,,9200613.0,2020,1,14,6,3,0,1,0,0,0,0,0,0,0,806964.3318,5821080.357,13.51839364,52.45345844
1,1044202.0,,1401046.0,2020,2,8,4,3,5,2,0,0,0,0,0,1,1,794896.7303,5830252.009,13.34945034,52.54232033
1,1022104.0,,1200520.0,2020,1,11,6,3,3,6,0,1,0,0,0,0,0,794252.1086,5828450.585,13.33837755,52.52652024
4,4051655.0,,4501153.0,2020,2,17,2,3,2,6,2,1,0,0,0,0,1,794193.4733,5823088.538,13.33277831,52.47848412
1,1011301.0,,1100308.0,2020,2,20,2,3,5,2,2,1,0,0,0,0,1,797543.9776,5828719.017,13.38699847,52.52713981
1,1011303.0,,1100310.0,2020,2,17,5,3,4,2,2,0,0,0,0,0,0,799633.5976,5828546.811,13.41755356,52.52445182
9,9020701.0,,9200715.0,2020,2,8,2,2,5,3,0,0,0,0,0,1,1,808989.7705,5818121.187,13.5453701,52.42579737
9,9041401.0,,9401431.0,2020,1,11,6,2,1,5,0,1,0,0,0,0,0,811990.0647,5820468.351,13.59154297,52.44512895
7,7020201.0,,7200307.0,2020,2,17,5,3,0,1,2,0,0,0,0,0,0,794711.789,5824738.044,13.34184658,52.49299149
9,9041301.0,,9401329.0,2020,2,14,4,3,0,7,0,1,0,0,0,0,0,812328.3261,5818436.3,13.59460538,52.4267259
1,1011401.0,,1100415.0,2020,2,16,5,3,5,2,1,0,0,1,0,0,0,797699.467,5829242.858,13.38975277,52.53175051
4,4030931.0,,4501042.0,2020,2,9,5,3,2,7,0,1,0,0,0,0,0,794113.0425,5825713.005,13.33391388,52.50205445
8,8010117.0,,8100103.0,2020,1,9,6,3,5,3,0,1,0,0,0,0,0,800479.7258,5822980.97,13.42496634,52.47409765
5,5010312.0,,5100314.0,2020,2,12,5,3,5,3,0,1,0,0,0,0,0,785408.5467,5830432.785,13.21008132,52.5489943
2,2040502.0,,2400521.0,2020,1,9,6,3,5,3,0,1,0,0,0,0,1,801273.4159,5827949.813,13.44111026,52.51819724
1,1011203.0,,1100206.0,2020,2,8,3,3,5,2,0,0,0,0,0,1,0,797901.7933,5827373.023,13.39105181,52.51487927
3,3020307.0,,3200309.0,2020,2,9,2,3,0,5,0,1,0,0,0,0,1,800065.5503,5837446.133,13.43194978,52.60398101
9,9051901.0,,9501940.0,2020,2,9,5,2,0,1,0,0,0,0,0,0,0,812011.5088,5821478.835,13.59280129,52.45417204
11,11030721.0,,11300722.0,2020,2,16,4,3,5,2,1,1,0,0,0,0,0,804141.7587,5828688.27,13.48392803,52.52322371
2,2020204.0,,2200210.0,2020,2,8,4,3,5,2,0,1,0,0,0,0,1,798008.8196,5825271.083,13.39074288,52.49597951
1,1011204.0,,1100207.0,2020,2,20,2,3,5,5,2,0,0,0,0,1,0,798190.2117,5826617.157,13.39461227,52.5079463
8,8010118.0,,8100104.0,2020,2,18,3,3,5,2,1,1,0,0,0,0,1,800876.1365,5822459.71,13.43031494,52.46920721
4,4051655.0,,4501153.0,2020,2,14,6,3,5,2,0,1,0,0,0,0,1,793947.0625,5823413.631,13.32944712,52.48153112
2,2010103.0,,2100104.0,2020,2,16,2,3,5,2,0,1,0,0,0,0,0,799334.248,5826190.024,13.41103441,52.50349118
7,7060604.0,,7601341.0,2020,2,13,6,3,5,2,0,0,0,0,0,1,1,798081.5177,5814495.163,13.38219529,52.39934546
11,11030721.0,,11300722.0,2020,2,17,3,3,2,2,2,1,0,0,0,0,1,803437.3306,5828618.052,13.47351311,52.52298683
6,6020306.0,,6200317.0,2020,2,18,6,2,5,2,2,1,0,0,0,0,1,796389.0934,5816726.381,13.35936799,52.4202653
3,3040818.0,,3400829.0,2020,2,14,4,3,5,3,0,1,0,0,0,0,0,799652.362,5832791.362,13.42165812,52.56248698
2,2030302.0,,2300315.0,2020,2,14,1,3,5,3,0,1,0,0,0,0,1,800731.9838,5825817.767,13.43122871,52.49938597
3,3071537.0,,3701555.0,2020,2,14,4,3,5,2,0,0,0,0,0,1,0,799965.5065,5830114.258,13.4238455,52.53831889
9,9051702.0,,9501737.0,2020,2,8,4,3,5,3,0,0,0,0,0,0,0,814596.2574,5821243.721,13.63049289,52.45058384
2,2020206.0,,2200212.0,2020,2,12,3,3,1,5,0,0,0,0,1,0,1,799449.4987,5824828.8,13.41150355,52.49122657
11,11020412.0,,11200411.0,2020,2,14,6,3,5,2,0,1,0,0,0,0,0,805980.3081,5831932.646,13.51392967,52.55127203
3,3061228.0,,3601245.0,2020,2,9,4,3,0,1,0,0,0,0,0,0,1,800381.3869,5831546.015,13.43125367,52.550923
11,11010205.0,,11100204.0,2020,2,7,2,3,2,2,0,1,0,0,0,0,0,805957.7813,5833680.61,13.51520983,52.56695025
5,5020522.0,,5200526.0,2020,2,7,6,3,6,4,0,0,1,0,0,0,0,781906.5576,5827186.41,13.15581803,52.52170951
2,2040503.0,,2400522.0,2020,2,21,4,3,3,6,2,1,0,0,0,0,1,801787.6196,5828004.686,13.44871518,52.51840477
7,7030301.0,,7300516.0,2020,2,8,4,2,5,3,0,1,0,0,0,0,1,793971.6116,5821795.922,13.32838175,52.46701586
1,1044203.0,,1401049.0,2020,2,22,5,3,5,3,2,1,0,0,0,0,1,796003.6902,5831415.418,13.36676245,52.55214891
6,6020302.0,,6200312.0,2020,2,13,4,3,5,7,0,1,0,0,0,0,1,794830.0861,5818657.382,13.33821165,52.43841793
11,11030721.0,,11300722.0,2020,2,18,7,3,5,2,2,1,0,0,0,0,0,804251.9228,5827626.37,13.48457563,52.51364487
7,7030302.0,,7300618.0,2020,2,21,5,3,5,3,2,1,0,0,0,0,1,794497.9889,5821872.984,13.33617596,52.4674232
4,4041343.0,,4400834.0,2020,2,18,4,3,5,2,2,1,0,0,0,0,1,792669.4829,5823056.695,13.31037473,52.47901751
1,1011303.0,,1100310.0,2020,2,17,3,3,5,2,0,1,0,0,0,0,0,799508.7688,5828114.94,13.41533022,52.52064936
1,1011305.0,,1100312.0,2020,2,6,3,3,5,3,1,1,0,0,0,0,1,799470.84,5826749.447,13.41354397,52.50843062
7,7040403.0,,7400823.0,2020,2,19,3,3,5,3,2,1,0,0,0,0,0,796910.0048,5822270.508,13.3719323,52.46968117
6,6040810.0,,6400844.0,2020,2,9,2,3,5,2,0,1,0,0,0,0,1,790143.9316,5819770.687,13.27043468,52.45090533
11,11030721.0,,11300723.0,2020,2,14,3,2,5,3,0,1,0,0,0,0,0,804307.8712,5828425.021,13.48612801,52.52077164
9,9020802.0,,9200819.0,2020,2,15,1,3,5,2,0,1,0,0,0,0,1,810524.6156,5820012.13,13.56962674,52.4418746
3,3030715.0,,3300516.0,2020,2,13,4,3,0,1,0,0,0,0,0,0,1,800859.357,5833421.497,13.43998189,52.56746936
3,3040614.0,,3400725.0,2020,2,15,4,3,1,5,0,0,0,0,0,1,1,798553.2666,5834879.199,13.40737177,52.58180505
1,1011302.0,,1100309.0,2020,2,14,3,3,2,7,0,1,0,0,0,0,1,798445.4277,5829047.851,13.40054212,52.52959463
3,3061126.0,,3601141.0,2020,2,14,2,3,0,6,0,1,0,0,0,0,0,799094.9338,5831440.609,13.41224215,52.55068609
11,11020411.0,,11200410.0,2020,2,14,4,3,5,2,0,1,0,0,0,0,1,805295.7606,5832055.932,13.50397829,52.55276105
1,1033102.0,,1300733.0,2020,2,11,4,3,5,3,0,0,0,0,0,0,1,797430.342,5831262.665,13.38760522,52.55000251
4,4030827.0,,4300623.0,2020,2,9,5,3,3,6,0,0,0,0,0,0,0,792189.1543,5826485.448,13.30632959,52.51001285
1,1011303.0,,1100310.0,2020,2,16,7,3,5,3,1,1,0,0,0,0,0,799217.4536,5828933.451,13.41178596,52.528146
1,1011201.0,,1100205.0,2020,2,15,5,3,5,3,0,1,0,0,0,0,0,797159.0747,5826452.695,13.37931727,52.5070347
1,1022206.0,,1200628.0,2020,2,15,7,3,1,5,0,1,0,0,0,0,0,796529.7748,5828673.116,13.37205149,52.52728095
1,1011302.0,,1100309.0,2020,2,19,7,3,0,5,2,1,0,0,0,0,1,798580.3518,5828916.082,13.40240684,52.52833963
2,2020206.0,,2200212.0,2020,2,9,3,3,5,3,0,1,0,0,0,0,1,799611.2692,5824523.474,13.41360456,52.48840101
2,2050801.0,,2500830.0,2020,2,20,7,3,1,5,2,1,0,0,0,0,0,802486.6529,5827501.121,13.45852812,52.51350408
9,9020502.0,,9200511.0,2020,2,16,5,3,0,5,0,1,0,0,0,0,0,807047.5521,5821926.945,13.520393,52.46099905
11,11040926.0,,11400930.0,2020,2,15,5,3,6,6,0,0,1,0,0,0,0,806110.4506,5826675.206,13.51100306,52.50408044
12,12231102.0,,12400721.0,2020,2,12,5,3,5,3,0,1,0,0,0,0,0,790200.5179,5840453.231,13.28933432,52.63629489
1,3061126.0,,3601140.0,2020,2,11,3,2,6,6,0,0,1,0,0,0,0,798144.0487,5831822.37,13.39860254,52.55462933
9,9041501.0,,9401534.0,2020,2,18,7,3,2,7,2,1,0,0,0,0,0,810842.2732,5820491.004,13.57473063,52.44598563
6,6020306.0,,6200317.0,2020,2,8,5,3,5,2,0,1,0,0,0,0,0,796227.1644,5817019.053,13.3572529,52.42297658
1,2040502.0,,2400521.0,2020,2,14,4,3,1,5,0,0,0,0,0,1,1,800329.5233,5828050.794,13.42733259,52.51962298
2,2040502.0,,2400521.0,2020,2,12,5,3,5,2,0,1,0,0,0,0,0,801247.6592,5827817.435,13.44061195,52.51702494
2,2050802.0,,2500834.0,2020,2,9,5,3,5,2,0,0,0,0,1,0,0,802551.7081,5826717.062,13.45877116,52.50644052
1,1011401.0,,1100415.0,2020,2,18,4,3,5,2,2,1,0,0,0,0,1,798323.1742,5829380.771,13.39904404,52.53264572
1,1044102.0,,1400940.0,2020,2,9,5,2,5,3,0,1,0,0,0,0,0,795288.7065,5832243.695,13.35698475,52.55996176
1,1011306.0,,1100313.0,2020,2,20,2,3,1,5,2,1,0,0,0,0,1,800103.5248,5826883.942,13.42295946,52.50928848
4,4030828.0,,4300624.0,2020,2,7,5,3,6,4,0,0,1,0,0,0,0,792979.5223,5826233.318,13.31772034,52.50732867
1,1044203.0,,1401048.0,2020,2,14,4,2,5,2,0,0,0,0,0,1,0,795297.3351,5831410.269,13.35637022,52.55248615
3,3040512.0,,3400619.0,2020,2,8,5,3,5,3,0,1,0,0,0,0,0,795718.0231,5834971.45,13.36573175,52.58418034
9,9010202.0,,9100203.0,2020,2,7,6,3,0,7,0,1,0,1,1,0,1,804112.7604,5823601.596,13.47885706,52.47764964
9,9010301.0,,9100304.0,2020,2,14,2,3,6,7,0,0,1,0,0,0,0,804798.9681,5822364.29,13.48779914,52.46617759
6,6030503.0,,6300527.0,2020,2,8,5,3,5,2,0,1,0,0,0,0,0,790720.7125,5817908.498,13.27727813,52.43390398
3,3040614.0,,3400725.0,2020,2,12,3,3,5,3,0,1,0,0,0,0,1,799019.8094,5835053.115,13.41439377,52.58310773
1,1011306.0,,1100313.0,2020,2,14,5,3,0,2,0,1,0,0,0,0,1,800072.9676,5826415.94,13.42208871,52.5051104
4,4051446.0,,4501043.0,2020,2,5,4,3,5,3,2,1,0,0,0,0,0,792912.1779,5824395.731,13.31511478,52.49089147
9,9020802.0,,9200819.0,2020,2,15,7,3,2,7,0,1,0,0,0,0,0,810493.4517,5820140.273,13.56928878,52.44304067
6,6030503.0,,6300526.0,2020,2,9,2,3,5,3,0,1,0,0,0,0,0,789401.5627,5817532.485,13.25760276,52.43123239
1,1011303.0,,1100310.0,2020,2,7,6,3,1,7,0,1,0,0,0,0,1,798949.7136,5827814.113,13.40684485,52.51825965
12,12304314.0,,12500824.0,2020,2,21,4,2,6,4,2,0,1,0,0,0,1,791213.0555,5836732.537,13.30097794,52.60239811
11,11020515.0,,11200514.0,2020,2,8,4,3,5,2,0,1,0,0,0,0,1,805113.7332,5830256.409,13.49964895,52.53673503
11,11010310.0,,11100309.0,2020,2,15,5,3,6,7,0,0,1,0,0,0,0,805400.6641,5833282.154,13.506649,52.56369199
1,1022104.0,,1200519.0,2020,2,18,7,3,0,6,2,1,0,0,0,0,1,793920.2313,5828481.984,13.33352741,52.52698074
7,7050501.0,,7501029.0,2020,2,18,4,3,1,5,2,1,0,0,0,0,0,797644.092,5819416.154,13.38016276,52.44369539
1,1011202.0,,1100206.0,2020,2,16,4,3,5,2,0,0,0,0,0,0,0,797156.5882,5827708.505,13.3804021,52.51829301
9,9051901.0,,9501941.0,2020,2,7,3,3,4,6,0,0,0,0,0,0,0,812069.2933,5821168.002,13.59335848,52.45135357
4,4030725.0,,4300416.0,2020,2,9,6,3,5,3,0,1,0,0,0,0,0,791861.712,5826237.052,13.30130067,52.50796131
6,6040701.0,,6400735.0,2020,2,13,7,3,5,3,0,1,0,0,0,0,0,782210.6964,5815684.906,13.15055898,52.41842298
1,1011302.0,,1100309.0,2020,2,0,4,3,5,2,2,0,0,0,0,1,1,798680.6721,5828665.963,13.40365659,52.52604271
1,1044202.0,,1401046.0,2020,2,11,7,3,5,2,0,1,0,0,0,0,0,795217.665,5830192.81,13.35411637,52.54161587
3,3040614.0,,3400724.0,2020,2,15,2,3,5,2,0,1,0,0,0,0,0,800025.0379,5834654.564,13.42882495,52.57898206
1,1044203.0,,1401048.0,2020,2,15,3,3,5,2,0,1,0,0,0,0,1,795309.3485,5831237.275,13.35639303,52.55092891
9,9052001.0,,9502043.0,2020,2,11,4,3,5,3,0,1,0,0,0,0,0,811283.928,5822337.524,13.58292915,52.46228197
1,1011203.0,,1100206.0,2020,2,8,5,3,5,3,0,1,0,0,0,0,0,798287.305,5827428.688,13.39676596,52.51516753
8,8010303.0,,8100314.0,2020,2,9,4,3,0,2,0,1,1,0,0,0,0,800357.4265,5824319.791,13.42437717,52.48616533
4,4030620.0,,4300619.0,2020,2,15,3,3,5,3,0,1,0,0,0,0,0,792661.8947,5827418.093,13.31409574,52.51812029
2,2020203.0,,2200209.0,2020,2,9,3,3,1,5,0,1,0,0,0,0,1,797359.6662,5824532.277,13.38054953,52.48971098
3,3040614.0,,3400725.0,2020,2,7,4,3,1,5,0,1,0,0,0,0,1,799169.4038,5834958.429,13.41650961,52.58217679
4,4030518.0,,4300517.0,2020,2,12,3,3,5,3,0,1,0,0,0,0,1,791391.2055,5828583.944,13.29644352,52.52925245
4,4051655.0,,4501153.0,2020,2,11,2,2,6,4,0,0,1,0,0,0,0,794038.8687,5823909.917,13.33123286,52.48593065
1,1011303.0,,1100310.0,2020,2,9,6,3,5,7,0,0,0,0,0,1,0,799121.6619,5828465.676,13.40995734,52.52400567
10,10020622.0,,10200629.0,2020,2,8,4,3,5,3,0,1,0,0,0,0,0,811250.068,5828683.144,13.58835925,52.51916694
11,11010310.0,,11100309.0,2020,2,11,4,3,5,2,0,1,0,0,0,0,1,805555.0054,5833392.957,13.50902091,52.56459844
12,12231102.0,,12400720.0,2020,2,16,7,3,3,6,0,0,0,0,0,1,0,789336.3857,5840770.864,13.27687893,52.63960356
2,2020202.0,,2200208.0,2020,2,8,4,3,5,2,0,1,0,0,0,0,1,797929.6243,5825276.066,13.38958422,52.49606741
11,11051331.0,,11501340.0,2020,2,20,4,3,5,3,2,1,0,0,0,0,0,807231.5188,5824302.705,13.52528013,52.48218769
9,9052001.0,,9502043.0,2020,2,5,3,2,5,3,2,1,0,0,0,0,1,810990.9797,5821975.558,13.57829392,52.45920499
1,1022106.0,,1200522.0,2020,2,20,4,3,5,2,2,1,0,0,0,0,0,794119.5952,5828273.794,13.33627352,52.52500692
9,9020802.0,,9200819.0,2020,2,18,3,3,4,6,2,0,0,0,0,0,0,810524.9657,5820037.879,13.5696558,52.44210516
2,2020204.0,,2200210.0,2020,2,10,7,3,5,3,0,1,0,0,0,0,0,798532.8013,5825353.458,13.39851215,52.49643154
4,4031032.0,,4500937.0,2020,2,15,2,3,5,2,0,1,0,0,0,0,0,790986.1887,5824832.941,13.28720999,52.49584116
1,1011305.0,,1100312.0,2020,2,8,5,3,5,3,0,0,0,0,0,0,0,799367.6125,5827008.491,13.41226051,52.51080922
5,5010312.0,,5100314.0,2020,2,15,4,2,5,3,0,1,0,0,0,0,1,785149.692,5829617.849,13.20557446,52.54182324
1,1033102.0,,1300733.0,2020,2,19,4,3,5,3,2,1,0,0,0,0,0,797694.5759,5831556.744,13.39175434,52.5524942
4,4051446.0,,4501043.0,2020,2,17,3,3,5,3,1,1,0,0,0,0,0,792912.1768,5824395.734,13.31511477,52.49089149
10,10020416.0,,10200423.0,2020,2,5,4,3,5,3,2,1,0,0,0,0,0,813245.4968,5831083.708,13.61993336,52.53953577
3,3030405.0,,3300411.0,2020,2,7,5,3,5,3,1,1,0,0,0,0,1,803590.0428,5839579.772,13.48579169,52.62114713
1,1011103.0,,1100103.0,2020,2,15,4,3,1,5,0,1,0,0,0,0,1,795489.7327,5825791.835,13.3542066,52.50201733
3,3061332.0,,3601346.0,2020,2,20,3,3,0,1,1,0,0,0,0,0,1,799369.8062,5830724.693,13.41563864,52.54411805
9,9010301.0,,9100304.0,2020,2,10,3,3,5,3,0,1,0,0,0,0,0,804562.4952,5822021.77,13.48401637,52.46323955
10,10010311.0,,10100316.0,2020,2,14,2,2,5,2,0,1,0,0,0,0,0,810690.9509,5832009.971,13.58325523,52.54929873
8,8010117.0,,8100102.0,2020,2,23,4,2,6,4,2,0,1,0,0,0,1,800482.2271,5823565.576,13.42552978,52.47933634
2,2010104.0,,2100106.0,2020,2,19,3,3,3,6,2,1,0,0,0,0,0,798961.7729,5825589.948,13.40502449,52.49831655
6,6020305.0,,6200315.0,2020,2,7,4,3,5,2,0,1,0,0,0,0,1,795520.0309,5817419.594,13.34723796,52.42694953
3,3010102.0,,3100103.0,2020,3,9,5,3,2,2,0,1,0,0,0,0,0,804000.8705,5840809.724,13.49297279,52.63194069
3,3050919.0,,3500932.0,2020,3,14,3,3,0,1,0,0,0,0,0,0,0,800998.6581,5832185.234,13.44090955,52.55631164
2,2010103.0,,2100105.0,2020,3,13,3,3,5,2,0,1,0,0,0,0,0,799447.117,5825676.005,13.4122301,52.49882183
1,1011302.0,,1100309.0,2020,3,13,4,3,5,3,0,1,0,0,0,0,0,798625.6117,5828980.599,13.40312998,52.52889313
8,8010404.0,,8100415.0,2020,3,13,2,2,3,6,0,1,0,1,0,1,0,801923.3103,5823547.242,13.44666832,52.47837722
3,3010102.0,,3100103.0,2020,3,16,2,3,5,3,0,1,0,0,0,0,0,804372.7006,5840423.98,13.49809459,52.62827531
1,1011303.0,,1100310.0,2020,3,13,2,3,0,1,0,0,0,0,0,0,1,799179.5855,5828190.953,13.41056143,52.5215114
4,4041240.0,,4400831.0,2020,3,17,2,3,1,5,1,1,0,0,0,0,0,791265.3319,5822075.812,13.28890116,52.47097459
5,5010311.0,,5100313.0,2020,3,11,6,3,0,2,0,1,0,0,0,0,1,785394.5915,5830307.229,13.20976816,52.54787589
1,1011202.0,,1100206.0,2020,3,19,4,3,0,6,2,1,0,0,0,0,0,797735.449,5827609.131,13.388819,52.51708652
3,3071536.0,,3701554.0,2020,3,17,4,3,0,1,0,0,0,0,0,0,0,798980.3667,5830035.138,13.40929246,52.53815107
1,1011303.0,,1100310.0,2020,3,9,1,3,5,2,0,1,0,0,0,0,0,799240.7186,5828468.318,13.41170932,52.52396402
1,1044202.0,,1401046.0,2020,3,15,2,3,5,2,0,0,0,0,0,1,0,794896.4033,5830222.132,13.34941901,52.54205268
3,3071537.0,,3701556.0,2020,3,13,6,3,5,3,0,1,0,0,0,0,1,799816.8619,5829571.492,13.42117076,52.53353569
4,4030931.0,,4501042.0,2020,3,19,4,3,1,5,2,1,0,0,0,0,0,794344.9099,5825630.574,13.33724707,52.50119048
6,6030503.0,,6300526.0,2020,3,15,2,3,5,3,0,0,0,0,0,0,0,789525.6492,5817501.326,13.25939583,52.43088737
2,2020206.0,,2200213.0,2020,3,18,4,3,0,7,1,1,0,0,0,0,1,799836.4561,5824990.557,13.41733139,52.49246407
2,2020203.0,,2200208.0,2020,3,12,2,3,6,4,0,0,1,0,0,0,0,797779.2784,5824942.213,13.38707772,52.49315686
2,2050803.0,,2500835.0,2020,3,8,4,3,5,2,0,1,0,0,0,0,0,803104.9216,5826095.522,13.46633132,52.50056269
9,9020601.0,,9200613.0,2020,3,14,7,3,5,3,0,1,0,0,0,0,0,807693.0624,5820976.497,13.52898824,52.45211794
4,4020311.0,,4200310.0,2020,3,11,6,3,5,7,0,1,0,0,0,0,0,789149.3626,5826923.386,13.26204457,52.5155589
2,2020202.0,,2200208.0,2020,3,9,2,3,0,1,0,0,0,0,0,0,1,797265.9189,5825057.993,13.37964191,52.49447452
7,7020204.0,,7200414.0,2020,3,16,5,3,2,6,0,1,0,0,0,0,0,796554.1391,5823965.994,13.36821656,52.48507297