district,LOR,street,LOR_2021,year,month,hour,weekday,category,accident_kind,accident_type,light_condition,car,pedestrian,motorcycle,goods_vehicle,others,road_condition,LINREFX,LINREFY,XGCSWGS84,YGCSWGS84
9,9030901.0,,9300920.0,2020,3,7,2,3,3,6,0,1,0,0,0,0,1,809516.0476,5817193.934,13.5522276,52.41718997
6,6030502.0,,6300525.0,2020,3,13,1,3,7,7,0,0,0,0,0,0,0,789616.7347,5814985.386,13.25855413,52.40828261
4,4051550.0,,4501147.0,2020,3,16,4,3,2,6,0,0,0,0,0,0,0,793040.9639,5824147.284,13.31678769,52.48859509
5,5040934.0,,5400942.0,2020,3,14,1,3,0,6,0,0,0,0,0,0,1,783849.5391,5823541.949,13.1812712,52.48802446
2,2020205.0,,2200211.0,2020,3,20,1,3,1,5,2,1,0,0,0,0,0,798333.6031,5824027.196,13.39439919,52.48465219
3,3061131.0,,3601142.0,2020,3,19,1,3,3,6,2,0,0,0,0,0,0,799212.6776,5831107.785,13.41367362,52.54763818
2,2010103.0,,2100104.0,2020,3,15,5,3,5,3,0,1,0,0,0,0,0,799281.7464,5826219.656,13.41028986,52.50378559
12,12103117.0,,12100101.0,2020,3,18,6,3,5,2,2,1,0,0,0,0,1,795768.1799,5832571.431,13.3643292,52.56263937
7,7010104.0,,7100205.0,2020,3,12,4,3,1,5,0,1,0,0,0,0,0,796378.236,5825074.653,13.36661975,52.4951066
3,3040512.0,,3400619.0,2020,3,19,1,3,5,3,2,1,0,0,0,0,0,796982.1187,5835832.359,13.38510617,52.59120874
11,11020514.0,,11200513.0,2020,3,19,1,2,0,1,2,0,0,0,0,0,0,804571.1957,5831031.571,13.49238523,52.54398588
9,9041301.0,,9401329.0,2020,3,11,1,3,4,6,0,1,0,0,0,0,0,811652.6265,5818573.839,13.58482802,52.42834373
8,8030831.0,,8301036.0,2020,3,11,1,3,5,2,0,1,0,0,0,0,1,803793.1035,5818069.202,13.46913233,52.42824139
2,2020206.0,,2200213.0,2020,3,0,1,2,0,1,2,0,0,0,0,0,1,799737.4912,5824839.436,13.41574215,52.49116385
9,9020601.0,,9200613.0,2020,3,0,1,3,5,2,2,1,0,0,0,0,1,805902.0688,5821817.938,13.50348584,52.46066448
1,1022201.0,,1200623.0,2020,2,2,7,3,0,2,2,1,0,0,0,0,0,795444.8802,5829545.542,13.35688148,52.53569052
8,8010211.0,,8100206.0,2020,3,21,4,3,1,5,2,1,0,0,0,0,0,800355.7245,5824299.625,13.42433401,52.4859855
3,3040614.0,,3400723.0,2020,3,15,4,3,4,6,0,0,0,0,0,0,0,798724.7487,5833679.04,13.40881376,52.57095337
2,2050801.0,,2500830.0,2020,2,19,7,3,1,5,2,1,0,0,0,0,1,802776.5998,5827586.332,13.46286527,52.51410695
8,8010301.0,,8100311.0,2020,3,13,4,3,5,5,0,1,0,0,0,0,0,800783.551,5824389.159,13.43069637,52.4865525
8,8010214.0,,8100209.0,2020,3,14,5,3,5,2,0,1,0,0,0,0,0,801751.0484,5822053.831,13.44278873,52.4650867
4,4051551.0,,4501148.0,2020,2,19,7,3,1,5,2,1,0,0,0,0,1,792863.6803,5823415.443,13.31354115,52.48212948
2,2040701.0,,2400623.0,2020,2,19,7,3,5,3,2,1,0,0,0,0,1,800910.81,5827525.819,13.435399,52.51459709
3,3061228.0,,3601245.0,2020,3,0,7,3,1,5,2,1,0,0,0,0,1,800376.9622,5831115.464,13.43079916,52.54706631
7,7030301.0,,7300517.0,2020,2,18,7,3,1,5,2,1,0,0,0,0,1,794355.1996,5822212.575,13.33437968,52.47054441
8,8010117.0,,8100103.0,2020,3,7,2,3,2,7,0,1,0,0,0,0,1,800446.5567,5822964.019,13.42446419,52.47396396
1,1022104.0,,1200520.0,2020,3,16,5,3,1,5,0,1,0,0,0,0,0,794571.6896,5828585.616,13.3431943,52.52755812
7,7020203.0,,7200409.0,2020,3,11,4,3,5,2,0,1,0,0,0,0,0,795813.5359,5824322.812,13.35765855,52.48867331
8,8041039.0,,8401245.0,2020,2,12,7,3,5,2,0,1,0,0,0,0,0,806487.4381,5815412.163,13.50620341,52.4029251
9,9020702.0,,9200717.0,2020,3,19,5,3,5,2,2,1,0,0,0,0,0,809667.9513,5819039.947,13.55616294,52.43364781
4,4030827.0,,4300623.0,2020,2,19,6,3,1,5,1,1,0,0,0,0,0,792434.2268,5826118.301,13.30960785,52.50659015
1,1022207.0,,1200629.0,2020,3,10,4,3,5,2,0,0,0,0,0,1,0,794491.5596,5827830.442,13.34134781,52.52083178
8,8030831.0,,8301037.0,2020,3,8,4,3,5,3,0,1,0,0,0,0,0,804171.4635,5817808.932,13.47444332,52.42569841
4,4010103.0,,4100102.0,2020,2,7,6,3,5,3,0,0,0,0,1,0,1,791215.249,5829174.16,13.29437412,52.5346377
2,2040701.0,,2400623.0,2020,3,18,5,3,2,7,2,1,0,0,0,0,0,800646.1581,5827576.465,13.4315565,52.51519698
5,5020625.0,,5200629.0,2020,2,18,6,3,5,3,2,1,0,0,0,0,0,784655.0363,5828500.863,13.1973434,52.532067
3,3071536.0,,3701554.0,2020,2,21,6,3,5,3,2,1,0,0,0,0,0,799002.0178,5830073.755,13.40964548,52.53848533
4,4051445.0,,4500939.0,2020,3,7,4,3,5,2,0,1,0,0,0,0,0,792519.5917,5824139.557,13.30912419,52.48880545
12,12302110.0,,12601235.0,2020,2,18,6,3,5,2,2,1,0,0,0,0,0,795265.0323,5836363.339,13.36030587,52.59690329
1,1011402.0,,1100416.0,2020,3,9,7,3,0,1,0,0,0,0,0,0,1,798505.0098,5829462.72,13.40179037,52.53328073
6,6010101.0,,6100101.0,2020,3,4,4,2,0,7,2,0,0,0,0,0,1,793303.7751,5820750.369,13.31766021,52.45800171
10,10010203.0,,10100205.0,2020,2,17,6,2,0,3,1,1,0,0,0,0,0,807561.1947,5831667.137,13.53692629,52.54800227
2,2050804.0,,2500836.0,2020,2,16,6,3,5,3,0,1,0,0,0,0,0,803160.0609,5825614.872,13.46670365,52.49622406
2,2020204.0,,2200210.0,2020,3,12,6,3,5,3,0,1,0,0,0,0,1,798489.4079,5825229.441,13.39776372,52.49534362
8,8020625.0,,8200730.0,2020,3,11,5,3,0,2,0,0,0,0,0,1,0,802239.1798,5818943.633,13.44713775,52.43693972
4,4030930.0,,4501041.0,2020,2,15,6,3,3,6,0,1,0,0,0,0,0,793121.4892,5825608.56,13.31925605,52.5016517
11,11030721.0,,11300722.0,2020,3,9,6,3,5,2,0,1,0,0,0,0,1,804247.2996,5828697.465,13.48548724,52.52324724
10,10040933.0,,10400941.0,2020,3,18,5,3,5,3,2,1,0,0,0,0,0,812394.4545,5824148.915,13.60091793,52.47788062
3,3061126.0,,3601141.0,2020,2,15,6,3,5,3,0,1,0,0,0,0,0,798985.6439,5831782.963,13.41094339,52.55381476
12,12301205.0,,12500928.0,2020,2,15,6,3,5,3,0,1,0,0,0,0,0,792098.93,5837670.938,13.31484954,52.61033523
3,3071536.0,,3701554.0,2020,3,20,6,3,5,3,2,1,0,0,0,0,1,798907.9425,5829087.901,13.40737594,52.52970022
4,4030519.0,,4300518.0,2020,3,11,5,3,5,2,0,1,0,0,0,0,0,792079.9733,5828579.776,13.30656432,52.52884649
2,2030302.0,,2300316.0,2020,3,8,2,3,5,3,0,1,0,0,0,0,1,800810.2367,5826166.846,13.43269331,52.50247174
1,2040701.0,,2400623.0,2020,3,9,3,3,5,2,0,1,0,0,0,0,0,800241.3807,5827541.841,13.42557815,52.5151096
1,1022206.0,,1200628.0,2020,3,12,3,3,0,1,0,0,0,0,0,0,1,795964.7801,5828343.197,13.36345381,52.52463055
2,2020203.0,,2200209.0,2020,3,17,5,3,5,2,1,1,0,0,0,0,0,797758.1969,5824293.766,13.3861887,52.48735578
10,10010308.0,,10100311.0,2020,3,8,3,3,5,2,0,1,0,0,0,0,0,806458.4641,5829755.431,13.51895151,52.53149072
5,5010314.0,,5100316.0,2020,2,9,6,3,1,5,0,1,0,0,0,0,1,784912.1243,5829054.133,13.2015975,52.53689327
2,2020203.0,,2200209.0,2020,3,15,6,3,3,6,0,0,0,0,1,0,1,797101.4224,5824479.527,13.37671025,52.48937874
9,9051901.0,,9501941.0,2020,3,17,3,3,4,6,0,0,0,0,0,0,1,812163.95,5821353.275,13.59492003,52.45295983
11,11010205.0,,11100204.0,2020,2,6,5,2,6,7,1,0,1,0,0,0,1,806778.6555,5832764.555,13.52643603,52.55827861
2,2040701.0,,2400521.0,2020,3,21,3,3,5,3,2,1,0,0,0,0,0,800373.5034,5827886.97,13.42783091,52.51813036
9,9010201.0,,9100202.0,2020,3,8,3,3,5,2,1,1,0,0,0,0,0,802663.941,5824424.8,13.45833704,52.48583283
8,8010118.0,,8100104.0,2020,2,20,5,3,5,2,2,1,0,0,0,0,0,800909.6267,5822381.269,13.43073573,52.46848567
7,7070701.0,,7601442.0,2020,3,19,3,3,5,2,2,1,0,0,0,0,0,799600.862,5815437.609,13.40530322,52.40696431
1,1011203.0,,1100206.0,2020,2,19,5,3,5,2,2,1,0,0,0,0,0,797953.9358,5827083.846,13.39155901,52.51225868
8,8010118.0,,8100105.0,2020,2,18,5,3,2,7,2,1,0,0,0,0,0,800977.1631,5822150.651,13.43151892,52.46638136
12,12301203.0,,12500930.0,2020,3,5,2,3,5,2,1,1,0,0,0,0,0,793046.0072,5835171.452,13.32658409,52.58741908
5,5010101.0,,5100104.0,2020,2,18,5,2,5,2,2,1,0,0,0,0,0,785203.4084,5831168.48,13.20769619,52.55569788
1,1011204.0,,1100207.0,2020,2,15,5,3,6,4,0,0,1,0,0,0,0,798589.4846,5826885.657,13.4007186,52.51013466
12,12301205.0,,12500928.0,2020,3,19,6,3,5,3,2,1,0,0,0,0,1,791772.11,5836891.786,13.30934971,52.60352598
2,2010103.0,,2100104.0,2020,3,19,3,3,5,3,2,1,0,0,0,0,0,799342.757,5826192.543,13.41116166,52.50350909
4,4030931.0,,4501042.0,2020,2,13,5,3,5,3,0,1,0,0,0,0,0,793979.5059,5825546.185,13.33180498,52.50063096
9,9041302.0,,9401330.0,2020,2,13,5,3,5,3,0,1,0,0,0,0,0,811900.6508,5817885.613,13.58782242,52.42203488
7,7040403.0,,7400824.0,2020,3,19,3,3,5,3,2,1,0,0,0,0,0,797766.5649,5821863.504,13.38414169,52.46556662
1,1011303.0,,1100310.0,2020,3,18,3,3,5,3,2,1,0,0,0,0,1,798765.179,5828215.771,13.4044941,52.52196107
8,8010510.0,,8100521.0,2020,3,10,3,3,5,3,0,1,0,0,0,0,1,802481.0908,5822560.694,13.45396164,52.4692261
1,1044203.0,,1401049.0,2020,2,11,5,3,5,3,0,1,0,0,0,0,1,796345.0097,5831942.189,13.37225204,52.55668525
12,12214527.0,,12200515.0,2020,3,11,3,3,1,5,0,1,0,0,0,0,0,790215.4993,5835102.993,13.28486169,52.58832284
6,6010208.0,,6100208.0,2020,2,9,5,3,5,3,0,1,0,0,0,0,1,794589.6046,5820289.503,13.33612327,52.45317871
9,9041501.0,,9401534.0,2020,3,14,1,2,5,3,0,1,0,0,0,0,0,810885.5554,5820660.769,13.57552338,52.44748238
7,7050503.0,,7400927.0,2020,2,6,5,3,5,2,2,1,0,0,0,0,1,799473.4766,5820522.344,13.40798962,52.45261209
4,4030827.0,,4300623.0,2020,2,12,4,3,1,5,0,1,0,0,0,0,1,792285.2517,5826122.302,13.30742266,52.50670585
6,6030608.0,,6300632.0,2020,3,15,3,3,5,3,0,1,0,0,0,0,1,791944.0173,5816876.739,13.29432072,52.42400269
2,2030302.0,,2300316.0,2020,2,15,4,3,5,3,0,1,0,0,0,1,1,801413.3972,5826077.113,13.44147119,52.50133462
7,7030301.0,,7300517.0,2020,3,9,5,3,5,3,0,1,0,0,0,0,0,794764.3867,5822873.28,13.34097006,52.47624662
9,9020701.0,,9200715.0,2020,3,11,2,3,5,3,0,1,0,0,0,0,1,808810.4513,5819001.108,13.54355375,52.43378448
1,1011305.0,,1100312.0,2020,2,8,4,3,5,3,0,1,0,0,0,0,1,799454.1937,5827065.24,13.41358355,52.51127037
7,7010102.0,,7100103.0,2020,3,10,5,3,1,5,0,1,0,0,0,0,1,795713.6127,5825491.406,13.35722847,52.49920295
4,4030725.0,,4300416.0,2020,3,12,4,2,1,5,0,1,0,0,0,0,0,791898.0294,5826400.258,13.30197738,52.509405
1,1044201.0,,1401045.0,2020,3,17,4,3,1,5,0,1,0,0,0,0,0,796823.2996,5831552.519,13.37893789,52.55293184
7,7060604.0,,7601341.0,2020,3,11,7,2,5,3,0,1,0,0,0,0,0,797858.4983,5815725.629,13.38002138,52.41049676
1,1011302.0,,1100309.0,2020,3,12,2,3,5,3,0,1,0,0,0,0,0,798737.3973,5828832.29,13.40463967,52.52750251
3,3030711.0,,3300514.0,2020,3,11,5,3,5,3,0,1,0,0,0,0,0,801691.5229,5836355.105,13.45489247,52.59330248
8,8010117.0,,8100102.0,2020,3,0,7,3,5,3,2,1,0,0,0,0,0,800528.8138,5823369.789,13.42603724,52.47755578
1,1011304.0,,1100311.0,2020,3,9,4,3,5,2,0,0,0,0,0,1,0,799572.1947,5828037.814,13.41619276,52.5199232
11,11030720.0,,11300721.0,2020,3,12,6,3,5,2,0,1,0,0,0,0,1,805161.996,5829817.325,13.49995518,52.53277276
3,3020209.0,,3200206.0,2020,3,8,2,3,5,3,0,1,0,0,0,0,0,798342.175,5834830.075,13.40422134,52.5814805
2,2010103.0,,2100104.0,2020,3,20,4,3,5,3,2,1,0,0,0,0,0,799340.2377,5826193.546,13.41112556,52.50351947
1,1033102.0,,1300733.0,2020,3,18,7,3,1,5,2,1,0,0,0,0,0,797150.2723,5831847.422,13.38401023,52.555397
12,12214421.0,,12200307.0,2020,3,21,4,3,0,3,2,1,0,0,0,0,0,793417.5641,5833278.693,13.33037742,52.5702514
9,9030902.0,,9300922.0,2020,3,10,6,3,5,2,0,1,0,0,0,0,1,808174.659,5815763.159,13.53124915,52.40512397
3,3061126.0,,3601141.0,2020,3,8,4,3,5,3,0,1,0,0,0,0,0,799236.1725,5831603.815,13.41446606,52.55207141
2,2040701.0,,2400623.0,2020,3,22,3,3,5,2,2,1,0,0,0,0,0,800580.6025,5827051.576,13.43011925,52.51052839
3,3050920.0,,3500933.0,2020,3,17,2,3,5,3,0,1,0,0,0,0,0,802257.9273,5831625.674,13.45891823,52.55059896
1,1011401.0,,1100415.0,2020,3,17,4,2,0,1,0,0,0,0,0,0,0,798102.6025,5829340.476,13.39576579,52.53240521
4,4030929.0,,4501040.0,2020,3,15,5,3,5,2,0,1,0,0,0,0,0,792721.5773,5825389.746,13.31318901,52.49990477
7,7060601.0,,7601236.0,2020,3,16,1,3,5,3,0,1,0,0,0,0,0,796643.1816,5816439.607,13.3628392,52.41755692
11,11041128.0,,11401135.0,2020,3,7,3,3,5,3,0,1,0,0,0,0,0,805968.0252,5825367.958,13.50771044,52.4924443
1,1044202.0,,1401047.0,2020,3,12,7,3,5,2,0,1,0,0,0,0,0,795267.0716,5830465.711,13.35508534,52.54403542
1,1033101.0,,1300732.0,2020,3,20,3,3,6,4,2,0,1,0,0,0,1,797532.6783,5832712.69,13.39040979,52.56294423
7,7020201.0,,7200307.0,2020,3,17,4,3,1,5,0,1,0,0,0,0,0,794472.7057,5824208.933,13.33786766,52.48837734
10,10030725.0,,10300732.0,2020,3,15,5,3,5,3,0,1,0,0,0,0,0,810227.7928,5830024.343,13.57459257,52.53176856
6,6030610.0,,6300634.0,2020,3,12,2,2,3,6,0,0,0,0,1,0,0,792242.4229,5818650.971,13.3002474,52.43974934
2,2040701.0,,2400623.0,2020,3,12,3,2,6,4,0,0,1,0,0,0,0,800846.4521,5826869.566,13.43386024,52.50875043
7,7040402.0,,7400822.0,2020,3,11,4,2,5,3,0,1,0,0,0,0,0,796816.8427,5822121.563,13.37043234,52.46839664
1,1033102.0,,1300733.0,2020,3,16,3,3,5,2,0,1,0,0,0,0,1,797133.7645,5831801.166,13.38372606,52.55499138
3,3061430.0,,3601450.0,2020,3,5,7,3,0,1,2,0,0,0,0,0,0,801747.7084,5830049.919,13.44998482,52.53675835
2,2020204.0,,2200210.0,2020,3,11,2,3,6,4,0,0,1,0,0,0,0,798157.5258,5824846.933,13.39254727,52.49209631
6,6020303.0,,6200313.0,2020,3,17,7,3,3,6,0,1,0,0,0,0,0,795251.3292,5818338.475,13.34410892,52.43533186
7,7040405.0,,7400927.0,2020,3,6,4,3,5,2,0,0,0,0,1,0,0,798894.8336,5821207.589,13.40011319,52.45907115
7,7050501.0,,7501030.0,2020,3,9,3,3,0,1,0,0,0,0,0,0,1,797755.0889,5819434.288,13.38180717,52.44379752
2,2040502.0,,2400521.0,2020,3,17,2,3,5,3,0,1,0,0,0,0,0,801273.4159,5827949.813,13.44111026,52.51819724
5,5020626.0,,5200630.0,2020,3,19,3,2,5,2,2,1,0,0,0,0,1,784137.7606,5827307.537,13.18871837,52.52163742
2,2020202.0,,2200208.0,2020,3,19,4,3,5,2,2,1,0,0,0,0,0,797916.269,5825263.65,13.38937697,52.49596341
4,4020311.0,,4200310.0,2020,3,11,4,3,5,2,0,1,0,0,0,0,0,789869.9651,5826217.188,13.27201904,52.50884519
2,2020204.0,,2200210.0,2020,3,19,3,3,5,3,2,1,0,0,0,0,1,798308.4696,5825463.866,13.39531634,52.49754387
3,3040512.0,,3400619.0,2020,3,10,2,3,5,2,0,1,0,0,0,0,0,796659.8412,5835658.288,13.3802068,52.58982428
1,1011204.0,,1100207.0,2020,3,19,3,2,5,3,2,1,0,0,0,0,1,797872.0582,5826759.217,13.39006553,52.5093935
3,3010102.0,,3100103.0,2020,3,12,7,3,5,2,0,1,0,0,0,0,0,804241.9563,5840164.125,13.49592973,52.62601965
9,9041501.0,,9401534.0,2020,3,8,2,3,1,5,0,1,0,0,0,0,0,810878.4205,5820616.347,13.5753774,52.44708835
6,6020306.0,,6200317.0,2020,3,14,4,3,1,5,0,1,0,0,0,0,0,796833.9587,5817510.732,13.36658654,52.42705526
7,7030301.0,,7300515.0,2020,3,8,5,3,3,6,0,1,0,0,0,0,0,793442.3675,5822420.653,13.32116285,52.47290087
1,1011201.0,,1100205.0,2020,3,14,5,3,0,1,0,0,0,0,0,0,0,796971.7454,5826719.956,13.37680374,52.50953242
1,1033202.0,,1300835.0,2020,3,18,3,3,5,3,2,1,0,0,0,0,1,796972.1168,5830137.81,13.37986139,52.5401695
3,3010102.0,,3100102.0,2020,3,11,7,3,5,2,0,1,0,0,0,0,0,804405.4338,5841212.507,13.49930303,52.63532395
3,3050923.0,,3500934.0,2020,3,12,2,3,5,3,0,1,0,0,0,0,0,801247.1316,5831802.494,13.44421621,52.55274374
1,1044101.0,,1400937.0,2020,3,12,3,3,5,2,0,1,0,0,0,0,0,793673.6741,5832254.885,13.33323914,52.5609355
1,1011204.0,,1100207.0,2020,3,18,3,3,5,2,2,1,0,0,0,0,1,798909.592,5827335.546,13.40582539,52.51399197
9,9020702.0,,9200717.0,2020,3,14,1,3,2,6,0,0,0,0,0,0,0,809186.1761,5820663.647,13.55060097,52.44847179
12,12301203.0,,12500930.0,2020,3,13,3,3,6,7,0,0,1,0,0,0,0,792428.3134,5834201.7,13.31663682,52.57905811
9,9010101.0,,9100101.0,2020,3,15,5,3,5,3,0,0,0,0,0,0,0,801922.949,5824816.989,13.44781304,52.48975832
12,12214126.0,,12200413.0,2020,3,16,1,3,5,3,0,0,0,0,0,0,0,789587.1744,5833856.741,13.27452395,52.57748502
11,11051330.0,,11501339.0,2020,3,12,4,3,1,5,0,1,0,0,0,0,0,807069.069,5824698.34,13.5232599,52.48582483
3,3030406.0,,3300412.0,2020,3,9,5,3,1,5,0,1,0,0,0,0,0,803585.4861,5839028.382,13.48521845,52.61620787
2,2010104.0,,2100105.0,2020,3,8,4,3,5,3,0,1,0,0,0,0,0,799443.664,5825666.774,13.41217109,52.49874098
3,3030711.0,,3300514.0,2020,3,7,4,3,5,3,0,1,0,0,0,0,1,801691.7222,5836312.062,13.4548562,52.59291657
11,11020412.0,,11200411.0,2020,3,17,2,3,5,3,0,1,0,0,0,0,0,805602.2011,5831347.334,13.50783186,52.54623855
4,4020311.0,,4200310.0,2020,3,15,3,3,5,2,0,1,0,0,0,0,0,789439.0147,5826653.861,13.26606673,52.51298891
1,1011303.0,,1100310.0,2020,3,8,4,3,0,5,0,1,0,0,0,0,0,799597.4365,5828491.667,13.41697247,52.52397742
6,6020306.0,,6200317.0,2020,3,15,7,2,0,1,0,0,0,0,0,0,0,796813.36,5818278.238,13.36696572,52.43394649
10,10010206.0,,10100209.0,2020,3,7,4,2,5,3,0,1,0,0,0,0,0,809719.749,5832415.204,13.56935582,52.55348325
12,12103115.0,,12100103.0,2020,3,19,4,2,0,1,2,0,0,0,0,0,0,795981.206,5833906.912,13.36865436,52.5744948
2,2030302.0,,2300316.0,2020,3,15,5,3,0,7,0,0,0,0,0,0,0,801409.1835,5826080.179,13.44141207,52.50136442
1,1011402.0,,1100416.0,2020,3,9,3,3,5,3,0,1,0,0,0,0,0,798604.1404,5829555.351,13.40333069,52.53405674
9,9010301.0,,9100305.0,2020,3,6,4,2,5,3,0,1,0,0,0,0,0,805018.4646,5822706.357,13.49133287,52.46912092
4,4041238.0,,4400830.0,2020,3,7,3,3,5,3,0,1,0,0,0,0,1,791317.8255,5822608.0,13.29013659,52.47571767
6,6010103.0,,6100103.0,2020,3,18,2,3,6,7,1,0,1,0,0,0,0,793799.8666,5821179.466,13.32531814,52.46158195
12,12304313.0,,12500825.0,2020,3,14,7,3,5,2,0,1,0,0,0,0,0,791275.384,5834585.386,13.30000742,52.58311613
3,3040818.0,,3400830.0,2020,3,13,4,3,0,7,0,0,0,0,0,0,0,799542.6854,5833309.142,13.42051245,52.56718836
9,9052001.0,,9502043.0,2020,3,18,4,3,5,3,1,1,0,0,0,0,0,809220.1068,5823019.439,13.55328058,52.4695649
11,11030721.0,,11300724.0,2020,3,16,5,3,5,3,0,1,0,0,0,0,0,804447.2559,5828170.586,13.48794313,52.51841345
8,8041037.0,,8401243.0,2020,3,14,3,2,0,7,0,0,0,0,0,0,1,805488.25,5818467.356,13.49435045,52.43086607
3,3061430.0,,3601450.0,2020,3,1,2,3,7,7,2,0,0,0,0,0,0,802410.1873,5829230.742,13.45897725,52.52904895
3,3061126.0,,3601141.0,2020,3,13,6,3,5,3,0,1,0,0,0,0,0,798990.7686,5831821.616,13.41105357,52.55415842
1,1011103.0,,1100103.0,2020,3,20,3,3,5,3,2,1,0,0,0,0,0,795285.6945,5826173.841,13.35154819,52.50555219
3,3051017.0,,3501038.0,2020,3,11,3,3,1,5,0,1,0,0,0,0,0,804408.5522,5832640.823,13.49146958,52.55849967
5,5010312.0,,5100314.0,2020,3,15,5,2,0,1,0,0,0,0,0,0,0,785182.9195,5829714.12,13.20614574,52.54266901
12,12214527.0,,12200515.0,2020,3,14,4,3,0,7,0,0,0,0,0,0,0,790226.7717,5835035.723,13.28496869,52.58771375
2,2010101.0,,2100101.0,2020,3,5,5,3,5,3,2,1,0,0,0,0,1,797465.3617,5826062.606,13.38346823,52.50337109
3,3061227.0,,3601244.0,2020,3,16,3,3,6,4,0,0,1,0,0,0,0,800041.3368,5831024.28,13.42578211,52.54643395
2,2040503.0,,2400522.0,2020,3,7,3,3,3,6,1,1,0,0,0,0,0,801946.4904,5828229.372,13.45125338,52.5203307
7,7010102.0,,7100102.0,2020,3,12,7,2,5,3,0,1,0,0,0,0,0,795424.593,5825487.83,13.35298006,52.49932744
4,4030622.0,,4300621.0,2020,3,20,4,3,1,5,2,1,0,0,0,0,0,791839.3769,5827274.978,13.30188275,52.51727809
4,4030827.0,,4300623.0,2020,3,10,2,3,0,7,0,0,0,0,0,0,0,792575.3728,5826099.097,13.31166465,52.50634232
3,3050923.0,,3500934.0,2020,3,13,7,3,5,3,0,1,0,0,0,0,0,801059.3701,5831434.371,13.44112149,52.54954803
4,4030724.0,,4300415.0,2020,3,8,3,3,0,5,0,1,0,0,0,0,0,791254.1552,5826386.628,13.29250504,52.50962696
12,12214125.0,,12200412.0,2020,3,15,7,3,5,2,0,1,0,0,0,0,0,790702.102,5834317.861,13.29133542,52.58102443
4,4030621.0,,4300620.0,2020,3,18,5,3,1,5,2,0,0,0,0,1,0,793066.2843,5827662.893,13.32025407,52.52009766
3,3010102.0,,3100103.0,2020,3,7,3,3,5,3,0,1,0,0,0,0,0,804063.4457,5839912.218,13.49306894,52.62386191
4,4041238.0,,4400830.0,2020,3,14,3,2,1,5,0,1,0,0,0,0,0,791003.4173,5822969.046,13.28583555,52.47912208
9,9020802.0,,9200819.0,2020,3,14,4,3,5,7,0,0,0,0,0,1,0,809963.9537,5820288.247,13.56166067,52.44466716
1,1011102.0,,1100102.0,2020,3,11,5,3,0,7,0,0,0,0,0,0,1,796694.8409,5827977.641,13.37385706,52.52095694
9,9020502.0,,9200511.0,2020,3,5,3,3,5,2,0,1,0,0,0,0,0,807437.1397,5821700.444,13.52590055,52.45875008
2,2030301.0,,2300314.0,2020,3,17,1,3,2,1,0,1,0,0,0,0,0,800388.6825,5826393.844,13.4267063,52.50473863
10,10040933.0,,10400940.0,2020,3,10,5,3,5,2,0,1,0,0,0,0,0,812386.6406,5824459.633,13.60109433,52.48066951
6,6010102.0,,6100102.0,2020,3,12,3,3,5,3,0,1,0,0,0,0,0,793425.7249,5820370.611,13.31911613,52.45453183
7,7010101.0,,7100101.0,2020,3,13,4,3,2,6,0,1,0,0,0,0,0,794938.0563,5825192.402,13.34557192,52.49694229
7,7030302.0,,7300618.0,2020,3,11,2,3,1,5,0,1,0,0,0,0,0,794562.2817,5822039.415,13.33726659,52.46888051
7,7020204.0,,7200412.0,2020,3,15,2,2,5,3,0,0,0,0,0,1,0,796260.6261,5822940.825,13.36299584,52.47604254
1,1011301.0,,1100308.0,2020,3,16,4,3,0,3,0,1,0,0,0,0,0,797084.5406,5828042.429,13.37964163,52.52132552
4,4051654.0,,4501150.0,2020,3,21,7,3,6,7,2,0,1,0,0,0,0,793810.7708,5823989.689,13.32795369,52.48676857
2,2020205.0,,2200211.0,2020,3,16,4,3,5,3,0,1,0,0,0,0,0,798508.6557,5824518.418,13.39740939,52.48895969
12,12304314.0,,12500824.0,2020,3,15,2,3,5,3,0,1,0,0,0,0,1,791394.5805,5835538.461,13.30259992,52.59159634
2,2040502.0,,2400521.0,2020,3,17,3,3,5,2,1,1,0,0,0,0,0,801247.583,5827816.857,13.44061031,52.51701981
5,5020417.0,,5200420.0,2020,3,21,6,3,5,3,2,1,0,0,0,0,0,783417.4104,5828619.468,13.17924817,52.5337754
11,11030721.0,,11300722.0,2020,3,7,2,3,5,2,0,1,0,0,0,0,0,804305.3676,5828168.322,13.48585641,52.51847235
9,9020701.0,,9200715.0,2020,3,14,7,3,5,2,0,1,0,0,0,0,0,807699.392,5818374.546,13.5266856,52.42879517
1,1011306.0,,1100313.0,2020,3,18,4,2,5,2,1,1,0,0,0,0,0,799963.1805,5826890.308,13.42090348,52.50942273
2,2010101.0,,2100101.0,2020,3,19,2,3,0,1,2,0,0,0,0,0,0,797312.2138,5826121.904,13.38127156,52.5039861
1,1022101.0,,1200517.0,2020,3,12,5,3,5,3,0,1,0,0,0,0,0,792640.6128,5828688.478,13.31490088,52.52952028
8,8041035.0,,8401241.0,2020,3,14,2,3,3,5,0,1,0,0,0,0,0,803924.2473,5819000.821,13.47190201,52.43651857
8,8041037.0,,8401243.0,2020,3,14,5,3,5,2,0,1,0,0,0,0,0,805548.0072,5818552.774,13.49530471,52.43159827
3,3040513.0,,3400620.0,2020,3,15,4,3,5,2,0,1,0,0,0,0,0,797913.0635,5833689.437,13.39688202,52.57149142
4,4041133.0,,4400725.0,2020,3,13,4,3,5,2,0,1,0,0,0,0,0,790532.5809,5825141.445,13.2808162,52.49884859
3,3061228.0,,3601245.0,2020,3,13,3,2,5,2,0,1,0,0,0,0,0,800749.0662,5831301.43,13.43643853,52.54852786
10,10040829.0,,10400836.0,2020,3,2,5,3,4,7,2,0,0,0,0,0,0,811223.8597,5827822.226,13.58716904,52.51146691
5,5010101.0,,5100103.0,2020,3,13,1,3,5,3,0,1,0,0,0,0,0,785621.9006,5832039.613,13.21460197,52.56328894
6,6030607.0,,6300631.0,2020,3,10,2,3,2,1,0,0,0,0,1,0,0,793026.5816,5817692.705,13.31091065,52.43073905
3,3040818.0,,3400828.0,2020,4,18,4,3,5,3,1,1,0,0,0,0,0,800069.672,5832591.378,13.42761511,52.56046466
7,7040403.0,,7400823.0,2020,4,17,6,3,5,2,0,1,0,0,0,0,0,797344.032,5821919.223,13.37798995,52.4662962
5,5010339.0,,5100317.0,2020,4,16,4,2,5,2,0,0,0,0,1,0,0,788109.3526,5827861.704,13.24757347,52.52452175
1,1022103.0,,1200517.0,2020,4,15,6,3,0,7,0,0,0,0,0,0,0,793250.257,5829543.157,13.32461617,52.53685445
8,8040933.0,,8401139.0,2020,4,17,1,3,3,6,0,1,0,0,0,0,0,803496.2801,5818627.272,13.46528662,52.43340809
9,9041301.0,,9401329.0,2020,4,16,4,3,3,6,0,0,0,0,0,1,0,811411.0525,5819603.019,13.58224499,52.43770431