district,LOR,street,LOR_2021,year,month,hour,weekday,category,accident_kind,accident_type,light_condition,car,pedestrian,motorcycle,goods_vehicle,others,road_condition,LINREFX,LINREFY,XGCSWGS84,YGCSWGS84
9,9010202.0,,9100203.0,2020,4,15,4,3,5,2,0,1,0,0,0,0,0,804095.7014,5823584.709,13.47859126,52.47750779
1,1011302.0,,1100309.0,2020,4,9,5,3,5,7,0,0,0,0,0,1,0,799026.349,5828938.966,13.40898227,52.52830029
9,9031001.0,,9301025.0,2020,4,15,1,3,5,3,0,1,0,0,0,0,0,810338.2305,5814378.326,13.5616695,52.39149148
3,3050925.0,,3500936.0,2020,4,14,5,3,0,2,0,0,0,0,0,1,0,801700.7131,5831083.824,13.45023292,52.54605127
7,7060604.0,,7601341.0,2020,4,15,4,3,1,5,0,1,0,0,0,0,0,796661.3276,5814658.227,13.36152683,52.40157833
7,7040401.0,,7400721.0,2020,4,17,5,2,0,1,0,0,0,0,0,0,0,798744.8604,5823946.562,13.40036528,52.48370455
2,2020203.0,,2200209.0,2020,4,16,5,3,5,2,0,1,0,0,0,0,0,797481.148,5824555.098,13.38235382,52.48984936
2,2010104.0,,2100106.0,2020,4,17,5,3,5,2,0,1,0,0,0,0,0,799859.8836,5825690.71,13.41830565,52.498727
3,3040818.0,,3400826.0,2020,4,16,3,3,5,2,0,1,0,0,0,0,0,798929.5028,5832400.82,13.41067424,52.55938372
7,7040404.0,,7400826.0,2020,4,16,5,3,2,7,0,1,0,0,0,0,0,796671.004,5820000.311,13.36640666,52.44946068
1,1022106.0,,1200522.0,2020,4,15,5,2,5,2,0,1,0,0,0,0,0,794543.6193,5828344.802,13.3425684,52.52541456
4,4020206.0,,4200204.0,2020,4,16,6,3,5,2,0,1,0,0,0,0,0,786549.397,5826170.451,13.22318652,52.51018057
9,9020501.0,,9200510.0,2020,4,10,4,3,0,2,0,0,0,0,0,1,0,806273.2322,5822159.695,13.50924532,52.46351955
6,6020304.0,,6200313.0,2020,4,17,4,3,3,6,0,0,0,0,0,1,0,795166.172,5818813.321,13.3432792,52.43963455
1,1011304.0,,1100311.0,2020,4,10,4,3,5,3,0,1,0,0,0,0,0,800224.5859,5827910.405,13.42566397,52.51842241
3,3040512.0,,3400619.0,2020,4,14,6,3,1,5,0,1,0,0,0,0,0,796097.1041,5835654.794,13.37192115,52.59009958
4,4030622.0,,4300621.0,2020,4,17,4,3,6,4,0,0,1,0,0,0,0,792062.4707,5826944.867,13.30487142,52.51419928
6,6020303.0,,6200313.0,2020,4,18,4,3,1,5,0,1,0,0,0,0,0,795204.9322,5818734.177,13.34377786,52.43890415
3,3061434.0,,3601451.0,2020,4,15,6,3,5,2,0,1,0,0,0,0,0,801470.275,5829800.487,13.44568054,52.53467621
4,4051446.0,,4501043.0,2020,4,22,4,3,0,1,2,0,0,0,0,0,0,792771.3573,5824433.622,13.31307992,52.49130669
8,8020625.0,,8200730.0,2020,4,14,2,2,5,2,0,0,0,0,0,0,0,801429.3006,5818839.616,13.43516623,52.4364543
1,1011303.0,,1100310.0,2020,4,17,4,3,5,2,0,1,0,0,0,0,0,799519.36,5827573.515,13.4149984,52.5157905
9,9052001.0,,9502043.0,2020,4,16,4,3,0,7,0,0,0,0,0,0,0,810689.163,5823646.619,13.57542187,52.47435199
8,8010510.0,,8100521.0,2020,4,15,4,3,0,6,0,1,0,0,0,0,0,802989.789,5822430.636,13.46130935,52.46777851
10,10030724.0,,10300731.0,2020,4,14,4,3,5,3,0,1,0,0,0,0,0,808662.4679,5828636.624,13.55030169,52.52022072
10,10030726.0,,10300733.0,2020,3,9,3,2,0,1,0,0,0,0,0,0,0,809534.6797,5827679.836,13.56222556,52.51115196
9,9020702.0,,9200717.0,2020,4,14,4,3,1,5,0,1,0,0,0,0,0,809144.8888,5819516.952,13.54893454,52.43821854
4,4020311.0,,4200310.0,2020,4,16,5,3,0,7,0,1,0,0,0,0,1,789646.064,5826523.936,13.26899616,52.51171418
11,11020513.0,,11200512.0,2020,4,14,4,3,5,2,0,1,0,0,0,0,0,804070.7836,5831453.499,13.48541508,52.54804693
6,6040701.0,,6400735.0,2020,4,14,4,3,5,3,0,1,0,0,0,0,0,783928.3196,5815909.635,13.17593867,52.4195496
12,12301203.0,,12500926.0,2020,4,20,5,3,5,3,1,1,0,0,0,0,0,793227.7901,5835953.437,13.32995185,52.59433113
8,8010406.0,,8100419.0,2020,4,15,1,2,3,6,0,0,0,1,0,0,0,802530.1844,5824116.998,13.45609389,52.48314813
3,3030716.0,,3300517.0,2020,4,12,4,3,5,7,0,1,0,0,0,0,0,802921.3879,5833393.28,13.47028654,52.56607301
11,11030720.0,,11300721.0,2020,3,17,3,3,5,3,0,0,0,0,0,0,0,805147.6666,5829103.111,13.49908906,52.5263797
1,1022206.0,,1200628.0,2020,4,15,5,3,5,2,0,1,0,0,0,0,0,795467.1275,5827765.191,13.35562643,52.51971912
1,1011102.0,,1100102.0,2020,4,17,3,3,0,1,0,0,0,0,0,0,0,796509.5905,5827657.373,13.37084928,52.51818682
1,1011204.0,,1100207.0,2020,4,7,4,3,5,3,0,0,0,0,0,1,0,798671.2483,5827599.489,13.40256047,52.51648842
2,1011304.0,,1100311.0,2020,4,17,3,3,3,6,0,1,0,0,0,0,0,800104.2005,5827369.575,13.42340729,52.51364102
1,1011303.0,,1100310.0,2020,4,17,6,3,1,6,0,1,0,0,0,0,0,799344.1271,5828911.01,13.41362746,52.52787531
4,4020313.0,,4200311.0,2020,3,12,3,3,6,7,0,0,1,0,0,0,0,790333.6454,5826460.362,13.27904405,52.5107787
11,11040926.0,,11400931.0,2020,4,16,3,3,2,7,0,1,0,0,0,0,0,806678.2956,5826943.552,13.51959004,52.50616655
1,1011304.0,,1100311.0,2020,4,14,2,3,5,3,0,1,0,0,0,0,0,799888.6162,5827799.665,13.42062758,52.51761466
5,5020524.0,,5200528.0,2020,4,15,3,3,5,3,0,0,0,0,0,1,0,783273.9535,5826761.403,13.17555597,52.51719009
12,12214424.0,,12200411.0,2020,4,14,3,2,5,3,0,1,0,0,0,0,0,792900.675,5832166.526,13.32179065,52.56055976
4,4010102.0,,4100101.0,2020,4,16,3,2,5,3,0,1,0,0,0,0,0,792573.9871,5829985.237,13.31506314,52.54118102
8,8010301.0,,8100312.0,2020,4,17,4,3,6,4,0,0,1,0,0,0,0,801336.4994,5824690.198,13.43908724,52.48894589
1,1011201.0,,1100205.0,2020,4,16,3,3,5,3,0,1,0,0,0,0,0,796945.022,5826780.999,13.37646559,52.51009415
7,7050502.0,,7501133.0,2020,4,17,3,3,5,3,0,1,0,0,0,0,0,797088.9539,5818571.9,13.37126865,52.43642931
8,8010118.0,,8100104.0,2020,4,20,4,3,1,5,2,1,0,0,0,1,0,800782.2057,5822704.906,13.42915738,52.47145671
6,6020410.0,,6200422.0,2020,4,18,3,3,5,3,0,1,0,0,0,0,0,794475.2114,5816588.988,13.33118479,52.42006681
10,10040830.0,,10400837.0,2020,4,14,1,3,1,5,0,1,0,0,0,0,0,810740.5784,5825441.943,13.57784971,52.49041158
11,11010205.0,,11100204.0,2020,4,22,3,3,5,3,2,1,0,0,0,0,0,806856.4886,5832573.632,13.52740404,52.5565237
12,12224230.0,,12400618.0,2020,4,12,3,3,1,5,0,1,0,0,0,0,0,786254.751,5838962.611,13.22989651,52.62502522
2,2010101.0,,2100101.0,2020,4,12,3,3,5,2,0,1,0,0,0,0,0,797844.167,5825634.055,13.38864926,52.499323
3,3010102.0,,3100103.0,2020,3,13,2,3,5,3,0,1,0,0,0,0,1,804356.7981,5840432.639,13.49786834,52.62836183
3,3040508.0,,3400618.0,2020,4,17,1,3,3,6,0,0,0,0,0,0,0,796265.9944,5837341.488,13.37591605,52.60512684
1,1044101.0,,1400938.0,2020,4,14,6,3,5,2,0,1,0,0,0,0,0,794020.3428,5830176.297,13.33649774,52.54211524
8,8020619.0,,8200623.0,2020,3,11,2,2,0,7,0,0,0,0,0,0,0,801814.7111,5820916.25,13.4426945,52.45485516
4,4030827.0,,4300623.0,2020,4,9,3,2,6,4,0,0,1,0,0,0,0,792413.4249,5826224.566,13.30939558,52.50755394
10,10010203.0,,10100205.0,2020,3,9,2,3,5,2,0,1,0,0,0,0,0,808064.7464,5832312.521,13.54492769,52.55350158
9,9030901.0,,9300920.0,2020,4,9,3,3,1,5,0,1,0,0,0,0,0,807908.1057,5817697.725,13.52912266,52.42261195
1,1044202.0,,1401047.0,2020,4,16,2,3,3,6,0,1,0,0,1,0,0,795638.5632,5830644.398,13.36070651,52.54543573
9,9051901.0,,9501939.0,2020,4,15,1,2,5,2,0,1,0,0,0,0,0,810515.2102,5821126.045,13.57052409,52.45186247
11,11030721.0,,11300724.0,2020,4,13,2,3,5,3,0,1,0,0,0,0,0,804746.5441,5827955.861,13.49214362,52.51632181
12,12231101.0,,12400723.0,2020,4,13,2,2,6,4,0,0,1,0,0,0,0,792747.2363,5838414.389,13.3250545,52.61665102
1,1033101.0,,1300732.0,2020,4,12,2,3,5,2,0,1,0,0,0,0,0,797421.3474,5832531.171,13.38860952,52.56137797
6,6030606.0,,6300630.0,2020,3,8,2,3,5,7,0,1,0,0,0,0,0,793677.978,5819140.834,13.32173652,52.4433718
7,7070704.0,,7601545.0,2020,3,8,2,3,5,2,0,1,0,0,0,0,0,800543.1322,5814125.739,13.41793665,52.39468884
12,12302211.0,,12601031.0,2020,4,12,7,3,5,3,0,1,0,0,0,0,0,792920.2742,5837068.656,13.32641166,52.60449413
10,10010308.0,,10100311.0,2020,4,11,2,3,5,2,0,1,0,0,0,0,0,807184.7707,5829119.681,13.52903774,52.52538429
7,7030303.0,,7300619.0,2020,4,18,7,2,0,5,0,1,0,0,0,0,0,795305.2526,5821757.307,13.34792258,52.46595048
5,5010209.0,,5100211.0,2020,4,11,2,3,5,3,0,1,0,0,0,0,0,782907.2657,5830341.252,13.17321363,52.54947845
12,12103218.0,,12100205.0,2020,4,8,5,3,0,3,0,0,0,0,0,1,0,794569.8949,5832978.404,13.34706419,52.56693717
11,11040925.0,,11400927.0,2020,4,16,6,3,5,3,0,1,0,0,0,0,0,803782.627,5826622.634,13.47676528,52.50491023
5,5010207.0,,5100209.0,2020,3,17,1,3,1,5,0,1,0,0,0,0,0,783336.1904,5830768.014,13.17988668,52.55308192
10,10010203.0,,10100205.0,2020,4,18,2,3,5,3,0,1,0,0,0,0,0,807546.3716,5831668.483,13.53670962,52.5480227
4,6040703.0,,6400737.0,2020,3,11,7,3,0,1,0,0,0,0,0,0,0,785047.0605,5821462.188,13.19708216,52.46875318
6,6040804.0,,6400838.0,2020,4,11,7,3,0,2,0,1,0,0,0,0,0,787649.8886,5818150.111,13.23244056,52.43769378
6,6030503.0,,6300527.0,2020,4,10,1,3,1,5,0,1,0,0,0,0,0,790975.8604,5818625.543,13.28164485,52.44019674
2,2020203.0,,2200208.0,2020,4,2,2,2,5,3,2,1,0,0,0,0,0,797801.6081,5824910.423,13.38737724,52.49285972
4,4030518.0,,4300517.0,2020,4,17,2,3,5,7,0,1,0,0,0,0,0,791932.0421,5828573.233,13.30438409,52.52886707
9,9020501.0,,9200510.0,2020,4,15,2,3,5,2,0,0,0,0,1,0,0,806554.9536,5822318.83,13.51352528,52.46478781
1,1022104.0,,1200519.0,2020,4,19,6,3,5,3,0,1,0,0,0,0,0,794053.3612,5828530.044,13.33552666,52.52733977
6,6040808.0,,6400842.0,2020,3,15,7,2,5,3,0,1,0,0,0,0,0,790166.551,5819757.978,13.27075556,52.45077939
9,9010301.0,,9100304.0,2020,4,17,1,3,3,6,0,1,0,0,0,0,0,804457.6726,5821727.937,13.48221021,52.46066442
5,5020626.0,,5200631.0,2020,3,16,7,3,5,3,0,0,0,0,0,0,0,784769.6398,5826817.377,13.19758669,52.51691298
4,4041136.0,,4400728.0,2020,4,14,1,3,5,3,0,0,0,1,0,0,0,789613.0354,5823370.986,13.26576926,52.48346473
1,1022206.0,,1200628.0,2020,4,17,5,3,5,2,0,1,0,0,0,0,0,795946.6745,5828332.571,13.36317826,52.52454513
8,8020622.0,,8200727.0,2020,4,18,3,3,5,3,0,1,0,0,0,0,0,802628.8923,5819291.19,13.45316785,52.43983943
6,6040701.0,,6400735.0,2020,3,18,7,2,0,6,1,0,0,0,0,1,0,781834.1351,5813445.274,13.14315123,52.3985347
6,6040701.0,,6400735.0,2020,4,13,1,3,5,2,0,1,0,0,0,0,0,781668.1168,5813210.633,13.14052029,52.39651611
10,10040933.0,,10400941.0,2020,4,12,1,3,1,3,0,1,0,0,0,1,0,813234.1247,5826400.543,13.61535706,52.49757667
1,1011402.0,,1100416.0,2020,4,15,1,3,0,1,0,0,0,0,0,0,0,798556.8736,5829215.31,13.40233049,52.53103465
2,2050801.0,,2500831.0,2020,4,19,1,3,0,1,1,0,0,0,0,0,0,803189.5087,5827266.803,13.46864026,52.51101371
8,8010118.0,,8100104.0,2020,4,19,1,3,5,7,1,1,0,0,0,0,0,800838.042,5822556.376,13.42984299,52.47009464
8,8010213.0,,8100208.0,2020,4,17,1,3,5,3,0,1,0,0,0,0,0,801143.484,5822843.549,13.43458523,52.47250038
12,12301203.0,,12500926.0,2020,4,10,7,3,5,2,0,0,0,0,0,1,0,793005.8446,5835639.755,13.32640716,52.59163878
8,8020622.0,,8200726.0,2020,3,12,7,3,5,2,0,1,0,0,0,0,0,801304.2086,5819926.423,13.4343115,52.44626466
12,12103115.0,,12100103.0,2020,4,17,7,3,1,6,0,1,0,0,0,0,0,795511.4706,5833438.777,13.3613258,52.57055368
11,11030619.0,,11300620.0,2020,4,18,7,2,5,2,0,1,0,0,0,0,0,803555.4404,5829758.647,13.47628991,52.53314391
3,3061435.0,,3601452.0,2020,4,17,7,3,4,6,0,0,0,0,0,0,0,802053.0513,5829075.29,13.45358742,52.52785363
4,4030724.0,,4300415.0,2020,4,18,6,3,0,3,0,1,0,0,0,0,0,790676.8229,5825982.704,13.28366945,52.50631371
2,2040502.0,,2400521.0,2020,4,16,7,2,5,3,0,1,0,0,0,0,0,800759.3318,5828456.807,13.43401517,52.5230253
6,6020304.0,,6200314.0,2020,4,23,6,3,1,5,2,1,0,0,0,0,0,794784.898,5818004.459,13.33697305,52.43258914
2,2050802.0,,2500833.0,2020,4,15,7,3,2,1,0,1,0,0,0,0,0,802077.2251,5827158.132,13.45220181,52.51065676
11,11041128.0,,11401137.0,2020,4,15,7,3,0,1,0,0,0,0,0,0,0,806881.52,5826302.283,13.52198388,52.50030512
2,2040502.0,,2400521.0,2020,4,14,7,3,5,2,0,1,0,0,0,0,0,800454.8023,5828446.591,13.42953093,52.52310162
4,4030930.0,,4501041.0,2020,4,17,4,3,6,7,0,0,1,0,0,0,0,792964.4169,5825791.236,13.31710939,52.50337368
7,7020204.0,,7200414.0,2020,4,15,6,3,5,2,0,1,0,0,0,0,0,796618.1449,5823969.671,13.36915965,52.48507115
4,4061757.0,,4200207.0,2020,4,13,7,3,5,7,0,0,0,0,0,0,0,788445.679,5825026.936,13.25006007,52.49892905
10,10040931.0,,10400938.0,2020,4,11,5,3,5,3,0,1,0,0,0,0,0,815210.9903,5829127.087,13.6469633,52.52087011
5,5010208.0,,5100210.0,2020,4,21,4,2,0,3,2,0,0,0,0,1,0,783713.595,5830622.035,13.18531341,52.5515766
2,2040701.0,,2400521.0,2020,4,13,7,3,2,2,0,1,0,0,0,0,0,800717.9839,5827873.023,13.43287981,52.51781551
9,9051801.0,,9501838.0,2020,4,10,7,3,0,1,0,0,0,0,0,0,0,819192.6108,5819986.241,13.69669974,52.43665276
6,6020305.0,,6200316.0,2020,4,9,7,3,1,5,0,1,0,0,0,0,0,796126.7741,5817729.137,13.35640954,52.42939632
8,8010405.0,,8100418.0,2020,4,15,6,3,3,6,0,0,0,0,0,0,0,801892.0749,5824109.869,13.44671923,52.48343739
2,2020204.0,,2200210.0,2020,4,9,6,3,5,2,0,1,0,0,0,0,0,797957.7105,5824867.636,13.38963143,52.492391
6,6010208.0,,6100208.0,2020,4,11,5,3,0,3,0,0,0,0,0,1,0,793943.0841,5820706.346,13.32700346,52.4572636
2,2020206.0,,2200213.0,2020,4,21,6,3,5,3,2,1,0,0,0,0,0,800275.0187,5824790.507,13.42359132,52.49042987
3,3071639.0,,3701660.0,2020,3,9,6,3,0,5,0,1,0,0,0,0,0,800493.7353,5829478.276,13.43103542,52.53232742
1,1011303.0,,1100310.0,2020,4,11,6,3,1,5,0,1,0,0,0,0,0,799143.2628,5828575.639,13.41037369,52.52497947
8,8030831.0,,8301036.0,2020,4,10,6,3,5,3,0,1,0,0,0,0,0,803327.481,5817314.291,13.46162055,52.42173343
9,9051801.0,,9501838.0,2020,3,15,6,3,7,7,0,0,0,0,0,0,0,817730.0927,5820907.268,13.67613335,52.44575694
5,5040938.0,,5400943.0,2020,4,15,1,3,5,3,0,0,1,0,0,0,0,781176.3653,5819400.927,13.13851561,52.45227637
2,2010103.0,,2100104.0,2020,4,18,6,3,6,4,0,0,1,0,0,0,0,798993.6915,5826329.335,13.40615715,52.50492662
6,6020410.0,,6200422.0,2020,4,15,6,2,5,3,0,1,0,0,0,0,0,794406.9609,5817395.496,13.33089385,52.42733357
1,1044103.0,,1400942.0,2020,4,16,5,3,5,2,0,1,0,0,0,0,0,794597.1394,5830737.058,13.34547567,52.54683049
2,2010103.0,,2100105.0,2020,3,11,6,3,7,7,0,0,0,0,0,0,0,798720.5542,5825885.925,13.40174715,52.50110166
3,3061227.0,,3601243.0,2020,4,17,3,3,0,1,0,0,0,0,0,0,0,799902.4258,5831654.472,13.42430887,52.55215904
10,10030726.0,,10300733.0,2020,3,11,6,3,2,6,0,1,0,0,0,0,0,809486.5203,5827233.01,13.56110276,52.50717497
3,3051021.0,,3501037.0,2020,4,16,5,3,1,5,0,1,0,0,0,0,0,803154.7185,5832516.374,13.47291733,52.5580837
1,1011402.0,,1100416.0,2020,4,17,6,3,6,6,0,0,1,0,0,0,0,798815.7117,5829369.056,13.4062731,52.53227092
11,11040926.0,,11400928.0,2020,4,12,5,3,5,2,0,1,0,0,0,0,0,804467.6145,5826384.245,13.4866082,52.50239184
7,7040404.0,,7400826.0,2020,4,17,5,3,5,2,0,1,0,0,0,0,0,796703.4448,5820024.218,13.36690385,52.44965738
7,7040401.0,,7400721.0,2020,4,17,5,3,1,5,0,1,0,0,0,0,0,797781.2302,5822600.453,13.38501466,52.47216457
1,1033203.0,,1300836.0,2020,4,17,5,3,5,2,0,1,0,0,0,0,0,796660.8716,5830370.279,13.37549316,52.54242286
5,5010103.0,,5100105.0,2020,3,9,6,2,5,3,0,1,0,0,0,0,0,785187.9982,5831661.923,13.20789352,52.56013009
9,9010402.0,,9100408.0,2020,4,10,5,3,6,4,0,0,1,0,0,0,0,806515.4455,5820582.246,13.51135136,52.44924607
9,9020502.0,,9200511.0,2020,4,19,4,2,5,2,0,1,0,0,0,0,0,807085.0898,5821915.458,13.5209332,52.46087501
1,1033203.0,,1300836.0,2020,4,19,6,3,5,3,0,1,0,0,0,0,0,796939.7077,5830138.399,13.37938546,52.54019244
7,7060604.0,,7601340.0,2020,4,7,5,3,0,3,0,0,0,0,0,1,0,796185.7238,5815928.686,13.35568019,52.4132246
3,3020203.0,,3200204.0,2020,4,12,1,2,0,7,0,0,0,0,0,0,0,796422.101,5840461.478,13.38101097,52.63300851
1,1044203.0,,1401049.0,2020,4,18,6,3,0,7,0,0,0,0,0,0,0,795751.7832,5831898.472,13.36348829,52.55661586
9,9020802.0,,9200819.0,2020,4,16,4,3,0,6,0,0,0,0,0,0,0,810111.7038,5820420.031,13.56394989,52.44576441
9,9020502.0,,9200512.0,2020,3,21,5,3,0,1,2,0,0,0,0,0,0,808347.8271,5821632.291,13.53919857,52.45762627
3,3061435.0,,3601452.0,2020,4,18,1,3,5,3,0,0,0,0,0,0,0,802198.1874,5829173.852,13.45580992,52.52865661
1,1044103.0,,1400942.0,2020,4,7,4,3,1,5,0,1,0,0,0,0,0,794899.6251,5830870.932,13.35004241,52.54786691
4,4051447.0,,4501044.0,2020,4,15,5,3,5,3,0,1,0,0,0,0,0,793363.9029,5824955.067,13.32224146,52.49566311
1,1011402.0,,1100416.0,2020,4,15,5,3,3,6,0,0,0,0,0,0,0,798244.3842,5829634.233,13.39811337,52.53496078
8,8020727.0,,8200832.0,2020,4,11,2,3,0,3,0,0,0,0,0,1,0,801195.9521,5817156.971,13.43022853,52.42150062
4,4051653.0,,4501152.0,2020,4,21,2,3,0,1,2,1,0,0,0,0,0,794125.3046,5824528.09,13.33304772,52.49142571
2,2030302.0,,2300316.0,2020,4,18,1,3,5,2,0,1,0,0,0,0,0,801185.7975,5825936.796,13.43800143,52.50020259
1,1044202.0,,1401047.0,2020,4,14,7,3,2,2,0,1,0,0,0,0,0,795875.9402,5830448.663,13.36402246,52.5435523
4,4030931.0,,4501042.0,2020,4,8,5,3,1,5,0,1,0,0,0,0,0,793878.8611,5826072.418,13.33079103,52.50540258
3,3020203.0,,3200204.0,2020,4,12,5,3,5,2,0,1,0,0,0,0,0,796368.873,5840580.848,13.38033385,52.63410756
8,8010301.0,,8100312.0,2020,4,14,2,3,3,6,0,1,0,0,0,0,0,801368.7391,5823941.618,13.43888381,52.4822184
4,4030724.0,,4300415.0,2020,4,18,4,3,5,2,0,1,0,0,0,0,1,791172.081,5826050.025,13.29100467,52.50665314
4,4020310.0,,4200308.0,2020,4,16,2,3,5,2,0,1,0,0,0,0,0,790256.9267,5827985.697,13.2792476,52.52449428
10,10010308.0,,10100311.0,2020,4,20,4,3,5,3,0,1,0,0,0,0,0,806521.948,5829883.102,13.52000218,52.53259923
5,5020628.0,,5200633.0,2020,4,16,7,3,0,3,0,0,0,0,0,1,0,783765.6323,5826928.684,13.1829252,52.51843434
7,7050501.0,,7501030.0,2020,4,12,6,3,5,2,0,0,0,0,1,0,0,798007.1037,5819646.392,13.38569325,52.44556151
7,7010104.0,,7100206.0,2020,4,18,2,3,0,1,0,0,0,0,0,0,0,796689.5337,5824573.171,13.37074513,52.49044217
4,4030417.0,,4300414.0,2020,4,14,2,3,2,6,0,1,0,0,0,0,0,791180.4164,5826530.399,13.29154737,52.51095522
9,9041301.0,,9401329.0,2020,4,9,4,3,0,5,0,1,0,0,0,0,0,811626.7737,5818892.767,13.58474619,52.43121653
4,4051549.0,,4501146.0,2020,4,14,2,3,5,2,0,1,0,0,0,0,0,793305.0081,5823604.145,13.32018736,52.48358426
10,10020519.0,,10200526.0,2020,4,19,4,3,2,6,0,1,0,0,0,0,0,812188.381,5829993.331,13.60337302,52.53037139
7,7050505.0,,7501134.0,2020,4,13,7,3,3,6,0,1,0,0,0,0,0,798480.8598,5819037.115,13.39209894,52.43984164
1,1011401.0,,1100415.0,2020,4,19,4,3,0,1,0,0,0,0,0,0,0,797892.4534,5829288.715,13.39263048,52.53205613
6,6020306.0,,6200317.0,2020,4,17,6,3,6,7,0,0,1,0,0,0,0,796483.6135,5816911.323,13.36091773,52.42187197
2,2020206.0,,2200213.0,2020,4,18,2,3,0,1,0,0,0,0,0,0,0,800146.8754,5825071.956,13.42196317,52.49302309
8,8010301.0,,8100311.0,2020,4,16,5,3,5,3,0,1,0,0,0,0,0,800668.5395,5824573.709,13.42917418,52.48827004
5,5010209.0,,5100211.0,2020,4,8,2,2,5,7,0,1,0,0,0,0,0,782816.9188,5830396.235,13.17193158,52.55001835
1,1011303.0,,1100310.0,2020,4,15,4,2,5,2,0,1,0,0,0,0,0,798964.4845,5827825.952,13.40707253,52.51835767
2,2050803.0,,2500835.0,2020,4,17,1,3,0,7,0,0,1,0,0,0,0,803241.7048,5826321.242,13.46854574,52.5025098
5,5020627.0,,5200632.0,2020,4,18,4,2,5,2,0,1,0,0,0,0,0,785627.5728,5828032.23,13.21123914,52.52735653
4,4031032.0,,4500938.0,2020,4,19,7,3,0,7,1,1,0,0,0,0,0,791528.837,5824891.059,13.29523152,52.4960726
12,12214125.0,,12200412.0,2020,4,19,5,3,0,1,1,0,0,0,0,0,0,791086.278,5833913.763,13.29663444,52.5771964
3,3030715.0,,3300516.0,2020,4,13,7,2,0,1,0,0,0,0,0,0,0,800862.5007,5833415.434,13.44002264,52.56741328
9,9020702.0,,9200716.0,2020,4,15,2,2,1,5,0,1,0,0,0,0,0,809081.2141,5819198.661,13.54770652,52.43540202
3,3061429.0,,3601449.0,2020,4,17,4,3,0,2,0,1,0,0,0,0,1,801722.3924,5830097.945,13.4496563,52.53720283
5,5010101.0,,5100103.0,2020,4,17,6,3,5,2,0,1,0,0,0,0,0,785243.4203,5832254.657,13.20921845,52.56541541
10,10030726.0,,10300733.0,2020,4,11,4,3,5,3,0,1,0,0,0,0,0,808548.0176,5827352.549,13.54742963,52.50877781
4,4031032.0,,4500938.0,2020,4,8,3,3,5,2,0,1,0,0,0,0,0,791842.5984,5825075.537,13.30000181,52.49755873
9,9010301.0,,9100305.0,2020,4,12,2,3,5,2,0,1,0,0,0,0,0,804919.5104,5822552.264,13.48973983,52.46779508
9,9020702.0,,9200717.0,2020,4,12,4,3,5,2,0,1,0,0,0,0,0,809621.5081,5818980.753,13.55542715,52.43314361
9,9020502.0,,9200511.0,2020,4,18,5,2,0,1,0,0,0,0,0,0,0,807250.4075,5821816.932,13.52326811,52.45989909
8,8010404.0,,8100417.0,2020,4,18,3,3,3,6,0,1,0,0,0,0,0,802478.2337,5823152.605,13.4544564,52.47453301
3,3030715.0,,3300516.0,2020,4,14,5,2,5,3,0,1,0,0,0,0,0,801319.1655,5833555.523,13.44686714,52.56841633
2,2020203.0,,2200209.0,2020,4,9,5,3,2,6,0,1,0,0,0,0,0,797109.8331,5824265.424,13.37664288,52.48745495
3,3040614.0,,3400724.0,2020,4,17,2,3,5,2,0,1,0,0,0,0,0,799981.5694,5835109.052,13.42859671,52.58307969
2,2010102.0,,2100102.0,2020,4,0,7,3,5,3,2,1,0,0,0,0,0,798352.9807,5825559.794,13.396056,52.49837942
2,2020204.0,,2200210.0,2020,4,17,4,3,3,6,0,0,0,0,0,0,0,798459.2893,5824735.581,13.39687898,52.49093328
8,8010404.0,,8100417.0,2020,4,17,4,3,1,5,0,1,0,0,0,0,0,802128.3647,5822689.282,13.44890129,52.47057382
6,6040804.0,,6400838.0,2020,4,19,1,3,5,3,0,1,0,0,0,0,0,787251.5661,5818337.356,13.22675796,52.43958194
5,5030730.0,,5300736.0,2020,4,15,3,3,5,3,0,1,0,0,0,0,0,785712.0068,5829289.687,13.21356128,52.53858642
7,7030301.0,,7300515.0,2020,4,11,7,3,5,2,0,1,0,0,0,0,0,793424.146,5822382.025,13.32086137,52.47256437
2,2020204.0,,2200210.0,2020,4,14,5,3,5,3,0,0,0,0,0,1,0,799051.6993,5825056.421,13.40586629,52.49348495
3,3040614.0,,3400724.0,2020,4,18,4,3,0,1,0,0,0,0,0,0,0,799614.1621,5834743.755,13.42286008,52.58000789
1,1044202.0,,1401047.0,2020,4,17,4,3,2,7,0,1,0,0,0,0,0,795557.4346,5830730.842,13.35959054,52.54625465
1,1011302.0,,1100309.0,2020,4,16,7,2,0,1,0,0,0,0,0,0,0,798900.503,5828621.551,13.40684737,52.52552414
3,3051021.0,,3501037.0,2020,4,11,6,3,5,2,0,1,0,0,0,0,0,803489.0245,5832275.531,13.4776133,52.55573891
4,4020311.0,,4200310.0,2020,4,12,5,3,5,2,0,1,0,0,0,0,0,789553.47,5826585.875,13.26768945,52.51231865
3,3061441.0,,3601453.0,2020,4,13,2,3,5,2,0,1,0,0,0,0,0,802098.204,5828926.783,13.45411606,52.52649755
2,2030302.0,,2300315.0,2020,4,17,4,3,5,3,0,1,0,0,0,0,1,800678.4354,5825794.439,13.43042118,52.49920639
2,2010102.0,,2100102.0,2020,4,16,4,3,5,3,0,1,0,0,0,0,0,798248.5524,5826085.205,13.39499278,52.50314614
2,2050801.0,,2500832.0,2020,4,16,7,3,2,6,0,1,0,0,0,0,0,803198.8224,5826817.691,13.468368,52.50698322
7,7050501.0,,7501030.0,2020,4,6,4,2,1,5,0,1,0,0,0,0,1,797538.1956,5820274.858,13.37937413,52.45145045
2,2020203.0,,2200208.0,2020,4,10,7,3,5,2,0,1,0,0,0,0,0,797536.7102,5824968.52,13.38353891,52.49352495
1,1033202.0,,1300835.0,2020,4,17,4,3,5,3,0,1,0,0,0,0,0,797758.8234,5829747.94,13.39107771,52.53624551
4,4020310.0,,4200308.0,2020,4,19,6,3,5,3,1,1,0,0,0,0,0,790070.2293,5827319.936,13.27592283,52.51862503
4,4030726.0,,4500936.0,2020,4,12,2,3,5,3,0,1,0,0,0,0,0,792087.2831,5825285.736,13.30378028,52.49931222
5,5020625.0,,5200629.0,2020,4,16,4,3,5,2,0,1,0,0,0,0,0,784453.4907,5828664.903,13.19452059,52.53364301
5,5020523.0,,5200527.0,2020,4,8,2,3,5,3,0,1,0,0,0,0,0,782240.237,5827606.551,13.16107956,52.52530405
7,7020202.0,,7200308.0,2020,4,15,4,3,5,2,0,1,0,0,0,0,0,794981.0898,5823816.928,13.34498633,52.48458882