district,LOR,street,LOR_2021,year,month,hour,weekday,category,accident_kind,accident_type,light_condition,car,pedestrian,motorcycle,goods_vehicle,others,road_condition,LINREFX,LINREFY,XGCSWGS84,YGCSWGS84
1,1011402.0,,1100416.0,2020,4,14,7,3,5,7,0,1,0,0,0,0,0,798527.9609,5829150.327,13.40184718,52.53046799
1,1033203.0,,1300836.0,2020,4,11,3,3,6,4,0,0,1,0,0,0,0,796317.6018,5830678.281,13.370721,52.54537057
6,6010209.0,,6100209.0,2020,4,16,6,3,5,2,0,1,0,0,0,0,0,794703.9414,5821567.44,13.33892911,52.4645731
1,1033203.0,,1300836.0,2020,4,17,6,3,1,5,0,1,0,0,0,0,0,796519.3694,5829895.249,13.37298879,52.53824175
6,6030502.0,,6300525.0,2020,4,16,5,2,5,2,0,1,0,0,0,0,0,790208.1314,5815096.389,13.26732015,52.40896463
5,5010313.0,,5100315.0,2020,4,11,1,3,5,3,0,1,0,0,0,0,0,784377.46,5830003.761,13.19454869,52.54568693
7,7070702.0,,7601443.0,2020,4,17,1,3,5,3,0,1,0,0,0,0,0,799410.2642,5815976.854,13.4029919,52.41190225
3,3030715.0,,3300516.0,2020,4,16,3,3,6,4,0,0,1,0,0,0,0,801398.0607,5833328.584,13.44782147,52.56633861
1,1022203.0,,1200625.0,2020,4,13,5,2,5,3,0,1,0,0,0,0,1,795215.4191,5828698.462,13.35275597,52.52822149
9,9020502.0,,9200511.0,2020,4,20,3,3,0,1,2,0,0,0,0,0,1,806948.8465,5821957.018,13.51897241,52.46132402
11,11030618.0,,11300617.0,2020,4,16,5,3,0,4,0,0,1,0,0,0,0,803062.188,5829555.145,13.46885485,52.53159445
10,10040932.0,,10400939.0,2020,4,13,2,3,0,7,0,0,0,0,0,0,0,812985.8454,5827540.318,13.61278291,52.50793268
2,2020203.0,,2200208.0,2020,4,15,4,3,5,3,0,1,0,0,0,0,0,797837.6959,5824927.691,13.38792265,52.49299481
4,4031032.0,,4500937.0,2020,4,14,6,2,1,5,0,1,0,0,0,0,0,790931.5893,5825029.062,13.2865793,52.4976285
1,1044102.0,,1400940.0,2020,4,14,3,3,2,6,0,0,0,0,0,0,0,794965.6665,5832108.681,13.35211325,52.55892655
2,2020203.0,,2200209.0,2020,4,8,5,2,5,2,0,0,0,0,0,1,0,797768.9529,5824598.14,13.3866186,52.49007828
6,6030503.0,,6300526.0,2020,4,8,2,3,3,6,0,0,0,0,0,1,0,789566.107,5817328.505,13.25983959,52.42931655
8,8010211.0,,8100206.0,2020,4,14,4,3,1,5,0,1,0,0,0,0,0,800432.4412,5823761.633,13.42497556,52.48112107
8,8010301.0,,8100310.0,2020,4,15,7,3,1,5,0,1,0,0,0,0,0,800506.1029,5825140.91,13.42730059,52.4934435
3,3040614.0,,3400723.0,2020,4,18,4,3,0,5,0,1,0,0,0,0,0,799510.4834,5834222.174,13.42086333,52.57538987
1,1044202.0,,1401047.0,2020,4,16,2,3,1,5,0,1,0,0,0,0,0,795382.4409,5830399.271,13.35672257,52.54337731
3,3040512.0,,3400619.0,2020,4,17,7,3,5,2,0,1,0,0,0,0,0,796399.979,5834692.328,13.37551805,52.58130724
11,11030721.0,,11300722.0,2020,4,12,6,3,5,2,0,1,0,0,0,0,0,803792.0754,5827707.433,13.47789414,52.51462771
1,1011105.0,,1100102.0,2020,4,12,2,3,5,2,0,1,0,0,0,0,0,796171.5097,5826735.257,13.36506063,52.51010463
2,2050803.0,,2500835.0,2020,4,18,5,3,5,2,0,1,0,0,0,0,0,803012.1476,5825739.391,13.46464478,52.49742226
1,1011304.0,,1100311.0,2020,4,17,5,3,5,2,0,1,0,0,0,0,0,799727.2583,5827762.843,13.41822354,52.51737332
2,2010104.0,,2100106.0,2020,4,8,2,2,3,6,0,1,0,0,0,0,0,799762.0902,5825710.301,13.416887,52.49895632
1,1011301.0,,1100308.0,2020,4,16,4,3,1,5,0,1,0,0,0,0,0,796705.3377,5829720.986,13.37556711,52.53657845
3,3061126.0,,3601141.0,2020,4,13,4,3,5,2,0,0,0,0,0,1,0,799233.0457,5831604.617,13.41442081,52.55208031
9,9010301.0,,9100304.0,2020,4,10,5,3,5,3,0,1,0,0,0,0,0,804400.1152,5821751.08,13.48138677,52.4609039
11,11010204.0,,10100205.0,2020,4,13,6,3,5,3,0,1,0,0,0,0,0,807663.522,5833599.355,13.54022147,52.5652608
11,11051331.0,,11501340.0,2020,4,18,6,3,0,1,0,1,0,0,0,0,0,807250.4634,5824261.954,13.52552067,52.48181181
8,8020727.0,,8200832.0,2020,4,18,2,3,5,3,0,1,0,0,0,0,0,801083.344,5817441.939,13.42883403,52.42411688
10,10010308.0,,10100311.0,2020,4,17,5,2,5,3,0,0,0,0,0,1,0,806699.3892,5829159.021,13.52194195,52.52601011
12,12214424.0,,12200309.0,2020,4,14,7,3,3,6,0,1,0,0,0,0,0,793483.7349,5832435.704,13.33060516,52.56265884
6,6020305.0,,6200316.0,2020,4,19,2,3,5,3,0,1,0,0,0,0,0,796504.8633,5817652.332,13.36188614,52.42850304
4,4030930.0,,4501041.0,2020,4,22,2,3,0,1,2,0,0,0,0,0,0,793497.1496,5825728.63,13.32488026,52.50252615
10,10040933.0,,10400940.0,2020,4,15,4,2,5,3,0,1,0,0,0,0,0,812630.343,5825283.015,13.60544335,52.48790852
3,3030405.0,,3300411.0,2020,4,13,7,3,5,2,0,1,0,0,0,0,0,803741.257,5839258.6,13.48772357,52.61818414
4,4030620.0,,4300619.0,2020,4,10,5,3,5,2,0,1,0,0,0,0,0,792286.5411,5827242.727,13.30842564,52.51674949
4,4030417.0,,4300414.0,2020,4,10,3,3,5,3,0,0,0,1,0,0,0,790842.8047,5826549.178,13.28660305,52.5113037
3,3040614.0,,3400723.0,2020,4,16,5,3,1,5,0,1,0,0,0,0,0,799487.3755,5833942.278,13.42027055,52.5728938
4,4030417.0,,4300414.0,2020,4,15,6,3,2,1,0,1,0,0,0,0,0,791444.1818,5827463.498,13.29624031,52.51917949
1,1044201.0,,1401044.0,2020,4,13,1,3,0,7,0,1,0,0,0,0,0,796297.3884,5830965.265,13.37067982,52.54795407
2,2040701.0,,2400623.0,2020,4,10,3,3,0,1,0,0,0,0,0,0,0,801201.5487,5827476.798,13.43962612,52.51399722
9,9031101.0,,9301126.0,2020,4,10,4,2,0,1,0,0,0,0,0,0,0,811049.9597,5818047.037,13.57550284,52.42396568
1,1011103.0,,1100103.0,2020,4,18,7,3,5,3,0,1,0,0,0,0,0,795433.0068,5826181.756,13.35371931,52.50554339
1,1011304.0,,1100311.0,2020,4,9,5,3,5,2,0,1,0,0,0,0,0,799730.7703,5827546.009,13.41807981,52.51542781
2,2040703.0,,2400624.0,2020,4,19,3,3,6,4,0,0,1,0,0,0,0,801467.7486,5827276.0,13.44335512,52.51205038
1,1011301.0,,1100308.0,2020,4,12,6,3,3,6,0,1,0,0,0,0,0,797012.9116,5828951.602,13.37940107,52.52951427
12,12214424.0,,12200309.0,2020,4,16,5,3,5,2,0,0,0,0,0,1,0,793274.9342,5832571.391,13.32765362,52.56398771
4,4020310.0,,4200308.0,2020,4,14,2,3,5,2,0,0,0,0,0,0,0,789731.7372,5827431.037,13.27104497,52.51980101
11,10010203.0,,10100205.0,2020,4,9,4,3,5,3,0,1,0,0,0,0,0,807667.6861,5833597.482,13.54028097,52.56524166
6,6020303.0,,6200313.0,2020,4,18,2,3,1,3,0,1,0,0,0,0,0,795787.9771,5818434.446,13.35206497,52.43590224
1,1011201.0,,1100205.0,2020,4,7,4,3,5,2,0,1,0,0,0,0,0,796970.3211,5826730.348,13.37679208,52.50962635
7,7040405.0,,7400927.0,2020,4,3,7,3,0,1,2,0,0,0,0,0,0,797895.8906,5820803.685,13.38509395,52.45599601
12,12301203.0,,12500926.0,2020,4,18,5,3,5,2,0,1,0,0,0,0,0,793540.8226,5835454.272,13.33411751,52.58968759
8,8020621.0,,8200624.0,2020,4,12,5,3,0,1,0,0,0,0,0,0,0,800184.0496,5820492.87,13.41838841,52.45195816
3,3010101.0,,3100102.0,2020,4,14,3,3,0,6,0,0,0,0,0,1,0,804502.4229,5841573.958,13.50106493,52.63850899
6,6010206.0,,6100206.0,2020,4,12,6,3,2,3,0,0,0,0,0,0,0,794952.8529,5819448.249,13.3407105,52.44544144
1,1033102.0,,1300733.0,2020,4,16,3,3,5,3,0,1,0,0,0,0,0,797522.3893,5831850.968,13.38948594,52.55522563
4,4030416.0,,4300413.0,2020,4,12,6,3,5,2,0,1,0,0,0,0,0,790880.0814,5827048.891,13.2875876,52.51576374
5,5040935.0,,5400942.0,2020,4,12,5,3,5,2,0,1,0,0,0,0,1,782219.6728,5820361.895,13.15464017,52.46035533
7,7040401.0,,7400721.0,2020,4,18,4,3,5,2,0,0,0,0,0,1,1,797835.902,5822577.683,13.38579685,52.47193066
6,6040809.0,,6400843.0,2020,4,15,2,3,5,2,0,1,0,0,0,0,0,791710.2829,5819380.014,13.29307749,52.44656935
3,3040614.0,,3400725.0,2020,4,19,3,3,1,5,0,1,0,0,0,0,0,799684.2016,5834985.926,13.4241096,52.58213995
5,5020626.0,,5200631.0,2020,4,17,7,3,1,5,0,1,0,0,0,0,0,784705.2705,5827674.988,13.19737472,52.52463595
6,6020410.0,,6200422.0,2020,4,18,3,2,5,3,0,1,0,0,0,0,0,794720.1045,5816715.308,13.3348868,52.42106739
1,1011201.0,,1100205.0,2020,4,17,5,3,5,3,0,1,0,0,0,0,0,797157.6352,5826452.467,13.37929592,52.50703345
5,5010339.0,,5100317.0,2020,4,8,2,3,5,2,0,0,0,0,1,0,0,788107.2292,5827862.378,13.24754284,52.52452892
8,8020625.0,,8200730.0,2020,4,9,2,3,5,2,0,1,0,0,0,0,0,801442.073,5818563.137,13.43510426,52.43396909
7,7020202.0,,7200308.0,2020,4,7,4,3,1,5,0,1,0,0,0,0,1,794674.9797,5823492.599,13.34020479,52.48184669
7,6010210.0,,6100210.0,2020,4,17,3,2,5,3,0,1,0,0,0,0,0,795323.3935,5820992.619,13.34751224,52.45908575
1,1044102.0,,1400939.0,2020,4,19,6,3,5,2,0,1,0,0,0,0,0,795064.5525,5831487.957,13.35301592,52.55330872
3,3061126.0,,3601140.0,2020,4,18,2,3,5,2,0,1,0,0,0,0,0,798411.9276,5831802.081,13.40252371,52.55430076
10,10010102.0,,10100102.0,2020,4,16,5,3,5,3,0,1,0,0,0,0,1,809450.9119,5834611.838,13.56745189,52.57332125
6,6030503.0,,6300526.0,2020,4,14,4,3,1,5,0,1,0,0,0,0,0,789557.3222,5817916.331,13.26021981,52.43459131
4,4051448.0,,4501045.0,2020,4,12,7,3,1,5,0,1,0,0,0,0,0,793660.1833,5825431.589,13.32701328,52.49977559
10,10040830.0,,10400837.0,2020,4,7,5,3,4,6,0,1,0,0,0,0,0,810755.8434,5825978.469,13.5785742,52.49521096
2,2020206.0,,2200212.0,2020,4,9,6,3,3,6,0,0,0,0,0,0,0,799272.3944,5824566.579,13.40866734,52.48897325
9,9051901.0,,9501941.0,2020,4,14,7,3,5,2,0,1,0,0,0,0,0,812067.0661,5821203.944,13.59335939,52.45167693
7,7060604.0,,7601340.0,2020,4,7,5,3,5,2,0,1,0,0,0,0,0,796394.8067,5815912.813,13.35873123,52.41296915
1,1011101.0,,1100101.0,2020,4,17,6,3,5,3,0,1,0,0,0,0,0,795264.3929,5826626.177,13.35163648,52.50961856
12,12103117.0,,12100101.0,2020,4,17,2,3,5,3,0,1,0,0,0,0,0,796317.3031,5832460.459,13.37230729,52.56134606
11,11030619.0,,11300620.0,2020,4,10,4,3,0,2,0,0,0,0,0,1,0,804145.0127,5829822.08,13.48501299,52.53338379
2,2010104.0,,2100106.0,2020,4,14,4,3,0,7,0,0,0,0,0,0,0,799954.084,5825469.135,13.41948964,52.49668915
11,11030824.0,,11300826.0,2020,4,17,3,3,5,2,0,1,0,0,0,0,0,803887.6532,5826860.145,13.47852468,52.50698049
11,11030720.0,,11300721.0,2020,4,8,6,3,5,3,0,1,0,0,0,0,0,804919.5305,5829938.668,13.49650304,52.53399598
8,8010301.0,,8100310.0,2020,4,11,2,3,5,2,0,1,0,0,0,0,0,800544.4167,5825153.244,13.42787435,52.49353296
1,1011303.0,,1100310.0,2020,4,2,1,3,0,1,2,0,0,0,0,0,0,799016.9677,5827870.955,13.40788416,52.51873228
8,8020625.0,,8200730.0,2020,4,16,3,3,5,2,0,1,0,0,1,0,0,801370.7987,5819267.247,13.43469382,52.44031954
8,8020619.0,,8200622.0,2020,4,7,6,3,5,3,0,1,0,0,0,0,0,802259.5409,5821610.163,13.44984916,52.460829
3,3050925.0,,3500936.0,2020,4,8,6,3,0,1,0,0,0,0,0,0,0,801648.356,5831110.865,13.44948772,52.54632263
11,11020514.0,,11200513.0,2020,4,9,5,3,0,1,0,0,0,0,0,0,0,804569.1621,5831032.332,13.49235603,52.54399383
1,1011302.0,,1100309.0,2020,4,13,5,3,3,6,0,1,0,0,0,0,0,798491.2126,5829067.667,13.40123284,52.52974719
2,2020204.0,,2200210.0,2020,4,15,3,2,5,3,0,0,0,1,0,0,0,798176.4687,5824842.093,13.39282112,52.49204258
7,7010104.0,,7100206.0,2020,4,15,3,3,5,2,0,1,0,0,0,0,0,796685.4176,5824819.925,13.3709044,52.49265632
2,2030302.0,,2300316.0,2020,4,10,6,3,5,2,0,0,0,0,0,1,0,801470.0657,5826032.482,13.4422631,52.50090328
1,1044101.0,,1400938.0,2020,4,16,7,3,1,5,0,1,0,0,0,0,0,793874.7143,5830235.091,13.33440856,52.54272086
12,12214422.0,,12200310.0,2020,4,13,6,3,5,2,0,0,0,0,1,0,0,792081.322,5832942.495,13.31042136,52.56795618
9,9010101.0,,9100101.0,2020,4,19,3,3,1,5,0,0,0,0,0,1,0,802164.6169,5824938.326,13.45147156,52.49071216
8,8010301.0,,8100312.0,2020,4,20,5,3,3,6,1,0,0,0,0,0,1,801262.5649,5824587.69,13.43790897,52.48806789
6,6030503.0,,6300527.0,2020,4,11,5,3,5,3,0,0,0,0,0,1,0,790947.1343,5818105.229,13.28077052,52.43554732
4,4030931.0,,4501042.0,2020,4,8,6,3,5,3,0,1,0,0,0,0,0,793978.1507,5825543.667,13.33178286,52.50060911
12,12214422.0,,12200310.0,2020,4,14,3,3,5,2,0,0,0,0,0,1,0,792266.4735,5833931.572,13.31401705,52.57672347
2,2050602.0,,2500728.0,2020,4,16,5,3,5,3,0,1,0,0,0,0,0,803198.9008,5828285.08,13.4697061,52.5201351
7,7030301.0,,7300516.0,2020,4,13,4,3,2,6,0,1,0,0,0,0,0,794005.3303,5821605.066,13.32870852,52.46528676
1,1011202.0,,1100206.0,2020,4,19,2,3,2,2,0,1,0,0,0,0,0,797201.9517,5827496.533,13.38087932,52.5163682
7,7040402.0,,7400822.0,2020,4,17,5,2,8,1,0,0,0,0,0,0,0,796044.0254,5820811.138,13.35792658,52.45706902
4,4030417.0,,4300414.0,2020,4,8,2,3,0,2,0,1,0,0,0,0,0,790945.2785,5826751.364,13.28828553,52.51306164
2,2030301.0,,2300417.0,2020,4,12,3,3,1,5,0,1,0,0,0,0,0,800019.4467,5825498.591,13.4204761,52.49691726
8,8020620.0,,8200624.0,2020,4,12,4,3,0,2,0,1,0,0,0,0,0,800546.1033,5820558.8,13.42375955,52.45235019
1,1022204.0,,1200626.0,2020,4,15,5,3,4,6,0,0,0,0,0,0,0,795048.4161,5828276.241,13.34992669,52.52452701
1,1011202.0,,1100206.0,2020,4,16,2,3,5,2,0,1,0,0,0,0,0,797160.1669,5827687.541,13.38043596,52.51810314
6,6040703.0,,6400737.0,2020,4,17,4,3,0,1,0,0,0,0,0,0,1,784950.0763,5817740.417,13.19248267,52.43543376
9,9020802.0,,9200819.0,2020,4,15,5,3,5,2,0,1,0,0,0,0,0,810003.7842,5819362.632,13.56138629,52.43634943
9,9010101.0,,9100101.0,2020,4,19,3,3,2,2,0,1,0,0,0,0,0,802354.6184,5824745.953,13.45408692,52.48888271
7,7050504.0,,7501032.0,2020,4,10,1,3,0,1,0,0,0,0,0,0,0,799582.9143,5819560.685,13.40873284,52.44393215
2,2020205.0,,2200211.0,2020,4,18,1,3,0,1,0,0,0,0,0,0,0,798309.0176,5824460.692,13.39442619,52.48855137
8,8010404.0,,8100415.0,2020,4,21,6,3,5,2,2,1,0,0,0,0,0,801991.6831,5823302.276,13.44745018,52.47614375
11,11020411.0,,11200410.0,2020,4,16,3,3,5,7,0,0,0,0,0,1,0,806051.2674,5832677.429,13.51565956,52.55790704
1,1011306.0,,1100313.0,2020,5,16,1,3,6,4,0,0,1,0,0,0,0,800327.798,5826549.361,13.42595226,52.5061661
9,9051901.0,,9501939.0,2020,5,9,2,3,5,3,0,1,0,0,0,0,1,810932.7429,5821586.156,13.57707693,52.45574848
1,1011302.0,,1100309.0,2020,5,20,5,3,0,1,1,0,0,0,0,0,0,798881.4705,5828574.678,13.40652554,52.52511443
7,7040406.0,,7400928.0,2020,5,13,1,3,0,2,0,1,0,0,0,0,0,800250.8343,5821580.434,13.42034624,52.46166986
11,11020514.0,,11200513.0,2020,5,16,4,3,0,1,0,0,0,0,0,0,0,804592.9018,5831060.192,13.49273056,52.54423026
7,7050501.0,,7501029.0,2020,5,17,6,2,0,7,0,0,0,0,0,0,0,797733.8624,5819137.554,13.38123141,52.44114916
11,11030824.0,,11300826.0,2020,5,20,5,3,5,3,0,1,0,0,0,0,0,804354.8259,5826851.525,13.48537882,52.50664282
2,2030302.0,,2300315.0,2020,5,17,5,3,0,1,0,0,0,0,0,0,0,800653.1804,5825820.08,13.43007341,52.49945012
3,3010102.0,,3100103.0,2020,5,17,5,3,5,3,0,1,0,0,0,0,0,804395.587,5841005.239,13.49896704,52.63347188
1,1044101.0,,1400937.0,2020,5,13,4,3,5,3,0,1,0,0,0,0,0,793850.5679,5830086.21,13.33392184,52.54139925
6,6020304.0,,6200314.0,2020,5,16,5,3,5,2,0,1,0,0,0,0,0,794563.5909,5817695.466,13.33345502,52.42993837
1,1011202.0,,1100206.0,2020,5,16,5,3,5,2,0,1,0,0,0,0,0,797160.0403,5827688.286,13.38043476,52.51810989
7,7020202.0,,7200308.0,2020,5,9,3,3,2,6,0,1,0,0,0,0,0,794861.7336,5823412.261,13.34287581,52.4810257
2,2050801.0,,2500831.0,2020,5,13,1,3,4,6,0,1,0,0,0,1,0,802971.0492,5827456.82,13.46560404,52.51283818
9,9030901.0,,9300920.0,2020,5,14,5,3,5,3,0,1,0,0,0,0,0,808926.8709,5817992.921,13.54432952,52.42468336
7,7040403.0,,7400823.0,2020,5,13,5,3,5,3,0,1,0,0,0,0,0,797288.6471,5821212.04,13.37654716,52.45998714
2,2050602.0,,2500729.0,2020,5,17,1,3,1,5,0,1,0,0,0,0,0,803226.061,5827777.89,13.4696429,52.51557416
5,5030832.0,,5300839.0,2020,5,15,1,3,3,6,0,0,0,0,0,0,0,788140.5125,5830427.114,13.25025586,52.54750522
7,7010104.0,,7100206.0,2020,5,7,6,3,5,2,0,0,0,0,0,0,0,796854.6202,5824775.944,13.3733501,52.49217008
12,12302211.0,,12601031.0,2020,5,18,5,3,1,5,0,1,0,0,0,0,0,793636.7469,5836339.862,13.33631456,52.59757451
2,2050802.0,,2500834.0,2020,5,13,5,3,1,5,0,0,0,0,0,1,0,802608.1466,5826968.466,13.4598287,52.50866255
7,7040401.0,,7400720.0,2020,5,16,1,3,5,3,0,1,0,0,0,0,0,797382.9848,5823797.361,13.38023624,52.48311054
1,1033102.0,,1300733.0,2020,5,20,7,3,1,5,1,1,0,0,0,0,0,797103.8037,5831416.426,13.38294113,52.55155899
2,2020202.0,,2200208.0,2020,5,13,5,3,5,2,0,1,0,0,0,0,0,797756.0544,5825302.048,13.38705828,52.49639503
11,11040926.0,,11400931.0,2020,5,11,2,3,5,2,0,1,0,0,0,0,1,805600.979,5827249.6,13.50404771,52.50951396
7,7040401.0,,7400721.0,2020,5,13,6,3,5,3,0,1,0,0,0,0,0,797289.2377,5823176.92,13.37830659,52.47759999
2,2020202.0,,2200208.0,2020,5,8,5,3,5,2,0,1,0,0,0,0,0,797318.4737,5825372.439,13.3806944,52.49726456
3,3061227.0,,3601243.0,2020,5,14,1,2,5,3,0,0,0,0,0,0,0,799870.4541,5831731.86,13.42390863,52.55287029
9,9020702.0,,9200716.0,2020,5,11,5,3,5,3,0,1,0,0,0,0,0,809224.7433,5819303.813,13.54990839,52.43626327
2,2010102.0,,2100102.0,2020,5,14,5,3,1,5,0,1,0,0,0,0,0,798416.8434,5826460.034,13.39780074,52.50641398
6,6030504.0,,6300528.0,2020,5,10,5,2,0,6,0,1,0,0,0,0,0,790374.2374,5816732.102,13.27117449,52.42354127
7,7030301.0,,7300517.0,2020,5,10,3,3,5,2,0,1,0,0,0,0,0,794245.2372,5822015.862,13.33259202,52.46884021
7,7060604.0,,7601340.0,2020,5,18,7,3,5,2,0,1,0,0,0,0,0,796476.019,5815895.007,13.359906,52.41276555
9,9010101.0,,9100101.0,2020,5,10,5,3,5,3,0,1,0,0,0,0,0,801796.3388,5825317.404,13.44640722,52.49431361
12,12224230.0,,12400618.0,2020,5,11,6,3,5,2,0,1,0,0,0,0,0,785984.527,5839221.089,13.22613894,52.62748493
6,6010207.0,,6100207.0,2020,5,7,5,2,5,2,0,0,0,0,0,1,0,794266.7017,5820262.707,13.33136155,52.45311242
10,10030724.0,,10300731.0,2020,5,14,4,3,6,7,0,0,1,0,0,0,0,809066.6013,5828966.951,13.55654589,52.52295213
11,11051331.0,,11501340.0,2020,5,12,1,2,0,1,0,0,0,0,0,0,0,807252.4491,5824291.314,13.52557688,52.48207383
6,6030504.0,,6300528.0,2020,5,9,1,3,1,5,0,1,0,0,0,0,0,789267.5783,5816365.381,13.25462815,52.42083959
1,1011302.0,,1100309.0,2020,5,10,3,3,1,5,0,0,0,0,0,1,0,798103.7653,5828952.785,13.39543523,52.52892943
2,2040701.0,,2400623.0,2020,5,9,1,3,5,3,0,1,0,0,0,0,0,800312.3241,5827613.063,13.42668475,52.51570893
3,3071633.0,,3701657.0,2020,5,7,6,2,0,6,0,1,0,0,0,0,0,800122.4855,5830732.143,13.42671126,52.54377075
8,8030831.0,,8301036.0,2020,5,8,1,3,5,3,0,1,0,0,0,0,0,803523.3891,5817786.906,13.46492145,52.42586086
8,8010301.0,,8100311.0,2020,5,14,4,3,5,3,0,1,0,0,0,0,0,800593.6279,5824432.634,13.42794699,52.48704678
1,1011402.0,,1100416.0,2020,5,19,6,3,0,1,0,0,0,0,0,0,0,798539.9723,5829177.323,13.40204796,52.5307034
11,11041128.0,,11401137.0,2020,5,17,7,2,8,1,0,0,0,1,0,0,0,807097.2242,5825821.741,13.52470853,52.4958771
2,2030302.0,,2300315.0,2020,5,7,3,3,1,5,0,0,0,0,1,0,0,800311.362,5825825.014,13.42505755,52.49968256
8,8041037.0,,8401243.0,2020,5,12,7,3,5,2,0,1,0,0,0,0,0,805548.1859,5818553.03,13.49530756,52.43160046
3,3061227.0,,3601244.0,2020,5,7,6,3,5,2,0,0,0,0,0,0,0,800043.913,5831022.709,13.42581857,52.54641845
2,2010102.0,,2100102.0,2020,5,8,4,3,1,5,0,1,0,0,0,0,0,798004.7265,5825937.826,13.39127933,52.50195828
5,5020417.0,,5200420.0,2020,5,14,5,3,4,7,0,0,0,0,0,1,0,782700.4267,5828556.221,13.16865225,52.53358068
7,7020203.0,,7200409.0,2020,5,21,4,3,0,5,2,1,0,0,0,0,0,795674.6964,5824089.621,13.35541283,52.48665814
3,3020203.0,,3200204.0,2020,5,13,1,3,5,2,0,0,0,0,0,0,0,796425.9171,5840463.678,13.38106917,52.63302615
2,2050802.0,,2500833.0,2020,5,18,4,3,1,1,0,1,0,0,0,0,0,802387.1275,5827080.657,13.45668396,52.50979065
2,2050602.0,,2500727.0,2020,5,17,4,3,5,2,0,1,0,0,0,0,0,802604.076,5827776.757,13.46050385,52.51590945
3,3040818.0,,3400831.0,2020,5,17,4,3,5,2,0,1,0,0,0,0,0,799301.3478,5833431.83,13.41707311,52.56842079
2,2040502.0,,2400521.0,2020,5,13,4,3,0,2,0,1,0,0,0,0,0,801114.4845,5828087.864,13.43890003,52.51952239
1,1011305.0,,1100312.0,2020,5,0,7,3,0,1,2,0,0,0,0,0,0,799669.4928,5827122.048,13.4167977,52.51166133
4,4031032.0,,4500937.0,2020,5,16,4,3,1,5,0,1,0,0,0,0,0,790903.6908,5825039.401,13.28617853,52.49773606
2,2020206.0,,2200213.0,2020,5,9,2,3,0,2,0,1,0,0,0,0,1,799844.8769,5824797.92,13.4172817,52.49073275
2,2020202.0,,2200208.0,2020,5,9,3,3,0,7,0,0,0,0,0,0,0,797279.7161,5825551.539,13.38028501,52.49889111
10,10030726.0,,10300733.0,2020,5,21,3,3,2,3,1,1,0,0,0,0,1,809535.9217,5827564.737,13.56213677,52.51011977
7,7020204.0,,7200414.0,2020,5,19,3,3,2,6,0,1,0,0,0,0,1,796515.34,5823964.128,13.3676452,52.48507731
4,4051550.0,,4501147.0,2020,5,10,5,3,3,6,0,0,0,0,0,0,0,793124.4102,5824079.864,13.31795385,52.4879459
12,12231102.0,,12400720.0,2020,5,10,3,2,5,3,0,1,0,0,0,0,0,789442.4433,5840425.075,13.27813889,52.63644707
2,2030301.0,,2300314.0,2020,5,16,3,3,5,2,0,1,0,0,0,0,0,799901.1958,5825710.861,13.41893055,52.49888492
1,1011302.0,,1100309.0,2020,5,19,7,3,3,6,0,0,0,1,0,0,0,798110.479,5828955.954,13.39553674,52.52895417
2,2050801.0,,2500832.0,2020,5,17,7,3,2,6,0,1,0,0,0,0,0,803362.0896,5826792.273,13.47074302,52.50666465
4,4031032.0,,4500938.0,2020,5,16,2,3,5,2,0,1,0,0,0,0,1,791916.4578,5824767.624,13.30081688,52.49475883
3,3061126.0,,3601141.0,2020,5,7,2,3,5,2,0,1,0,0,0,0,1,798961.2812,5831449.173,13.41028457,52.55083622
8,8010301.0,,8100310.0,2020,5,17,3,3,2,6,0,1,0,0,0,0,1,800558.7741,5824951.303,13.42790303,52.49171498
9,9051901.0,,9501940.0,2020,5,15,3,3,5,2,0,1,0,0,0,0,1,811844.6083,5821600.191,13.59046641,52.4553548
9,9031101.0,,9301126.0,2020,5,18,7,3,3,6,0,1,0,0,0,0,0,811547.4754,5817156.212,13.58196647,52.41569948
10,10010102.0,,10100102.0,2020,5,10,5,3,5,3,0,1,0,0,0,0,0,809555.896,5834186.815,13.56859939,52.56945272
2,2050801.0,,2500830.0,2020,5,17,3,3,1,5,0,1,0,0,0,0,0,802267.2841,5827501.259,13.45530546,52.51362692
6,6040703.0,,6400737.0,2020,5,17,7,2,5,2,0,1,0,0,0,0,0,784747.6413,5817552.146,13.18935251,52.4338511
7,7010102.0,,7100103.0,2020,5,22,6,3,1,5,2,1,0,0,0,0,0,795892.5176,5825166.57,13.3595677,52.4961941
4,4051445.0,,4500939.0,2020,5,14,3,3,2,6,0,1,0,0,0,0,1,792518.6795,5824139.045,13.30911035,52.48880134
7,7010102.0,,7100102.0,2020,5,15,5,3,0,2,0,1,0,0,0,0,0,795471.8632,5825556.067,13.35373492,52.49991354
4,4020310.0,,4200308.0,2020,5,14,3,3,6,6,0,0,1,0,0,0,0,790374.1632,5827296.14,13.28036877,52.51824994
3,3040614.0,,3400724.0,2020,5,17,7,3,5,2,0,1,0,0,0,0,0,799981.5081,5835110.052,13.42859671,52.58308869
12,12224230.0,,12400617.0,2020,5,16,1,3,5,7,0,0,0,0,0,1,0,785063.0336,5836795.289,13.21047083,52.60622029
6,6020303.0,,6200313.0,2020,5,6,3,3,5,2,2,0,0,0,0,1,0,795355.8592,5818457.348,13.34574712,52.43634105
2,2010102.0,,2100102.0,2020,5,17,7,3,0,7,0,0,0,0,0,0,0,798044.2482,5825487.954,13.39145725,52.49790415
8,8010405.0,,8100418.0,2020,5,10,2,3,5,3,0,1,0,0,0,0,0,802179.8731,5823394.94,13.45029655,52.47687023
2,2040502.0,,2400521.0,2020,5,15,5,3,5,2,0,1,0,0,0,0,0,801250.8166,5827844.229,13.44068261,52.51726336
8,8010117.0,,8100102.0,2020,5,16,2,2,6,4,0,0,1,0,0,0,1,800557.4629,5823308.213,13.42640231,52.47698809
7,7030301.0,,7300517.0,2020,5,12,4,2,0,4,0,0,1,0,0,0,0,793988.0171,5822944.275,13.32963462,52.47730151
1,1044101.0,,1400938.0,2020,5,13,2,3,5,2,0,1,0,0,0,0,1,794830.994,5831327.327,13.34943844,52.55199528
4,4041344.0,,4400835.0,2020,5,13,7,3,1,1,0,1,0,0,0,0,0,793385.1066,5822041.425,13.31998872,52.46953197
1,1044101.0,,1400937.0,2020,5,18,6,3,0,2,0,1,0,0,0,0,0,794020.7694,5831275.549,13.33747719,52.55196909
1,1011202.0,,1100206.0,2020,5,13,5,3,1,5,0,1,0,0,0,0,0,797723.2198,5827683.693,13.38870604,52.51776156
2,2020205.0,,2200211.0,2020,5,11,2,3,5,2,0,1,0,0,0,0,1,797996.348,5824565.695,13.38992881,52.48966336
9,9052001.0,,9502043.0,2020,5,10,4,3,1,5,0,1,0,0,0,0,0,810262.577,5822752.63,13.56833002,52.46658284