district,LOR,street,LOR_2021,year,month,hour,weekday,category,accident_kind,accident_type,light_condition,car,pedestrian,motorcycle,goods_vehicle,others,road_condition,LINREFX,LINREFY,XGCSWGS84,YGCSWGS84
11,11051331.0,,11501340.0,2020,5,15,7,3,0,7,0,1,0,0,0,0,0,807546.1975,5825487.396,13.53099252,52.49262787
2,2040701.0,,2400521.0,2020,5,18,6,3,5,2,0,1,0,0,0,0,0,800718.2648,5827875.416,13.4328861,52.5178368
10,10020413.0,,10200420.0,2020,5,17,2,3,5,2,0,1,0,0,0,0,0,811829.957,5830490.133,13.59857242,52.53502846
1,1011102.0,,1100102.0,2020,5,16,2,1,8,1,0,0,0,0,0,0,0,796787.3064,5828064.665,13.37529352,52.5216867
1,1033102.0,,1300733.0,2020,5,16,2,3,5,2,0,1,0,0,0,0,0,797649.5347,5831843.198,13.39134882,52.55508651
9,9031101.0,,9301126.0,2020,5,7,3,3,6,4,0,0,1,0,0,0,0,811558.108,5817345.472,13.58229848,52.4173895
2,2020201.0,,2200207.0,2020,5,20,7,3,5,2,1,1,0,0,0,0,0,796768.304,5826034.349,13.37320371,52.50349736
11,11030618.0,,11300618.0,2020,5,10,2,3,5,2,0,1,0,0,0,0,1,802433.6748,5828907.021,13.45902798,52.52613444
1,1011204.0,,1100207.0,2020,5,9,2,3,1,5,0,1,0,0,0,0,0,798356.7384,5826693.501,13.39712705,52.50853958
3,3061228.0,,3601245.0,2020,5,8,2,3,0,7,0,0,0,0,0,0,0,800832.0924,5830563.316,13.43699078,52.54186619
2,2030302.0,,2300315.0,2020,5,13,7,2,0,1,0,0,0,0,0,0,0,800151.1732,5825759.533,13.42264582,52.49918376
7,7070706.0,,7601547.0,2020,5,14,3,3,1,5,0,1,0,0,0,0,0,800014.9865,5812800.63,13.40901202,52.38310044
1,1022104.0,,1200520.0,2020,5,18,7,3,3,6,0,1,0,0,0,0,0,794575.1794,5828691.139,13.34333908,52.52850218
8,8020622.0,,8200727.0,2020,5,10,6,3,5,2,0,1,0,0,0,0,0,801299.0511,5819621.43,13.43396081,52.44353374
11,11040926.0,,11400931.0,2020,5,17,6,3,4,6,0,0,0,0,0,0,0,805827.117,5827151.1,13.50727891,52.50850445
6,6010205.0,,6100205.0,2020,5,11,1,3,2,2,0,1,0,0,0,0,0,795515.1217,5819614.265,13.34910618,52.44662606
5,5020523.0,,5200528.0,2020,5,13,7,3,5,2,0,1,0,0,0,0,0,782385.9626,5827030.266,13.16273251,52.52006137
2,2030302.0,,2300316.0,2020,5,13,1,3,5,2,0,1,0,0,0,0,0,801470.0657,5826032.482,13.4422631,52.50090328
4,4030725.0,,4300416.0,2020,5,16,6,3,6,6,0,0,1,0,0,0,0,791334.5502,5825958.452,13.29331154,52.50574546
6,6040809.0,,6400843.0,2020,5,12,1,3,0,1,0,0,0,0,0,0,0,792217.3204,5820714.652,13.30168453,52.45826351
5,5020417.0,,5200420.0,2020,5,11,1,3,5,3,0,1,0,0,0,0,0,783571.5295,5828661.555,13.18155013,52.53407259
12,12302110.0,,12601235.0,2020,5,22,6,3,0,7,2,0,0,0,0,0,0,795080.2322,5835862.849,13.3571395,52.59251719
7,7030301.0,,7300517.0,2020,5,9,7,2,5,2,0,1,0,0,0,0,0,793940.4335,5822505.724,13.3285495,52.4733957
6,6010208.0,,6100208.0,2020,5,15,4,3,6,4,0,0,1,0,0,0,0,793902.9351,5820575.517,13.32629911,52.45611236
2,2010103.0,,2100104.0,2020,5,14,1,3,5,3,0,1,0,0,0,0,0,799343.1557,5826192.384,13.41116737,52.50350744
3,3061228.0,,3601245.0,2020,5,21,7,3,5,3,2,1,0,0,0,0,1,800218.232,5831193.1,13.42853555,52.54784967
1,1011301.0,,1100308.0,2020,5,17,6,3,1,5,0,1,0,0,0,0,0,797402.8326,5828685.668,13.38489422,52.52691789
8,8010118.0,,8100104.0,2020,5,13,7,3,1,5,0,1,0,0,0,0,0,800723.6435,5822857.946,13.42843579,52.47286071
1,1011101.0,,1100101.0,2020,5,7,4,3,0,2,0,1,0,0,0,0,0,794582.0359,5826069.503,13.34111862,52.50499725
2,2020203.0,,2200208.0,2020,5,22,6,3,0,1,2,0,0,0,0,0,0,797801.3323,5824910.485,13.38737324,52.49286042
1,1011306.0,,1100313.0,2020,5,14,2,3,5,3,0,1,0,0,0,0,1,800062.7935,5826416.979,13.4219402,52.50512531
2,2010103.0,,2100104.0,2020,5,12,7,3,5,3,0,1,0,0,0,0,1,799326.9125,5826235.581,13.41096761,52.50390356
6,6020410.0,,6200422.0,2020,5,12,7,3,6,7,0,0,1,0,0,0,0,794220.7,5817537.539,13.3282873,52.42870713
11,11041128.0,,11401135.0,2020,5,9,7,3,0,3,0,0,0,0,0,1,0,805526.228,5825987.951,13.50179206,52.4982484
12,12214527.0,,12200515.0,2020,5,7,6,3,5,2,0,0,0,0,1,0,0,790608.3527,5834475.73,13.29009414,52.58248978
1,1011303.0,,1100310.0,2020,5,14,5,3,0,1,0,0,0,0,0,0,0,799609.9813,5828510.543,13.41717383,52.52413971
6,6030502.0,,6300525.0,2020,5,13,3,3,5,3,0,1,0,0,0,0,0,788987.2803,5816093.577,13.25028301,52.4185508
2,2020204.0,,2200210.0,2020,5,17,7,3,2,6,0,0,0,0,0,0,0,798278.28,5825307.329,13.39473277,52.49615722
9,9051901.0,,9501939.0,2020,5,18,1,3,0,2,0,1,0,0,0,0,0,810776.4892,5821266.276,13.57448708,52.45297071
8,8010404.0,,8100415.0,2020,5,20,4,3,5,2,1,1,0,0,0,0,0,801644.6516,5823758.831,13.44276911,52.48042771
5,5040937.0,,5400944.0,2020,5,20,6,2,0,1,1,0,0,0,0,0,0,781339.7863,5820475.392,13.14181958,52.46182675
4,4030519.0,,4300518.0,2020,5,15,6,3,3,6,0,0,0,0,0,1,0,791357.6744,5828713.944,13.29606456,52.53043581
12,12214424.0,,12200309.0,2020,5,13,6,3,5,2,0,1,0,0,0,0,0,793117.4331,5832637.846,13.3253954,52.56466826
1,1044102.0,,1400939.0,2020,5,21,5,3,0,1,2,0,0,0,0,0,0,795261.1438,5831728.258,13.35612081,52.55535627
11,11040925.0,,11400927.0,2020,5,23,6,3,6,7,2,0,1,0,0,0,0,803712.7889,5826310.986,13.47545525,52.50215588
5,5020625.0,,5200629.0,2020,5,14,4,3,5,3,0,0,0,0,0,1,0,784697.6416,5828599.058,13.19805391,52.53292517
3,3050919.0,,3500932.0,2020,5,16,6,2,7,7,0,0,0,0,0,0,0,800845.4636,5832335.566,13.43879296,52.55774373
9,9051701.0,,9501736.0,2020,5,13,6,3,3,6,0,0,0,0,0,0,0,812308.3976,5821343.054,13.59702925,52.45278573
9,9010301.0,,9100304.0,2020,5,9,6,3,5,2,0,1,0,0,0,0,0,804531.5583,5822523.307,13.48402007,52.46775192
6,6040703.0,,6400737.0,2020,5,16,6,2,1,5,0,1,0,0,0,0,0,785363.5034,5818291.081,13.19901786,52.44015554
6,6030501.0,,6300524.0,2020,5,15,6,3,4,6,0,1,0,0,0,0,0,787560.5322,5816264.815,13.22950849,52.42083762
12,12214421.0,,12200307.0,2020,5,13,6,3,5,2,0,1,0,0,0,0,0,793249.8187,5833866.977,13.32842968,52.57561542
4,4020208.0,,4200206.0,2020,5,12,6,3,5,2,0,1,0,0,0,0,0,786955.6004,5825630.172,13.22868971,52.50512307
9,9051702.0,,9501737.0,2020,5,11,6,2,0,1,0,0,0,0,0,0,0,814206.7404,5821708.084,13.62521681,52.45496898
2,2040701.0,,2400623.0,2020,5,19,3,3,5,2,0,1,0,0,0,0,0,800576.7008,5827015.005,13.43002891,52.51020273
12,12214125.0,,12200412.0,2020,5,11,6,3,5,3,0,1,0,0,0,0,0,790134.0793,5833685.988,13.28242275,52.57566291
4,4030417.0,,4300414.0,2020,5,2,7,3,1,5,2,1,0,0,0,0,0,791705.3512,5827377.742,13.30000328,52.51827105
4,4030726.0,,4500936.0,2020,4,14,5,3,5,2,0,1,0,0,0,0,1,791958.017,5825248.17,13.3018485,52.49904463
10,10030727.0,,10300734.0,2020,4,15,5,2,5,3,0,1,0,0,0,0,0,809399.7513,5825604.444,13.5583155,52.49262943
4,4030725.0,,4300416.0,2020,5,14,6,2,5,2,0,1,0,0,0,0,0,791925.3599,5826232.701,13.30223199,52.50788825
1,1011301.0,,1100308.0,2020,4,15,5,3,5,3,0,1,0,0,0,0,1,796350.3082,5829441.538,13.37009881,52.53426667
12,12214424.0,,12200309.0,2020,5,17,2,3,5,2,0,0,0,0,0,1,0,793152.056,5832636.139,13.32590323,52.56463431
4,4030930.0,,4501041.0,2020,4,15,5,3,5,3,0,1,0,0,0,0,1,792849.072,5825770.312,13.31539651,52.50324802
6,6020410.0,,6200422.0,2020,5,10,4,2,5,3,0,1,0,0,0,0,0,794502.879,5817197.113,13.3321258,52.42550352
7,7060604.0,,7601341.0,2020,5,16,4,3,0,1,0,0,0,0,0,0,0,797619.8312,5815536.105,13.37635441,52.40892766
7,7070703.0,,7601544.0,2020,5,18,7,2,0,7,0,0,0,0,0,0,0,799727.905,5813527.556,13.40545648,52.38977355
4,4030518.0,,4300517.0,2020,5,19,3,2,5,2,0,1,0,0,0,0,0,791472.4995,5828291.553,13.29738217,52.52658775
8,8020621.0,,8200725.0,2020,5,15,3,3,2,6,0,1,0,0,0,0,0,800267.8612,5819688.306,13.41889486,52.4447004
6,6020303.0,,6200313.0,2020,5,18,5,3,3,6,0,1,0,0,0,0,0,795691.1243,5818965.79,13.35111445,52.44071776
4,4030930.0,,4501041.0,2020,5,16,2,3,0,4,0,0,1,0,0,0,0,792959.4603,5825627.993,13.31689296,52.50191292
12,12103218.0,,12100205.0,2020,5,13,5,3,5,3,0,1,0,0,0,0,0,794893.7717,5833871.422,13.35262281,52.57476696
4,4051446.0,,4501043.0,2020,5,16,4,3,5,2,0,1,0,0,0,0,0,792927.5561,5825024.955,13.31589388,52.49652401
3,3030715.0,,3300516.0,2020,5,0,6,3,0,1,2,0,0,0,0,0,0,800563.0324,5832871.069,13.43512443,52.56269948
9,9020501.0,,9200510.0,2020,5,15,3,3,8,7,0,1,0,0,0,0,0,805861.29,5823703.045,13.50461559,52.47758248
11,11051331.0,,11501340.0,2020,5,10,2,3,0,6,0,1,0,0,0,0,0,807251.8062,5824281.809,13.52555868,52.481989
6,6030609.0,,6300633.0,2020,5,14,6,3,5,2,0,1,0,0,0,0,0,793257.325,5819088.495,13.31551937,52.44312836
7,7020203.0,,7200409.0,2020,5,12,7,3,0,6,0,0,0,0,0,0,0,795531.2766,5824330.765,13.35352066,52.48889747
1,1022206.0,,1200628.0,2020,5,17,2,3,6,4,0,0,1,0,0,0,0,796350.5204,5828583.487,13.36933703,52.52657499
6,6010206.0,,6100206.0,2020,5,8,6,2,2,6,0,0,0,0,0,0,0,794282.8842,5819446.938,13.33088028,52.44579069
4,4051447.0,,4501044.0,2020,5,14,3,3,5,3,0,1,0,0,0,0,0,793363.0027,5824936.995,13.32221232,52.4955016
8,8020619.0,,8200623.0,2020,5,14,3,3,0,2,0,1,0,0,0,0,0,802822.5338,5820820.178,13.4573938,52.45343666
9,9052001.0,,9502043.0,2020,5,10,4,2,5,3,0,1,0,0,0,0,0,810363.6782,5822669.175,13.56973588,52.46577753
4,4030827.0,,4300623.0,2020,5,12,5,2,1,5,0,1,0,0,0,0,0,792020.734,5826460.964,13.30383351,52.50988354
5,5040934.0,,5400942.0,2020,5,9,3,3,1,6,0,1,0,0,0,1,0,784001.0324,5823226.891,13.18322785,52.48512078
10,10020621.0,,10200628.0,2020,5,20,3,3,5,3,0,1,0,0,0,0,0,811702.5103,5829892.66,13.59613931,52.52974728
8,8010115.0,,8100102.0,2020,5,17,4,3,5,3,0,1,0,0,0,0,0,799853.1733,5823654.169,13.41637462,52.48047619
3,3030715.0,,3300516.0,2020,5,14,4,3,5,3,0,1,0,0,0,0,0,800337.6581,5833771.74,13.43262504,52.57089672
6,6040804.0,,6400838.0,2020,5,15,4,3,5,2,0,1,0,0,0,0,0,788378.6283,5819139.419,13.24398501,52.44617976
1,1011306.0,,1100313.0,2020,5,19,7,3,3,6,0,1,0,0,0,0,0,799844.075,5826537.582,13.41883605,52.50632657
6,6040703.0,,6400737.0,2020,5,7,6,2,5,2,0,1,0,0,0,0,0,787769.0744,5821679.917,13.23723089,52.46927821
10,10010204.0,,10100206.0,2020,5,16,6,3,5,2,0,0,0,0,0,1,0,809674.446,5833230.17,13.56945007,52.56081233
10,10010207.0,,10100210.0,2020,5,13,3,3,5,3,0,1,0,0,0,0,0,808968.219,5831698.923,13.55764008,52.547491
4,4030621.0,,4300620.0,2020,5,8,3,3,5,2,0,0,0,0,0,0,0,793193.7661,5827783.051,13.32223345,52.5211063
10,10010309.0,,10100312.0,2020,5,16,5,3,5,2,0,1,0,0,0,0,0,807934.6072,5829198.169,13.54012811,52.52566473
3,3020209.0,,3200205.0,2020,5,19,3,3,5,3,0,1,0,0,0,0,0,797429.074,5835037.436,13.39097105,52.58383911
12,12301206.0,,12500929.0,2020,5,10,4,3,5,3,0,1,0,0,0,0,0,794741.7021,5838685.052,13.35466973,52.61799917
9,9020802.0,,9200819.0,2020,5,16,4,3,5,3,0,0,0,0,0,1,0,810368.5336,5820336.127,13.56763871,52.44486677
11,11030721.0,,11300722.0,2020,5,17,7,3,5,2,0,1,0,0,0,0,0,803785.3743,5827703.101,13.47779174,52.51459262
8,8041036.0,,8401242.0,2020,5,7,3,3,5,3,0,1,0,0,0,0,0,804610.7044,5816576.172,13.47976102,52.41440507
2,2020202.0,,2200208.0,2020,5,15,6,3,5,3,0,1,0,0,0,0,0,797556.7671,5825153.32,13.38399852,52.49517054
12,12304313.0,,12500825.0,2020,5,6,3,3,1,5,0,1,0,0,0,0,0,791253.2093,5834364.555,13.299487,52.58114831
4,4030929.0,,4501040.0,2020,5,20,2,3,1,5,1,1,0,0,0,0,0,792476.0307,5825406.25,13.30959656,52.50018439
9,9051801.0,,9501838.0,2020,5,22,5,3,0,1,2,0,0,0,0,0,0,818151.0195,5820737.249,13.68214394,52.44398879
6,6010103.0,,6100103.0,2020,5,7,3,3,5,3,0,1,0,0,0,0,0,793882.1996,5821381.989,13.32670481,52.46335321
6,6030605.0,,6300629.0,2020,5,14,5,2,3,6,0,0,0,0,0,0,0,791430.0022,5819078.643,13.2887023,52.444017
1,1033102.0,,1300733.0,2020,5,9,2,3,2,6,0,0,0,0,0,0,0,797233.8781,5831913.917,13.38529933,52.55594743
2,2030302.0,,2300315.0,2020,5,8,4,3,5,2,0,1,0,0,0,0,0,800787.5296,5825815.253,13.43204223,52.49933283
1,1011402.0,,1100416.0,2020,5,14,7,3,1,5,0,1,0,0,0,0,0,798622.8088,5829352.458,13.40342282,52.53222787
6,6020411.0,,6200423.0,2020,5,11,6,3,0,4,0,0,1,0,0,0,0,793351.9964,5816256.819,13.31442412,52.41769222
4,4051445.0,,4500939.0,2020,5,15,3,3,5,2,0,1,0,0,0,0,0,792030.4163,5824085.771,13.30189307,52.48858516
11,11010204.0,,10100205.0,2020,5,13,6,3,5,3,0,1,0,0,0,0,0,807663.522,5833599.355,13.54022147,52.5652608
6,6040701.0,,6400735.0,2020,5,13,5,3,0,4,0,0,1,0,0,0,0,782029.2903,5815164.879,13.14746033,52.41385355
8,8010115.0,,8100102.0,2020,5,4,3,3,0,7,1,0,0,0,0,0,0,799427.2611,5823776.297,13.41023147,52.4818046
4,4030415.0,,4300412.0,2020,5,17,2,3,5,2,0,1,0,0,0,0,1,791403.0446,5827477.565,13.29564807,52.51932758
11,11051229.0,,11501238.0,2020,5,13,4,3,0,2,0,0,0,0,1,0,0,805468.0564,5824454.119,13.4995317,52.48453405
3,3030716.0,,3300517.0,2020,5,19,4,3,5,3,0,1,0,0,0,0,0,803373.1492,5833510.493,13.47703837,52.566872
9,9010401.0,,9100407.0,2020,5,6,4,3,1,5,0,1,0,0,0,0,0,804789.3234,5821614.491,13.48697292,52.45946277
1,1011402.0,,1100416.0,2020,5,9,3,3,0,1,0,0,0,0,0,0,0,798604.3714,5829316.603,13.40311961,52.53191657
3,3071536.0,,3701554.0,2020,5,8,5,3,0,1,0,0,0,0,0,0,0,799228.155,5829413.773,13.41237557,52.53244548
1,1011302.0,,1100309.0,2020,5,20,7,3,5,2,0,1,0,0,0,0,0,798858.9224,5828961.742,13.40654206,52.52859626
3,3061228.0,,3601245.0,2020,5,10,4,3,5,2,0,1,0,0,0,0,0,800293.1085,5831595.723,13.43000056,52.55141721
4,4051448.0,,4501045.0,2020,5,20,7,2,5,7,1,1,0,0,0,0,0,794168.2856,5825307.15,13.33436689,52.49838641
10,10030724.0,,10300731.0,2020,5,11,6,3,5,3,0,1,0,0,0,0,0,809061.554,5828645.354,13.55617293,52.52007293
9,9020701.0,,9200715.0,2020,5,15,6,3,5,2,0,1,0,0,0,0,0,809334.7806,5818491.173,13.55077014,52.42891823
10,10010308.0,,10100311.0,2020,5,13,2,1,5,2,0,0,0,0,1,0,0,806301.0626,5830198.209,13.51704636,52.53554744
9,9030901.0,,9300920.0,2020,5,17,5,3,0,6,0,0,0,0,0,0,0,807929.6868,5816500.828,13.52833779,52.41187295
6,6030503.0,,6300527.0,2020,5,11,4,3,3,6,0,0,0,0,1,0,0,790609.114,5817905.736,13.27563878,52.43393852
2,2050802.0,,2500834.0,2020,5,18,6,3,1,5,0,1,0,0,0,0,0,803127.9371,5826595.113,13.46712413,52.50502768
3,3051022.0,,3501038.0,2020,5,14,3,3,5,2,0,1,0,0,0,0,0,803316.8133,5831996.402,13.47482593,52.55333311
4,4030621.0,,4300620.0,2020,5,17,2,3,0,7,0,0,0,0,0,1,0,793898.6307,5826990.373,13.33189201,52.51362092
8,8010303.0,,8100314.0,2020,5,8,5,3,5,3,0,1,0,0,0,0,0,801098.5278,5823793.47,13.43478301,52.48103958
8,8010404.0,,8100415.0,2020,5,18,3,3,3,6,0,1,0,0,0,1,0,801932.0875,5823540.962,13.44679148,52.47831608
2,2040701.0,,2400623.0,2020,5,20,4,3,5,3,1,1,0,0,0,0,0,800141.5634,5827349.357,13.42393798,52.51343924
9,9051702.0,,9501737.0,2020,5,11,4,3,5,2,0,1,0,0,0,0,0,813761.912,5821738.85,13.61872083,52.45550019
7,7040405.0,,7400927.0,2020,5,10,4,3,3,6,0,0,0,0,0,1,0,798031.3336,5822213.859,13.38834051,52.4685628
3,3061126.0,,3601141.0,2020,5,0,6,3,0,1,2,0,0,0,0,0,0,799094.0616,5831809.407,13.41256155,52.55399227
11,11030720.0,,11300721.0,2020,5,15,6,3,2,7,0,1,0,0,0,0,0,805151.1947,5829103.204,13.49914099,52.52637856
11,11030824.0,,11300826.0,2020,5,15,5,3,5,3,0,0,0,0,0,0,0,803974.8989,5827046.413,13.47997628,52.50860134
6,6040702.0,,6400736.0,2020,5,13,4,3,2,6,0,0,0,0,0,0,0,786207.9962,5816044.218,13.20948479,52.41956881
7,7020203.0,,7200411.0,2020,5,13,2,3,5,2,0,1,0,0,0,0,1,795794.9751,5824116.163,13.35720258,52.48683092
5,5010314.0,,5100316.0,2020,5,19,2,3,2,2,0,1,0,0,0,0,0,784847.5859,5829237.623,13.20080583,52.53857217
1,1011303.0,,1100310.0,2020,5,20,3,2,1,5,1,0,0,0,0,1,0,799195.8247,5828673.849,13.41123449,52.52583093
3,3050924.0,,3500935.0,2020,5,21,5,3,0,1,0,0,0,0,0,0,0,801679.3735,5831381.597,13.45018966,52.54873201
9,9051702.0,,9501737.0,2020,5,7,3,2,5,3,0,1,0,0,0,0,0,815171.4853,5820959.84,13.63866165,52.44770875
8,8010301.0,,8100310.0,2020,5,13,5,3,5,3,0,1,0,0,0,0,0,800819.8511,5825028.788,13.43180674,52.4922657
4,4010102.0,,4100101.0,2020,5,16,1,3,0,1,0,0,0,0,0,0,0,793387.6547,5829890.109,13.32694246,52.53989075
12,12214422.0,,12200310.0,2020,5,8,4,2,5,3,0,1,0,0,0,0,0,792230.0018,5833717.003,13.31329124,52.57481954
6,6040702.0,,6400736.0,2020,5,13,4,3,3,7,0,0,0,0,0,0,0,786173.3571,5816025.287,13.20896063,52.41941719
12,12231102.0,,12400720.0,2020,5,14,7,3,6,4,0,0,1,0,0,0,0,790350.5464,5839376.889,13.29059937,52.62656553
9,9020702.0,,9200717.0,2020,5,13,3,3,5,3,0,1,0,0,0,0,0,809675.3091,5820507.316,13.5576304,52.44679396
9,9041301.0,,9401329.0,2020,5,12,5,2,7,7,0,0,0,0,0,0,0,814748.515,5818533.687,13.63017425,52.42621185
2,2020204.0,,2200210.0,2020,5,2,7,3,0,1,2,0,0,0,0,0,1,798734.1806,5824694.611,13.40087896,52.49041567
11,11030618.0,,11300617.0,2020,5,13,3,3,5,2,0,1,0,0,0,0,0,803089.2327,5829538.17,13.46923684,52.53142727
5,5020627.0,,5200632.0,2020,5,14,6,3,0,3,0,1,0,0,0,0,0,785179.6799,5828322.25,13.20490361,52.53019132
6,6040804.0,,6400838.0,2020,5,15,5,2,0,7,0,1,0,0,0,0,0,787918.8695,5818902.875,13.23703513,52.4443013
4,4030724.0,,4300415.0,2020,5,17,2,3,5,5,0,1,0,0,0,0,1,790821.2794,5826159.838,13.28594657,52.50782473
2,2040701.0,,2400623.0,2020,5,7,6,3,5,2,0,1,0,0,0,0,0,800316.8826,5827622.637,13.42676036,52.51579224
7,7060604.0,,7601339.0,2020,5,17,3,3,5,2,0,1,0,0,0,0,0,795817.1658,5816031.462,13.35036801,52.41434522
3,3061131.0,,3601142.0,2020,5,17,2,3,0,3,0,1,0,0,0,0,0,798800.798,5831030.888,13.40754837,52.54717498
12,12214125.0,,12200412.0,2020,5,21,4,2,0,1,2,0,0,0,0,0,0,791302.2376,5834166.019,13.30003406,52.57934225
6,6010206.0,,6100206.0,2020,5,12,4,3,5,3,0,1,0,0,0,0,0,794709.9168,5819457.011,13.33715415,52.44565098
3,3061430.0,,3601450.0,2020,5,8,5,3,5,2,0,1,0,0,0,0,0,802333.8637,5829225.851,13.45785113,52.52904745
1,1011303.0,,1100310.0,2020,5,17,4,3,5,3,0,1,0,0,0,0,0,798645.804,5828136.554,13.40266875,52.5213164
2,2040701.0,,2400623.0,2020,5,16,1,3,5,2,0,1,0,0,0,0,1,801211.238,5827469.075,13.43976148,52.51392265
4,4030929.0,,4501040.0,2020,5,14,4,2,5,2,0,1,0,0,0,0,0,792628.8502,5825459.274,13.311888,52.5005778
11,11040926.0,,11400929.0,2020,5,10,3,3,5,3,0,1,0,0,0,0,0,805380.7058,5826729.609,13.50033515,52.50497692
9,9051901.0,,9501939.0,2020,5,18,4,3,5,2,0,0,0,0,0,0,0,810763.2256,5821243.45,13.57427129,52.45277369
3,3071537.0,,3701556.0,2020,5,14,4,3,1,5,0,1,0,0,0,0,0,799746.4839,5829610.204,13.42017121,52.53392138
5,5010206.0,,5100208.0,2020,5,14,7,3,5,2,0,1,0,0,0,0,0,781215.8398,5830781.914,13.14870768,52.55430554
1,1022206.0,,1200628.0,2020,5,8,4,3,0,6,0,0,0,0,1,0,0,796216.6527,5828476.351,13.3672741,52.52568737
8,8010301.0,,8100311.0,2020,5,20,6,3,1,5,0,1,0,0,0,0,0,800713.3444,5824367.12,13.42964567,52.48639364
1,1033102.0,,1300733.0,2020,5,12,6,3,5,2,0,0,0,0,1,0,0,797657.4353,5831889.663,13.39150667,52.55549869
6,6040701.0,,6400735.0,2020,5,17,6,3,2,5,0,1,0,0,0,1,0,784065.5609,5816132.867,13.17814088,52.42147996
8,8020619.0,,8200623.0,2020,5,17,2,3,1,5,0,1,0,0,0,0,0,801772.738,5821074.25,13.44222147,52.45629452
2,2010102.0,,2100102.0,2020,5,10,4,3,5,3,0,1,0,0,0,0,0,797973.2756,5825639.662,13.39055058,52.49930278
3,3020307.0,,3200309.0,2020,5,12,2,2,5,2,0,1,0,0,0,0,1,800128.5238,5838382.761,13.43372632,52.61234134
1,1033202.0,,1300835.0,2020,5,16,4,3,5,2,0,0,0,0,0,1,0,797763.3542,5829744.547,13.39114127,52.53621262
2,2010102.0,,2100102.0,2020,5,17,2,2,5,3,0,1,0,0,0,0,0,798213.1219,5826240.73,13.39461164,52.50455959
12,12214527.0,,12200515.0,2020,5,16,2,3,6,7,0,0,1,0,0,0,0,789758.8988,5835082.739,13.27812299,52.58838468
3,3071536.0,,3701554.0,2020,5,18,5,3,1,5,0,1,0,0,0,0,0,799075.2316,5830207.503,13.41084214,52.539644
3,3040818.0,,3400826.0,2020,5,16,2,3,4,6,0,0,0,0,0,1,0,798420.5211,5832406.451,13.40319346,52.55971336
6,6020305.0,,6200316.0,2020,5,0,1,3,0,1,2,0,0,0,0,0,0,796021.0876,5817675.589,13.35481223,52.42897349
10,10010309.0,,10100312.0,2020,5,6,4,3,5,2,0,1,0,0,0,0,0,807934.6072,5829198.169,13.54012811,52.52566473
7,7010102.0,,7100102.0,2020,5,18,3,3,2,2,0,1,0,0,0,0,0,794998.7962,5825087.574,13.34637122,52.49596975
6,6020409.0,,6200421.0,2020,5,15,2,3,5,2,0,1,0,0,0,0,0,793122.8297,5817654.669,13.31228892,52.4303465
11,11030721.0,,11300724.0,2020,5,14,5,3,5,2,0,1,0,0,0,0,0,804753.4637,5827443.584,13.49177613,52.51172666
3,3030711.0,,3300514.0,2020,5,9,4,2,5,3,0,1,0,0,0,0,0,802178.0082,5836471.394,13.46215852,52.59407468
2,2030302.0,,2300316.0,2020,5,16,7,3,5,2,0,1,0,0,0,0,0,800755.4188,5826518.564,13.43220585,52.5056545
2,2020204.0,,2200210.0,2020,5,16,3,2,0,7,0,0,0,0,0,0,0,798113.5493,5825402.862,13.39239893,52.49710355
2,2050802.0,,2500833.0,2020,5,15,2,3,2,6,0,0,0,1,0,0,0,802082.435,5827156.891,13.45227722,52.51064275
5,5010339.0,,5100317.0,2020,5,14,6,2,5,3,0,1,0,0,0,0,0,787026.3012,5828365.376,13.23208835,52.52960874
9,9051701.0,,9501736.0,2020,5,14,5,3,0,3,0,0,0,0,0,1,0,813431.0934,5821598.652,13.61373659,52.45443365
9,9010101.0,,9100101.0,2020,5,12,5,3,5,2,0,0,0,0,1,0,0,802328.0656,5825301.084,13.45420072,52.49387308
3,3061131.0,,3601142.0,2020,5,15,4,3,5,2,0,1,0,0,0,0,0,798646.5408,5830286.807,13.4046113,52.54058996
12,12103116.0,,12100102.0,2020,5,7,1,3,1,5,0,1,0,0,0,0,0,796728.2766,5833309.283,13.37911135,52.56873097
6,6010208.0,,6100208.0,2020,5,16,4,3,0,3,0,1,0,0,0,0,0,794597.7389,5820276.705,13.33623134,52.4530596
10,10040829.0,,10400836.0,2020,5,13,2,2,0,1,0,0,0,0,0,0,0,811221.5801,5827845.386,13.58715721,52.51167576
1,1011306.0,,1100313.0,2020,5,21,5,3,5,2,1,0,0,1,0,0,0,799713.2582,5827025.681,13.41735389,52.5107735
2,2030402.0,,2300419.0,2020,5,20,7,3,0,4,0,0,1,0,0,0,0,801908.0528,5825684.336,13.44838028,52.49754068
3,3061228.0,,3601245.0,2020,5,13,2,3,5,2,0,1,0,0,0,0,0,800323.0497,5831578.697,13.43042543,52.55124809
8,8020620.0,,8200624.0,2020,5,7,2,3,5,3,0,1,0,0,0,0,1,800596.4241,5821189.336,13.42506544,52.45797429
4,4030931.0,,4501042.0,2020,5,20,6,3,5,2,0,1,0,0,0,0,0,793522.3399,5825730.336,13.32525181,52.50252788
6,6040810.0,,6400844.0,2020,5,9,3,2,5,2,0,1,0,0,0,0,0,790253.4165,5820057.916,13.27229089,52.45342229
8,8041037.0,,8401243.0,2020,5,18,5,3,5,3,0,1,0,0,0,0,0,805573.5344,5818588.611,13.49571177,52.43190521
1,1011302.0,,1100309.0,2020,5,16,3,3,0,1,0,0,0,0,0,0,0,798425.2816,5828385.231,13.39965133,52.52366618
6,6040808.0,,6400842.0,2020,5,14,4,3,5,2,0,1,0,0,0,0,0,790103.5346,5819596.773,13.26969084,52.44936758
7,7010102.0,,7100102.0,2020,5,7,4,3,5,2,0,0,0,0,0,1,0,794957.4089,5825673.022,13.34628182,52.50124026
2,2040503.0,,2400522.0,2020,5,14,2,3,6,4,0,0,1,0,0,0,0,801561.5296,5827916.855,13.44531363,52.5177426
3,3020307.0,,3200309.0,2020,5,18,4,2,3,2,0,1,0,0,0,0,0,800142.6425,5837860.359,13.43346035,52.6076512
3,3061227.0,,3601243.0,2020,5,16,4,3,1,5,0,1,0,0,0,0,0,799675.5161,5831754.782,13.42106276,52.55318303
8,8041039.0,,8401245.0,2020,5,18,7,3,5,3,0,1,0,0,0,0,0,806473.3442,5815446.406,13.50602822,52.4032399
10,10030724.0,,10300731.0,2020,5,4,6,3,5,3,1,1,0,0,0,0,0,809121.2642,5829722.03,13.55805091,52.52968794
4,4030417.0,,4300414.0,2020,5,13,2,3,5,3,0,1,0,0,0,0,0,791315.8532,5826639.011,13.29363248,52.5118566
1,1022106.0,,1200522.0,2020,5,15,3,3,5,2,0,1,0,0,0,0,0,793675.7637,5828111.735,13.32960721,52.5237934