district,LOR,street,LOR_2021,year,month,hour,weekday,category,accident_kind,accident_type,light_condition,car,pedestrian,motorcycle,goods_vehicle,others,road_condition,LINREFX,LINREFY,XGCSWGS84,YGCSWGS84
8,8010404.0,,8100417.0,2020,5,17,7,3,5,2,0,1,0,0,0,0,0,802523.8227,5822940.852,13.45493352,52.47260981
7,7070702.0,,7601443.0,2020,5,10,7,3,1,5,0,1,0,0,0,0,0,799858.9134,5814846.2,13.4085559,52.40152183
5,5010101.0,,5100101.0,2020,5,14,6,3,1,5,0,1,0,0,0,0,0,784840.6547,5832234.499,13.20327509,52.56544556
1,1044101.0,,1400938.0,2020,5,20,3,3,5,2,1,1,0,0,0,0,0,794021.903,5830177.809,13.33652202,52.54212795
9,9051901.0,,9501941.0,2020,5,16,1,3,0,6,0,0,0,0,0,0,0,812064.8152,5821280.381,13.59339779,52.4523632
6,6010207.0,,6100207.0,2020,5,23,5,3,1,5,2,1,0,0,0,0,0,793888.1838,5820481.095,13.32599954,52.45527382
6,6010209.0,,6100209.0,2020,5,16,1,3,2,6,0,1,0,0,0,0,0,794748.8229,5820906.407,13.33900412,52.45862309
2,2050602.0,,2500728.0,2020,5,7,3,3,5,2,0,1,0,0,0,0,0,802769.8947,5827689.332,13.46286048,52.51503385
4,4051551.0,,4501148.0,2020,5,13,5,3,5,2,0,1,0,0,0,0,0,792903.341,5823281.644,13.31400596,52.48090873
9,9020502.0,,9200512.0,2020,5,8,4,3,1,5,0,1,0,0,0,0,0,809002.2008,5821617.635,13.54878513,52.45712537
12,12214421.0,,12200307.0,2020,5,8,2,3,1,7,0,1,0,0,0,0,1,793529.8081,5834045.19,13.33270733,52.57706204
3,3040614.0,,3400723.0,2020,5,14,7,2,5,2,0,1,0,0,0,0,0,799875.8405,5834306.771,13.42631513,52.57594695
10,10020623.0,,10200630.0,2020,5,14,1,3,0,7,0,1,0,0,0,0,0,811509.7537,5829105.914,13.59257001,52.52280723
1,1011302.0,,1100309.0,2020,5,21,1,3,0,1,2,0,0,0,0,0,0,798654.1318,5828507.658,13.40312437,52.52463826
11,11020516.0,,11200515.0,2020,5,19,7,3,1,5,0,0,0,0,0,1,0,805622.188,5830188.209,13.50705945,52.53583892
2,2040702.0,,2400624.0,2020,5,20,1,3,5,3,1,1,0,0,0,0,0,801695.5212,5827204.874,13.44663681,52.51128694
1,1022204.0,,1200626.0,2020,5,19,4,3,5,3,0,0,0,1,0,0,0,794824.0519,5828305.577,13.34665523,52.52491136
7,7030301.0,,7300517.0,2020,5,20,1,3,5,2,1,1,0,0,0,0,0,794235.8381,5822026.119,13.3324631,52.46893722
4,4041136.0,,4400728.0,2020,5,8,5,3,1,5,0,1,0,0,0,0,0,789468.308,5823623.05,13.26386286,52.48580131
1,1044103.0,,1400942.0,2020,5,17,6,3,5,3,0,1,0,0,0,0,0,794590.0695,5830730.237,13.34536566,52.54677317
8,8030829.0,,8300934.0,2020,5,13,3,3,5,3,0,1,0,0,0,0,0,803261.6035,5818341.987,13.4615865,52.43098123
5,5010314.0,,5100316.0,2020,5,15,4,3,5,3,0,1,0,0,0,0,0,785035.6138,5829507.633,13.20380232,52.54089474
1,1011402.0,,1100416.0,2020,5,11,6,3,3,6,0,0,0,0,0,1,0,798824.3653,5829752.405,13.40674495,52.53570234
6,6040810.0,,6400844.0,2020,5,17,6,3,5,3,0,1,0,1,0,0,0,791834.8262,5821376.651,13.2966499,52.4644027
9,9010202.0,,9100203.0,2020,5,10,3,3,5,3,0,1,0,0,0,0,0,804402.289,5823884.746,13.48336543,52.48002614
2,2040502.0,,2400521.0,2020,5,17,1,3,5,2,0,1,0,0,0,0,0,801247.6592,5827817.435,13.44061195,52.51702494
11,11010103.0,,11100102.0,2020,5,13,2,3,5,2,0,1,0,0,0,0,1,809251.523,5834486.389,13.56440211,52.57231036
2,2030401.0,,2300418.0,2020,5,14,4,3,0,1,0,0,0,0,0,0,0,800885.4433,5825555.197,13.43324536,52.4969479
8,8010117.0,,8100102.0,2020,5,14,7,3,2,7,0,1,0,0,0,0,0,800466.1242,5823626.796,13.42534855,52.47989394
7,7020204.0,,7200414.0,2020,5,12,6,3,1,5,0,1,0,0,0,0,0,796288.1578,5823952.727,13.36429924,52.48509844
4,4030725.0,,4300416.0,2020,5,17,1,3,1,5,0,1,0,0,0,0,0,791853.4001,5825915.617,13.30089675,52.50508415
3,3040513.0,,3400620.0,2020,5,15,5,2,5,2,0,1,0,0,0,0,0,797952.3386,5833668.643,13.39744114,52.57128353
1,1044101.0,,1400938.0,2020,6,19,2,3,5,3,0,1,0,0,0,0,0,794149.8256,5831111.663,13.33922994,52.55043029
5,5030731.0,,5300737.0,2020,6,10,7,3,6,7,0,0,1,0,0,0,0,787476.2718,5830305.589,13.24038189,52.54676663
7,7060604.0,,7601341.0,2020,6,14,6,2,5,2,0,1,0,0,0,0,0,797601.768,5815557.269,13.37610845,52.40912719
12,12224230.0,,12400618.0,2020,6,13,4,3,2,6,0,1,0,0,0,0,0,787181.7574,5838502.897,13.24315448,52.62041445
2,2040502.0,,2400521.0,2020,6,11,6,3,5,2,0,1,0,0,0,0,0,800455.3655,5828239.635,13.42935225,52.5212463
11,11051229.0,,11501238.0,2020,6,16,3,3,3,6,0,1,0,0,0,0,0,803667.5419,5826245.494,13.47473099,52.50159407
11,11030720.0,,11300721.0,2020,6,11,6,3,5,2,0,0,0,0,1,0,0,806143.1329,5830146.724,13.5146778,52.53517475
1,1011402.0,,1100416.0,2020,6,15,2,3,1,5,0,1,0,0,0,0,0,798550.6607,5829201.347,13.40222663,52.53091288
12,12224230.0,,12400618.0,2020,6,14,2,3,0,7,0,0,0,0,0,0,0,787232.9617,5838550.51,13.24395014,52.62081426
9,9031101.0,,9301126.0,2020,6,14,6,3,2,7,0,1,0,0,0,0,1,811652.4765,5816945.702,13.58330938,52.41375322
3,3061126.0,,3601141.0,2020,6,6,4,3,5,3,0,0,0,0,0,1,0,798966.1668,5831437.084,13.41034552,52.55072518
1,1022206.0,,1200628.0,2020,6,21,6,3,5,3,2,1,0,0,0,0,0,796288.5023,5828494.613,13.36834634,52.52581202
2,2020206.0,,2200212.0,2020,6,8,3,3,5,3,0,0,0,0,0,0,0,799722.679,5824706.961,13.41540549,52.48998454
8,8030829.0,,8300934.0,2020,6,15,2,3,0,7,0,1,0,0,0,1,0,803532.7025,5818189.293,13.46542317,52.42946228
12,12214528.0,,12400619.0,2020,6,12,2,3,3,6,0,0,0,0,0,0,0,789585.6804,5834319.246,13.27490603,52.58163219
6,6030610.0,,6300634.0,2020,6,17,4,3,5,3,0,1,0,0,0,0,0,791914.3719,5818765.961,13.29553542,52.44095543
3,3050925.0,,3500936.0,2020,6,16,5,3,1,5,0,1,0,0,0,0,0,802401.6136,5831134.616,13.46058377,52.54611793
3,3051017.0,,3501037.0,2020,6,13,2,3,5,3,0,1,0,0,0,0,0,802302.0941,5833159.42,13.46096452,52.56432119
8,8010301.0,,8100312.0,2020,6,13,6,3,1,5,0,1,0,0,0,0,0,800925.3444,5824243.086,13.43264639,52.48516508
8,8010405.0,,8100418.0,2020,6,9,6,3,1,5,0,1,0,0,0,0,1,801578.7806,5823866.426,13.44189942,52.48142848
10,10040931.0,,10400938.0,2020,6,8,3,3,5,3,0,0,0,0,0,1,0,813322.0103,5828734.904,13.61884448,52.51844436
4,4030827.0,,4300623.0,2020,6,20,6,3,0,2,0,1,0,0,0,0,0,792734.5612,5826389.931,13.31425913,52.50886416
8,8020620.0,,8200624.0,2020,6,15,4,3,0,3,0,1,0,0,0,0,0,800650.2993,5821236.535,13.42589847,52.45836773
5,5010101.0,,5100101.0,2020,6,12,2,3,2,6,0,1,0,0,0,0,0,785081.992,5834121.682,13.20844854,52.58223939
10,10040828.0,,10400835.0,2020,6,12,2,3,5,3,0,1,0,0,0,0,0,811848.4274,5829321.611,13.59774783,52.52454655
5,5020625.0,,5200629.0,2020,6,19,6,3,5,3,0,1,0,0,0,0,0,784584.7717,5828434.851,13.19625383,52.53151182
2,2010102.0,,2100102.0,2020,6,12,6,3,5,3,0,1,0,0,0,0,0,797971.5219,5826184.45,13.3910123,52.5041871
6,6010205.0,,6100205.0,2020,6,7,6,2,1,5,0,1,0,0,0,0,1,795159.6429,5819752.639,13.34401319,52.44805853
9,9020601.0,,9200613.0,2020,6,20,2,3,5,2,0,0,0,0,0,1,0,806665.3736,5821254.948,13.51416826,52.45519098
9,9041302.0,,9401330.0,2020,6,10,2,3,0,1,0,0,0,0,0,0,0,811976.3931,5817603.319,13.58866946,52.41946195
12,12301206.0,,12500929.0,2020,6,9,7,2,5,3,0,1,0,0,0,0,0,793641.1961,5837889.542,13.33775488,52.61146385
9,9051702.0,,9501737.0,2020,6,7,6,3,0,1,0,0,0,0,0,0,1,813738.1588,5821733.747,13.61836761,52.45546809
1,1011201.0,,1100205.0,2020,6,7,6,3,5,3,0,1,0,0,0,0,1,796957.3436,5826859.548,13.3767167,52.51079155
2,2030402.0,,2300419.0,2020,6,18,6,3,2,6,0,1,0,0,0,0,1,801511.2891,5826001.727,13.44284071,52.50060483
4,4030931.0,,4501042.0,2020,6,18,3,3,5,2,0,1,0,0,0,0,0,793522.1396,5825721.716,13.32524127,52.50245072
9,9041301.0,,9401329.0,2020,6,10,2,3,0,2,0,1,0,0,0,0,0,812410.8989,5819584.024,13.59688811,52.43696393
7,7020204.0,,7200414.0,2020,6,23,2,3,0,1,2,0,0,0,0,0,0,796902.7946,5824147.572,13.37349772,52.48651115
9,9051702.0,,9501737.0,2020,6,19,3,2,3,6,0,0,0,0,0,0,0,814870.901,5821832.79,13.63507633,52.45570429
6,6030503.0,,6300527.0,2020,6,7,5,3,0,3,0,0,0,0,0,0,0,790471.479,5818105.684,13.27379365,52.43580421
7,7010104.0,,7100205.0,2020,6,18,7,3,5,2,0,1,0,0,0,0,1,796017.1603,5824954.977,13.36121034,52.49422976
1,1044201.0,,1401043.0,2020,6,21,2,3,5,3,1,1,0,0,0,0,0,795686.436,5830921.085,13.36165675,52.54789
2,2040702.0,,2400624.0,2020,6,16,5,3,5,3,0,1,0,0,0,0,1,801905.2722,5827408.928,13.44990328,52.51299985
1,1011402.0,,1100416.0,2020,6,17,5,3,5,3,0,1,0,0,0,0,1,798672.516,5829459.746,13.40424984,52.53316231
1,1011103.0,,1100103.0,2020,6,13,1,3,5,3,0,1,0,0,0,0,0,795934.3498,5825633.376,13.36059687,52.50035594
4,4010102.0,,4100101.0,2020,6,20,2,3,3,6,0,1,0,0,0,0,0,792804.8597,5830564.973,13.3189687,52.54625409
9,9051901.0,,9501939.0,2020,6,16,5,2,5,2,0,1,0,0,0,0,1,809945.8115,5821592.809,13.56260511,52.45636862
9,9010101.0,,9100101.0,2020,6,3,5,3,0,7,2,0,0,0,0,0,0,802186.9119,5824709.076,13.45159104,52.48864504
1,1011304.0,,1100311.0,2020,6,7,5,3,5,2,0,1,0,0,0,0,0,799582.3591,5828044.167,13.41634784,52.51997456
8,8010404.0,,8100415.0,2020,6,13,5,3,0,7,0,0,0,0,0,0,0,801989.1026,5823302.803,13.44741278,52.47614991
8,8010214.0,,8100209.0,2020,6,14,2,3,5,2,0,1,0,0,0,0,0,801727.7387,5822098.27,13.44248683,52.46549789
2,2010101.0,,2100101.0,2020,6,19,2,3,5,2,0,1,0,0,0,0,0,797861.1874,5825643.634,13.38890781,52.49939958
12,12214528.0,,12400619.0,2020,6,11,5,3,0,1,0,0,0,0,0,0,0,789398.3022,5836320.502,13.27389669,52.59967323
4,4051549.0,,4501146.0,2020,6,14,5,3,5,3,0,1,0,0,0,0,0,793275.7108,5823928.174,13.32004226,52.48650479
9,9020501.0,,9200510.0,2020,6,20,1,3,0,7,1,0,0,0,0,0,0,806280.1003,5822397.13,13.50956399,52.46564369
1,1011304.0,,1100311.0,2020,6,11,5,2,5,2,0,1,0,0,0,0,0,799727.0195,5827763.92,13.418221,52.5173831
9,9052001.0,,9502043.0,2020,6,10,4,3,5,3,0,1,0,0,0,0,0,810989.3136,5821975.859,13.57826976,52.45920864
9,9051901.0,,9501939.0,2020,6,8,3,3,3,6,0,0,0,0,0,0,0,810651.5035,5820306.622,13.57176131,52.44444167
2,2020204.0,,2200210.0,2020,6,18,5,3,5,3,0,1,0,0,0,0,1,798176.4687,5824842.093,13.39282112,52.49204258
7,7010101.0,,7100101.0,2020,6,19,5,3,6,4,0,0,1,0,0,0,1,794577.3796,5825486.108,13.34053411,52.49976998
6,6030501.0,,6300524.0,2020,6,12,2,3,5,2,0,0,0,0,1,0,0,788515.7402,5816865.564,13.24403427,52.42572095
3,3061131.0,,3601142.0,2020,6,17,2,3,5,3,0,0,0,0,0,0,0,798655.4881,5830297.111,13.40475209,52.54067741
2,2050602.0,,2500728.0,2020,6,16,4,3,1,5,0,1,0,0,0,0,0,803046.5509,5827818.039,13.46704218,52.51603378
9,9020501.0,,9200510.0,2020,6,6,4,3,5,2,0,0,0,0,0,1,0,805850.9288,5823348.094,13.504138,52.47440706
2,2040701.0,,2400623.0,2020,6,15,1,3,4,6,0,1,0,0,0,0,0,800926.8441,5826923.23,13.43508971,52.5091871
10,10020622.0,,10200629.0,2020,6,17,5,3,5,3,0,1,0,0,0,0,0,811035.0462,5829168.941,13.58565474,52.52364301
1,1011301.0,,1100308.0,2020,6,10,5,2,8,1,0,0,0,0,0,0,0,797110.539,5827970.825,13.37995973,52.5206695
3,3040818.0,,3400829.0,2020,6,17,4,3,5,2,0,1,0,0,0,0,0,800000.8709,5833019.327,13.42699014,52.56433838
8,8010117.0,,8100102.0,2020,6,15,3,3,5,3,0,1,0,0,0,0,0,800145.3717,5823272.037,13.42032039,52.47689045
8,8010213.0,,8100208.0,2020,6,18,2,3,5,3,0,1,0,0,0,0,0,801637.5642,5822641.488,13.44165454,52.47041665
2,2030301.0,,2300314.0,2020,6,17,6,3,0,5,0,1,0,0,0,0,0,799845.5944,5825805.958,13.41819955,52.49976787
3,3040614.0,,3400725.0,2020,6,14,4,3,5,3,0,1,0,0,0,0,0,799955.9753,5835682.927,13.42873957,52.58823756
8,8010405.0,,8100418.0,2020,6,9,5,3,0,3,0,1,0,0,0,0,0,802002.6495,5823720.378,13.4479898,52.47988519
9,9030901.0,,9300920.0,2020,6,9,5,3,1,5,0,1,0,0,0,0,0,807961.3704,5817853.525,13.53004691,52.42397829
11,11041128.0,,11401137.0,2020,6,17,3,3,4,6,0,0,0,0,0,0,0,807140.7287,5825728.706,13.52526157,52.49501882
1,1011104.0,,1100104.0,2020,6,8,5,3,5,2,0,1,0,0,0,0,0,796143.4679,5825693.807,13.36372226,52.50078419
1,1044202.0,,1401046.0,2020,6,14,7,3,3,6,0,1,0,0,0,0,0,794668.1006,5829870.51,13.34575045,52.53902416
1,1044101.0,,1400938.0,2020,6,17,2,3,1,5,0,1,0,0,0,0,0,793892.6904,5830229.336,13.33466778,52.54265956
1,1033203.0,,1300836.0,2020,6,16,5,2,5,3,0,1,0,0,0,0,1,796566.4634,5830500.476,13.37422137,52.54364133
7,7030301.0,,7300517.0,2020,6,14,7,2,5,3,0,1,0,0,0,0,0,793949.5055,5822398.617,13.3285883,52.47243066
2,2020205.0,,2200211.0,2020,6,10,3,3,1,5,0,0,0,0,0,1,0,798656.1963,5824579.585,13.3996307,52.48942728
2,2020204.0,,2200210.0,2020,6,7,5,3,5,2,0,1,0,0,0,0,0,798005.4674,5825273.743,13.39069602,52.49600518
2,2050601.0,,2500726.0,2020,6,14,7,3,2,3,0,0,0,1,0,0,0,801858.9761,5829003.068,13.45066972,52.52731381
8,8010213.0,,8100208.0,2020,6,18,3,3,1,5,0,1,0,0,0,0,0,801028.5915,5822823.098,13.43288039,52.47238039
5,5010339.0,,5100317.0,2020,6,17,2,3,0,2,0,1,0,0,0,0,0,787125.1883,5828129.753,13.23333859,52.52744416
2,2010104.0,,2100106.0,2020,6,15,5,2,5,2,0,1,0,0,0,0,0,799061.6276,5825597.127,13.40649751,52.49832618
6,6030502.0,,6300525.0,2020,6,15,5,3,3,7,0,0,0,0,0,0,1,790224.9237,5815008.425,13.26749008,52.4081671
1,1022202.0,,1200624.0,2020,6,9,5,3,5,2,0,0,0,0,0,1,0,795657.7106,5829732.303,13.36017634,52.53724925
3,3061126.0,,3601141.0,2020,6,13,7,3,5,3,0,1,0,0,0,0,0,799190.97,5831607.125,13.41380435,52.55212591
3,3061441.0,,3601453.0,2020,6,10,3,3,5,2,0,1,0,0,0,0,0,802391.1255,5828832.527,13.45833497,52.52549036
3,3071633.0,,3701657.0,2020,6,17,4,3,3,6,0,0,0,0,0,0,0,799987.5215,5830256.199,13.42429727,52.53957904
9,9031201.0,,9301227.0,2020,6,16,2,3,1,1,0,1,0,0,0,0,0,815047.4592,5815080.488,13.63130704,52.39509596
9,9020601.0,,9200613.0,2020,6,22,4,3,1,1,2,1,0,0,0,0,0,806483.8274,5821598.156,13.5118199,52.45836876
6,6020306.0,,6200317.0,2020,6,16,4,3,5,2,0,1,0,0,0,0,0,796367.9127,5816708.048,13.3590412,52.42011243
11,11040925.0,,11400927.0,2020,6,13,5,3,5,3,0,1,0,0,0,0,1,803698.1365,5826380.817,13.47530374,52.50278991
2,2020202.0,,2200208.0,2020,6,19,4,3,0,2,0,1,0,0,0,0,0,797941.3924,5825259.318,13.38974208,52.49591087
7,7030303.0,,7300619.0,2020,6,19,4,3,5,2,0,0,0,1,0,0,0,795808.4616,5822504.63,13.35597093,52.47237747
4,4031032.0,,4500938.0,2020,6,17,4,3,5,2,0,1,0,0,0,0,0,791912.7224,5824773.162,13.30076687,52.49481048
7,7030303.0,,7300619.0,2020,6,16,5,3,5,2,0,1,0,0,0,0,1,795246.6494,5822270.144,13.34751624,52.47057941
4,4041133.0,,4400725.0,2020,6,18,1,3,5,7,0,1,0,0,0,0,0,790563.6261,5825204.939,13.28132764,52.49940129
2,2020205.0,,2200211.0,2020,6,19,4,3,5,2,0,1,0,0,0,0,0,798254.3038,5824521.598,13.39367728,52.48912721
1,1011401.0,,1100414.0,2020,6,8,4,3,5,2,0,1,0,0,0,0,0,797424.0578,5829329.401,13.38578208,52.53267661
6,6020410.0,,6200422.0,2020,6,10,4,3,1,5,0,1,0,0,0,0,0,793963.3613,5817015.737,13.32405469,52.42416767
4,4030623.0,,4300622.0,2020,6,9,3,3,1,5,0,1,0,0,0,0,0,793678.9845,5826128.306,13.32790395,52.50601122
11,11051229.0,,11501238.0,2020,6,17,6,3,5,3,0,0,0,0,0,0,0,803736.9271,5826209.997,13.47571766,52.50123731
8,8010404.0,,8100417.0,2020,6,14,7,3,0,7,0,0,0,0,0,0,0,802188.4676,5823357.515,13.4503888,52.47653002
6,6030605.0,,6300629.0,2020,6,22,4,2,0,1,2,0,0,0,0,0,0,791873.8068,5819135.037,13.29526271,52.44428585
2,2040701.0,,2400623.0,2020,6,14,3,2,0,6,0,0,0,0,0,0,0,800621.7462,5827235.588,13.43088989,52.51215506
11,11040926.0,,11400928.0,2020,6,19,4,3,5,7,0,1,0,0,0,0,0,804050.0046,5826307.591,13.4804048,52.50193767
3,3040513.0,,3400620.0,2020,6,19,1,3,4,6,0,1,0,0,0,0,0,797167.663,5833579.157,13.38581696,52.57091036
7,7010104.0,,7100205.0,2020,5,19,1,3,5,3,0,1,0,0,0,0,0,796355.9797,5825093.333,13.3663095,52.49528614
9,9041402.0,,9401432.0,2020,6,19,4,2,3,6,0,1,0,0,0,0,0,812246.3717,5820068.177,13.59492795,52.44139655
1,1033201.0,,1300834.0,2020,6,9,4,3,0,3,0,0,0,1,0,0,0,797972.2761,5830852.291,13.39520592,52.54602789
2,2030302.0,,2300316.0,2020,6,16,3,3,5,2,0,0,0,0,0,0,0,801241.0056,5826205.578,13.43905541,52.50258126
8,8010508.0,,8100520.0,2020,6,13,6,3,0,2,0,1,0,0,0,0,0,803003.3237,5822810.57,13.46185303,52.47117634
9,9020702.0,,9200717.0,2020,6,11,4,3,5,3,0,1,0,0,0,0,0,809364.6466,5819655.819,13.55228564,52.4393388
3,3040512.0,,3400619.0,2020,6,23,7,3,5,3,2,1,0,0,0,0,0,796296.9332,5835140.563,13.37440244,52.58538128
8,8041037.0,,8401243.0,2020,6,10,4,3,5,7,0,1,0,0,0,0,0,805477.5624,5817215.158,13.49305023,52.41964903
10,10040933.0,,10400941.0,2020,6,10,4,3,5,3,0,1,0,0,0,0,0,813024.6327,5824671.263,13.61065688,52.48220064
12,12214527.0,,12200515.0,2020,6,19,7,3,1,5,0,1,0,0,0,0,0,790404.0582,5835314.135,13.28782227,52.59011507
7,7020201.0,,7200307.0,2020,6,18,2,3,0,5,0,1,0,0,0,0,0,794957.1533,5824156.386,13.34493526,52.48764477
2,2020204.0,,2200210.0,2020,6,16,2,3,5,3,0,1,0,0,0,0,0,798533.8248,5824758.256,13.39799384,52.49109577
5,5040936.0,,5400943.0,2020,6,18,4,3,5,2,0,1,0,0,0,0,0,780520.7842,5820690.843,13.12997758,52.46417976
3,3050923.0,,3500934.0,2020,6,16,4,3,1,5,0,1,0,0,0,0,0,800691.9551,5831934.529,13.43617214,52.55423395
7,7010103.0,,7100204.0,2020,6,18,7,3,1,5,0,1,0,0,0,0,1,795107.9879,5824769.802,13.34769347,52.49306212
7,7010102.0,,7100102.0,2020,6,15,3,3,1,5,0,1,0,0,0,0,0,795139.3003,5825599.023,13.34888807,52.50047857
1,1011101.0,,1100101.0,2020,5,18,1,3,4,6,1,0,0,1,0,0,0,794590.5529,5826146.69,13.34131204,52.50568458
2,2020205.0,,2200211.0,2020,6,16,2,3,5,2,0,1,0,0,0,0,0,798555.5863,5824513.796,13.39809438,52.4888926
9,9051901.0,,9501939.0,2020,6,17,5,2,5,3,0,1,0,0,0,0,1,811001.4405,5821743.693,13.57823141,52.45712117
9,9010302.0,,9100306.0,2020,6,17,1,3,0,1,0,0,0,0,0,0,0,804550.4646,5820091.606,13.48207953,52.44594671
3,3051022.0,,3501038.0,2020,5,17,1,3,1,5,0,1,0,0,0,0,0,803305.7786,5831549.149,13.47425513,52.54933066
12,12301203.0,,12500930.0,2020,6,15,4,3,5,2,0,1,0,0,0,0,0,792844.8139,5835127.368,13.32358387,52.58713224
2,2010102.0,,2100102.0,2020,6,17,4,3,1,5,0,1,0,0,0,0,0,798142.8949,5826223.553,13.39356466,52.50444399
1,1011101.0,,1100101.0,2020,6,14,4,3,3,6,0,1,0,0,0,0,0,794963.855,5825958.603,13.34662948,52.50379681
6,6010102.0,,6100102.0,2020,6,12,7,3,5,2,0,1,0,0,0,0,0,793732.6268,5821047.727,13.32421537,52.4604371
2,2040701.0,,2400623.0,2020,6,18,4,2,5,3,0,1,0,0,0,0,0,800593.0012,5827054.91,13.43030441,52.51055143
12,12301205.0,,12500928.0,2020,6,16,7,3,1,5,0,1,0,0,0,0,0,792260.499,5837441.002,13.31702576,52.60818711
2,2050802.0,,2500834.0,2020,6,14,4,3,5,3,0,1,0,0,0,0,0,802550.4763,5826711.739,13.45874823,52.5063935
2,2050601.0,,2500726.0,2020,6,11,4,1,5,2,0,0,0,0,1,0,0,801992.5903,5828251.977,13.45195128,52.52050778
2,2010102.0,,2100102.0,2020,6,17,4,3,5,3,0,1,0,0,0,0,0,797971.3841,5826082.886,13.39091939,52.50327677
9,9051801.0,,9501838.0,2020,5,12,1,3,5,7,0,1,0,0,0,0,0,819450.9123,5819880.073,13.70038514,52.43555071
7,7060604.0,,7601339.0,2020,6,13,4,3,5,2,0,1,0,0,0,0,0,795525.3937,5816092.174,13.34614414,52.41504707
6,6040808.0,,6400842.0,2020,6,8,2,3,5,2,0,1,0,0,0,0,0,790013.9828,5819787.241,13.26854219,52.4511227
5,5020417.0,,5200420.0,2020,5,12,1,3,5,2,0,1,0,0,0,0,0,781905.1165,5828691.401,13.157073,52.53520472
2,2020204.0,,2200210.0,2020,6,9,2,3,0,4,0,0,1,0,0,0,0,798292.8201,5824822.864,13.39451255,52.49180665
2,2020203.0,,2200208.0,2020,6,9,3,2,3,6,0,0,0,0,0,0,0,797339.6058,5824886.656,13.38057118,52.49289853
10,10010206.0,,10100209.0,2020,6,16,4,3,5,3,0,1,0,0,0,0,0,809294.1682,5831945.947,13.5626617,52.54951979
1,1011201.0,,1100207.0,2020,6,18,4,3,5,2,0,1,0,0,0,0,0,797902.3162,5826578.031,13.3903479,52.50775286
1,1011201.0,,1100205.0,2020,5,17,1,3,5,3,0,1,0,0,0,0,0,797158.6193,5826452.623,13.37931052,52.50703431
4,4030931.0,,4501042.0,2020,6,21,3,3,6,4,1,0,1,0,0,0,0,794327.9316,5825949.05,13.33727918,52.50405459
3,3010102.0,,3100103.0,2020,6,19,3,3,5,2,0,1,0,0,0,0,0,804237.1912,5841130.874,13.49674947,52.63468662
2,2040502.0,,2400521.0,2020,6,8,4,3,5,2,0,1,0,0,0,0,0,800415.7378,5828046.205,13.42859526,52.51953437
6,6040701.0,,6400735.0,2020,6,19,3,2,5,2,0,0,0,0,0,0,0,784466.6035,5816997.24,13.18475762,52.42902187
1,1033201.0,,1300834.0,2020,6,12,7,2,6,7,0,0,1,0,0,0,0,797899.3623,5830330.293,13.39366573,52.54138874
6,6040808.0,,6400842.0,2020,6,15,3,3,5,3,0,1,0,0,0,0,0,790552.2382,5821756.026,13.27815414,52.46848741
2,2020205.0,,2200211.0,2020,6,20,2,3,5,7,0,1,0,0,0,0,0,797806.6369,5824595.977,13.38717005,52.49003833
9,9020802.0,,9200819.0,2020,6,18,6,3,5,3,0,1,0,0,0,0,0,809839.7654,5819988.25,13.55956115,52.44204904
2,2020204.0,,2200210.0,2020,6,16,3,3,5,2,0,1,0,0,0,0,0,798570.7375,5825153.25,13.39888986,52.49461618
2,2020205.0,,2200211.0,2020,6,11,7,3,6,7,0,0,1,0,0,0,0,798329.2187,5824099.987,13.39439996,52.48530707
9,9051702.0,,9501737.0,2020,6,12,3,2,3,6,0,1,0,0,0,0,0,814797.4928,5821269.478,13.63346861,52.45069882
9,9020502.0,,9200512.0,2020,6,18,3,3,1,5,0,1,0,0,0,0,0,807914.4489,5822039.694,13.53321625,52.46152178
1,1044202.0,,1401047.0,2020,6,18,3,3,1,5,0,1,0,0,0,0,0,795450.7341,5830649.054,13.35794886,52.54557937
7,7010104.0,,7100205.0,2020,6,18,3,3,5,2,0,1,0,0,0,0,0,796016.734,5824976.293,13.36122302,52.49442106
8,8010404.0,,8100415.0,2020,6,22,7,3,5,7,2,1,0,0,0,0,0,801387.8047,5823754.66,13.43899471,52.48053213
2,2050801.0,,2500832.0,2020,6,12,3,2,0,1,0,0,0,0,0,0,0,803374.0659,5826684.122,13.47082038,52.50568865
7,7020202.0,,7200308.0,2020,6,15,3,3,3,6,0,1,0,0,0,0,0,794828.7489,5823465.399,13.34243851,52.48151986
10,10010309.0,,10100312.0,2020,5,17,1,3,5,3,0,1,0,0,0,0,0,807841.9373,5829091.164,13.53866741,52.52475809
9,9010101.0,,9100101.0,2020,6,16,6,3,1,5,0,1,0,0,0,0,0,801771.5909,5824810.452,13.44558467,52.48978342
3,3020307.0,,3200309.0,2020,6,16,3,3,0,7,0,0,0,0,0,0,0,800744.0007,5836893.968,13.44143614,52.59865708
5,5010314.0,,5100316.0,2020,6,20,4,3,5,2,1,1,0,0,0,0,0,784785.3359,5828822.841,13.199535,52.53488578
2,2020206.0,,2200213.0,2020,6,17,7,3,5,3,0,1,0,0,0,0,0,799370.134,5825175.046,13.41064922,52.49437369
2,2030401.0,,2300418.0,2020,6,15,3,3,6,7,0,0,1,0,0,0,0,801225.7571,5825250.152,13.43796738,52.49402599
8,8010303.0,,8100314.0,2020,6,15,3,3,2,7,0,1,0,0,0,0,0,801002.2352,5823902.622,13.4334679,52.48207102
11,11040926.0,,11400931.0,2020,6,17,5,3,5,3,0,1,0,0,0,0,0,806136.2744,5827312.766,13.51196861,52.50977995
1,1011105.0,,1100102.0,2020,6,16,2,3,5,2,0,1,0,0,0,0,0,796635.518,5826670.283,13.37181979,52.50927008
10,10040932.0,,10400939.0,2020,6,14,3,3,0,2,0,1,0,0,0,0,0,813015.7361,5827636.645,13.61331247,52.50877872
1,1011104.0,,1100104.0,2020,6,8,4,3,5,2,0,1,0,0,0,0,0,796254.4584,5825960.287,13.36558964,52.5031127
7,7030301.0,,7300516.0,2020,6,16,7,3,5,2,0,1,0,0,0,0,0,793989.3422,5821547.807,13.32842341,52.46478207
7,7010102.0,,7100103.0,2020,6,12,2,3,5,2,0,1,0,0,0,0,0,795870.9445,5825420.374,13.3594763,52.49848094
2,2050801.0,,2500830.0,2020,5,16,1,3,1,5,0,1,0,0,0,0,0,802275.8588,5827497.084,13.45542764,52.51358475
3,3040614.0,,3400722.0,2020,6,16,4,3,5,3,0,0,0,0,0,0,0,798377.497,5834193.783,13.40416838,52.57575773
2,2010101.0,,2100101.0,2020,6,12,5,3,5,2,0,1,0,0,0,0,0,797858.107,5825635.107,13.38885494,52.49932482
10,10040830.0,,10400837.0,2020,6,13,3,3,5,3,0,1,0,0,0,0,0,810593.4497,5825391.14,13.57564236,52.49004004
7,7050501.0,,7501029.0,2020,6,17,5,3,5,3,0,1,0,0,0,0,1,797106.9731,5819477.975,13.37233844,52.44454166