district,LOR,street,LOR_2021,year,month,hour,weekday,category,accident_kind,accident_type,light_condition,car,pedestrian,motorcycle,goods_vehicle,others,road_condition,LINREFX,LINREFY,XGCSWGS84,YGCSWGS84
9,9041501.0,,9401534.0,2020,6,11,1,2,0,1,0,0,0,0,0,0,1,810880.2948,5820634.821,13.57542208,52.44725284
1,1011306.0,,1100313.0,2020,5,15,1,2,1,5,0,1,0,0,0,0,0,800023.9951,5827056.171,13.42194639,52.51087598
6,6030503.0,,6300526.0,2020,6,12,3,3,5,2,0,1,0,0,0,0,0,788365.7693,5817759.846,13.24260596,52.43381783
3,3020307.0,,3200309.0,2020,6,11,4,2,0,1,0,0,0,0,0,0,0,800039.8915,5837333.134,13.43146961,52.60298234
1,1044101.0,,1400938.0,2020,6,8,3,3,5,2,0,1,0,0,0,0,0,794434.1466,5831457.389,13.34371767,52.55337585
3,3061131.0,,3601142.0,2020,6,9,3,2,5,2,0,0,0,0,1,0,0,798869.8108,5830455.997,13.40804582,52.54198408
8,8010406.0,,8100419.0,2020,6,8,3,3,1,5,0,1,0,0,0,0,0,802434.7043,5824101.22,13.45467783,52.4830596
11,11030619.0,,11300620.0,2020,6,9,2,3,5,2,0,0,0,0,0,0,0,803796.9146,5829131.679,13.479266,52.52739008
3,3030711.0,,3300514.0,2020,6,8,3,3,5,2,0,1,0,0,0,0,0,801426.0995,5836111.578,13.45076438,52.59126692
6,6010207.0,,6100207.0,2020,6,15,4,3,1,5,0,1,0,0,0,0,0,794208.178,5820147.842,13.33040161,52.45211421
2,2010104.0,,2100106.0,2020,6,13,1,2,5,2,0,1,0,0,0,0,0,799858.9868,5825691.642,13.41829332,52.49873584
3,3061131.0,,3601142.0,2020,5,13,1,3,0,7,0,0,0,0,0,0,0,798775.1992,5831025.514,13.40716714,52.54714085
6,6030504.0,,6300528.0,2020,6,8,3,3,2,7,0,0,0,0,0,1,0,790698.9832,5816836.832,13.27602782,52.42430778
7,7060604.0,,7601340.0,2020,6,7,3,2,5,2,0,1,0,0,0,0,0,796591.2823,5815876.027,13.36157889,52.41253297
3,3061430.0,,3601450.0,2020,6,10,3,3,5,2,0,1,0,0,0,0,0,802236.16,5829337.394,13.45651664,52.53010138
1,1011402.0,,1100416.0,2020,6,7,3,3,2,7,0,1,0,0,0,0,0,798505.8472,5829096.165,13.40147352,52.52999462
8,8010303.0,,8100314.0,2020,6,14,3,3,5,7,0,1,0,0,0,0,0,801013.6738,5824039.388,13.43375932,52.48329059
12,12224230.0,,12400618.0,2020,6,7,3,3,5,2,0,1,0,0,0,0,0,787287.0332,5837903.125,13.24418431,52.61498164
10,10020622.0,,10200629.0,2020,6,7,3,3,1,5,0,0,0,0,0,1,0,811111.586,5828333.407,13.58599786,52.51611184
7,7050501.0,,7501029.0,2020,6,12,3,3,5,2,0,0,0,0,0,1,0,797211.4466,5818625.485,13.37311291,52.4368431
2,2020204.0,,2200210.0,2020,6,15,4,3,5,7,0,1,0,0,0,0,0,798533.7539,5824757.625,13.39799223,52.49109016
1,1022103.0,,1200517.0,2020,6,20,7,3,5,3,0,1,0,0,0,0,0,793407.9128,5829570.113,13.32695775,52.53701124
2,2030302.0,,2300316.0,2020,6,19,3,3,5,3,0,1,0,0,0,0,0,800721.7204,5826208.98,13.43143124,52.50289819
3,3040614.0,,3400721.0,2020,6,19,3,3,6,6,0,0,1,0,0,0,0,797890.6387,5833084.478,13.3960088,52.56608107
2,2050601.0,,2500726.0,2020,6,17,2,3,5,3,0,1,0,1,0,0,0,801971.3299,5829016.554,13.4523331,52.52737245
8,8010301.0,,8100310.0,2020,5,22,7,3,1,5,2,1,0,0,0,0,0,800991.4967,5824796.775,13.43411769,52.49009149
8,8010301.0,,8100310.0,2020,6,19,4,3,3,6,0,1,0,0,0,0,0,800559.6308,5825015.615,13.42797362,52.49229096
3,3061429.0,,3601449.0,2020,6,15,4,3,5,3,0,1,0,0,0,0,0,801413.183,5830904.938,13.44584326,52.54460705
2,2030301.0,,2300314.0,2020,6,19,2,3,5,2,0,1,0,0,0,0,0,799603.8485,5826091.425,13.41490576,52.50245942
4,4020204.0,,4200203.0,2020,6,19,2,3,1,5,0,1,0,0,0,0,0,788189.4749,5826894.242,13.24791297,52.51580569
6,6020305.0,,6200316.0,2020,6,18,2,3,4,6,0,0,0,0,0,0,0,795878.3175,5818104.877,13.35309835,52.43289901
2,2020206.0,,2200212.0,2020,6,18,2,3,0,7,0,1,0,0,0,0,0,799260.255,5824660.428,13.40857336,52.48982113
2,2020205.0,,2200211.0,2020,6,10,4,3,6,4,0,0,1,0,0,0,0,798652.8167,5824571.144,13.39957351,52.48935347
4,4030621.0,,4300620.0,2020,6,13,5,2,3,6,0,1,0,0,0,0,0,793220.9718,5827792.972,13.32264202,52.5211806
2,2030402.0,,2300419.0,2020,6,10,4,2,5,2,0,1,0,0,0,0,0,801770.2529,5825801.321,13.44646254,52.49866543
1,1011401.0,,1100415.0,2020,6,17,2,3,5,5,0,1,0,0,0,0,0,798175.0648,5829605.825,13.39706892,52.53474407
7,7020203.0,,7200409.0,2020,6,16,2,3,5,2,0,1,0,0,0,0,0,795224.7897,5824368.521,13.34905333,52.48940176
2,2040502.0,,2400521.0,2020,6,16,2,2,0,1,0,0,0,0,0,0,0,800716.8864,5828488.016,13.43341966,52.52332844
1,1011302.0,,1100309.0,2020,6,16,2,3,2,6,0,1,0,0,0,0,0,797579.3084,5828732.066,13.38752941,52.5272375
4,4051446.0,,4501043.0,2020,6,10,4,3,5,3,0,1,0,0,0,0,0,792956.2994,5825133.017,13.31641111,52.49747733
2,2020203.0,,2200209.0,2020,6,23,2,3,1,5,2,1,0,0,0,0,0,797634.6083,5824022.168,13.38413142,52.4849886
5,5010206.0,,5100208.0,2020,6,13,2,3,5,2,0,1,0,0,0,0,0,782374.3895,5830505.202,13.16551511,52.55122498
11,11040926.0,,11400931.0,2020,6,22,2,2,5,3,2,0,0,1,0,0,0,806621.6551,5827360.87,13.51914252,52.50993848
7,7030301.0,,7300516.0,2020,6,9,4,3,5,3,0,1,0,0,0,0,0,793573.8253,5822125.7,13.32283311,52.47018609
2,2040703.0,,2400625.0,2020,6,21,2,3,1,5,1,1,0,0,0,0,0,801359.9965,5826439.664,13.44101499,52.50461371
11,11010207.0,,11100206.0,2020,6,20,2,2,5,3,1,1,0,0,0,0,0,805428.7462,5834483.492,13.50816819,52.57444294
3,3051017.0,,3501037.0,2020,6,8,4,3,5,3,0,1,0,0,0,0,0,802304.4046,5833112.279,13.46095555,52.56389739
11,11020411.0,,11200410.0,2020,6,20,2,3,5,2,1,1,0,0,0,0,0,804986.9775,5833001.816,13.50030725,52.56141138
8,8010508.0,,8100520.0,2020,6,20,2,3,0,2,1,1,0,0,0,0,0,803002.0866,5822811.09,13.46183534,52.47118169
1,1011302.0,,1100309.0,2020,6,9,5,3,0,6,0,1,0,0,0,0,0,798888.7071,5828592.5,13.40664791,52.52527021
9,9020802.0,,9200819.0,2020,6,8,4,3,5,2,0,1,0,0,0,0,0,810473.882,5820263.106,13.56911591,52.44415257
7,7070701.0,,7601442.0,2020,6,20,2,3,5,2,0,1,0,0,0,0,0,799274.2967,5816272.385,13.40126305,52.41462567
1,1044202.0,,1401047.0,2020,6,20,2,3,5,7,0,1,0,0,0,0,0,795529.3355,5830734.178,13.35918034,52.5462998
6,6020411.0,,6200423.0,2020,6,11,2,3,0,7,0,0,0,0,0,0,0,793726.1838,5815743.47,13.31945993,52.41288948
3,3050920.0,,3500933.0,2020,6,8,4,2,5,3,0,1,0,0,0,0,0,801608.7264,5831820.354,13.44954947,52.55270372
10,10020413.0,,10200420.0,2020,6,7,2,3,0,1,0,0,0,0,0,0,0,812009.7017,5830593.207,13.6013106,52.53584926
11,11030721.0,,11300724.0,2020,6,6,2,3,5,3,0,1,0,0,0,0,0,804429.7888,5827859.723,13.48740207,52.51563707
10,10040830.0,,10400837.0,2020,6,6,2,3,5,3,0,1,0,0,0,0,0,810554.0138,5825086.669,13.5747797,52.48733394
10,10040933.0,,10400940.0,2020,6,15,2,3,4,6,0,0,0,0,0,0,0,813092.0958,5826531.53,13.61339483,52.49883194
5,5020417.0,,5200420.0,2020,6,15,2,2,5,3,0,0,0,0,1,0,0,783583.3432,5828663.061,13.18172511,52.53407995
11,11030721.0,,11300722.0,2020,6,21,3,3,1,5,1,1,0,0,0,0,0,803827.1972,5827980.251,13.47865923,52.51705333
5,5020418.0,,5200421.0,2020,6,9,3,3,6,7,0,0,1,0,0,0,0,780888.4584,5828594.654,13.14204188,52.53486218
2,2030401.0,,2300417.0,2020,6,19,3,3,0,2,0,0,0,1,0,0,0,800465.0773,5825258.011,13.42680374,52.4945157
1,1011301.0,,1100308.0,2020,6,14,2,3,3,6,0,1,0,0,0,0,0,797523.9375,5828744.692,13.38672692,52.52738089
7,7020204.0,,7200413.0,2020,6,13,2,3,1,5,0,1,0,0,0,0,0,796118.4423,5823495.798,13.36140134,52.48109452
2,2040502.0,,2400521.0,2020,6,13,2,2,0,5,0,1,0,0,0,0,0,801260.2745,5827919.617,13.44088983,52.51793385
1,1044202.0,,1401047.0,2020,6,18,3,3,6,4,0,0,1,0,0,0,0,795889.7254,5830457.977,13.36423344,52.5436283
6,6020410.0,,6200422.0,2020,6,13,2,3,0,7,0,0,0,0,0,0,0,794674.2862,5816305.964,13.33385449,52.41742247
2,2010102.0,,2100102.0,2020,6,12,2,2,5,3,0,1,0,0,0,0,0,798248.7207,5826084.225,13.39499437,52.50313726
2,2030301.0,,2300314.0,2020,6,20,2,3,5,2,0,1,0,0,0,0,0,799901.9018,5825710.647,13.41894073,52.49888261
6,6030501.0,,6300524.0,2020,6,11,2,2,5,2,0,1,0,0,0,0,0,789357.0946,5817365.66,13.25680615,52.42976025
2,2010101.0,,2100101.0,2020,6,17,2,3,5,2,0,0,0,0,0,0,0,797838.2149,5825787.023,13.38869863,52.50069742
1,1011302.0,,1100309.0,2020,6,10,2,3,6,4,0,0,1,0,0,0,0,798642.174,5828819.459,13.40322866,52.52743967
7,7010101.0,,7100101.0,2020,6,18,3,3,3,6,0,0,0,0,0,0,0,794786.5858,5825560.972,13.34367336,52.50032812
2,2020204.0,,2200210.0,2020,6,8,2,3,0,7,0,0,0,0,0,0,0,798899.2071,5825119.953,13.40368386,52.49413795
2,2020204.0,,2200210.0,2020,6,18,3,3,1,5,0,1,0,0,0,0,0,798187.6986,5824806.584,13.39295425,52.49171815
1,1011401.0,,1100415.0,2020,6,19,4,3,0,1,0,0,0,0,0,0,0,797806.9468,5829268.398,13.39135545,52.53192073
3,3030716.0,,3300517.0,2020,6,17,1,3,0,3,0,0,0,0,0,1,0,802446.7071,5834003.648,13.46386123,52.57180752
6,6040810.0,,6400844.0,2020,6,18,1,3,5,2,0,0,0,1,0,0,0,791395.3739,5820496.925,13.28943163,52.45675045
6,6020301.0,,6200311.0,2020,6,8,4,3,5,3,0,1,0,0,0,0,0,796238.0483,5818263.634,13.35851493,52.43412746
4,4051652.0,,4501149.0,2020,6,22,1,3,2,7,2,1,0,0,0,0,0,793828.3084,5824514.0,13.32867352,52.49145934
1,1033201.0,,1300834.0,2020,6,22,1,3,5,2,2,1,0,0,0,0,0,798082.0906,5829999.888,13.39605572,52.53832718
1,1011202.0,,1100206.0,2020,6,20,1,3,1,7,0,1,0,0,0,0,0,797569.791,5828037.498,13.38676805,52.52101673
8,8010404.0,,8100417.0,2020,6,14,4,3,5,3,0,1,0,0,0,0,0,802059.733,5822740.705,13.44794054,52.47107269
4,4041136.0,,4400728.0,2020,6,20,1,3,1,5,0,1,0,0,0,0,0,789887.5587,5823100.054,13.26956499,52.48089008
6,6040810.0,,6400844.0,2020,6,19,1,3,5,2,0,1,0,0,0,0,0,791273.2576,5821468.066,13.28848695,52.46552188
8,8030830.0,,8300935.0,2020,6,18,1,3,0,1,0,0,0,0,0,0,0,803027.3984,5817420.248,13.45731713,52.42284938
3,3061227.0,,3601243.0,2020,6,17,1,3,1,5,0,1,0,0,0,0,0,799294.6563,5831428.926,13.41516841,52.55047167
10,10010308.0,,10100311.0,2020,6,17,3,3,5,2,0,1,0,0,0,0,0,806548.8631,5829160.927,13.51973187,52.52611185
9,9041501.0,,9401534.0,2020,6,17,3,3,6,4,2,0,1,0,0,0,0,811289.2304,5820184.737,13.58100046,52.44298675
7,7020204.0,,7200414.0,2020,6,12,1,3,2,6,0,1,0,0,0,0,0,796285.1841,5823952.611,13.36425547,52.48509902
1,1011203.0,,1100206.0,2020,6,11,1,3,5,5,0,1,0,0,0,0,0,798183.7211,5827311.038,13.39513858,52.5141696
4,4030621.0,,4300620.0,2020,6,16,1,3,5,2,0,0,0,0,0,0,0,794160.6061,5827010.473,13.33575913,52.51365988
8,8010301.0,,8100310.0,2020,6,21,7,3,5,3,2,1,0,0,0,0,1,800573.1651,5825139.787,13.42828439,52.49339651
8,8010301.0,,8100311.0,2020,6,20,7,3,5,3,2,1,0,0,0,0,1,800513.1384,5824555.201,13.42687569,52.48818971
1,1011303.0,,1100310.0,2020,6,5,4,3,5,2,0,1,0,0,0,0,0,798742.7577,5828196.702,13.40414749,52.52180243
12,12214527.0,,12200515.0,2020,6,20,7,3,6,7,1,0,1,0,0,0,1,790098.4724,5834969.678,13.28302238,52.5871901
1,1011304.0,,1100311.0,2020,6,19,7,3,0,1,1,0,0,0,0,0,1,799921.5311,5827460.165,13.42080518,52.51455349
10,10040931.0,,10400938.0,2020,6,19,7,3,0,1,1,0,0,0,0,0,1,814341.2128,5830081.751,13.6350887,52.52992664
3,3061228.0,,3601245.0,2020,6,7,5,3,0,7,0,0,1,0,0,0,0,801229.6035,5831030.124,13.44325785,52.54583063
9,9020701.0,,9200715.0,2020,6,16,7,2,0,7,0,0,0,0,0,0,0,808747.431,5819067.029,13.54269057,52.43441083
1,1011302.0,,1100309.0,2020,6,9,5,3,5,3,0,0,0,0,0,1,0,798534.7166,5828993.565,13.4018057,52.52905915
4,4030518.0,,4300517.0,2020,6,16,7,1,5,3,0,1,0,0,0,0,0,791951.8424,5828403.504,13.3045261,52.52733488
1,1022201.0,,1200623.0,2020,6,14,7,3,1,5,0,1,0,0,0,0,0,795075.4828,5828944.33,13.35091739,52.53050127
1,1011201.0,,1100205.0,2020,6,16,3,3,0,1,0,0,0,0,0,0,0,797237.0076,5827397.868,13.38130628,52.51546467
1,1033101.0,,1300730.0,2020,6,18,4,3,5,3,0,0,0,0,0,0,0,796666.2536,5831967.173,13.37699895,52.55673431
8,8010404.0,,8100417.0,2020,6,14,7,3,5,7,0,1,0,0,0,0,0,801896.0849,5822706.888,13.44550804,52.47086004
1,1033203.0,,1300836.0,2020,6,14,7,3,0,2,0,1,0,0,0,0,0,796651.8436,5831080.656,13.3759949,52.54879553
12,12214422.0,,12200310.0,2020,6,18,4,3,5,2,0,1,0,0,0,0,0,792021.335,5833079.147,13.30965913,52.5692134
1,1033101.0,,1300732.0,2020,6,14,7,3,6,4,0,0,1,0,0,0,0,797301.5165,5832277.877,13.38662007,52.55917295
1,1011101.0,,1100101.0,2020,6,13,7,3,5,3,0,1,0,0,0,0,0,794723.2554,5826042.927,13.34316968,52.50468274
1,1033203.0,,1300836.0,2020,6,12,7,3,0,7,0,0,0,0,0,0,0,796691.5446,5829859.575,13.37548809,52.53782826
6,6020304.0,,6200314.0,2020,6,13,4,2,2,6,0,1,0,0,0,0,0,795040.7252,5817730.946,13.34048381,52.42999932
1,1011202.0,,1100206.0,2020,6,1,7,3,1,5,2,1,0,0,0,0,0,797713.6246,5827740.08,13.38861551,52.51827224
3,3050925.0,,3500936.0,2020,6,14,3,2,1,5,0,0,0,0,0,1,0,802071.9196,5831129.677,13.45573211,52.54625655
1,1044101.0,,1400938.0,2020,6,12,5,3,0,2,0,1,0,0,0,0,0,793947.017,5830165.721,13.33541026,52.54205999
7,7040403.0,,7400823.0,2020,6,8,3,3,5,2,0,1,0,0,0,0,0,797268.9128,5821088.203,13.37614729,52.4588878
11,11020412.0,,11200411.0,2020,6,17,7,3,3,2,1,1,0,0,0,0,1,805714.4668,5831826.162,13.50992306,52.55046695
1,1011305.0,,1100312.0,2020,6,16,4,3,5,2,0,1,0,0,0,0,0,799690.207,5827210.072,13.41718128,52.51243894
6,6020409.0,,6200421.0,2020,6,15,5,3,6,6,0,0,1,0,0,0,0,793087.2141,5816647.605,13.31088415,52.42133742
2,2020205.0,,2200211.0,2020,6,14,3,3,3,6,0,1,0,0,0,0,0,798102.9947,5824547.145,13.39147827,52.48943886
4,4010101.0,,4100101.0,2020,6,13,6,2,5,2,0,0,0,0,0,1,0,790399.7261,5829029.346,13.28225813,52.53377459
1,1011302.0,,1100309.0,2020,6,20,6,2,3,6,0,1,0,0,0,0,0,798098.384,5828950.244,13.39535386,52.5289096
4,4030930.0,,4501041.0,2020,6,19,6,3,0,7,0,0,0,0,0,0,1,793293.579,5825653.371,13.32182349,52.50196094
8,8010303.0,,8100314.0,2020,6,18,6,3,0,1,0,0,0,0,0,0,0,801231.0177,5823807.384,13.43674063,52.48109122
1,1011302.0,,1100309.0,2020,6,8,3,3,0,1,0,0,0,0,0,0,0,799032.7051,5828941.845,13.40907827,52.52832261
1,1044203.0,,1401049.0,2020,6,15,3,3,5,3,0,1,0,0,0,0,0,796341.9113,5831942.394,13.37220665,52.55668877
5,5010207.0,,5100209.0,2020,6,17,6,3,6,7,0,0,1,0,0,0,0,783277.7706,5830339.587,13.1786618,52.54927096
6,6020408.0,,6200420.0,2020,6,14,3,3,2,6,0,1,0,0,0,0,0,793111.0927,5816290.943,13.31092185,52.41812721
12,12302109.0,,12601133.0,2020,6,16,6,3,6,7,0,0,1,0,0,0,0,795221.8844,5836952.144,13.36019572,52.60220476
7,7070705.0,,7601546.0,2020,6,15,6,3,1,5,0,1,0,0,0,0,0,798687.5599,5814084.972,13.39071088,52.39533836
1,1033203.0,,1300836.0,2020,6,13,3,3,5,3,0,1,0,0,0,0,0,796408.9578,5830825.094,13.37219527,52.5466369
5,5040936.0,,5400943.0,2020,6,8,6,3,2,6,0,1,0,0,0,0,0,781558.3184,5819636.38,13.14431999,52.454191
8,8010301.0,,8100311.0,2020,6,15,6,3,5,7,0,1,0,0,0,1,0,800853.7557,5824525.572,13.4318503,52.48773654
10,10040933.0,,10400940.0,2020,6,9,5,1,6,4,0,0,1,0,0,0,0,812438.971,5824769.128,13.60215242,52.48341302
9,9051901.0,,9501939.0,2020,6,6,3,3,5,2,0,1,0,0,0,0,0,810763.9189,5821244.651,13.57428257,52.45278406
1,1044201.0,,1401044.0,2020,6,16,4,3,4,6,0,0,0,0,0,1,0,796647.8218,5831622.276,13.37641966,52.55365273
2,2050801.0,,2500830.0,2020,6,14,6,3,3,6,0,1,0,0,0,0,0,802216.4283,5827524.403,13.45457935,52.51386254
7,7050505.0,,7501134.0,2020,6,13,4,3,5,3,0,1,0,0,0,0,0,799298.0944,5819054.086,13.4041011,52.43954712
2,2020203.0,,2200209.0,2020,6,13,6,2,5,2,0,0,0,0,0,1,0,797129.2561,5823996.505,13.37668836,52.48503379
1,1011204.0,,1100207.0,2020,6,13,6,3,5,2,0,1,0,0,0,0,0,798619.3651,5826919.146,13.40118763,52.51041848
3,3040614.0,,3400723.0,2020,6,22,6,3,1,5,2,1,0,0,0,0,0,798914.2663,5833274.101,13.41123687,52.56721969
4,4010102.0,,4100101.0,2020,6,22,6,2,1,5,2,0,0,0,0,1,0,792432.239,5830195.429,13.31316401,52.54314141
4,4020310.0,,4200308.0,2020,6,12,6,3,5,2,0,0,0,0,0,1,0,788168.9261,5827845.169,13.2484348,52.52434202
7,7040406.0,,7400928.0,2020,6,5,3,3,5,3,0,1,0,0,0,0,0,800274.6428,5821545.149,13.42066388,52.4613405
2,2050802.0,,2500834.0,2020,6,17,4,3,5,2,0,1,0,0,0,0,0,802550.8004,5826713.139,13.45875426,52.50640587
10,10040933.0,,10400940.0,2020,6,12,6,3,5,2,0,1,0,0,0,0,0,812382.0183,5824149.368,13.60073584,52.47789179
9,9051901.0,,9501940.0,2020,6,12,6,3,1,5,0,1,0,0,0,0,0,812258.0955,5821767.765,13.59668854,52.45662044
5,5010313.0,,5100315.0,2020,6,0,3,2,5,3,2,1,0,0,0,0,0,784331.0575,5830000.034,13.19386306,52.54567774
11,11040926.0,,11400931.0,2020,6,12,3,3,5,2,0,1,0,0,0,0,0,806685.1672,5826906.706,13.51965702,52.50583247
1,1022207.0,,1200629.0,2020,6,14,5,3,0,7,0,0,1,0,0,0,0,794589.5911,5827548.838,13.34253908,52.51825444
10,10030724.0,,10300731.0,2020,6,8,6,3,5,2,0,1,0,0,0,0,0,809564.8134,5828022.68,13.56298707,52.5142073
3,3061126.0,,3601141.0,2020,6,7,6,2,5,2,0,1,0,0,0,0,0,798968.2706,5831464.0,13.41040069,52.55096529
2,2030302.0,,2300316.0,2020,6,11,3,3,5,3,0,1,0,0,0,0,0,801186.4198,5825954.796,13.43802685,52.50036358
6,6040804.0,,6400838.0,2020,6,6,6,3,5,2,0,1,0,0,0,0,0,788376.7752,5819137.139,13.24395585,52.4461603
3,3050923.0,,3500934.0,2020,6,9,5,3,6,7,0,0,1,0,0,0,0,800335.725,5831951.805,13.43094933,52.55458535
6,6030501.0,,6300524.0,2020,6,7,5,2,0,1,0,0,0,0,0,0,1,788520.1136,5817046.93,13.24425486,52.4273447
4,4051550.0,,4501147.0,2020,6,11,5,3,5,2,0,1,0,0,0,0,1,793319.8362,5824170.131,13.32090319,52.48865015
2,2050801.0,,2500832.0,2020,6,12,5,3,5,7,0,1,0,0,0,0,0,803157.255,5827086.008,13.46800178,52.50941119
1,1011204.0,,1100207.0,2020,6,11,3,3,0,7,0,1,0,0,0,0,0,798149.7008,5826610.454,13.39401114,52.50790835
4,4051448.0,,4501045.0,2020,6,11,5,3,6,4,0,0,1,0,0,0,1,793736.6062,5824913.461,13.32767894,52.49508968
12,12231101.0,,12400723.0,2020,6,9,5,3,5,3,0,1,0,0,0,0,1,791422.7817,5838752.912,13.30584552,52.62039766
1,1044101.0,,1400938.0,2020,6,10,3,3,5,2,0,1,0,0,0,0,0,794021.903,5830177.809,13.33652202,52.54212795
1,1011203.0,,1100206.0,2020,6,10,3,2,0,7,0,0,0,0,0,0,0,797742.8809,5827563.882,13.38888771,52.51667686
1,1044203.0,,1401048.0,2020,6,9,5,3,5,2,0,0,0,0,0,1,1,795436.7256,5831604.734,13.35859317,52.55415377
2,2020203.0,,2200208.0,2020,6,8,5,2,0,2,0,1,0,0,0,0,1,797815.4622,5824933.312,13.38760115,52.49305733
1,1033201.0,,1300834.0,2020,6,7,5,3,1,5,0,1,0,0,0,0,1,798203.3256,5830782.642,13.39854055,52.54527716
1,1033203.0,,1300836.0,2020,6,16,4,3,1,5,0,1,0,0,0,1,0,796914.3154,5831384.121,13.38012575,52.55137274
12,12214424.0,,12200309.0,2020,6,15,4,3,1,5,0,1,0,0,0,0,0,793170.439,5832630.016,13.32616824,52.56456952
12,12103218.0,,12100205.0,2020,6,6,5,3,5,3,0,1,0,0,0,0,1,794836.914,5833490.542,13.35144758,52.57138351
4,4010103.0,,4100102.0,2020,6,15,2,2,6,7,0,0,1,0,0,0,0,791674.4606,5829315.787,13.30124941,52.5356618
11,11040926.0,,11400929.0,2020,6,19,5,3,5,3,0,1,0,0,0,0,1,805596.6393,5827239.373,13.50397458,52.50942473
4,4030415.0,,4300412.0,2020,6,13,5,3,5,2,0,0,0,0,1,0,0,791665.9465,5827510.25,13.29954038,52.51948005
4,4010102.0,,4100101.0,2020,6,18,2,3,5,2,0,1,0,0,0,0,0,793341.673,5829714.923,13.32611175,52.53834505
3,3040513.0,,3400620.0,2020,6,23,7,3,0,7,2,0,0,0,0,0,0,797433.1082,5833515.08,13.38966464,52.57019101
5,5010314.0,,5100316.0,2020,6,6,2,3,1,5,0,1,0,0,0,0,0,785323.672,5829235.554,13.2078046,52.53830455
1,1033203.0,,1300836.0,2020,6,16,7,3,0,1,0,0,0,0,0,0,1,796727.4848,5830460.447,13.37655308,52.54319485
1,1044202.0,,1401046.0,2020,6,7,3,3,5,2,0,1,0,0,0,0,0,794628.3324,5829879.565,13.34517382,52.53912684
6,6020303.0,,6200313.0,2020,6,18,3,3,5,2,0,1,0,0,0,0,0,795205.1766,5818288.819,13.34338814,52.43491164
4,4030931.0,,4501042.0,2020,6,12,2,3,5,5,0,1,0,0,0,0,0,793524.2163,5825796.967,13.32533811,52.50312419
12,12214424.0,,12200309.0,2020,6,13,6,3,6,7,0,0,1,0,0,0,0,793365.511,5832943.035,13.3293147,52.56727048
8,8041037.0,,8401243.0,2020,6,17,3,2,0,1,0,0,0,0,0,0,0,805476.8006,5818450.943,13.49416757,52.43072536
8,8041037.0,,8401243.0,2020,6,9,4,3,5,3,0,1,0,0,0,0,0,805922.9225,5817234.603,13.49959658,52.41957456
2,2020206.0,,2200213.0,2020,6,22,6,3,1,5,2,1,0,0,0,0,0,799484.1502,5825104.518,13.41226022,52.49367897
2,2030302.0,,2300316.0,2020,6,10,4,3,5,7,0,0,0,0,0,1,0,801635.0419,5826071.456,13.44472143,52.50116143
12,12214125.0,,12200414.0,2020,6,19,5,2,5,2,0,1,0,0,0,0,0,791908.889,5831509.603,13.30662395,52.55520325
4,4041342.0,,4400833.0,2020,6,11,2,3,5,3,0,0,0,0,0,1,0,792289.6239,5822097.62,13.3039569,52.47062298
9,9020501.0,,9200510.0,2020,6,17,6,3,0,2,0,1,0,0,0,0,1,805669.1755,5824140.507,13.5021967,52.48161077
1,1044203.0,,1401049.0,2020,6,16,3,3,5,3,0,1,0,0,0,0,0,795939.2677,5831408.993,13.36580933,52.55212632
8,8041037.0,,8401243.0,2020,6,17,2,3,5,3,0,1,0,0,0,0,0,805871.0521,5817653.777,13.49921941,52.42336043
8,8010301.0,,8100312.0,2020,6,13,6,2,1,5,0,1,0,0,0,0,0,801626.8866,5824128.54,13.44284279,52.48375129
2,2020203.0,,2200208.0,2020,6,17,4,3,0,2,0,1,0,0,0,0,0,797842.2243,5824926.622,13.38798819,52.49298276
9,9051901.0,,9501939.0,2020,6,12,3,2,5,2,0,1,0,0,0,0,0,809951.3519,5821593.663,13.56268718,52.45637314
8,8010404.0,,8100415.0,2020,6,12,6,3,5,2,0,1,0,0,0,0,0,801782.3236,5823395.543,13.44446141,52.47709544
1,1011202.0,,1100206.0,2020,6,12,4,3,0,6,0,1,0,0,0,0,0,797727.0604,5827660.202,13.38874145,52.51754889
2,2020204.0,,2200210.0,2020,6,15,3,3,8,1,0,1,0,0,0,0,0,798357.6548,5825306.978,13.3958982,52.49611068
4,4030930.0,,4501041.0,2020,6,16,6,3,2,6,0,1,0,0,0,0,0,792751.6889,5825490.863,13.31372022,52.5007951
3,3030715.0,,3300516.0,2020,6,17,2,2,5,3,0,0,0,1,0,0,0,801158.0063,5833193.038,13.44416746,52.56525655
4,4051655.0,,4501153.0,2020,6,14,5,3,6,7,0,0,1,0,0,0,0,793987.6973,5824062.064,13.33061565,52.48732213
1,1022104.0,,1200520.0,2020,6,23,6,3,2,2,2,1,0,0,0,0,0,794573.1698,5828722.096,13.34333697,52.52878077
12,12301203.0,,12500926.0,2020,6,14,5,3,2,2,0,1,0,0,0,0,0,793409.619,5836082.397,13.33274274,52.5953891
7,7050501.0,,7501029.0,2020,6,14,6,3,0,3,0,1,0,0,0,0,1,796996.8981,5819494.368,13.37073823,52.44474841
9,9051801.0,,9501838.0,2020,6,15,2,3,3,6,0,0,0,0,0,1,0,821016.5744,5818281.953,13.72180372,52.42031542
3,3061227.0,,3601244.0,2020,6,21,6,3,0,2,1,1,0,0,0,0,0,800157.9352,5831671.39,13.42808133,52.55216994
4,4041343.0,,4400834.0,2020,6,14,3,3,5,2,0,1,0,0,0,0,0,792668.555,5823055.776,13.3103603,52.47900976
9,9010101.0,,9100101.0,2020,6,19,6,3,0,1,0,0,0,0,0,0,1,802605.2039,5824486.523,13.4575307,52.48641861
10,10010204.0,,10100206.0,2020,6,15,6,2,5,3,0,1,0,0,0,0,0,810058.5262,5833176.451,13.57504761,52.56011239
9,9020802.0,,9200819.0,2020,6,17,2,3,4,6,0,0,0,0,0,0,0,810507.7312,5819991.585,13.56936004,52.44170008
1,1044201.0,,1401045.0,2020,6,19,6,3,4,3,0,0,0,0,0,1,1,796704.6178,5831646.66,13.3772767,52.55384037
1,1044202.0,,1401047.0,2020,6,19,5,3,5,2,0,1,0,0,0,0,0,795521.6608,5830728.955,13.35906284,52.54625714
2,2040701.0,,2400623.0,2020,6,13,2,3,0,1,0,0,0,0,0,0,0,800621.2885,5827232.356,13.43088025,52.51212635
7,7050501.0,,7501029.0,2020,6,18,6,3,5,2,0,1,0,0,0,0,0,797709.9657,5819218.644,13.38095312,52.44188906
9,9030901.0,,9300920.0,2020,6,17,3,3,5,3,0,0,0,0,0,1,0,807837.2589,5816224.143,13.52672877,52.40944521
2,2050801.0,,2500830.0,2020,6,18,4,3,5,2,0,1,0,0,0,0,0,802440.972,5827416.69,13.45778028,52.51277266