district,LOR,street,LOR_2021,year,month,hour,weekday,category,accident_kind,accident_type,light_condition,car,pedestrian,motorcycle,goods_vehicle,others,road_condition,LINREFX,LINREFY,XGCSWGS84,YGCSWGS84
10,10010311.0,,10100316.0,2020,6,6,3,3,0,2,0,1,0,0,0,0,0,810690.9509,5832009.971,13.58325523,52.54929873
2,2030302.0,,2300315.0,2020,6,18,5,3,3,6,0,0,0,0,0,0,0,800378.4341,5825781.191,13.42600313,52.49925285
3,3071536.0,,3701554.0,2020,6,21,1,3,0,7,1,1,0,0,0,0,0,798938.9523,5829961.273,13.4086172,52.53751169
11,11020513.0,,11200512.0,2020,6,19,3,2,3,6,0,0,0,0,1,0,0,803171.3855,5831344.956,13.47209277,52.54757534
3,3050924.0,,3500935.0,2020,6,17,6,3,1,5,0,1,0,0,0,0,0,801523.6754,5831339.254,13.44786198,52.5484387
2,2030302.0,,2300315.0,2020,6,15,7,3,5,3,0,1,0,0,0,0,1,800678.2831,5825795.004,13.43041946,52.49921153
2,2010103.0,,2100104.0,2020,6,16,6,3,5,2,0,1,0,0,0,0,1,799291.8485,5826221.011,13.41043947,52.50379219
3,3020209.0,,3200205.0,2020,6,15,7,3,5,2,0,1,0,0,0,0,1,798131.6167,5835469.495,13.40169824,52.58732737
2,2020203.0,,2200209.0,2020,6,19,3,3,5,2,0,1,0,0,0,0,0,797094.148,5824482.434,13.37660602,52.48940876
3,3061227.0,,3601244.0,2020,6,11,1,2,5,3,0,1,0,0,0,0,0,800056.2914,5831261.545,13.42621635,52.54855239
7,7070701.0,,7601442.0,2020,6,12,5,3,2,7,0,1,0,0,0,1,0,799591.3771,5814693.08,13.40449823,52.40029572
6,6040810.0,,6400844.0,2020,6,15,6,3,1,5,0,1,0,0,0,0,1,791034.1927,5819944.909,13.28364996,52.45199401
6,6010209.0,,6100209.0,2020,6,17,2,3,5,2,0,1,0,0,0,0,0,794697.3542,5821611.07,13.33887096,52.46496778
1,1033202.0,,1300835.0,2020,6,22,4,2,0,1,2,0,0,0,0,0,0,797711.6265,5829672.264,13.39031612,52.53559296
8,8010214.0,,8100209.0,2020,6,10,1,3,5,7,0,1,0,0,0,0,0,801994.4169,5822418.239,13.44669,52.46821849
5,5020523.0,,5200527.0,2020,6,13,6,3,6,7,0,0,1,0,0,0,0,782816.7371,5827120.383,13.16914105,52.52064614
10,10020413.0,,10200420.0,2020,6,13,3,3,6,4,0,0,1,0,0,0,0,811823.5896,5830765.893,13.59873758,52.53750324
2,2030302.0,,2300315.0,2020,6,15,6,3,5,2,0,1,0,0,0,0,1,800788.1933,5825815.481,13.43205219,52.49933451
6,6040810.0,,6400844.0,2020,6,8,5,3,5,2,0,0,0,0,0,1,0,792659.6966,5821780.114,13.30911097,52.46757847
1,1022206.0,,1200628.0,2020,6,14,6,3,5,2,0,1,0,0,0,0,0,795466.2009,5827764.898,13.35561255,52.519717
7,7060604.0,,7601340.0,2020,6,14,6,3,5,3,0,1,0,0,0,0,0,796462.494,5815476.907,13.35933749,52.4090249
8,8010301.0,,8100310.0,2020,6,18,1,3,0,5,0,0,0,0,0,1,0,800561.5485,5825112.333,13.42808903,52.49315683
6,6030502.0,,6300525.0,2020,6,14,6,3,5,3,0,1,0,0,0,0,0,790289.1603,5814823.079,13.26827109,52.40647135
4,4030931.0,,4501042.0,2020,6,11,2,3,3,6,0,0,0,0,0,1,0,794037.358,5826212.945,13.33324361,52.50657693
1,1011301.0,,1100308.0,2020,6,11,4,3,0,1,0,0,0,0,0,0,0,797508.4603,5828784.196,13.38653479,52.52774345
1,1044101.0,,1400937.0,2020,6,19,1,3,5,3,0,1,0,0,0,0,0,793819.5418,5831769.373,13.33495493,52.5565045
8,8041035.0,,8401241.0,2020,6,17,3,3,1,5,0,1,0,0,0,0,0,804228.1443,5819180.61,13.47652233,52.43796105
1,1011303.0,,1100310.0,2020,6,9,2,3,0,1,0,0,0,0,0,0,0,799592.2688,5828711.3,13.4170944,52.52594892
3,3071639.0,,3701660.0,2020,6,9,4,3,6,7,0,0,1,0,0,0,0,800752.66,5829482.211,13.43484462,52.53221989
9,9051801.0,,9501838.0,2020,6,15,1,3,5,2,0,1,0,0,0,0,0,818407.6881,5820624.738,13.68580035,52.44283129
7,7010102.0,,7100103.0,2020,6,12,4,3,3,6,0,0,0,0,0,0,0,795733.3139,5825649.092,13.35765787,52.5006058
11,11030721.0,,11300722.0,2020,6,9,6,3,3,6,0,1,0,0,0,0,0,803851.894,5828355.952,13.47936522,52.52040686
9,9041601.0,,9401635.0,2020,6,16,3,3,2,3,0,1,0,0,0,1,0,817046.3864,5817053.964,13.66245465,52.41162625
3,3050924.0,,3500935.0,2020,6,20,5,3,7,7,0,0,0,0,0,0,0,801532.1666,5831429.64,13.4480689,52.54924413
9,9020802.0,,9200819.0,2020,6,17,1,2,0,1,0,0,0,0,0,0,0,810694.8457,5819390.939,13.57154575,52.43621102
2,2010103.0,,2100105.0,2020,6,10,7,3,1,5,0,1,0,0,0,0,1,799173.2864,5825864.112,13.40837728,52.50065812
8,8041037.0,,8401243.0,2020,6,13,5,3,5,3,0,1,0,0,0,0,0,805598.9398,5817084.818,13.4947105,52.41841308
9,9020502.0,,9200511.0,2020,6,18,2,3,1,5,0,1,0,0,0,0,0,807047.8902,5821926.841,13.52039787,52.46099794
1,1011306.0,,1100313.0,2020,6,11,3,3,5,3,0,1,0,0,0,0,0,800084.639,5826454.44,13.42229486,52.50544908
9,9041501.0,,9401534.0,2020,6,11,6,3,0,1,0,0,0,0,0,0,0,810871.5887,5820662.935,13.57532055,52.44750974
5,5010311.0,,5100313.0,2020,6,12,6,3,5,2,0,1,0,0,0,0,0,785398.1884,5830310.024,13.20982347,52.54789907
11,11020411.0,,11200410.0,2020,6,12,7,3,5,3,0,1,0,0,0,0,0,805181.3238,5832380.875,13.5025944,52.55573742
3,3030715.0,,3300516.0,2020,6,16,2,3,1,6,0,1,0,0,0,0,0,801340.8542,5833162.676,13.44682932,52.56488324
6,6030501.0,,6300524.0,2020,6,22,4,3,5,2,2,0,0,1,0,0,0,788268.2782,5817568.494,13.24101089,52.43215362
1,1033201.0,,1300834.0,2020,6,8,3,3,5,2,0,1,0,0,0,0,0,798072.6223,5829989.312,13.39590704,52.53823756
8,8010303.0,,8100314.0,2020,6,22,2,3,5,2,2,1,0,0,0,0,0,801012.4212,5823904.006,13.43361869,52.48207781
10,10030724.0,,10300731.0,2020,6,17,5,3,0,2,0,1,0,0,0,0,0,809564.6989,5828021.702,13.56298448,52.51419861
1,1011304.0,,1100311.0,2020,6,19,4,3,5,2,0,1,0,0,0,0,0,799583.3827,5828042.773,13.41636163,52.5199615
2,2010103.0,,2100104.0,2020,6,1,5,3,0,1,2,0,0,0,0,0,1,799294.065,5826223.749,13.41047449,52.50381551
3,3040614.0,,3400721.0,2020,6,17,3,3,2,1,0,1,0,0,0,0,0,798340.4606,5833050.675,13.40259519,52.56553176
6,6040805.0,,6400839.0,2020,6,15,5,3,0,7,0,0,0,0,0,0,0,789232.3178,5818410.235,13.25587976,52.43919135
3,3020209.0,,3200206.0,2020,6,7,3,3,5,3,0,0,0,0,0,0,0,798327.108,5834826.443,13.40399636,52.58145621
4,4051445.0,,4500939.0,2020,6,10,2,3,5,3,0,1,0,0,0,0,0,792509.0939,5824501.51,13.30928776,52.4920559
9,9041403.0,,9401433.0,2020,6,21,5,2,0,7,1,0,0,0,0,0,0,812161.3444,5819879.059,13.59350445,52.43975033
6,6040703.0,,6400737.0,2020,6,18,5,3,1,5,0,1,0,0,0,0,0,784562.8939,5817340.087,13.1864618,52.43204587
4,4041134.0,,4400726.0,2020,6,21,1,3,1,5,1,1,0,0,0,0,0,790507.2519,5824007.879,13.27945564,52.48869953
2,2050801.0,,2500830.0,2020,6,19,5,3,0,1,0,0,0,0,0,0,0,802434.0011,5827420.084,13.45768096,52.51280694
2,2020205.0,,2200211.0,2020,6,11,7,3,6,4,0,1,1,0,0,0,0,798216.2333,5824527.784,13.39312378,52.48920347
3,3061332.0,,3601348.0,2020,6,19,5,3,5,3,0,1,0,0,0,0,0,799838.4615,5830805.76,13.42260201,52.54458697
3,3061332.0,,3601348.0,2020,6,5,7,3,1,5,0,1,0,0,0,0,0,799719.1248,5830506.27,13.42057729,52.5419682
3,3010102.0,,3100103.0,2020,6,15,4,3,5,3,0,1,0,0,0,0,0,804246.247,5840161.609,13.49599061,52.6259947
4,4030417.0,,4300414.0,2020,6,5,7,3,3,6,1,1,0,0,0,0,0,791791.4904,5827052.536,13.30098395,52.51530956
12,12302107.0,,12601236.0,2020,6,14,1,3,5,2,0,1,0,0,0,0,0,794406.3491,5836250.61,13.34756487,52.59635833
9,9041301.0,,9401329.0,2020,6,5,4,3,6,6,0,0,1,0,0,0,0,811776.9197,5819741.667,13.58773912,52.43873837
5,5020625.0,,5200629.0,2020,6,15,3,3,5,2,0,1,0,0,0,0,0,784552.2602,5828177.377,13.19555544,52.52922028
1,1033102.0,,1300733.0,2020,6,12,5,3,6,4,0,0,1,0,0,0,0,797156.5919,5831919.572,13.38416776,52.55604029
3,3061126.0,,3601141.0,2020,6,19,6,3,0,7,0,0,1,0,0,0,0,798708.5415,5831483.411,13.40659894,52.55128177
7,7040405.0,,7400927.0,2020,6,17,2,3,5,7,0,1,0,0,0,0,0,798031.2214,5822213.853,13.38833885,52.46856281
1,1022106.0,,1200522.0,2020,6,19,5,3,5,3,0,1,0,0,0,0,0,794210.3806,5828308.753,13.33763875,52.52527133
2,2030302.0,,2300316.0,2020,6,9,3,3,5,7,0,1,0,0,0,0,0,801217.821,5826223.356,13.43873096,52.50275341
11,11010205.0,,11100204.0,2020,6,18,5,3,5,2,0,1,0,0,0,0,0,806305.1363,5833901.131,13.52052225,52.56873126
7,7060604.0,,7601341.0,2020,6,11,3,3,5,3,0,1,0,0,0,0,0,797967.2175,5815773.748,13.38165785,52.41086894
2,2020204.0,,2200210.0,2020,6,18,5,3,5,2,0,1,0,0,0,0,0,798293.1112,5824779.31,13.39447783,52.49141608
6,6040703.0,,6400737.0,2020,6,13,3,3,0,6,0,1,0,0,0,0,0,784670.2232,5816663.919,13.18746065,52.42592731
2,2010102.0,,2100103.0,2020,6,19,5,3,2,6,0,1,0,0,0,0,0,798553.1434,5825560.64,13.3989966,52.49827753
6,6020305.0,,6200316.0,2020,6,8,5,3,0,1,0,0,0,0,0,0,0,796065.3823,5817492.188,13.35529946,52.42730546
2,2040701.0,,2400521.0,2020,6,17,2,2,5,2,0,1,0,0,0,0,0,800718.0131,5827873.272,13.43288046,52.51781772
6,6040702.0,,6400736.0,2020,6,19,4,2,0,1,1,0,0,0,0,0,0,787518.9744,5816927.711,13.22946882,52.42680285
12,12103218.0,,12100205.0,2020,6,18,3,3,3,6,0,1,0,0,0,0,0,795416.5344,5833377.251,13.35987428,52.57005369
4,4051654.0,,4501150.0,2020,6,11,2,3,4,2,0,1,0,0,0,0,0,793680.7367,5823812.666,13.32588819,52.4852516
10,10040933.0,,10400941.0,2020,6,17,5,3,5,3,0,1,0,0,0,0,0,812399.9581,5824300.541,13.60114074,52.47923623
2,2020203.0,,2200209.0,2020,6,19,5,3,6,7,0,0,1,0,0,0,0,797347.6408,5824751.613,13.38056867,52.49168364
1,1011103.0,,1100103.0,2020,6,13,2,3,2,6,0,0,0,0,0,0,0,795284.7803,5826044.349,13.35141991,52.50439188
1,1011104.0,,1100104.0,2020,6,22,4,3,6,7,2,0,1,0,0,0,0,796465.8701,5825893.442,13.36863564,52.50239867
3,3061332.0,,3601348.0,2020,6,14,6,3,5,3,0,1,0,0,0,0,0,799842.6555,5830809.576,13.42266712,52.54461887
1,1011302.0,,1100309.0,2020,6,17,4,3,1,5,0,1,0,0,0,0,0,798269.665,5828394.072,13.39737237,52.52383058
5,5010209.0,,5100211.0,2020,6,9,2,3,0,7,0,0,0,0,0,1,0,783432.0689,5829184.455,13.17994559,52.53883357
1,1011102.0,,1100102.0,2020,6,16,1,2,0,1,0,0,0,0,0,0,0,796464.9453,5827442.919,13.37000215,52.51628873
9,9020602.0,,9100409.0,2020,6,15,5,3,2,7,0,0,0,0,0,1,0,806414.7726,5821089.826,13.51034028,52.45385163
4,4051656.0,,4501151.0,2020,6,19,2,3,6,7,0,0,1,0,0,0,0,793478.671,5823075.998,13.32227249,52.4787563
4,4051445.0,,4500939.0,2020,6,16,5,3,5,2,0,1,0,0,0,0,0,792518.9649,5824497.52,13.30942923,52.49201483
4,4051655.0,,4501153.0,2020,6,14,3,3,1,5,0,1,0,0,0,0,0,794022.9238,5823767.476,13.33087307,52.48466233
7,7010102.0,,7100102.0,2020,6,17,7,3,5,2,0,1,0,0,0,0,1,795426.2802,5825756.126,13.35324285,52.50173158
9,9051702.0,,9501737.0,2020,6,12,5,3,0,1,0,0,0,0,0,0,0,814202.7736,5821337.075,13.62480958,52.45164666
8,8041037.0,,8401243.0,2020,6,17,2,3,0,3,0,1,0,0,0,0,0,805613.7255,5817783.317,13.49556525,52.42466522
1,1011306.0,,1100313.0,2020,6,22,4,3,0,1,2,0,0,0,0,0,0,800497.1481,5826845.872,13.42870754,52.50873057
7,7050505.0,,7501134.0,2020,6,15,5,3,0,7,0,0,0,0,0,1,0,798981.2231,5818152.551,13.39864706,52.43163928
11,11010103.0,,11100102.0,2020,7,10,7,2,1,5,0,1,0,0,0,0,0,809304.8121,5834521.654,13.56521881,52.57259611
2,2020206.0,,2200212.0,2020,6,13,2,3,2,3,0,1,0,0,0,0,0,799688.895,5824621.293,13.41483236,52.4892352
8,8010212.0,,8100207.0,2020,6,0,1,3,0,1,2,0,0,0,0,0,0,800736.0838,5823421.671,13.4291267,52.47790673
6,6020409.0,,6200421.0,2020,7,21,5,3,0,2,0,0,0,1,0,0,0,793718.937,5818291.507,13.32159099,52.43573585
1,1011204.0,,1100207.0,2020,7,8,4,3,3,6,0,1,0,0,0,0,0,797985.0481,5826879.91,13.39183352,52.51041365
2,2030302.0,,2300315.0,2020,6,20,3,3,5,2,0,1,0,0,0,0,0,800162.0157,5825745.573,13.42279248,52.49905266
11,11030721.0,,11300722.0,2020,7,19,1,3,1,5,0,1,0,0,0,0,1,804030.4035,5827732.61,13.48141842,52.51472057
9,9041301.0,,9401329.0,2020,7,9,7,3,5,2,0,1,0,0,0,0,0,812410.5895,5819583.434,13.59688302,52.43695883
1,1011402.0,,1100416.0,2020,6,19,2,2,0,1,0,0,0,0,0,0,0,798622.1633,5829351.207,13.4034122,52.532217
7,7030301.0,,7300515.0,2020,6,16,3,3,5,2,0,1,0,0,0,0,0,793952.6489,5822252.57,13.32850575,52.47111971
1,1044101.0,,1400938.0,2020,6,19,3,3,2,3,0,1,0,0,0,0,0,794225.5968,5831190.956,13.34041447,52.55110017
4,4030726.0,,4500936.0,2020,7,16,1,2,1,5,0,0,0,0,0,1,0,791551.3337,5825587.045,13.29617124,52.50230003
2,2050801.0,,2500831.0,2020,6,8,3,3,5,3,0,1,0,0,0,0,0,803268.2505,5827413.432,13.46993059,52.51228414
9,9031001.0,,9301025.0,2020,6,14,1,3,5,3,0,1,0,0,0,0,1,811099.2936,5815583.931,13.57393706,52.40186412
1,1022101.0,,1200517.0,2020,7,14,5,3,1,5,0,1,0,0,0,0,0,793374.5772,5829065.95,13.32602262,52.53250962
9,9030901.0,,9300920.0,2020,6,11,2,3,1,5,0,1,0,0,0,0,0,808453.6922,5817317.174,13.53676978,52.41889417
2,2010102.0,,2100103.0,2020,6,16,1,3,1,1,0,1,0,0,0,0,0,798400.9008,5826325.069,13.39744558,52.50521291
5,5020419.0,,5200423.0,2020,7,12,6,3,5,3,0,1,0,0,0,0,0,782094.573,5828075.94,13.15933644,52.52958819
4,4030929.0,,4501040.0,2020,7,17,7,3,2,6,0,0,0,0,0,0,0,792708.1473,5825494.824,13.31308409,52.50085397
5,5020626.0,,5200631.0,2020,6,21,2,3,5,3,1,1,0,0,0,0,0,784596.0451,5827970.8,13.19602231,52.52734525
6,6030501.0,,6300524.0,2020,6,14,1,2,5,3,0,1,0,0,0,0,1,787530.9406,5817379.927,13.23003314,52.43085103
9,9010101.0,,9100101.0,2020,7,20,5,3,5,2,0,1,0,0,0,0,0,802522.6897,5824573.27,13.45639795,52.48724185
9,9010101.0,,9100101.0,2020,6,16,2,3,0,1,0,0,0,0,0,0,1,802617.3681,5824473.691,13.45769765,52.48629685
11,11041027.0,,11401034.0,2020,6,12,1,3,5,3,0,1,0,0,0,0,0,807403.2768,5827435.076,13.53069189,52.51016365
3,3030711.0,,3300514.0,2020,7,8,5,3,5,3,0,1,0,0,0,0,0,800852.4365,5836051.076,13.44226662,52.59104225
9,9020701.0,,9200715.0,2020,7,15,7,3,5,3,0,1,0,0,0,0,0,807414.3941,5818310.966,13.52244863,52.42838555
1,1044203.0,,1401049.0,2020,6,17,2,3,5,2,0,0,0,0,0,1,0,795903.7152,5831932.123,13.3657528,52.55683498
2,2020204.0,,2200210.0,2020,7,14,4,3,1,1,0,1,0,1,0,0,1,798746.6044,5825125.742,13.40144796,52.49427339
2,2020204.0,,2200210.0,2020,7,19,7,3,0,1,0,0,0,0,0,0,0,798483.2868,5825230.359,13.39767464,52.4953552
5,5020627.0,,5200632.0,2020,6,12,2,3,5,2,0,0,0,1,0,0,0,785386.3703,5827903.854,13.20758313,52.52633185
9,9051901.0,,9501941.0,2020,6,14,7,3,0,1,0,0,0,0,0,0,0,811375.7458,5821162.663,13.58318065,52.45170118
5,5020625.0,,5200629.0,2020,7,20,6,3,5,2,0,1,0,0,0,0,0,784458.7074,5828663.485,13.19459608,52.53362758
10,10010309.0,,10100312.0,2020,6,16,2,3,5,2,0,1,0,0,0,0,1,807934.6072,5829198.169,13.54012811,52.52566473
11,11040926.0,,11400931.0,2020,6,11,7,3,0,5,0,1,0,0,0,0,0,806640.0845,5827212.439,13.51927648,52.50859785
2,2030401.0,,2300418.0,2020,6,11,3,3,5,3,0,0,0,0,0,0,0,801290.6258,5825361.445,13.43902063,52.49498774
6,6020408.0,,6200420.0,2020,7,10,4,2,5,2,0,0,0,0,1,0,0,792722.0839,5816229.728,13.30516451,52.41778661
9,9020701.0,,9200715.0,2020,6,10,2,3,5,2,0,1,0,0,0,0,0,807700.9642,5818375.048,13.52670912,52.42879879
1,1011103.0,,1100103.0,2020,7,20,5,3,1,5,0,1,0,0,0,0,0,795320.7019,5825844.519,13.35177037,52.50258111
2,2040701.0,,2400521.0,2020,7,18,4,2,5,3,0,1,0,0,0,0,0,800719.0921,5827883.722,13.43290576,52.51791079
10,10040829.0,,10400836.0,2020,6,16,2,3,0,2,0,1,0,0,0,0,1,811232.08,5827786.675,13.58725653,52.51114364
11,11040926.0,,11400929.0,2020,6,13,7,3,0,6,0,1,0,0,0,0,0,804605.8734,5826411.592,13.48866379,52.50255978
9,9020502.0,,9200511.0,2020,7,17,1,3,6,4,0,0,1,0,0,0,0,806626.6594,5822731.083,13.51495628,52.46844232
2,2030302.0,,2300316.0,2020,6,16,2,3,0,5,0,1,0,0,0,0,1,800989.4907,5826374.121,13.43551354,52.50423075
7,7050503.0,,7501031.0,2020,6,13,7,3,5,3,0,1,0,0,0,0,0,798752.2066,5819878.185,13.39683099,52.44723266
12,12214422.0,,12200310.0,2020,6,13,7,3,0,6,0,0,0,0,0,0,0,791456.965,5833063.817,13.30134221,52.56937845
7,7070705.0,,7601546.0,2020,6,15,2,3,5,2,0,1,0,0,0,0,1,798540.263,5814419.291,13.38885039,52.39841547
2,2010104.0,,2100106.0,2020,6,13,7,3,6,4,0,0,1,0,0,0,0,799617.1032,5825650.274,13.41470356,52.49849789
3,3061228.0,,3601245.0,2020,7,14,6,3,0,2,0,0,0,0,0,1,0,800290.111,5831558.771,13.42992307,52.55108766
6,6040703.0,,6400737.0,2020,7,14,1,3,5,2,0,1,0,0,0,0,0,784910.5098,5817540.307,13.19173167,52.43366014
4,4041240.0,,4400831.0,2020,6,13,7,2,0,1,0,0,0,0,0,0,0,790807.5093,5822571.114,13.282612,52.47565894
7,7040403.0,,7400823.0,2020,7,12,5,3,5,2,0,1,0,0,0,0,0,797323.8263,5822170.231,13.37791706,52.46855722
2,2050802.0,,2500833.0,2020,6,15,2,3,5,2,0,1,0,0,0,0,0,802039.7419,5827167.294,13.45165949,52.51075963
4,4030621.0,,4300620.0,2020,6,20,7,3,5,2,0,1,0,0,0,0,0,793880.8199,5826960.315,13.33160376,52.51336106
1,1011102.0,,1100102.0,2020,7,6,5,3,0,2,0,1,0,0,0,0,0,796511.0354,5827618.716,13.37083606,52.51783952
12,12301204.0,,12500927.0,2020,7,7,6,3,0,6,0,0,0,0,1,0,0,792456.279,5835894.389,13.31854242,52.59421723
7,7030301.0,,7300516.0,2020,6,17,2,3,6,4,0,0,1,0,0,0,0,794001.861,5821554.115,13.32861271,52.46483188
4,4061757.0,,4200207.0,2020,6,11,7,2,8,1,0,0,0,0,0,0,0,785230.6864,5821534.006,13.19983941,52.46930126
9,9051901.0,,9501940.0,2020,7,19,5,3,1,5,0,1,0,0,0,0,0,810970.2737,5821366.381,13.57742283,52.45375761
3,3061228.0,,3601245.0,2020,7,14,4,3,5,2,0,1,0,0,0,0,0,800751.7375,5831299.931,13.43647644,52.54851295
4,4030828.0,,4300624.0,2020,7,22,7,3,1,5,2,1,0,0,0,0,0,793032.9801,5826100.206,13.31838856,52.50610666
9,9052001.0,,9502043.0,2020,6,14,2,3,5,3,0,1,0,0,0,0,0,809219.9293,5823018.485,13.55327709,52.46955645
11,11030721.0,,11300722.0,2020,7,18,5,3,5,2,0,1,0,0,0,0,0,803829.0183,5828649.134,13.47929691,52.52304731
1,1044201.0,,1401044.0,2020,7,21,6,3,0,3,1,1,0,0,0,0,0,796203.9777,5830765.192,13.36912784,52.54621143
1,1022204.0,,1200626.0,2020,6,9,2,3,5,2,0,1,0,0,0,0,0,794831.2371,5828304.542,13.34675991,52.5248982
11,11020514.0,,11200513.0,2020,7,8,6,3,5,2,0,1,0,0,0,0,0,804684.0201,5830718.426,13.49375662,52.54111624
8,8010302.0,,8100313.0,2020,7,14,7,3,1,5,0,1,0,0,0,0,0,801807.2513,5824383.092,13.44572128,52.48593322
5,5030730.0,,5300736.0,2020,7,7,6,3,5,2,0,1,0,0,0,0,0,785881.1762,5829234.819,13.21600158,52.53800577
11,11020513.0,,11200512.0,2020,6,19,3,2,5,7,0,1,0,0,0,0,0,804412.5598,5830953.052,13.48998123,52.5433708
2,2050801.0,,2500832.0,2020,7,20,6,3,0,1,0,0,0,0,0,0,0,803652.055,5827409.017,13.47556479,52.51203106
10,10040830.0,,10400837.0,2020,6,12,7,3,3,6,0,1,0,0,0,0,0,810875.6064,5826992.833,13.58127941,52.50423294
8,8010406.0,,8100419.0,2020,7,16,4,3,5,3,0,1,0,0,0,0,1,801917.3401,5824160.81,13.44713629,52.48388001
11,11030619.0,,11300620.0,2020,6,17,3,3,5,3,0,0,0,0,0,0,0,803771.0572,5829206.082,13.47895399,52.52807134
5,5030731.0,,5300737.0,2020,7,11,1,3,5,2,0,1,0,0,0,0,0,787853.3523,5829367.088,13.24511415,52.53815344
3,3061126.0,,3601141.0,2020,7,16,7,3,5,2,0,1,0,0,0,0,0,799241.9914,5831771.592,13.41470285,52.55357206
1,1011302.0,,1100309.0,2020,7,16,1,3,5,2,0,1,0,0,0,0,0,798940.1649,5828396.485,13.40722794,52.52348501
3,3050925.0,,3500936.0,2020,6,8,3,3,5,3,0,1,0,0,0,0,0,802315.1223,5831336.714,13.45949614,52.5479773
7,7040406.0,,7400928.0,2020,6,9,7,3,5,3,0,1,0,0,0,0,0,800267.118,5821555.114,13.42056242,52.46143396
8,8010211.0,,8100206.0,2020,7,13,6,3,3,6,0,1,0,0,0,0,0,800624.2526,5823776.338,13.42780479,52.48114731
11,11041023.0,,11401033.0,2020,6,15,3,3,5,2,0,1,0,0,0,0,0,806961.9482,5827805.253,13.5245508,52.51372973
8,8020727.0,,8200832.0,2020,7,19,7,3,0,1,0,0,0,0,0,0,0,801627.9166,5817408.879,13.43678866,52.42352065
9,9051901.0,,9501939.0,2020,6,18,7,3,0,7,0,0,0,0,0,0,0,810044.3654,5821629.006,13.5640845,52.45663711
1,1011304.0,,1100311.0,2020,7,17,5,3,5,2,0,1,0,0,0,0,0,799967.9036,5827437.724,13.42146627,52.51432684
6,6020301.0,,6200311.0,2020,7,10,6,1,5,2,0,0,0,0,1,0,0,795867.2346,5818165.554,13.3529895,52.43344893
7,7070703.0,,7601544.0,2020,6,15,2,3,0,2,0,1,0,0,0,0,1,799767.265,5813974.952,13.4064333,52.39376236
6,6040805.0,,6400839.0,2020,6,18,7,3,1,5,0,1,0,0,0,0,0,788903.8485,5818242.597,13.25091608,52.43786201
4,4030725.0,,4300416.0,2020,7,9,4,3,5,2,0,0,0,0,0,1,0,791288.644,5826062.583,13.29272821,52.5067035
12,12224229.0,,12400616.0,2020,6,17,2,2,5,3,0,1,0,0,0,0,0,786534.4738,5834683.694,13.23031301,52.58651513
10,10020412.0,,10200417.0,2020,6,18,7,3,5,3,0,1,0,0,0,0,0,811866.4375,5831569.554,13.60012162,52.54468044
8,8010302.0,,8100313.0,2020,7,18,4,3,0,7,0,0,1,0,0,0,1,801828.9886,5824414.227,13.44606863,52.48620027
2,2010102.0,,2100102.0,2020,6,6,3,3,5,2,0,1,0,0,0,0,0,797914.7079,5825650.685,13.38970022,52.49943357
1,1044203.0,,1401049.0,2020,6,19,7,3,5,3,0,1,0,0,0,0,0,795878.0901,5831927.677,13.36537196,52.55680904
3,3030715.0,,3300516.0,2020,7,17,5,3,3,6,0,0,0,0,0,1,0,800252.2898,5833809.294,13.43140321,52.57128042
4,4030726.0,,4500936.0,2020,7,15,4,3,2,6,0,1,0,0,0,0,0,792276.4526,5825355.514,13.3066203,52.49983648
2,2010102.0,,2100102.0,2020,7,21,6,3,5,3,1,1,0,0,0,0,0,798367.6479,5826328.009,13.39695974,52.50525745
11,11051330.0,,11501339.0,2020,7,1,6,3,2,7,2,1,0,0,0,0,0,806806.2541,5824853.695,13.51954461,52.48736489
1,1011305.0,,1100312.0,2020,7,8,4,3,5,2,0,1,0,0,0,0,0,799687.1707,5827210.076,13.41713668,52.51244065
2,2030401.0,,2300418.0,2020,7,10,6,3,5,3,0,0,0,0,0,0,0,801142.0316,5825432.804,13.43690297,52.49570935
7,7050501.0,,7501030.0,2020,7,13,7,3,1,3,0,1,0,0,0,0,0,797563.2675,5820295.461,13.37976035,52.45162149
1,1044203.0,,1401049.0,2020,6,17,2,3,0,2,0,0,0,0,0,1,0,795897.5836,5831964.727,13.36569169,52.55713057
2,2020202.0,,2200208.0,2020,6,18,7,3,5,2,0,1,0,0,0,0,0,797942.3722,5825259.211,13.38975637,52.49590936
9,9051901.0,,9501941.0,2020,7,17,6,3,5,3,0,1,0,0,0,0,0,812042.8752,5821192.548,13.59299391,52.45158862
8,8010301.0,,8100310.0,2020,6,17,2,3,0,1,0,0,0,0,0,0,0,800608.1512,5825123.88,13.4287838,52.49323467
9,9010202.0,,9100203.0,2020,6,13,3,3,5,2,0,0,0,0,0,0,0,803960.1177,5823452.243,13.47648033,52.476396
9,9010201.0,,9100202.0,2020,6,17,7,3,0,1,0,0,0,0,0,0,0,803707.3269,5823360.29,13.47268602,52.47571245
1,1022202.0,,1200624.0,2020,7,18,1,3,2,3,0,1,0,0,0,0,1,795697.4718,5829243.623,13.36032608,52.53284711
1,1011302.0,,1100309.0,2020,6,9,3,3,1,5,0,1,0,0,0,0,0,798950.3021,5828743.287,13.40768867,52.52658802
7,7020203.0,,7200409.0,2020,6,17,7,3,5,2,0,0,0,1,0,0,0,795623.7424,5824172.147,13.35473781,52.48742552
3,3020203.0,,3200204.0,2020,6,17,7,3,0,3,0,0,0,1,0,0,0,799164.5481,5840656.5,13.4215892,52.63325285
9,9031101.0,,9301126.0,2020,7,9,5,3,6,7,0,0,1,0,0,0,0,811043.0877,5818095.191,13.57544688,52.42440112
7,7040405.0,,7400927.0,2020,7,16,4,3,4,6,0,1,0,0,0,0,0,798475.746,5821937.212,13.39461587,52.46584038
2,2030302.0,,2300315.0,2020,7,15,6,3,5,7,0,1,0,0,0,0,0,800599.3043,5826218.089,13.4296414,52.50304729
2,2010103.0,,2100105.0,2020,6,19,1,3,5,3,0,1,0,0,0,0,1,799346.0134,5825813.1,13.4108684,52.50010615
2,2010102.0,,2100102.0,2020,6,19,3,3,5,3,0,1,0,0,0,0,0,797973.4528,5826083.236,13.39095009,52.50327878
1,1044201.0,,1401045.0,2020,6,15,7,3,1,5,0,1,0,0,0,0,0,796786.4576,5831575.473,13.37841661,52.55315767
8,8020620.0,,8200624.0,2020,7,12,5,3,5,2,0,1,0,0,0,0,0,801439.2567,5820648.596,13.43694425,52.45266328
1,1011105.0,,1100102.0,2020,7,16,7,3,5,2,0,1,0,0,0,0,0,796590.1162,5826876.969,13.37133696,52.51114751
2,2050801.0,,2500830.0,2020,6,19,7,3,1,1,0,1,0,0,0,0,0,802505.8965,5827402.025,13.45872075,52.51260521
12,12302108.0,,12601134.0,2020,7,11,6,3,5,2,0,1,0,0,0,0,0,794725.5142,5837232.957,13.35313778,52.60499129