district,LOR,street,LOR_2021,year,month,hour,weekday,category,accident_kind,accident_type,light_condition,car,pedestrian,motorcycle,goods_vehicle,others,road_condition,LINREFX,LINREFY,XGCSWGS84,YGCSWGS84
11,11030618.0,,11300617.0,2020,6,18,2,3,0,2,0,1,0,0,0,0,0,803064.1153,5829527.296,13.46885778,52.53134377
9,9041302.0,,9401330.0,2020,6,13,6,2,0,1,0,0,0,0,0,0,0,811932.0589,5817770.108,13.58817512,52.42098189
1,1033101.0,,1300732.0,2020,6,23,1,3,5,2,2,1,0,0,0,0,0,797208.9126,5832038.856,13.38504404,52.55708098
6,6010101.0,,6100101.0,2020,6,15,6,3,0,5,0,1,0,0,0,0,1,793226.2317,5821130.337,13.31685599,52.46144963
2,2030302.0,,2300316.0,2020,7,9,6,3,5,2,0,1,0,0,0,0,0,801464.2044,5826036.855,13.44218097,52.50094571
7,7020202.0,,7200308.0,2020,6,14,3,3,5,7,0,1,0,0,0,0,0,794775.171,5823914.463,13.34204893,52.48557438
4,4030724.0,,4300415.0,2020,7,17,7,3,1,5,0,1,0,0,0,0,0,791306.4514,5826330.836,13.2932246,52.50909887
4,4020311.0,,4200310.0,2020,6,14,2,3,1,5,0,1,0,0,0,0,0,789112.9073,5826616.275,13.261242,52.51282489
8,8020621.0,,8200725.0,2020,7,15,5,3,3,6,0,0,0,0,0,0,0,799918.2602,5819654.695,13.41373637,52.444591
1,1011301.0,,1100308.0,2020,7,13,4,2,2,6,0,1,0,0,0,0,1,796484.1897,5829281.829,13.37192437,52.53276222
2,2020203.0,,2200207.0,2020,7,20,6,3,2,2,0,1,0,0,0,0,0,797090.1842,5824708.727,13.37674957,52.4914394
5,5020625.0,,5200629.0,2020,7,7,4,3,0,1,0,0,0,0,0,0,0,784503.8399,5828158.39,13.19482734,52.52907532
10,10010310.0,,10100315.0,2020,7,15,5,3,5,2,0,1,0,0,0,0,0,809512.9338,5831408.915,13.56537731,52.54458289
6,6040808.0,,6400842.0,2020,7,9,4,3,0,1,0,0,0,0,0,0,0,789811.7254,5819798.664,13.26558416,52.45133238
3,3071536.0,,3701554.0,2020,7,20,6,3,5,2,0,0,0,0,0,1,0,799192.3152,5830026.281,13.41240018,52.53795536
9,9051901.0,,9501941.0,2020,6,20,1,2,0,1,0,0,0,0,0,0,1,812067.029,5821205.269,13.59336008,52.45168882
11,11051330.0,,11501339.0,2020,6,13,3,3,5,2,0,1,0,0,0,0,0,807283.0239,5825420.5,13.52706672,52.49217655
3,3061131.0,,3601142.0,2020,7,17,7,2,0,4,0,0,1,0,0,0,0,798620.3867,5830283.011,13.40422339,52.54057027
2,2020204.0,,2200210.0,2020,6,17,6,3,5,3,0,1,0,0,0,0,0,798610.9544,5825141.097,13.39946959,52.49448525
4,4051654.0,,4501150.0,2020,7,12,5,3,1,5,0,1,0,0,0,0,0,793919.8211,5824035.225,13.32959522,52.48711808
11,11040926.0,,11400929.0,2020,7,18,4,3,5,7,0,1,0,0,0,0,0,805090.7592,5826888.192,13.49622188,52.50656043
1,1011302.0,,1100309.0,2020,7,17,6,3,5,2,0,1,0,0,0,0,0,797957.1407,5828502.075,13.39287633,52.52496956
9,9051901.0,,9501939.0,2020,7,17,1,3,4,6,0,0,0,0,0,0,0,811043.5205,5821857.809,13.57895503,52.45811988
9,9020802.0,,9200819.0,2020,6,13,6,2,5,3,0,1,0,0,0,0,1,810173.8112,5820386.968,13.56483009,52.44543289
12,12231101.0,,12400723.0,2020,6,11,6,2,1,5,0,1,0,0,0,0,0,791902.689,5838627.978,13.31280416,52.61902007
3,3071536.0,,3701554.0,2020,6,9,6,2,1,5,0,0,0,0,1,0,0,799056.8488,5830173.86,13.41054162,52.53935253
2,2020203.0,,2200209.0,2020,7,11,7,3,5,2,0,1,0,0,0,0,0,797749.362,5824034.295,13.38582718,52.48503473
10,10010310.0,,10100315.0,2020,6,9,6,3,1,5,0,0,0,0,0,1,0,809276.2262,5830515.734,13.56106646,52.53671294
7,7070701.0,,7601442.0,2020,7,14,6,2,5,3,0,1,0,0,0,0,0,799299.227,5816214.01,13.40157631,52.41408877
3,3061126.0,,3601141.0,2020,6,18,1,3,0,3,0,0,0,0,0,0,1,799202.3048,5831606.282,13.41397027,52.55211212
7,7060604.0,,7601341.0,2020,6,18,3,3,1,5,0,1,0,0,0,0,0,797934.7973,5815754.761,13.38116572,52.41071639
6,6020306.0,,6200317.0,2020,7,14,1,3,5,3,0,1,0,0,0,0,0,796619.017,5817420.214,13.36335431,52.42636041
8,8010301.0,,8100311.0,2020,7,10,5,3,5,2,0,1,0,0,0,0,0,800827.2688,5824497.574,13.43143612,52.48750018
8,8010404.0,,8100417.0,2020,7,16,7,3,1,5,0,1,0,0,0,0,0,802552.6976,5823011.891,13.45542176,52.47323055
1,1044201.0,,1401045.0,2020,6,18,1,2,5,3,0,1,0,0,0,0,1,796703.6912,5831625.007,13.37724372,52.55364678
8,8010301.0,,8100311.0,2020,6,8,6,3,5,3,0,1,0,0,0,0,0,800582.7831,5824581.129,13.42792169,52.48838377
11,11040926.0,,11400929.0,2020,6,18,1,3,5,3,0,1,0,0,0,0,0,805326.1185,5827211.372,13.49997525,52.50932524
4,4051445.0,,4500939.0,2020,6,8,6,3,1,5,0,1,0,0,0,0,0,792533.3561,5824545.786,13.30968297,52.49243981
7,7020201.0,,7200307.0,2020,7,16,4,3,2,6,0,1,0,0,0,0,0,794930.9704,5824686.481,13.34501994,52.49241087
1,1033101.0,,1300732.0,2020,6,16,3,3,5,2,0,1,0,0,0,0,0,797709.588,5832893.764,13.39317441,52.56447061
2,2050801.0,,2500832.0,2020,6,20,2,3,3,6,0,0,0,1,0,0,0,803104.3591,5826927.863,13.46708076,52.50802316
6,6030502.0,,6300525.0,2020,7,18,6,3,0,5,0,1,0,0,0,0,0,789609.1022,5815412.507,13.25881172,52.41211599
12,12301203.0,,12500926.0,2020,6,17,1,2,5,2,0,1,0,0,0,0,1,793418.8087,5836087.611,13.33288264,52.59543088
8,8010405.0,,8100418.0,2020,6,11,6,3,5,5,0,1,0,0,0,0,0,801677.4479,5823806.676,13.44329386,52.48083844
1,1011401.0,,1100415.0,2020,7,10,4,3,6,7,0,0,1,0,0,0,1,797972.7752,5829462.044,13.39396648,52.5335659
3,3020210.0,,3200207.0,2020,6,6,3,3,5,3,0,1,0,0,0,0,0,798584.5667,5835208.409,13.40812895,52.58473873
6,6030609.0,,6300633.0,2020,6,6,3,3,3,6,0,1,0,0,0,0,0,793280.6679,5819091.269,13.31586426,52.44314071
1,1011402.0,,1100416.0,2020,7,1,7,3,5,2,2,1,0,0,0,0,0,798814.1754,5829368.003,13.40624957,52.53226233
10,10010102.0,,10100102.0,2020,6,18,6,3,5,3,0,1,0,0,0,0,0,809450.5406,5834611.969,13.56744655,52.57332264
11,11051332.0,,11501341.0,2020,7,23,6,3,0,1,2,0,0,0,0,0,0,807107.4097,5824052.963,13.52322826,52.48001927
9,9020701.0,,9200715.0,2020,6,16,1,3,5,3,0,1,0,0,0,0,0,808809.0855,5819002.504,13.54353501,52.43379776
6,6020303.0,,6200313.0,2020,7,19,5,3,5,7,0,1,0,0,0,0,0,795274.0278,5818378.156,13.3444769,52.43567533
1,1011305.0,,1100312.0,2020,6,12,3,3,5,3,0,1,0,0,0,0,0,799458.3091,5827067.944,13.41364644,52.51129234
12,12103115.0,,12100103.0,2020,7,11,7,3,3,2,0,1,0,0,0,0,0,795329.2486,5833842.599,13.35900456,52.57427246
5,5020625.0,,5200629.0,2020,6,7,1,2,5,3,0,1,0,0,0,0,0,784093.2036,5827985.076,13.18864227,52.52773553
4,4030620.0,,4300619.0,2020,6,18,6,3,5,2,0,1,0,0,0,0,0,792864.0742,5827297.653,13.31696084,52.51693206
7,7060604.0,,7601339.0,2020,7,10,1,3,1,5,0,1,0,0,0,0,0,795515.9588,5815986.186,13.34591224,52.41410204
3,3061430.0,,3601450.0,2020,7,15,2,3,5,2,0,1,0,0,0,0,0,802306.9331,5829215.134,13.4574456,52.52896633
9,9020601.0,,9200613.0,2020,7,22,4,3,0,1,2,0,0,0,0,0,0,806903.3277,5821183.042,13.51759309,52.45441299
8,8020622.0,,8200726.0,2020,7,8,1,3,5,3,0,1,0,0,0,0,0,801236.5052,5819770.29,13.43317757,52.44490249
7,7030303.0,,7300619.0,2020,7,16,3,3,5,2,0,1,0,0,0,0,0,795412.4305,5821006.578,13.34883122,52.45916276
10,10010308.0,,10100311.0,2020,7,16,3,3,0,2,0,0,0,0,0,1,0,806627.1589,5830238.093,13.52187586,52.53572153
1,1011103.0,,1100103.0,2020,7,16,3,3,5,3,0,1,0,0,0,0,0,795384.6283,5826004.538,13.35285138,52.50398096
1,1011302.0,,1100309.0,2020,7,18,4,3,5,2,0,1,0,0,0,0,0,798633.3971,5828821.535,13.40310154,52.52746309
12,12214424.0,,12200309.0,2020,7,16,4,3,5,2,0,1,0,0,0,0,1,793552.0036,5832377.256,13.33155769,52.56209809
3,3030406.0,,3300412.0,2020,7,10,3,3,5,3,0,1,0,0,0,0,0,803005.309,5839505.404,13.47711235,52.62080699
9,9020501.0,,9200510.0,2020,7,5,5,3,5,3,0,1,0,0,0,0,0,806067.2768,5823415.185,13.50737492,52.47488718
11,11051332.0,,11501341.0,2020,7,14,3,3,5,3,0,1,0,0,0,0,0,805881.6282,5824458.985,13.50560761,52.48434615
10,10010203.0,,10100205.0,2020,7,6,3,3,5,2,0,1,0,0,0,0,0,808087.3942,5832324.462,13.54527176,52.55359579
10,10030724.0,,10300731.0,2020,7,17,2,3,5,3,0,1,0,0,0,0,0,808899.1313,5828657.088,13.55379761,52.52027011
10,10010206.0,,10100209.0,2020,7,13,1,3,2,6,0,0,0,0,0,0,0,809971.1702,5832034.158,13.57269654,52.54992549
12,12103218.0,,12100205.0,2020,7,9,3,3,3,6,0,1,0,0,0,0,0,794553.5289,5833462.655,13.34725347,52.57128695
4,4041133.0,,4400725.0,2020,7,13,3,2,5,3,0,1,0,0,0,0,0,790538.045,5825130.855,13.28088722,52.49875073
4,4020209.0,,4200207.0,2020,7,14,1,2,1,5,0,1,0,0,0,0,0,789609.4816,5824598.917,13.26678424,52.49447536
6,6010208.0,,6100208.0,2020,7,13,3,3,8,1,0,0,0,0,0,0,0,793900.3928,5820779.187,13.32644109,52.45793955
11,11030721.0,,11300722.0,2020,7,19,3,3,1,7,1,1,0,0,0,0,0,804157.7107,5828052.351,13.48358098,52.51751532
8,8010214.0,,8100209.0,2020,7,17,1,2,5,3,0,1,0,0,0,0,0,801745.1015,5822047.577,13.4426958,52.46503393
8,8010118.0,,8100105.0,2020,7,17,5,3,1,5,0,1,0,0,0,0,1,800975.0349,5822229.537,13.43155884,52.46708962
2,2020204.0,,2200210.0,2020,7,8,3,3,1,5,0,1,0,0,0,0,0,798877.29,5825178.443,13.40341446,52.49467424
9,9020702.0,,9200716.0,2020,7,20,4,3,0,5,0,1,0,0,0,0,0,809270.867,5819268.349,13.55055192,52.43591936
2,2040501.0,,2400520.0,2020,7,18,4,3,0,1,0,0,0,0,0,0,1,800344.0467,5828435.398,13.42789328,52.52306231
2,2010101.0,,2100101.0,2020,7,8,4,3,0,6,0,1,0,0,0,0,0,797799.1688,5825949.398,13.38827032,52.50217424
11,11030618.0,,11300617.0,2020,7,20,5,3,4,6,1,0,0,0,0,0,0,802550.9739,5829316.637,13.46112445,52.52974071
9,9041401.0,,9401431.0,2020,7,16,3,3,5,2,0,1,0,0,0,0,0,811800.0665,5820004.219,13.58832346,52.44107803
3,3061126.0,,3601141.0,2020,7,8,3,3,0,2,0,0,0,0,0,1,0,798825.6331,5831633.101,13.40845546,52.55255929
2,2010104.0,,2100106.0,2020,7,20,4,3,5,2,0,0,0,0,0,1,1,799788.6723,5825699.13,13.41726735,52.49884159
7,7020204.0,,7200412.0,2020,7,17,4,3,2,7,0,1,0,0,0,0,1,796281.5558,5823076.141,13.36342331,52.47724419
8,8010404.0,,8100415.0,2020,7,11,7,3,6,7,0,0,1,0,0,0,0,801147.8432,5823763.037,13.43547951,52.4807396
1,1033101.0,,1300732.0,2020,7,8,3,3,5,2,0,0,0,1,0,0,0,797349.9954,5832388.949,13.38743261,52.5601421
12,12214125.0,,12200412.0,2020,7,12,3,3,5,2,0,0,0,0,0,1,0,791381.2616,5833126.635,13.30028358,52.56998212
1,1011104.0,,1100104.0,2020,7,7,3,3,0,3,0,1,0,0,0,0,0,796520.5047,5825884.543,13.36943026,52.50228922
10,10040933.0,,10400940.0,2020,7,6,2,3,5,3,0,0,0,0,0,1,0,811981.4646,5826824.577,13.59736158,52.50209402
1,1044201.0,,1401045.0,2020,7,19,7,3,5,3,0,1,0,0,0,0,0,796716.0962,5831634.119,13.3774343,52.5537217
2,2020203.0,,2200209.0,2020,7,7,3,3,5,2,0,1,0,0,0,0,0,797472.8399,5824559.062,13.38223536,52.48988942
11,11051330.0,,11501339.0,2020,7,17,2,3,5,2,0,1,0,0,0,0,0,807345.8124,5825226.016,13.52780924,52.49039822
11,11030721.0,,11300722.0,2020,7,18,7,3,5,3,0,1,0,0,0,0,0,804291.7954,5828425.382,13.48589214,52.52078385
12,12301203.0,,12500930.0,2020,7,4,3,3,0,2,1,1,0,0,0,0,0,793582.9182,5835212.397,13.33452278,52.58749663
6,6030504.0,,6300528.0,2020,7,17,4,3,5,3,0,1,0,0,0,0,0,789050.8898,5816686.052,13.25172763,52.42382907
10,10010206.0,,10100209.0,2020,7,7,3,3,5,3,0,1,0,0,0,0,0,810012.451,5832310.096,13.57356102,52.55237481
4,4051448.0,,4501045.0,2020,7,9,3,3,5,2,0,1,0,0,0,0,0,793709.8422,5824868.941,13.32724659,52.49470499
1,1011304.0,,1100311.0,2020,7,17,7,3,5,2,0,1,0,0,0,0,0,799985.2674,5827429.32,13.4217138,52.51424196
11,11020514.0,,11200513.0,2020,7,8,2,3,0,3,0,1,0,0,0,0,0,804726.5008,5831203.098,13.49482565,52.54543634
5,5010207.0,,5100209.0,2020,7,18,7,3,5,3,0,1,0,0,0,0,0,783305.076,5830752.597,13.17941583,52.55295988
3,3050919.0,,3500932.0,2020,7,14,4,3,5,2,0,1,0,0,0,0,0,802061.6517,5832766.667,13.45707054,52.56093443
1,1044101.0,,1400938.0,2020,7,11,4,3,5,2,0,0,0,0,0,1,0,794646.8246,5831461.117,13.34684876,52.55329426
3,3061430.0,,3601450.0,2020,7,13,4,3,0,1,0,0,0,0,0,0,1,802539.3139,5829311.403,13.46094832,52.52970026
4,4051652.0,,4501149.0,2020,7,16,7,3,5,2,0,1,0,0,0,0,0,793451.9167,5824380.189,13.32302784,52.49046226
8,8041035.0,,8401241.0,2020,7,7,2,3,1,5,0,1,0,0,0,0,0,805045.8858,5818990.783,13.48834161,52.43580423
11,11051332.0,,11501341.0,2020,7,16,7,3,5,2,0,1,0,0,0,0,0,807221.2607,5823930.382,13.5247865,52.47885664
2,2010102.0,,2100102.0,2020,7,8,5,3,5,2,0,1,0,0,0,0,1,798441.1232,5826527.097,13.39821753,52.50700182
8,8010211.0,,8100206.0,2020,7,18,3,3,0,4,0,0,1,0,0,0,0,800356.7855,5824312.196,13.42436092,52.4860976
5,5030832.0,,5300841.0,2020,7,17,3,3,5,2,0,1,0,0,0,0,0,789322.9815,5829301.844,13.26666553,52.53679024
11,11030619.0,,11300620.0,2020,7,18,3,2,5,3,0,1,0,0,0,0,0,803816.1714,5829074.363,13.47949661,52.52686565
2,2030402.0,,2300419.0,2020,7,20,7,3,0,5,0,1,0,0,0,0,0,801968.9393,5825631.794,13.44922683,52.49703605
2,2020205.0,,2200211.0,2020,7,16,5,3,0,1,0,0,0,0,0,0,1,798478.5897,5824451.008,13.39690752,52.48837188
4,4030827.0,,4300623.0,2020,7,22,3,3,6,7,2,0,1,0,0,0,0,792730.5292,5826204.352,13.31403669,52.50720267
9,9010101.0,,9100101.0,2020,7,14,2,3,5,2,0,1,0,0,0,0,0,802359.9734,5825338.753,13.45470346,52.49419303
4,4041134.0,,4400726.0,2020,7,18,5,2,0,7,0,0,0,0,0,0,1,790434.5051,5824170.852,13.2785293,52.49019931
4,4030623.0,,4300622.0,2020,7,19,3,3,5,3,0,0,0,0,0,0,0,793493.7903,5826491.609,13.32550354,52.50936772
7,7070704.0,,7601545.0,2020,7,17,2,3,5,3,0,0,0,1,0,0,0,800929.0519,5814186.112,13.42364549,52.39501813
8,8010405.0,,8100418.0,2020,7,17,4,3,3,6,0,0,0,0,0,1,0,802262.6261,5823860.365,13.45193317,52.48099608
6,6020409.0,,6200421.0,2020,7,18,2,3,5,2,0,1,0,0,0,0,0,793213.2492,5816448.755,13.31255798,52.41948724
5,5020626.0,,5200631.0,2020,7,15,3,3,5,7,0,1,0,0,0,0,0,784726.6538,5827559.101,13.19758983,52.52358574
9,9010202.0,,9100203.0,2020,7,17,3,2,0,1,0,0,0,0,0,0,0,804411.2323,5823886.503,13.48349832,52.48003689
1,1011201.0,,1100205.0,2020,7,15,7,3,5,3,0,1,0,0,0,0,0,796992.389,5826607.827,13.37700697,52.50851607
11,11020411.0,,11200410.0,2020,7,14,2,3,5,2,0,1,0,0,0,0,0,805295.3225,5832050.634,13.50396698,52.55271381
11,11051229.0,,11501238.0,2020,7,17,3,2,5,3,0,1,0,0,0,0,0,804666.031,5825590.064,13.48879585,52.49516318
2,2040703.0,,2400625.0,2020,7,17,2,3,1,5,0,1,0,0,0,0,0,800969.475,5826777.407,13.43558412,52.50785654
4,4030623.0,,4300622.0,2020,7,18,4,2,0,7,0,0,0,0,0,0,0,793785.4092,5826308.111,13.32962613,52.50756578
4,4051654.0,,4501150.0,2020,7,16,4,3,5,2,0,1,0,0,0,0,1,793708.3512,5823948.602,13.32641347,52.48645535
1,1011302.0,,1100309.0,2020,7,0,4,3,0,1,2,0,0,0,0,0,0,798659.0371,5828525.395,13.40321238,52.52479456
6,6040701.0,,6400735.0,2020,7,14,7,3,2,6,0,1,0,0,0,0,0,784454.5638,5816431.889,13.18410019,52.42395902
3,3061131.0,,3601142.0,2020,7,14,7,3,3,6,0,0,0,0,0,0,0,799194.423,5831007.812,13.41331515,52.5467521
1,1011301.0,,1100308.0,2020,7,21,2,3,2,2,2,1,0,0,0,0,0,797539.2052,5828717.945,13.38692737,52.52713281
10,10030726.0,,10300733.0,2020,7,16,2,3,7,7,0,0,0,0,0,0,0,808598.8605,5826467.372,13.54735599,52.50081623
3,3061332.0,,3601346.0,2020,7,18,2,3,5,3,0,0,0,0,0,0,0,799426.27,5830820.929,13.41655553,52.54494962
2,2010103.0,,2100104.0,2020,7,15,4,3,5,3,0,1,0,0,0,0,1,799281.264,5826219.832,13.41028293,52.50378743
1,1011402.0,,1100416.0,2020,7,9,3,3,1,5,0,1,0,0,0,0,0,798597.3877,5829529.038,13.40320779,52.53382458
6,6010206.0,,6100206.0,2020,7,9,7,3,1,5,0,1,0,0,0,0,0,794332.3245,5819569.708,13.33171379,52.44686466
12,12103117.0,,12100101.0,2020,7,21,2,3,5,2,0,1,0,0,0,0,0,795786.906,5832580.132,13.3646124,52.56270719
12,12214421.0,,12200307.0,2020,7,10,3,3,0,2,0,1,0,0,0,0,0,793377.53,5833163.852,13.32968683,52.56924349
4,4051446.0,,4501043.0,2020,7,19,7,2,5,3,0,1,0,0,0,0,0,793034.4036,5824459.692,13.31696608,52.49139925
6,6020410.0,,6200422.0,2020,7,11,5,3,5,2,0,1,0,0,0,0,0,794115.9122,5817425.126,13.32665167,52.42775573
4,4051550.0,,4501147.0,2020,7,7,3,3,0,1,0,0,0,0,0,0,0,792895.0416,5824307.859,13.31478587,52.49011291
1,1011401.0,,1100415.0,2020,7,15,7,2,0,1,0,0,0,0,0,0,0,798274.4552,5829365.938,13.39831463,52.53253942
2,2050602.0,,2500728.0,2020,7,8,2,3,2,2,0,1,0,0,0,0,0,802904.0103,5827850.781,13.46497781,52.51640642
1,1022201.0,,1200623.0,2020,7,10,5,3,1,5,0,1,0,0,0,0,0,795128.6033,5829492.648,13.35218506,52.53538773
1,1033102.0,,1300733.0,2020,7,14,4,3,5,2,0,1,0,0,0,0,0,797142.281,5831886.608,13.38392779,52.55575262
3,3061228.0,,3601245.0,2020,7,16,2,3,5,2,0,0,0,0,0,0,1,800196.142,5830928.884,13.42797194,52.54549361
8,8010404.0,,8100417.0,2020,7,10,4,3,1,5,0,1,0,0,0,0,0,802291.5268,5822839.454,13.45143209,52.47182958
9,9041501.0,,9401534.0,2020,7,19,4,3,5,3,0,1,0,0,0,0,1,811102.1108,5820276.826,13.57834205,52.44391848
8,8010405.0,,8100418.0,2020,7,20,2,3,0,3,1,1,0,0,0,0,0,801974.8123,5824039.361,13.44787005,52.48275967
4,4041344.0,,4400835.0,2020,7,8,4,3,5,3,0,1,0,0,0,0,0,793353.7599,5822576.665,13.31999928,52.47434706
4,4031032.0,,4500937.0,2020,7,15,3,3,0,1,0,1,0,0,0,0,0,791678.0224,5825321.857,13.29780008,52.49985494
2,2010104.0,,2100106.0,2020,7,9,4,3,0,1,0,0,0,0,0,0,0,799226.7646,5825611.946,13.4089362,52.4983685
1,1011303.0,,1100310.0,2020,7,13,3,3,5,3,0,1,0,0,0,0,0,799122.1054,5828521.266,13.41001385,52.5245037
9,9041501.0,,9401534.0,2020,7,17,2,2,0,1,0,0,0,0,0,0,1,810801.4325,5820318.508,13.57397119,52.444463
5,5010101.0,,5100101.0,2020,7,17,3,2,5,3,0,1,0,0,0,0,0,785193.9425,5833804.467,13.20982338,52.57933664
4,4041136.0,,4400728.0,2020,7,10,2,2,2,2,0,1,0,0,0,0,0,790031.9459,5823001.544,13.27159946,52.47993025
9,9031101.0,,9301126.0,2020,7,17,2,3,5,3,0,1,0,0,0,0,1,810799.6456,5818208.964,13.57198393,52.42555903
9,9020502.0,,9200512.0,2020,7,15,6,2,5,2,0,1,0,0,0,0,0,809220.8928,5821510.13,13.55189388,52.45603824
8,8010118.0,,8100105.0,2020,7,12,3,3,2,6,0,0,0,0,0,1,0,800594.6988,5821832.835,13.4256196,52.4637432
1,1011301.0,,1100308.0,2020,7,15,6,3,5,2,0,1,0,0,0,0,1,796917.1204,5828129.617,13.37725917,52.52219825
1,1011204.0,,1100207.0,2020,7,16,2,3,1,5,0,1,0,0,0,0,0,798660.8492,5826865.4,13.40174885,52.50991401
9,9041501.0,,9401534.0,2020,7,16,2,2,6,4,0,0,1,0,0,0,0,810832.8612,5820306.688,13.57442112,52.44433921
11,11020412.0,,11200411.0,2020,7,17,2,3,5,2,0,1,0,0,0,0,0,805694.0334,5831384.14,13.50921576,52.5465169
9,9041601.0,,9401635.0,2020,7,13,2,3,0,1,0,0,0,0,0,1,0,816717.398,5817345.289,13.65790955,52.41442711
2,2040702.0,,2400624.0,2020,7,18,4,3,0,1,0,0,0,0,0,0,0,801874.6519,5826894.247,13.44898663,52.50840368
4,4030725.0,,4300416.0,2020,7,15,4,3,0,3,0,1,0,0,0,0,1,791289.8598,5826076.656,13.29275839,52.50682902
1,1011201.0,,1100205.0,2020,7,16,2,3,6,4,0,0,1,0,0,0,0,797138.5926,5826463.545,13.37902606,52.50714312
1,1011301.0,,1100308.0,2020,7,10,3,2,5,3,0,0,0,0,0,0,0,797055.5317,5828891.334,13.37997365,52.52895081
4,4030621.0,,4300620.0,2020,7,16,2,3,5,3,0,0,0,0,0,0,0,793281.3587,5827445.028,13.32322272,52.51802896
4,4041241.0,,4400832.0,2020,7,9,2,3,1,5,0,1,0,0,0,0,0,791350.3444,5822461.3,13.29048587,52.47438516
8,8020619.0,,8200623.0,2020,7,13,6,3,1,5,0,0,0,1,0,0,0,802178.1832,5820660.513,13.44779589,52.45236214
11,11040926.0,,11400929.0,2020,7,16,2,3,5,2,0,1,0,0,0,0,0,804803.93,5826500.682,13.49165416,52.50324766
1,1011301.0,,1100308.0,2020,7,14,6,3,1,6,0,1,0,0,0,0,1,797116.6799,5828197.011,13.38025202,52.52269367
2,2040503.0,,2400522.0,2020,7,8,3,3,0,7,0,0,0,0,0,0,0,801813.6478,5827954.001,13.44905162,52.51793608
9,9010202.0,,9100203.0,2020,7,16,2,3,3,6,0,0,0,0,0,1,0,803777.7001,5823276.496,13.47364265,52.47492229
11,11051229.0,,11501238.0,2020,7,23,1,3,1,5,2,1,0,0,0,0,0,803556.5984,5826264.326,13.47311874,52.50182459
6,6040809.0,,6400843.0,2020,7,14,2,3,5,3,0,0,0,0,0,1,0,791785.1462,5819655.125,13.2944162,52.44899577
7,7060604.0,,7601339.0,2020,7,11,5,3,5,2,0,1,0,0,0,0,0,795658.1524,5816070.127,13.34807098,52.41477774
4,4051549.0,,4501146.0,2020,7,17,2,3,3,6,0,0,0,0,0,0,0,793310.327,5823826.451,13.32046108,52.48557429
1,1022206.0,,1200628.0,2020,7,15,3,2,5,3,0,0,0,0,0,1,0,795519.0125,5828218.136,13.35679132,52.52375128
4,4051550.0,,4501043.0,2020,7,22,1,3,5,2,2,1,0,0,0,0,0,792860.7475,5824321.136,13.31429389,52.49025034
2,2020203.0,,2200209.0,2020,7,18,4,3,5,2,0,1,0,0,0,0,0,797101.5385,5824476.476,13.37670923,52.48935133
4,4030828.0,,4300624.0,2020,7,16,4,3,6,4,0,0,1,0,0,0,1,793064.5502,5826099.255,13.31885153,52.50608118
8,8010404.0,,8100415.0,2020,7,9,2,3,5,2,0,1,0,0,0,0,0,801231.6928,5823675.361,13.43663126,52.47990749
1,1011401.0,,1100415.0,2020,7,14,3,3,3,2,0,1,0,0,0,0,0,797506.1496,5829187.783,13.38686199,52.53136238
4,4030931.0,,4501042.0,2020,7,22,2,3,5,3,2,1,0,0,0,0,0,793522.9808,5825456.863,13.32502017,52.50007598
12,12214527.0,,12200515.0,2020,7,8,6,3,5,3,0,1,0,0,0,0,1,790313.7352,5835441.089,13.28660397,52.59130141
4,4051448.0,,4501045.0,2020,7,17,4,3,5,2,0,1,0,0,0,0,0,793477.628,5824923.423,13.32388395,52.4953183
3,3061332.0,,3601347.0,2020,7,13,2,3,5,7,0,1,0,0,0,0,0,799715.0305,5830883.903,13.42085781,52.54535531
6,6020302.0,,6200312.0,2020,7,9,3,3,2,6,0,1,0,0,0,0,0,794374.5094,5819071.751,13.33189397,52.44237798
7,7020202.0,,7200308.0,2020,7,8,6,3,5,3,0,1,0,0,0,0,1,795008.4371,5823599.073,13.3451951,52.48262112
2,2050601.0,,2500726.0,2020,7,13,2,3,0,1,0,0,0,0,0,0,0,801948.9743,5829057.758,13.45204199,52.52775416
4,4041134.0,,4400726.0,2020,7,8,2,3,5,7,0,1,0,0,0,0,0,791230.3498,5824451.383,13.2904628,52.49229026
7,7070705.0,,7601546.0,2020,7,8,6,3,5,3,0,1,0,0,0,0,1,798607.4321,5813326.196,13.38886073,52.3885804
9,9051702.0,,9501737.0,2020,7,12,2,3,1,5,0,1,0,0,0,0,0,814895.308,5821586.882,13.63520247,52.45348669
1,1022104.0,,1200520.0,2020,7,10,2,3,0,6,0,1,0,0,0,0,0,794584.5868,5828536.343,13.3433402,52.52710946
7,7020201.0,,7200307.0,2020,7,8,2,3,5,2,0,1,0,0,0,0,0,794523.7973,5824648.013,13.33900603,52.49228588
2,2040701.0,,2400623.0,2020,7,15,4,3,5,3,0,1,0,0,0,0,0,800458.7417,5827593.735,13.42881853,52.51545505
9,9010302.0,,9100306.0,2020,7,7,3,3,5,3,0,1,0,0,0,0,0,804946.3155,5820717.098,13.48845687,52.45133217
5,5030731.0,,5300737.0,2020,7,7,2,3,5,2,0,0,0,0,1,0,0,787278.1489,5829423.64,13.23670547,52.53896399
4,4051652.0,,4501149.0,2020,7,17,5,3,5,5,0,1,0,0,0,0,0,793452.701,5824395.857,13.32305315,52.49060229
9,9020501.0,,9200510.0,2020,7,9,4,3,5,3,0,1,0,0,0,0,1,806407.802,5822969.093,13.51196312,52.47069823
2,2010102.0,,2100102.0,2020,7,7,2,3,5,3,0,1,0,0,0,0,0,798311.1025,5825621.423,13.39549612,52.49895473
2,2050801.0,,2500832.0,2020,7,21,3,3,2,6,1,1,0,0,0,0,0,803425.2335,5826919.6,13.47178656,52.50777073
8,8010404.0,,8100415.0,2020,7,16,5,2,5,3,0,1,0,0,0,0,1,801363.8907,5823775.676,13.43866264,52.48073371
8,8030831.0,,8301036.0,2020,7,16,2,3,3,6,0,1,0,0,0,0,0,804016.4883,5817810.199,13.47217229,52.42579589
1,1011306.0,,1100313.0,2020,7,15,2,3,4,6,0,0,0,0,0,0,0,800420.2533,5826571.847,13.42733065,52.50631675
4,4030620.0,,4300619.0,2020,7,14,5,3,0,1,0,0,0,0,0,0,1,791986.6889,5827395.238,13.3041531,52.51827734
3,3061332.0,,3601348.0,2020,7,16,3,3,3,6,0,0,0,0,0,1,0,799920.0706,5830702.822,13.4237089,52.54361939
4,4030931.0,,4501042.0,2020,7,18,6,3,3,5,0,1,0,0,0,0,0,793868.2382,5825525.025,13.33015186,52.5005012
11,11030618.0,,11300618.0,2020,7,10,6,3,5,2,0,1,0,0,0,0,0,802830.7796,5828742.557,13.46471375,52.52443995