district,LOR,street,LOR_2021,year,month,hour,weekday,category,accident_kind,accident_type,light_condition,car,pedestrian,motorcycle,goods_vehicle,others,road_condition,LINREFX,LINREFY,XGCSWGS84,YGCSWGS84
1,1011203.0,,1100206.0,2020,7,12,2,3,5,5,0,1,0,0,0,0,0,797844.9574,5827461.943,13.39029632,52.51570736
8,8020619.0,,8200623.0,2020,7,18,1,3,5,3,0,1,0,0,0,0,1,801880.7888,5821131.345,13.44385845,52.45674661
6,6010101.0,,6100101.0,2020,7,18,1,3,1,6,0,1,0,0,0,1,0,792948.5934,5820919.639,13.31259629,52.45970969
12,12103117.0,,12100101.0,2020,7,9,6,3,5,2,0,1,0,0,0,0,0,796378.199,5832792.759,13.37349981,52.56429162
4,4030417.0,,4300414.0,2020,7,17,7,3,5,3,0,1,0,0,0,0,0,791538.0664,5826830.343,13.29706524,52.51345316
7,7040401.0,,7400721.0,2020,7,8,6,3,5,2,0,1,0,0,0,0,0,797749.1749,5822532.348,13.38448334,52.47157156
2,2040502.0,,2400521.0,2020,7,0,6,3,0,2,2,0,0,0,0,1,0,800940.41,5828520.517,13.43673371,52.52349643
8,8010301.0,,8100312.0,2020,7,11,2,3,0,2,0,0,0,0,0,1,0,801464.7982,5823891.046,13.44024833,52.4817121
9,9041501.0,,9401534.0,2020,7,6,5,2,0,3,0,0,0,0,0,0,1,810869.961,5820326.084,13.57498327,52.44449194
1,1022106.0,,1200522.0,2020,7,13,1,3,0,2,0,1,0,0,0,0,1,794316.3126,5828379.579,13.33925836,52.52584907
11,11020514.0,,11200513.0,2020,7,17,1,3,5,3,0,1,0,0,0,0,0,804671.701,5830737.516,13.49359304,52.54129422
6,6040703.0,,6400737.0,2020,7,13,7,2,3,6,0,0,0,0,0,0,0,784502.9318,5817255.592,13.18551031,52.43131944
5,5010209.0,,5100211.0,2020,7,16,5,3,1,5,0,1,0,0,0,0,0,782792.3898,5829570.473,13.17086764,52.54262707
1,1011201.0,,1100205.0,2020,7,16,2,3,5,2,0,1,0,0,0,0,1,797471.0465,5826799.263,13.38420998,52.50997128
7,7050503.0,,7501031.0,2020,7,16,5,3,2,2,0,1,0,0,0,0,0,799105.2361,5819853.049,13.4019875,52.44681433
8,8010404.0,,8100417.0,2020,7,17,7,3,5,3,0,1,0,0,0,0,0,802589.5286,5823076.161,13.45602066,52.4737862
1,1033102.0,,1300733.0,2020,7,19,3,3,5,2,0,1,0,0,0,0,0,796999.2298,5831504.466,13.38148209,52.5524052
3,3050924.0,,3500935.0,2020,7,18,6,2,4,6,0,0,0,0,0,0,0,801304.8827,5831326.022,13.44463306,52.54844115
9,9041501.0,,9401534.0,2020,7,7,3,3,5,3,0,1,0,0,0,0,0,810885.6831,5820660.769,13.57552526,52.44748231
2,2030401.0,,2300417.0,2020,7,13,6,3,5,3,0,1,0,0,0,0,0,800649.095,5825682.122,13.42988888,52.49821581
6,6020409.0,,6200421.0,2020,7,15,5,3,1,5,0,1,0,0,0,0,1,794121.3887,5817678.721,13.32695502,52.43002618
10,10010308.0,,10100311.0,2020,7,10,7,3,5,2,0,1,0,0,0,0,0,806558.5524,5829131.585,13.5198472,52.52584343
10,10010308.0,,10100311.0,2020,7,15,3,3,5,2,0,1,0,0,0,0,0,807456.2066,5829172.146,13.53307461,52.52570149
5,5040938.0,,5400945.0,2020,7,21,6,2,0,7,2,0,0,0,0,0,0,780764.2661,5819204.889,13.13230243,52.45073036
2,2050801.0,,2500830.0,2020,7,14,5,3,5,3,0,0,0,0,0,1,0,802437.2194,5827409.939,13.45771902,52.51271422
4,4030931.0,,4501042.0,2020,7,18,4,2,1,5,0,1,0,0,0,0,0,794490.9866,5825875.014,13.33960903,52.50330292
11,11030720.0,,11300721.0,2020,7,18,3,2,0,1,0,0,0,0,0,0,0,805387.8834,5830017.438,13.50345882,52.53443974
4,4051655.0,,4501153.0,2020,7,15,6,3,1,5,0,1,0,0,0,0,0,793972.4364,5823100.278,13.3295434,52.47870839
2,2010101.0,,2100101.0,2020,7,7,6,3,4,6,0,0,0,0,0,0,0,797420.4778,5825955.332,13.38271311,52.50243397
8,8010301.0,,8100312.0,2020,7,17,2,3,1,5,0,1,0,0,0,0,0,801139.656,5824124.809,13.43568609,52.48398678
3,3061429.0,,3601449.0,2020,7,3,6,3,0,1,2,0,0,0,0,0,1,801106.6919,5830757.956,13.44120406,52.54345911
10,10040933.0,,10400940.0,2020,7,21,1,3,5,2,2,1,0,0,0,0,1,812350.801,5823795.872,13.59994663,52.47474188
8,8041035.0,,8401241.0,2020,7,3,1,3,1,5,2,1,0,0,0,0,0,804580.2503,5818621.214,13.4811765,52.43275134
2,2040503.0,,2400522.0,2020,7,14,5,3,5,3,0,1,0,0,0,0,0,801916.7566,5827967.945,13.45057923,52.51800399
2,2020205.0,,2200211.0,2020,7,10,4,3,5,2,0,1,0,0,0,0,0,798311.1941,5824424.635,13.39442588,52.48822698
6,6040702.0,,6400736.0,2020,7,18,7,3,5,3,0,1,0,0,0,0,0,787190.9899,5817117.859,13.22482163,52.42867995
11,11051229.0,,11501238.0,2020,7,19,7,3,5,2,0,1,0,0,0,0,0,804093.5443,5826004.085,13.48076713,52.49919317
11,11020411.0,,11200410.0,2020,7,17,3,3,5,3,0,1,0,0,0,0,0,806503.1383,5832280.088,13.52193729,52.5540919
1,1044203.0,,1401049.0,2020,7,16,6,3,1,5,0,1,0,0,0,0,0,795956.4211,5831941.184,13.36653605,52.55688756
2,2040501.0,,2400520.0,2020,7,13,5,2,0,1,0,0,0,0,0,0,1,801277.7093,5828758.853,13.44190616,52.52544641
10,10040830.0,,10400837.0,2020,7,12,2,2,0,7,0,0,0,0,0,0,0,810885.7044,5827048.474,13.58147966,52.50472581
1,1022103.0,,1200517.0,2020,7,16,5,3,0,1,0,0,0,0,0,0,0,793613.9084,5829862.365,13.33024443,52.53952018
6,6040703.0,,6400737.0,2020,7,18,1,2,5,7,0,1,0,0,0,0,0,785359.9969,5817763.44,13.19851593,52.43542646
3,3061131.0,,3601142.0,2020,7,13,5,3,0,3,0,1,0,0,0,0,0,798657.3485,5831006.064,13.40541685,52.54703112
12,12103219.0,,12100204.0,2020,7,16,7,3,0,3,0,1,0,0,0,0,0,795627.1599,5833003.112,13.36263953,52.56658555
1,1011301.0,,1100308.0,2020,7,13,5,3,6,4,0,0,1,0,0,0,0,797005.9883,5828589.794,13.37897612,52.52627483
1,1011204.0,,1100207.0,2020,7,12,5,3,1,5,0,0,0,0,1,0,0,797877.2312,5826728.041,13.39011363,52.50911122
1,1011401.0,,1100415.0,2020,7,11,5,3,0,6,0,0,0,1,0,0,1,797755.896,5829256.267,13.39059421,52.53183989
6,6040703.0,,6400737.0,2020,7,19,5,2,5,2,0,1,0,0,0,0,0,787125.0529,5817227.561,13.2239487,52.42969813
8,8020727.0,,8200832.0,2020,7,18,5,3,5,3,0,1,0,0,0,0,0,801515.51,5817619.325,13.43533027,52.4254689
1,1011302.0,,1100309.0,2020,7,14,5,3,2,7,0,1,0,0,0,0,0,798529.4484,5828982.191,13.40171806,52.52896008
12,12214125.0,,12200414.0,2020,7,13,1,3,2,6,0,0,0,0,0,0,0,791824.5105,5831341.524,13.30523515,52.55374168
7,7040402.0,,7400822.0,2020,7,12,7,2,3,6,0,1,0,0,0,0,0,796819.0085,5822133.248,13.37047452,52.46850021
2,2040703.0,,2400625.0,2020,7,1,6,3,0,1,2,0,0,0,0,0,0,801915.5415,5826638.064,13.44935494,52.50608487
9,9030901.0,,9300920.0,2020,7,15,2,3,1,5,0,1,0,0,0,0,0,808325.3494,5817709.856,13.53525036,52.42248575
1,1022203.0,,1200625.0,2020,7,15,5,2,3,6,0,0,0,0,0,0,0,794614.5267,5828452.629,13.34370609,52.52634284
6,6040701.0,,6400735.0,2020,7,14,7,3,0,2,0,1,0,0,0,0,0,782020.7302,5815649.328,13.14774305,52.41820189
2,2030402.0,,2300419.0,2020,7,20,7,2,5,3,0,0,0,0,0,1,0,801591.9381,5825954.805,13.44398272,52.5001397
2,2020203.0,,2200208.0,2020,7,23,3,3,6,4,2,0,1,0,0,0,0,797811.2215,5824934.355,13.38753981,52.49306899
12,12214424.0,,12200309.0,2020,7,11,5,2,5,2,0,1,0,0,0,0,0,793036.6788,5832664.426,13.32423092,52.56495
5,5020625.0,,5200629.0,2020,7,8,3,3,6,4,0,0,1,0,0,0,0,784635.6023,5828404.908,13.19697551,52.53121681
6,6010103.0,,6100103.0,2020,7,11,5,3,4,6,0,1,0,0,0,0,1,793945.5804,5821357.973,13.3276139,52.46310382
8,8010213.0,,8100208.0,2020,7,17,4,3,0,1,0,0,0,0,0,0,0,801402.4822,5822966.922,13.43849825,52.47346335
1,1022201.0,,1200623.0,2020,7,18,3,3,0,6,0,1,0,0,0,0,0,795464.9483,5829564.399,13.35719326,52.53584868
1,1011401.0,,1100414.0,2020,7,18,6,3,0,7,0,1,0,0,0,0,0,796992.9053,5829725.459,13.37979846,52.53646191
4,4031032.0,,4500937.0,2020,7,11,5,3,5,3,0,0,0,0,0,1,2,791177.0452,5824965.719,13.29012946,52.49692972
1,1044201.0,,1401043.0,2020,7,5,6,2,6,4,0,0,1,0,0,0,0,795537.6467,5830766.839,13.35933161,52.54658806
8,8010211.0,,8100206.0,2020,7,15,6,3,6,4,0,0,1,0,0,0,0,800428.9752,5823783.073,13.424944,52.48131515
3,3061227.0,,3601243.0,2020,7,19,7,3,6,4,0,0,1,0,0,0,0,799844.9959,5831531.572,13.42335339,52.55108907
1,1033102.0,,1300733.0,2020,7,16,2,3,1,7,0,1,1,0,0,0,1,797382.1414,5831869.969,13.38744042,52.55547255
2,2030302.0,,2300315.0,2020,7,23,5,3,5,2,2,1,0,0,0,0,0,800672.3508,5825803.538,13.43034003,52.49929129
2,2030401.0,,2300418.0,2020,7,17,1,3,5,2,0,1,0,0,0,0,0,801281.2633,5825356.544,13.4388787,52.49494898
12,12214423.0,,12200308.0,2020,7,12,2,3,0,1,0,0,0,0,0,0,0,792900.8207,5833860.759,13.32328886,52.57574763
9,9051701.0,,9501736.0,2020,7,18,1,3,0,1,0,0,0,0,0,0,1,813669.452,5820759.782,13.61644516,52.44677975
1,1022207.0,,1200629.0,2020,7,8,5,3,5,2,0,1,0,0,0,0,0,794403.0998,5827614.109,13.33985635,52.51894026
9,9041501.0,,9401534.0,2020,7,9,4,3,5,3,0,1,0,0,0,0,0,811356.7199,5819895.27,13.58172052,52.44035426
12,12301203.0,,12500930.0,2020,7,17,7,3,5,3,0,1,0,0,0,0,0,792873.2325,5835190.572,13.32405801,52.58768353
1,1044202.0,,1401046.0,2020,7,8,5,3,5,2,0,0,0,0,0,1,0,794611.1323,5829879.014,13.34492045,52.5391312
4,4030931.0,,4501042.0,2020,7,11,3,3,5,3,0,1,0,0,0,0,0,794545.9071,5825993.978,13.34052105,52.50433972
3,3030716.0,,3300517.0,2020,7,12,3,3,4,6,0,1,0,0,0,0,0,802853.6508,5834301.506,13.47011954,52.57425086
9,9030901.0,,9300920.0,2020,7,10,7,3,5,3,0,1,0,0,0,0,0,809033.8824,5816420.528,13.54444635,52.41053112
12,12214527.0,,12200515.0,2020,7,16,3,2,5,3,0,0,0,1,0,0,0,790138.1877,5835796.224,13.28433092,52.59457883
1,1022206.0,,1200628.0,2020,7,22,4,2,0,1,2,0,0,0,0,0,0,796122.3043,5828444.847,13.36585941,52.52545622
3,3030715.0,,3300516.0,2020,7,15,7,2,3,6,0,1,0,0,0,0,0,800737.7976,5833604.627,13.43835985,52.56917794
7,7010102.0,,7100102.0,2020,7,7,5,3,1,5,0,0,0,0,1,0,1,795580.208,5825122.775,13.35494184,52.49597073
1,1011303.0,,1100310.0,2020,7,10,3,3,5,3,0,1,0,0,0,0,0,799573.9461,5828456.553,13.41659564,52.52367558
2,2020202.0,,2200208.0,2020,7,7,5,3,5,2,0,1,0,0,0,0,1,797918.4937,5825263.185,13.38940923,52.49595803
3,3071536.0,,3701554.0,2020,7,1,2,3,0,7,2,1,0,0,0,0,0,799031.1542,5829254.465,13.40933667,52.53112564
3,3061126.0,,3601141.0,2020,7,16,5,3,5,2,0,1,0,0,0,0,0,799242.2395,5831771.564,13.41470647,52.55357167
2,2010103.0,,2100104.0,2020,7,5,7,3,5,3,0,1,0,0,0,0,0,799343.1557,5826192.384,13.41116737,52.50350744
12,12231102.0,,12400721.0,2020,7,20,4,2,0,1,0,0,0,0,0,0,0,791200.695,5839957.962,13.30363574,52.63131956
2,2050801.0,,2500830.0,2020,7,18,7,3,1,1,0,1,0,0,0,0,0,802632.893,5827374.783,13.46056165,52.51229061
3,3040818.0,,3400831.0,2020,7,1,7,2,0,1,2,0,0,0,0,0,0,800005.8466,5833873.563,13.42783592,52.57199236
3,3020307.0,,3200309.0,2020,7,5,5,3,5,3,0,0,0,0,0,1,1,800429.0854,5836239.601,13.43620696,52.592966
10,10030727.0,,10300734.0,2020,7,8,3,3,5,2,0,1,0,0,0,0,0,809547.1361,5826906.024,13.56168901,52.50421024
8,8010118.0,,8100104.0,2020,7,13,6,3,1,5,0,1,0,0,0,0,0,800919.3277,5822358.643,13.4308577,52.46827752
4,4030827.0,,4300623.0,2020,7,22,5,3,6,4,2,0,1,0,0,0,0,792714.5985,5826110.342,13.31371998,52.50636844
10,10040830.0,,10400837.0,2020,7,18,4,3,0,7,0,0,0,0,0,0,0,810868.5858,5826954.149,13.5811402,52.50389028
10,10040932.0,,10400939.0,2020,7,12,7,3,0,2,0,1,0,0,0,0,0,812933.0756,5827910.044,13.61235551,52.51127608
1,1011202.0,,1100206.0,2020,7,21,5,3,5,2,1,1,0,0,0,0,0,797159.8237,5827689.563,13.38043272,52.51812145
12,12214528.0,,12400619.0,2020,7,11,6,3,5,3,0,1,0,0,0,0,0,787919.328,5836251.735,13.25206066,52.59984189
1,1011302.0,,1100310.0,2020,7,6,1,3,3,6,0,0,0,0,0,0,0,799075.0648,5828998.867,13.40975213,52.52881049
1,1011204.0,,1100207.0,2020,7,12,6,2,1,5,0,1,0,0,0,0,0,798829.3692,5826714.237,13.40408887,52.50846676
4,4030827.0,,4300623.0,2020,7,13,4,3,2,6,0,1,0,0,0,0,0,792230.4737,5826493.25,13.30694354,52.51006066
12,12103219.0,,12100204.0,2020,7,18,7,3,5,2,0,1,0,0,0,0,0,795066.5877,5832477.612,13.35392567,52.56217902
1,1011302.0,,1100309.0,2020,7,15,6,3,5,2,0,1,0,0,0,0,0,798133.4497,5828443.544,13.39541493,52.52434853
1,1011101.0,,1100101.0,2020,7,16,4,3,0,1,0,0,0,0,0,0,0,794933.5245,5826295.791,13.34648263,52.50683587
2,2020206.0,,2200212.0,2020,7,17,3,3,5,2,0,0,0,0,0,0,0,799059.0948,5824559.656,13.40552904,52.48902808
8,8041036.0,,8401242.0,2020,7,17,6,3,2,3,0,1,0,0,0,0,0,805254.7614,5817233.271,13.48980066,52.41993568
1,1033201.0,,1300834.0,2020,7,20,5,3,5,3,0,1,0,0,0,0,0,798216.3143,5830906.31,13.39884256,52.54637857
1,1011305.0,,1100312.0,2020,7,19,2,2,2,6,0,0,0,0,0,0,0,799522.8682,5826727.281,13.41428834,52.50820337
12,12214423.0,,12200308.0,2020,7,6,6,3,5,3,0,1,0,0,0,0,0,792601.3772,5833866.226,13.31888748,52.57595771
8,8020625.0,,8200730.0,2020,7,17,1,3,5,2,0,1,0,0,0,0,1,801370.7945,5819267.283,13.43469379,52.44031987
5,5020626.0,,5200631.0,2020,7,20,5,3,2,7,0,0,0,0,0,0,0,784762.2095,5826724.971,13.19739839,52.51608835
4,4030931.0,,4501042.0,2020,7,16,4,3,0,5,0,1,0,0,0,0,0,793784.7801,5825694.256,13.32907522,52.50206321
3,3020209.0,,3200205.0,2020,7,11,3,3,5,3,0,1,0,0,0,0,0,798127.4011,5835468.548,13.40163534,52.58732119
8,8030829.0,,8300934.0,2020,7,14,6,3,5,3,0,1,0,0,0,0,0,803571.985,5818133.528,13.46594855,52.42894068
4,4030827.0,,4300623.0,2020,7,19,5,3,2,7,0,1,0,0,0,0,0,792437.1246,5826118.224,13.30965036,52.5065879
9,9020702.0,,9200716.0,2020,7,9,2,2,3,6,0,0,0,0,0,0,0,809176.6521,5819268.801,13.54917082,52.43597667
3,3040508.0,,3400618.0,2020,7,17,5,3,5,3,0,0,0,0,0,0,0,796582.3768,5836107.299,13.3794687,52.59389135
6,6030502.0,,6300525.0,2020,7,18,5,3,5,2,0,1,0,0,0,0,0,790224.2763,5815013.047,13.26748459,52.40820888
1,1011101.0,,1100101.0,2020,7,11,2,3,5,2,0,1,0,0,0,0,0,794591.6924,5826066.984,13.34125825,52.50496945
4,4030416.0,,4300413.0,2020,7,15,5,3,5,2,0,0,0,0,0,1,0,790886.276,5827024.514,13.28765732,52.5155419
2,2020204.0,,2200210.0,2020,7,18,5,2,5,3,0,1,0,0,0,0,0,798696.8405,5824704.463,13.40033947,52.49052441
7,7060603.0,,7601238.0,2020,7,11,1,3,0,3,0,0,0,1,0,0,1,798325.1697,5815893.801,13.38701184,52.41175015
7,7040401.0,,7400721.0,2020,7,15,3,3,0,6,0,1,0,0,0,0,0,798764.6133,5823944.033,13.40065303,52.48367107
4,4051655.0,,4501153.0,2020,7,13,7,3,0,6,0,1,0,0,0,0,0,794453.3433,5823551.447,13.33700249,52.48249379
5,5030730.0,,5300736.0,2020,7,10,3,3,5,2,0,0,0,0,0,1,0,786208.0065,5829122.45,13.22071048,52.53682674
11,11030619.0,,11300620.0,2020,7,1,6,2,5,3,2,1,0,0,0,0,0,804147.6277,5829804.826,13.48503563,52.53322768
2,2020206.0,,2200213.0,2020,7,18,5,3,6,4,0,0,1,0,0,0,0,800270.5047,5824593.571,13.42334758,52.48866713
7,7010101.0,,7100101.0,2020,7,18,1,3,5,2,0,1,0,0,0,0,1,794499.5704,5825476.588,13.33938276,52.49972664
2,2010103.0,,2100104.0,2020,7,19,3,2,5,3,0,0,0,0,0,1,0,799235.4559,5826246.153,13.40963372,52.50404848
7,7020201.0,,7200307.0,2020,7,21,7,3,1,5,1,1,0,0,0,0,0,794454.2896,5824204.613,13.3375934,52.48834856
9,9020501.0,,9200510.0,2020,7,13,3,3,3,6,0,1,0,0,1,0,0,806546.439,5822362.6,13.51344055,52.46518487
10,10020518.0,,10200525.0,2020,7,10,7,3,4,2,0,0,0,0,0,0,0,813302.9497,5829897.589,13.61965972,52.52887405
11,11030720.0,,11300721.0,2020,7,13,2,3,5,3,0,1,0,0,0,0,0,804919.0199,5829941.714,13.49649833,52.53402357
6,6010205.0,,6100205.0,2020,7,15,6,3,5,3,0,1,0,0,0,0,0,795844.8952,5819910.47,13.35420659,52.449103
4,4031032.0,,4500937.0,2020,7,17,4,3,1,5,0,1,0,0,0,0,0,791141.3238,5825044.874,13.28967394,52.4976584
9,9031101.0,,9301126.0,2020,7,19,6,3,5,3,0,0,0,0,0,0,0,811452.7953,5817464.425,13.58086565,52.41851544
10,10010308.0,,10100311.0,2020,7,16,2,3,0,1,0,0,0,0,0,0,1,806845.6034,5830340.443,13.52518088,52.53651587
6,6020302.0,,6200312.0,2020,7,10,6,3,5,3,0,1,0,0,0,0,0,794256.8437,5819374.903,13.3304348,52.44515894
2,2040703.0,,2400625.0,2020,7,23,1,3,0,1,2,0,0,0,0,0,1,801200.4633,5826536.06,13.43875889,52.50556582
7,7030301.0,,7300517.0,2020,7,2,1,3,0,1,2,0,0,0,0,0,0,794708.234,5822791.329,13.34007326,52.47554227
11,11041128.0,,11401136.0,2020,7,20,4,3,5,3,0,1,0,0,0,0,0,806050.9742,5826595.752,13.51005651,52.50340171
4,4020311.0,,4200310.0,2020,7,15,7,3,2,3,0,1,0,0,0,0,0,789489.6066,5826782.993,13.2669225,52.51411975
7,7040403.0,,7400823.0,2020,7,19,4,3,5,2,0,1,0,0,0,0,0,797340.3363,5821934.689,13.37794949,52.46643684
10,10020413.0,,10200418.0,2020,7,18,7,3,5,3,0,1,0,0,0,0,0,811373.2928,5831554.111,13.59285854,52.54482409
7,7010102.0,,7100102.0,2020,7,12,3,3,1,5,0,1,0,0,0,0,0,794972.9848,5825117.021,13.34601819,52.49624767
4,4030726.0,,4500936.0,2020,7,13,6,3,5,3,0,1,0,0,0,0,0,792208.8578,5825357.506,13.30562911,52.49989054
1,1033202.0,,1300835.0,2020,7,18,5,3,5,2,0,1,0,0,0,0,0,797763.4432,5829744.481,13.39114252,52.53621198
8,8010301.0,,8100311.0,2020,7,18,5,3,2,6,0,1,0,0,0,0,0,800788.2731,5824398.307,13.43077396,52.4866319
3,3030405.0,,3300411.0,2020,7,11,5,3,5,3,0,0,0,0,0,1,0,804032.431,5839547.065,13.49227643,52.62060664
2,2050801.0,,2500830.0,2020,7,10,1,3,0,1,0,0,0,0,0,0,1,802232.122,5827518.38,13.45480444,52.51379986
4,4030621.0,,4300620.0,2020,7,20,6,3,5,3,1,0,0,0,0,0,0,793025.7734,5827607.898,13.31961027,52.51962642
9,9020702.0,,9200717.0,2020,7,2,6,3,0,6,2,1,0,0,0,0,0,809552.204,5819791.349,13.55516159,52.44044728
1,1011302.0,,1100309.0,2020,7,12,4,3,5,3,0,1,0,0,0,0,1,798548.4178,5828984.286,13.40199874,52.52896846
8,8041035.0,,8401241.0,2020,7,6,2,3,5,3,0,1,0,0,0,0,0,804634.7835,5818533.582,13.48189633,52.43193554
11,11030619.0,,11300620.0,2020,7,19,1,3,5,2,0,1,0,0,0,0,0,803553.4438,5829762.155,13.47626377,52.53317647
8,8010213.0,,8100208.0,2020,7,20,3,3,1,5,1,1,0,0,0,0,0,801192.836,5822657.536,13.43514167,52.47080588
4,4030417.0,,4300414.0,2020,7,8,3,3,5,2,0,1,0,0,0,0,0,790946.2615,5826751.524,13.28830012,52.51306255
6,6040810.0,,6400844.0,2020,7,13,6,3,1,7,0,1,0,0,0,0,0,790494.517,5819747.699,13.27555913,52.45051305
6,6010206.0,,6100206.0,2020,7,13,2,3,2,6,0,0,0,0,0,1,0,794721.1656,5820034.393,13.33782859,52.45082086
8,8010212.0,,8100207.0,2020,7,17,1,3,5,3,0,1,0,1,0,0,0,801327.2854,5823578.964,13.43794748,52.47899072
7,7040403.0,,7400823.0,2020,7,16,4,3,5,3,0,1,0,0,0,0,0,797317.1761,5821758.523,13.37745261,52.4648703
2,2050802.0,,2500833.0,2020,7,19,4,3,1,5,0,1,0,0,0,0,0,802586.8277,5827015.103,13.45955793,52.50909238
9,9020701.0,,9200715.0,2020,7,22,7,3,0,1,2,0,0,0,0,0,0,807850.7948,5818443.146,13.52896854,52.42932481
3,3050919.0,,3500932.0,2020,7,14,7,3,5,2,0,1,0,0,0,0,0,802071.217,5832781.147,13.4572244,52.56105891
4,4030930.0,,4501041.0,2020,7,19,3,3,5,2,0,1,0,0,0,0,0,792951.8768,5825360.004,13.3165458,52.49951456
8,8010214.0,,8100209.0,2020,7,19,6,3,5,3,0,0,0,0,0,1,0,801802.5238,5821957.171,13.44345673,52.46419188
2,2010102.0,,2100102.0,2020,7,19,4,3,5,7,1,0,0,0,0,1,0,798029.7748,5825787.266,13.39151251,52.50059502
12,12214421.0,,12200307.0,2020,7,20,1,3,1,5,0,1,0,0,0,0,0,793428.0481,5833874.105,13.33105853,52.57558325
9,9020501.0,,9200510.0,2020,7,20,6,3,5,2,0,1,0,0,0,0,0,806580.0745,5822760.307,13.5142995,52.46873038
1,1011204.0,,1100207.0,2020,7,13,3,3,4,6,0,0,0,0,0,0,0,798484.0294,5827124.33,13.3993834,52.51233176
4,4030828.0,,4300624.0,2020,7,12,2,3,0,3,0,0,0,0,0,1,0,793262.4562,5826099.558,13.3217593,52.50597755
11,11041022.0,,11401032.0,2020,7,17,5,3,5,2,0,1,0,0,0,0,0,806575.557,5827797.14,13.51886727,52.51387432
2,2020206.0,,2200212.0,2020,7,10,6,3,0,7,0,0,0,0,0,0,0,799515.755,5824529.653,13.41220762,52.4885088
4,4030416.0,,4300413.0,2020,8,16,3,3,2,3,0,1,0,0,0,0,0,790844.959,5827245.97,13.28724376,52.51754928
1,1022206.0,,1200628.0,2020,7,13,6,2,0,1,0,0,0,0,0,0,0,795676.1513,5828181.324,13.35906799,52.52333611
2,2040701.0,,2400623.0,2020,7,10,6,3,5,7,0,1,0,0,0,0,0,800705.3084,5827778.154,13.43260782,52.51697216
12,12302211.0,,12601031.0,2020,7,11,3,3,0,1,0,0,0,0,0,0,0,792892.124,5836994.828,13.32593184,52.60384747
7,7030303.0,,7300619.0,2020,7,9,6,3,5,2,0,1,0,0,0,0,0,795823.3601,5820991.133,13.35484795,52.45880203
9,9041401.0,,9401431.0,2020,8,8,7,3,5,3,0,0,0,1,0,0,0,811673.1704,5820438.712,13.58686785,52.44504405
7,7030301.0,,7300517.0,2020,8,13,5,2,5,2,0,0,0,0,0,1,0,793904.9077,5822769.126,13.32826008,52.4757761
10,10020620.0,,10200627.0,2020,8,14,4,3,2,2,0,1,0,0,0,0,0,811317.7615,5829828.796,13.59042608,52.52939483
11,11030619.0,,11300620.0,2020,7,5,6,3,5,2,1,1,0,0,0,0,0,803526.9761,5829744.999,13.4758591,52.53303745
11,10010203.0,,10100205.0,2020,8,8,1,3,5,3,0,1,0,0,0,0,0,807664.5064,5833598.912,13.54023554,52.56525627
10,10040931.0,,10400938.0,2020,8,17,5,3,5,3,0,1,0,0,0,0,0,812865.7014,5828233.456,13.61167,52.51421284
1,1011202.0,,1100206.0,2020,7,1,6,3,5,2,2,1,0,0,0,0,0,797901.4297,5828175.989,13.3917655,52.52207705
1,1022104.0,,1200519.0,2020,8,13,3,3,3,6,0,1,0,0,0,0,0,793717.6488,5829120.112,13.33111362,52.53281039
7,7020202.0,,7200308.0,2020,7,9,3,3,5,2,0,0,0,0,0,0,0,794765.3551,5823720.604,13.34173336,52.48384184
11,11030720.0,,11300721.0,2020,8,11,7,2,0,1,0,0,0,0,0,0,0,804346.0265,5829081.597,13.48728946,52.52663496
2,2040703.0,,2400625.0,2020,8,11,5,3,2,2,0,1,0,0,0,0,0,801754.1888,5826263.21,13.44664513,52.50281428
2,2040703.0,,2400625.0,2020,7,21,6,3,5,2,1,0,0,1,0,0,0,801759.5125,5826240.279,13.44670254,52.5026058
9,9051901.0,,9501939.0,2020,7,8,3,2,5,3,0,1,0,0,0,0,0,809952.0737,5821593.775,13.56269787,52.45637372
12,12214424.0,,12200309.0,2020,8,16,5,3,5,2,0,1,0,0,0,0,0,793494.965,5832426.037,13.33076181,52.56256613
6,6020410.0,,6200422.0,2020,7,23,6,2,0,1,2,0,0,0,0,0,0,794871.2583,5816435.52,13.33685656,52.41847779
1,1044202.0,,1401046.0,2020,7,8,3,3,5,2,0,1,0,0,0,0,0,794896.6276,5830252.12,13.34944893,52.54232138
5,5010208.0,,5100210.0,2020,7,22,6,3,5,2,2,1,0,0,0,0,0,783711.8178,5830467.233,13.18515499,52.55018955
7,7020201.0,,7200307.0,2020,8,9,4,3,1,5,0,0,0,0,1,0,0,794965.6394,5824044.597,13.34496094,52.48663808
4,4051446.0,,4501043.0,2020,7,19,6,3,5,2,0,1,0,0,0,0,0,792687.574,5825315.993,13.31262471,52.49926184
3,3071638.0,,3701659.0,2020,8,6,4,3,5,2,0,0,0,0,0,1,0,799655.1505,5829000.672,13.41827929,52.52850812
1,1011301.0,,1100308.0,2020,7,18,6,3,3,6,0,1,0,0,0,0,0,797555.268,5828690.648,13.38713902,52.52687936
12,12302211.0,,12601031.0,2020,7,0,3,2,0,1,2,0,0,0,0,0,0,793645.087,5836857.032,13.33689604,52.60220606
5,5010101.0,,5100104.0,2020,8,12,2,3,1,5,0,1,0,0,0,0,0,785262.1125,5831822.581,13.20912197,52.56153169
1,1022207.0,,1200629.0,2020,7,18,6,2,5,3,0,1,0,0,0,0,0,794895.9401,5827785.791,13.3472509,52.52021298
3,3061430.0,,3601450.0,2020,7,17,6,3,5,2,0,1,0,0,0,0,0,802342.1839,5829201.715,13.45795145,52.52882651
4,4020208.0,,4200206.0,2020,8,13,4,2,0,5,0,1,0,0,0,0,0,788496.1555,5825879.073,13.2515399,52.50654213
7,7040405.0,,7400927.0,2020,8,12,4,3,1,5,0,1,0,0,0,0,0,797943.462,5821256.815,13.38619636,52.46003189
2,2010103.0,,2100105.0,2020,7,16,6,3,5,3,0,1,0,0,0,0,0,799222.2442,5825759.835,13.40900267,52.49969659
5,5010312.0,,5100314.0,2020,7,20,3,3,2,2,0,1,0,0,0,0,0,784778.4209,5830365.354,13.20075565,52.54871951
11,11010309.0,,11100308.0,2020,8,13,7,3,0,2,0,0,0,0,0,0,0,804612.9538,5833363.745,13.49513899,52.56486451
2,2030301.0,,2300314.0,2020,7,15,6,3,5,3,0,1,0,0,0,0,0,799702.0891,5826016.312,13.41628114,52.5017322
3,3061228.0,,3601245.0,2020,7,15,6,3,5,3,0,1,0,0,0,0,0,800746.9092,5831302.64,13.43640791,52.5485399
9,9030901.0,,9300920.0,2020,7,15,6,3,5,2,0,1,0,0,0,0,0,808922.0655,5817990.711,13.54425704,52.42466627