district,LOR,street,LOR_2021,year,month,hour,weekday,category,accident_kind,accident_type,light_condition,car,pedestrian,motorcycle,goods_vehicle,others,road_condition,LINREFX,LINREFY,XGCSWGS84,YGCSWGS84
2,2030302.0,,2300316.0,2020,7,20,3,3,5,3,0,1,0,0,0,0,0,800983.1102,5826065.006,13.43514041,52.50146359
3,3061126.0,,3601140.0,2020,7,14,6,3,5,2,0,1,0,0,0,0,0,798411.9276,5831802.081,13.40252371,52.55430076
9,9010402.0,,9100408.0,2020,8,9,3,3,5,2,0,1,0,0,0,0,0,806723.9087,5820286.475,13.51413766,52.44647835
8,8010117.0,,8100102.0,2020,7,20,3,3,6,4,0,0,1,0,0,0,0,800116.0342,5823264.529,13.41988297,52.47683927
4,4030623.0,,4300622.0,2020,7,19,3,2,5,2,0,1,0,0,0,0,0,793286.2877,5826689.915,13.32262958,52.51125705
7,7010101.0,,7100101.0,2020,8,18,3,3,1,5,0,1,0,0,0,0,0,794688.507,5825118.769,13.34184143,52.49641702
1,1033203.0,,1300836.0,2020,8,14,5,3,5,2,0,1,0,0,0,0,0,796456.4682,5829954.887,13.37211728,52.53881057
12,12214423.0,,12200308.0,2020,7,17,5,3,5,3,0,1,0,0,0,0,0,792787.9684,5833377.432,13.32120152,52.57147556
2,2050802.0,,2500833.0,2020,8,18,4,3,0,1,0,1,0,0,0,0,0,802257.6896,5827116.264,13.45481486,52.51018153
2,2050802.0,,2500834.0,2020,7,17,3,3,1,5,0,1,0,0,0,0,0,802871.1266,5826616.677,13.46337167,52.50536357
1,1011301.0,,1100308.0,2020,7,17,5,3,6,4,0,0,1,0,0,0,0,797013.158,5828550.884,13.37904673,52.52592214
5,5010101.0,,5100101.0,2020,8,12,3,3,0,5,0,1,0,0,0,0,0,785130.5794,5832362.817,13.20765115,52.56644426
3,3030715.0,,3300516.0,2020,7,22,6,3,0,7,2,0,0,0,0,0,0,800454.3521,5832377.774,13.43307934,52.55833797
8,8020625.0,,8200730.0,2020,8,14,4,3,1,5,0,1,0,0,0,0,0,801637.0243,5817723.96,13.4372063,52.4263398
1,1011401.0,,1100415.0,2020,7,17,5,3,2,2,0,1,0,0,0,0,0,798328.7264,5829345.405,13.39909391,52.53232567
8,8041037.0,,8401243.0,2020,8,7,7,3,5,3,0,1,0,0,0,0,0,806230.1762,5817660.058,13.50448999,52.42321587
1,1011105.0,,1100102.0,2020,8,12,5,2,5,2,0,1,0,0,0,0,0,796588.83,5826876.575,13.37131771,52.51114467
8,8041038.0,,8401244.0,2020,8,23,7,2,1,5,2,1,0,0,0,0,0,806107.2737,5815295.491,13.50052606,52.40209205
9,9041501.0,,9401534.0,2020,8,12,3,3,0,1,0,0,0,0,0,0,0,810826.0851,5820745.387,13.57472987,52.44827451
1,1011303.0,,1100310.0,2020,8,11,4,3,5,3,0,0,0,0,0,1,0,799288.3803,5828849.12,13.41275246,52.52735117
10,10020413.0,,10200419.0,2020,8,13,4,3,5,2,0,1,0,0,0,0,0,811633.4499,5831512.947,13.59664391,52.54430648
1,1011305.0,,1100312.0,2020,8,16,3,3,5,2,0,1,0,0,0,0,0,799687.1707,5827210.076,13.41713668,52.51244065
5,5020626.0,,5200631.0,2020,8,18,1,3,5,3,0,1,0,0,0,0,0,784936.4064,5827672.963,13.20077065,52.52449705
10,10010102.0,,10100102.0,2020,8,8,5,2,5,3,0,1,0,0,0,0,0,809495.9667,5834651.814,13.5681519,52.57365388
2,2020202.0,,2200208.0,2020,7,14,5,3,5,2,0,1,0,0,0,0,0,797584.9597,5825324.505,13.3845655,52.49668965
1,1022103.0,,1200517.0,2020,8,17,5,3,3,6,0,1,0,0,0,0,0,794584.8593,5829763.09,13.34443142,52.53810623
7,7040406.0,,7400928.0,2020,7,14,5,3,5,3,0,1,0,0,0,0,0,800359.1644,5821681.052,13.42202648,52.46251221
12,12214424.0,,12200309.0,2020,7,14,5,3,0,7,0,0,0,0,0,0,0,793266.1067,5832516.514,13.32747526,52.56350052
8,8010404.0,,8100416.0,2020,8,14,4,3,0,7,0,0,0,0,0,0,0,801749.229,5823024.103,13.44363955,52.47378444
3,3040614.0,,3400723.0,2020,7,13,5,3,5,3,0,0,0,0,0,0,0,799449.3274,5833978.901,13.41974387,52.57324299
8,8041035.0,,8401241.0,2020,7,13,5,3,4,6,0,1,0,0,0,1,0,804991.6143,5818835.132,13.48740374,52.43443944
3,3061332.0,,3601347.0,2020,8,15,3,3,3,6,0,0,0,1,0,0,0,799600.9637,5830955.459,13.41924529,52.54605943
5,5030832.0,,5300841.0,2020,8,17,1,3,0,1,0,0,0,0,0,0,1,789583.7616,5829289.182,13.27048863,52.53653821
10,10040933.0,,10400941.0,2020,8,13,7,3,5,3,0,1,0,0,0,0,0,812859.638,5825863.587,13.60935434,52.49297974
1,1022103.0,,1200517.0,2020,8,14,5,3,3,6,0,1,0,0,0,0,0,794582.3128,5829786.178,13.34441445,52.53831457
4,4030930.0,,4501041.0,2020,8,8,2,3,5,2,0,1,0,0,0,0,0,793134.0301,5825607.501,13.31943934,52.50163547
6,6030501.0,,6300524.0,2020,7,11,5,3,5,2,0,1,0,0,0,0,0,787530.7209,5817383.88,13.23003332,52.43088659
11,11051332.0,,9200512.0,2020,7,10,5,3,5,3,0,0,0,1,0,0,0,806969.3416,5823396.762,13.5205976,52.47421587
4,4010102.0,,4100101.0,2020,8,16,4,3,5,2,0,1,0,0,0,0,0,791840.3404,5830684.991,13.30489091,52.54784756
1,1011202.0,,1100206.0,2020,7,10,2,2,3,1,0,1,0,0,0,0,1,797673.692,5827980.9,13.38824423,52.5204527
1,1033101.0,,1300731.0,2020,7,9,5,3,5,3,0,1,0,0,0,0,0,797360.3523,5833006.408,13.3881383,52.56567117
1,1022206.0,,1200628.0,2020,8,19,4,3,5,2,0,1,0,0,0,0,0,796120.8462,5828441.918,13.36583537,52.52543075
2,2040703.0,,2400625.0,2020,7,16,2,3,5,3,0,1,0,0,0,0,0,801468.2864,5827265.489,13.44335349,52.51195587
6,6010101.0,,6100101.0,2020,8,10,3,3,5,3,0,1,0,0,0,0,0,792906.0937,5821481.457,13.3124656,52.46476904
2,2040703.0,,2400625.0,2020,7,16,2,3,5,3,0,1,0,0,0,0,0,801468.2864,5827265.489,13.44335349,52.51195587
1,1011202.0,,1100206.0,2020,8,10,7,3,1,5,0,0,0,0,0,1,0,797672.3614,5827988.786,13.38823173,52.52052411
9,9051801.0,,9501838.0,2020,8,19,2,3,3,6,1,0,0,0,0,0,0,819411.5276,5819941.132,13.69986609,52.43612079
10,10040933.0,,10400941.0,2020,7,9,5,3,5,2,0,1,0,0,0,0,0,813024.8579,5824673.836,13.6106626,52.48222357
8,8010211.0,,8100206.0,2020,8,12,3,3,1,5,0,1,0,0,0,0,0,800372.2604,5824159.318,13.42445036,52.48471878
4,4030417.0,,4300414.0,2020,8,15,7,3,5,2,0,1,0,0,0,0,0,791755.4208,5827189.368,13.3005739,52.51655553
1,1044203.0,,1401049.0,2020,8,17,5,2,4,6,0,0,0,0,0,0,0,795752.089,5831898.764,13.36349305,52.55661831
9,9051701.0,,9501736.0,2020,7,9,5,3,4,6,0,0,0,0,0,0,0,812726.2212,5821164.246,13.60299046,52.45094453
6,6030503.0,,6300526.0,2020,8,19,4,3,5,2,0,1,0,0,0,0,0,789263.8486,5818038.189,13.25602035,52.43583911
8,8010211.0,,8100206.0,2020,8,12,1,3,5,3,0,1,0,0,0,0,1,800461.1763,5823723.665,13.42536321,52.48076493
12,12301203.0,,12500926.0,2020,8,17,5,3,0,2,0,1,0,0,0,0,0,793862.995,5835438.771,13.3388458,52.58937468
4,4020313.0,,4200311.0,2020,7,8,5,3,0,2,0,1,0,0,0,0,0,790472.1518,5826691.832,13.28128126,52.5127801
12,12214422.0,,12200310.0,2020,8,7,3,3,1,5,0,1,0,0,0,0,0,791405.7593,5833094.59,13.30061586,52.56968173
4,4030726.0,,4500936.0,2020,7,14,2,3,5,2,0,1,0,0,0,0,0,791589.85,5825495.95,13.29665729,52.50146279
1,1011301.0,,1100308.0,2020,8,18,2,3,1,5,0,1,0,0,0,0,0,797081.1901,5829284.606,13.38070222,52.53246206
3,3061126.0,,3601140.0,2020,8,9,4,3,0,6,0,1,0,0,0,0,0,798411.3922,5831472.544,13.40221965,52.55134723
1,1022101.0,,1200517.0,2020,7,8,5,3,0,2,0,0,0,0,0,1,0,793522.1387,5829121.142,13.32824052,52.53292495
1,1011201.0,,1100205.0,2020,8,19,3,3,5,2,0,0,0,0,0,1,0,797371.3395,5827048.12,13.3829675,52.51225636
9,9052001.0,,9502043.0,2020,7,12,2,3,5,7,0,1,0,0,0,0,0,810029.5767,5823281.208,13.56540227,52.47145205
8,8041035.0,,8401241.0,2020,8,17,1,2,5,3,0,0,0,0,0,1,1,804332.0949,5819421.355,13.47826602,52.44006097
6,6030504.0,,6300528.0,2020,8,11,7,3,5,3,0,1,0,0,0,0,0,789853.5432,5817279.577,13.26401298,52.42872567
1,1011301.0,,1100308.0,2020,7,9,4,3,5,7,0,0,0,0,0,1,0,797130.9228,5827860.469,13.38016069,52.51966918
9,9041501.0,,9401534.0,2020,7,23,4,3,0,1,2,0,0,0,0,0,0,810869.2592,5820666.41,13.57528962,52.44754221
5,5030731.0,,5300737.0,2020,8,16,4,3,1,5,0,1,0,0,0,0,0,787291.6502,5829787.462,13.2372186,52.54221874
7,7040401.0,,7400721.0,2020,7,11,2,3,5,3,0,0,0,0,0,1,0,797838.339,5822536.493,13.38579584,52.4715601
4,4051447.0,,4501044.0,2020,7,12,6,3,5,2,0,1,0,0,0,0,0,793203.7471,5824546.836,13.31952983,52.49208954
2,2030301.0,,2300314.0,2020,7,22,4,3,5,2,2,1,0,0,0,0,0,799901.1958,5825710.861,13.41893055,52.49888492
12,12103218.0,,12100205.0,2020,8,13,4,3,0,7,0,0,0,0,0,0,0,795583.5399,5834574.57,13.36339865,52.58069579
1,1022206.0,,1200628.0,2020,7,11,2,3,6,4,0,0,1,0,0,0,0,796341.7516,5828548.764,13.3691772,52.52626849
10,10010102.0,,10100104.0,2020,8,2,7,3,6,7,2,0,1,0,0,0,0,810210.0703,5833413.361,13.5774974,52.56214912
9,9020701.0,,9200715.0,2020,8,9,5,3,5,2,0,0,0,0,0,0,0,807814.4249,5818414.53,13.52840896,52.42908882
9,9010301.0,,9100304.0,2020,7,22,4,3,5,2,2,1,0,0,0,0,0,804388.0353,5821752.621,13.48121092,52.46092445
1,1044101.0,,1400937.0,2020,7,21,4,3,1,5,2,1,0,0,0,0,0,794096.5396,5831475.899,13.33876896,52.55372419
9,9020501.0,,9200510.0,2020,8,16,4,3,5,2,0,1,0,0,0,0,0,806352.5983,5822135.64,13.51038781,52.46325948
8,8010301.0,,8100310.0,2020,7,20,4,3,3,6,0,1,0,0,0,0,0,800934.8642,5824978.098,13.43344987,52.49174795
6,6040701.0,,6400735.0,2020,7,18,4,2,1,5,0,1,0,0,0,0,0,784561.2341,5816544.453,13.18576044,52.42491284
11,11030617.0,,11300616.0,2020,7,10,2,2,5,3,0,1,0,0,0,0,0,803003.911,5829854.84,13.46827154,52.53431295
3,3020210.0,,3200207.0,2020,8,15,7,3,5,2,0,1,0,0,0,0,0,800078.0766,5835886.643,13.43072101,52.58999616
6,6010102.0,,6100102.0,2020,8,6,5,3,5,2,0,0,0,0,0,0,0,793740.834,5820569.071,13.32391467,52.45614171
7,7040403.0,,7400823.0,2020,8,10,2,3,5,2,0,1,0,0,0,0,0,797210.8612,5820701.427,13.3749511,52.4554523
1,1011201.0,,1100205.0,2020,7,16,4,3,5,2,0,1,0,0,0,0,0,797464.3218,5826815.762,13.38412594,52.51012284
12,12302110.0,,12601235.0,2020,8,15,4,3,6,4,0,0,1,0,0,0,0,794915.68,5836312.816,13.35511806,52.59663997
6,6040810.0,,6400844.0,2020,7,16,4,3,5,3,0,1,0,0,0,0,0,790410.4445,5820903.327,13.27533061,52.46091819
5,5030731.0,,5300737.0,2020,8,7,4,3,5,3,0,1,0,0,0,0,0,787337.4052,5829810.292,13.23791118,52.54239929
1,1011306.0,,1100313.0,2020,7,10,2,3,5,3,0,1,0,0,0,0,0,799901.6779,5826514.384,13.41966131,52.50608698
6,6040703.0,,6400737.0,2020,8,7,7,3,5,2,0,1,0,0,0,0,0,787767.5822,5821680.26,13.23720928,52.46928208
1,1011401.0,,1100415.0,2020,8,20,2,3,0,1,0,0,0,0,0,0,0,797850.9995,5829278.865,13.39201234,52.53199049
2,2050602.0,,2500729.0,2020,7,10,2,3,2,7,0,1,0,0,0,0,0,803376.2514,5827930.02,13.47198814,52.51685415
11,11020411.0,,11200410.0,2020,7,16,4,3,5,7,0,1,0,0,0,0,0,805820.9257,5832300.791,13.51192543,52.55466092
4,4030931.0,,4501042.0,2020,7,16,4,3,3,6,0,0,0,1,0,0,0,794536.6353,5825977.843,13.34037057,52.50420008
10,10030724.0,,10300731.0,2020,8,12,4,3,5,2,0,1,0,0,0,0,0,809567.4479,5828027.03,13.56302982,52.51424479
3,3040818.0,,3400828.0,2020,7,15,4,3,2,6,0,1,0,0,0,0,0,800048.2025,5832598.707,13.42730598,52.56054218
5,5020415.0,,5200418.0,2020,8,19,4,2,5,3,0,1,0,0,0,0,0,779985.6076,5830065.12,13.13000526,52.5485121
3,3071537.0,,3701556.0,2020,7,9,2,3,0,3,0,0,0,0,0,1,0,799755.1405,5829487.879,13.42018814,52.53282018
1,1011201.0,,1100207.0,2020,8,17,5,3,5,3,0,1,0,0,0,0,0,797910.3865,5826572.123,13.39046117,52.5076955
3,3050923.0,,3500934.0,2020,8,11,5,3,3,6,0,0,0,0,0,1,0,800579.9128,5832205.361,13.43476977,52.55672332
4,4030621.0,,4300620.0,2020,8,9,4,3,5,2,0,1,0,0,0,0,0,793462.3948,5827523.871,13.32595264,52.51863837
6,6020408.0,,6200420.0,2020,7,15,4,3,5,3,0,1,0,0,0,0,0,792858.8557,5816467.147,13.30737768,52.41984188
12,12304314.0,,12500824.0,2020,8,17,3,3,5,2,0,1,0,0,0,0,0,790507.0828,5835338.125,13.28935983,52.59027512
8,8010214.0,,8100209.0,2020,7,15,4,3,5,2,0,1,0,0,0,0,0,801751.4353,5822053.178,13.44279381,52.46508063
4,4010101.0,,4100101.0,2020,7,15,4,3,5,2,0,1,0,0,0,0,0,790418.0169,5829043.524,13.28253941,52.53389196
2,2030301.0,,2300314.0,2020,7,8,2,3,5,2,0,1,0,0,0,0,0,800043.4748,5825928.617,13.42121638,52.50075855
1,1022104.0,,1200520.0,2020,8,3,7,3,0,1,2,0,0,0,0,0,0,794574.1424,5828707.114,13.34333799,52.52864594
2,2010102.0,,2100102.0,2020,8,16,5,3,5,2,0,1,0,0,0,0,0,798232.8258,5825973.73,13.39466193,52.5021555
3,3010102.0,,3100102.0,2020,8,12,3,3,0,7,0,0,0,0,0,0,0,805620.9167,5842085.104,13.5180153,52.64246154
1,1022204.0,,1200626.0,2020,7,8,2,3,5,2,0,1,0,0,0,0,0,794830.6261,5828304.63,13.34675101,52.52489932
2,2030302.0,,2300315.0,2020,7,13,4,3,5,2,0,0,0,0,1,0,0,800400.2023,5825790.893,13.42633159,52.49932782
2,2020203.0,,2200209.0,2020,8,18,4,3,6,7,0,0,1,0,0,0,0,797038.234,5824293.964,13.37561695,52.48774974
1,1011204.0,,1100207.0,2020,7,11,4,3,5,3,0,1,0,0,0,0,0,798862.3739,5826771.389,13.40462504,52.50896097
8,8041037.0,,8401243.0,2020,7,7,2,3,5,3,0,1,0,0,0,0,0,805258.956,5817378.737,13.48999486,52.42123711
2,2010103.0,,2100104.0,2020,8,17,1,3,2,7,0,1,0,0,0,0,1,799555.8854,5826111.981,13.41421975,52.50267001
7,7030303.0,,7300619.0,2020,8,9,5,2,5,2,0,1,0,0,0,0,0,795412.3977,5821006.749,13.34883089,52.45916432
7,7020204.0,,7200413.0,2020,7,11,4,2,1,5,0,0,0,0,0,1,0,796110.1369,5823663.83,13.36142864,52.4826053
2,2010103.0,,2100105.0,2020,8,13,1,3,5,2,0,1,0,0,0,0,1,799844.0158,5825763.408,13.41813805,52.49938734
9,9010101.0,,9100101.0,2020,8,19,7,3,1,5,0,1,0,0,0,0,0,802433.5952,5825501.239,13.45593209,52.4956086
1,1022101.0,,1200517.0,2020,7,10,4,2,5,2,0,1,0,0,0,0,0,793533.1868,5829137.407,13.32841729,52.5330648
9,9041501.0,,9401534.0,2020,8,17,4,3,0,1,0,0,0,0,0,0,0,810990.3736,5820319.456,13.57674304,52.44436408
11,11020411.0,,11200410.0,2020,7,9,4,2,5,3,0,1,0,0,0,0,0,804920.6561,5832985.806,13.4993172,52.56130504
5,5030832.0,,5300841.0,2020,8,8,4,3,5,2,0,0,0,0,0,1,0,789770.3443,5829343.868,13.27327953,52.53692931
10,10040830.0,,10400837.0,2020,8,15,3,2,5,3,0,1,0,0,0,0,0,811207.5413,5826617.107,13.5858029,52.50067671
6,6020304.0,,6200314.0,2020,8,13,7,3,0,2,0,1,0,0,0,0,0,794563.7103,5817695.165,13.33345651,52.42993561
6,6030610.0,,6300634.0,2020,7,9,4,1,5,3,0,1,0,0,0,0,0,792932.5399,5817743.807,13.30957616,52.43124754
9,9031001.0,,9301025.0,2020,7,8,4,3,5,3,0,0,0,0,0,1,0,809919.5647,5815277.67,13.5563684,52.39978832
6,6030609.0,,6300633.0,2020,7,7,4,3,6,7,0,0,1,0,0,0,0,792399.2913,5819182.992,13.30301413,52.44443502
8,8010211.0,,8100206.0,2020,7,18,2,3,1,5,0,1,0,0,0,0,1,800431.3002,5823767.041,13.42496368,52.48117017
8,8010404.0,,8100415.0,2020,7,6,4,3,5,3,0,0,0,0,0,0,0,801148.0001,5823762.865,13.43548166,52.48073797
8,8010118.0,,8100104.0,2020,7,18,2,3,4,2,0,1,0,0,0,0,1,800230.1926,5822360.207,13.42074484,52.46867068
8,8020621.0,,8200725.0,2020,8,11,7,3,5,3,0,1,0,0,0,0,0,800728.892,5819414.526,13.42541127,52.44199303
7,7010102.0,,7100102.0,2020,8,14,5,3,5,3,0,1,0,0,0,0,0,795510.809,5825477.797,13.35423753,52.49919081
1,1033201.0,,1300834.0,2020,7,1,4,3,5,3,2,0,0,0,0,1,0,798243.458,5830080.786,13.39850052,52.53896403
4,4020310.0,,4200308.0,2020,7,7,3,3,0,2,0,0,0,0,1,0,0,790376.4459,5827305.551,13.28041053,52.51833309
4,4051446.0,,4501043.0,2020,7,18,2,3,5,2,0,1,0,0,0,0,1,792858.1631,5824323.286,13.31425783,52.490271
2,2030302.0,,2300315.0,2020,8,15,7,3,5,3,0,0,0,1,0,0,0,800784.9554,5825814.37,13.43200363,52.49932633
5,5010311.0,,5100313.0,2020,8,19,5,3,5,2,0,1,0,0,0,0,0,785462.8249,5830292.63,13.21075915,52.54770925
9,9051901.0,,9501941.0,2020,7,16,3,3,3,6,0,0,0,0,0,0,0,811790.5122,5821148.76,13.58925142,52.4513402
2,2030301.0,,2300314.0,2020,7,17,2,2,5,2,0,1,0,0,0,0,0,800170.8622,5825879.213,13.42304286,52.50024567
3,3061429.0,,3601449.0,2020,7,9,6,3,5,3,0,1,0,0,0,0,0,801446.7299,5830945.493,13.44637327,52.54495199
1,1011201.0,,1100205.0,2020,7,11,3,3,5,2,0,0,0,0,0,1,0,797012.3126,5826736.584,13.37741456,52.50965939
1,1011204.0,,1100207.0,2020,8,8,3,3,3,6,0,1,0,0,0,0,0,798521.999,5826770.693,13.39962406,52.50914109
2,2010104.0,,2100106.0,2020,8,9,4,3,5,3,0,1,0,0,0,0,0,799825.4496,5825702.912,13.41781091,52.49885528
3,3061131.0,,3601142.0,2020,8,19,3,3,3,6,0,0,0,0,0,0,0,799096.7099,5830371.142,13.4113052,52.54109899
10,10020414.0,,10200421.0,2020,8,23,4,3,5,3,2,1,0,0,0,0,0,812065.3772,5830622.877,13.60215665,52.53608326
2,2010102.0,,2100102.0,2020,7,14,3,3,5,3,0,1,0,0,0,0,0,798310.629,5825628.01,13.39549507,52.49901403
3,3061430.0,,3601450.0,2020,8,22,4,3,0,7,2,0,1,0,0,0,0,802620.7511,5829523.313,13.46233806,52.53155439
3,3040512.0,,3400619.0,2020,7,15,2,2,2,6,0,1,0,0,1,0,0,795637.2393,5834736.825,13.36433358,52.58212107
1,1044202.0,,1401047.0,2020,8,19,7,3,5,3,0,1,0,0,0,0,0,795531.5497,5830759.713,13.35923562,52.54652749
8,8020620.0,,8200725.0,2020,7,13,3,3,5,2,0,1,0,0,0,0,0,801133.6821,5819597.903,13.43151392,52.44341395
3,3061430.0,,3601450.0,2020,7,11,3,3,0,1,0,0,0,0,0,0,0,802332.1003,5829225.129,13.45782455,52.52904196
2,2030401.0,,2300418.0,2020,8,17,4,2,3,6,0,1,0,0,0,0,0,801105.591,5825019.41,13.4359942,52.4920241
4,4041134.0,,4400726.0,2020,7,12,3,3,3,6,0,1,0,0,0,0,0,790463.5616,5824238.05,13.27901462,52.49078629
7,7020202.0,,7200308.0,2020,8,8,4,2,5,3,0,0,0,0,0,0,0,794806.097,5823572.772,13.34220086,52.48249462
9,9041501.0,,9401534.0,2020,7,12,3,3,0,7,0,0,0,0,0,0,0,811294.74,5820181.761,13.58107849,52.44295694
6,6020409.0,,6200421.0,2020,8,14,3,3,5,3,0,1,0,0,0,0,0,793186.3856,5816486.419,13.31219709,52.41983928
2,2010103.0,,2100104.0,2020,8,12,7,3,5,2,0,1,0,0,0,0,0,799295.682,5826183.511,13.41046207,52.50345395
9,9041301.0,,9401329.0,2020,8,18,2,3,1,3,0,1,0,0,0,0,0,812299.1482,5818711.526,13.59443462,52.42920897
2,2040502.0,,2400521.0,2020,8,13,3,3,2,6,0,1,0,0,0,0,0,801223.4619,5827964.803,13.44038986,52.5183592
1,1011402.0,,1100416.0,2020,8,17,1,2,0,1,0,0,0,0,0,0,0,798579.0796,5829266.764,13.40270309,52.53148369
7,7040402.0,,7400822.0,2020,8,15,5,3,5,2,0,1,0,0,0,0,0,796127.6063,5820792.482,13.35913653,52.45685651
6,6020304.0,,6200314.0,2020,8,10,7,3,1,5,0,1,0,0,0,0,0,794964.3751,5817826.678,13.33944853,52.43089868
2,2050601.0,,2500726.0,2020,8,8,4,3,5,2,0,1,0,0,0,0,0,801874.628,5828987.637,13.45088573,52.52716683
5,5010311.0,,5100313.0,2020,8,16,6,3,5,2,0,1,0,0,0,0,0,785477.8077,5830288.598,13.21097604,52.54766525
1,1022201.0,,1200623.0,2020,8,8,5,3,3,6,0,0,0,0,0,0,0,795232.2515,5829346.103,13.35357856,52.53401794
10,10040933.0,,10400941.0,2020,8,10,2,3,1,5,0,1,0,0,0,0,0,813856.3644,5826052.312,13.62416499,52.49409875
3,3061429.0,,3601449.0,2020,8,9,2,3,1,5,0,1,0,0,0,0,0,801225.1981,5830682.264,13.44287763,52.54271516
4,4030725.0,,4300416.0,2020,8,15,7,3,0,1,0,0,0,0,0,0,0,791612.232,5826502.86,13.29786809,52.51047766
4,4030828.0,,4300624.0,2020,8,15,5,3,2,6,0,1,0,0,0,0,0,793129.752,5826082.166,13.31979439,52.50589295
7,7040401.0,,7400720.0,2020,8,9,2,3,2,6,0,1,0,0,0,0,0,796534.9188,5822797.084,13.36689477,52.47460519
11,11030720.0,,11300721.0,2020,8,8,2,3,5,3,0,1,0,0,0,0,0,804920.3918,5829933.53,13.49651098,52.53394945
3,3040513.0,,3400620.0,2020,8,7,4,3,5,3,0,0,0,0,0,0,0,796869.7994,5834514.421,13.38227226,52.5794564
10,10010204.0,,10100206.0,2020,8,8,4,3,2,6,0,0,0,0,0,0,0,809561.7165,5833230.965,13.56779316,52.56088355
6,6020410.0,,6200422.0,2020,8,7,2,2,0,1,0,0,0,0,0,0,0,793415.539,5816435.283,13.31551227,52.41925805
4,4030929.0,,4501040.0,2020,8,16,4,3,1,5,0,1,0,0,0,0,0,792339.3495,5825692.141,13.30783975,52.50282058
11,11010204.0,,11100203.0,2020,8,7,2,3,0,1,0,0,0,0,0,0,0,807039.6208,5834102.663,13.53151168,52.57012363
1,3071536.0,,3701556.0,2020,8,0,6,2,4,6,2,0,0,0,0,0,0,799079.6376,5829018.988,13.40983743,52.52898834
12,12103218.0,,12100205.0,2020,8,10,4,3,5,2,0,1,0,0,0,0,0,794545.7435,5832972.236,13.34670342,52.56689495
12,12103117.0,,12100101.0,2020,8,16,2,3,2,6,0,1,0,0,0,0,0,795863.5258,5832635.349,13.36578867,52.56316052
2,2030401.0,,2300418.0,2020,8,15,2,3,5,3,0,0,0,0,0,1,0,801080.1151,5824971.209,13.43557655,52.49160611
9,9030901.0,,9300920.0,2020,8,18,5,3,5,2,0,1,0,0,0,0,0,808573.0833,5817490.853,13.53867998,52.4203834
1,1011303.0,,1100310.0,2020,8,9,4,3,5,2,0,0,0,0,1,0,0,799343.4056,5827564.385,13.41240493,52.51580526
4,4020208.0,,4200206.0,2020,8,15,2,3,0,1,0,0,0,0,0,0,0,788719.3762,5825809.325,13.25475914,52.50579874
8,8010211.0,,8100206.0,2020,8,14,6,3,5,2,0,1,0,0,0,0,0,800904.823,5823736.622,13.43188796,52.48063679
3,3061434.0,,3601451.0,2020,8,19,3,3,0,2,0,1,0,0,0,0,0,800848.3475,5829967.579,13.43669035,52.53651753
1,1011305.0,,1100312.0,2020,8,15,2,3,5,3,0,1,0,0,0,0,0,799681.9158,5827210.083,13.41705948,52.5124436
4,4041135.0,,4400729.0,2020,8,14,3,3,5,3,0,1,0,0,0,0,0,789248.5103,5823746.734,13.26074231,52.48702667
11,11010205.0,,11100204.0,2020,8,20,2,3,5,2,0,1,0,0,0,0,0,806684.1158,5833406.769,13.52563936,52.56408741
2,2050602.0,,2500727.0,2020,8,2,1,3,5,5,2,1,0,0,0,0,0,802592.125,5827727.173,13.46028317,52.51547166
2,2020206.0,,2200213.0,2020,8,19,4,3,6,4,0,0,1,0,0,0,0,800280.356,5824778.795,13.42365914,52.49032195
1,1044102.0,,1400939.0,2020,8,15,2,3,5,2,0,1,0,0,0,0,0,794399.138,5832036.58,13.3437165,52.5585868
3,3040614.0,,3400721.0,2020,8,8,6,3,1,5,0,1,0,0,0,0,0,797945.8522,5832734.014,13.39650626,52.56290943
6,6010209.0,,6100209.0,2020,8,9,3,3,5,3,0,1,0,0,0,0,0,794499.9526,5820878.148,13.33532696,52.45850393
1,1011305.0,,1100312.0,2020,8,17,2,2,5,3,0,1,0,0,0,0,0,799700.1559,5827370.089,13.41747156,52.51386779
5,5010205.0,,5100207.0,2020,8,7,7,3,5,3,0,1,0,0,0,0,0,780121.8235,5830389.526,13.13228256,52.55135093
1,1011303.0,,1100310.0,2020,8,18,3,3,6,7,0,0,1,0,0,0,0,799394.5842,5828057.751,13.41360088,52.52019945
6,6040808.0,,6400842.0,2020,8,18,6,3,3,6,0,0,0,0,0,0,0,790132.0839,5819691.228,13.27019181,52.45019924
11,11051229.0,,11501238.0,2020,8,13,2,3,4,6,0,0,0,0,0,0,0,804093.524,5826004.061,13.48076681,52.49919297
4,4031032.0,,4500937.0,2020,8,18,5,3,3,6,0,0,0,0,0,1,0,791578.2225,5825114.389,13.29615241,52.49804835
7,7030301.0,,7300517.0,2020,8,22,3,2,0,1,2,0,0,0,0,0,0,794398.0567,5822528.158,13.3352873,52.47335036
8,8041037.0,,8401243.0,2020,8,6,4,3,1,5,0,1,0,0,0,0,0,805658.4866,5817023.612,13.49552747,52.41783126
9,9020501.0,,9200510.0,2020,8,11,2,3,6,7,0,0,1,0,0,0,0,806560.8798,5821833.626,13.51316661,52.46043592
1,1033102.0,,1300733.0,2020,8,15,5,3,5,2,0,1,0,0,0,0,0,797660.2021,5831882.828,13.39154123,52.55543591
11,11030618.0,,11300619.0,2020,8,17,2,3,0,2,0,1,0,0,0,0,1,803851.9704,5828742.481,13.47971944,52.52387116
4,4041137.0,,4400727.0,2020,8,16,2,2,5,3,0,1,0,0,0,0,0,790968.3978,5823010.512,13.28535755,52.47951249
2,2040502.0,,2400521.0,2020,8,16,6,3,5,2,0,1,0,0,0,0,0,800477.7949,5828220.216,13.42966429,52.52105989
7,7010102.0,,7100103.0,2020,8,23,3,3,5,2,2,1,0,0,0,0,0,795872.632,5825391.311,13.35947527,52.49821949
3,3040614.0,,3400721.0,2020,8,8,5,3,5,3,0,1,0,0,0,0,0,797773.7425,5832965.808,13.39418275,52.56508131
5,5010314.0,,5100316.0,2020,8,21,3,3,5,2,1,1,0,0,0,0,0,784785.3551,5828822.924,13.19953535,52.53488652
5,5010209.0,,5100211.0,2020,8,17,6,3,5,7,0,1,0,0,0,0,0,783240.8135,5830291.768,13.17807743,52.54886142
7,7030301.0,,7300517.0,2020,8,14,5,3,5,2,0,1,0,0,0,0,0,793899.7058,5822939.542,13.3283339,52.47730661
1,1044202.0,,1401047.0,2020,8,14,6,3,5,3,0,1,0,0,0,0,0,795274.3533,5830458.569,13.35518605,52.54396745
9,9020502.0,,9200511.0,2020,8,19,3,3,5,3,0,1,0,0,0,0,0,806950.3964,5822300.483,13.51931101,52.46440138
9,9041302.0,,9401330.0,2020,8,22,1,2,0,1,2,0,0,0,0,0,1,812052.019,5817319.677,13.58951344,52.41687698