district,LOR,street,LOR_2021,year,month,hour,weekday,category,accident_kind,accident_type,light_condition,car,pedestrian,motorcycle,goods_vehicle,others,road_condition,LINREFX,LINREFY,XGCSWGS84,YGCSWGS84
3,3050923.0,,3500934.0,2020,8,10,1,3,3,6,0,1,0,0,0,0,0,800579.6622,5831844.07,13.43443895,52.55348514
3,3061126.0,,3601141.0,2020,8,18,1,2,5,3,0,1,0,0,0,0,0,799245.9773,5831804.282,13.41479093,52.55386288
9,9031101.0,,9301126.0,2020,8,13,1,3,2,6,0,1,0,0,0,0,0,811507.4587,5817224.036,13.58144311,52.41633007
1,1033203.0,,1300836.0,2020,8,20,7,3,0,7,1,0,0,0,0,0,0,796512.7718,5830922.113,13.37380836,52.54745008
1,1011304.0,,1100311.0,2020,8,12,1,3,0,7,0,0,0,0,0,0,0,800007.7212,5828504.648,13.42301345,52.52386818
6,6030605.0,,6300629.0,2020,8,9,3,3,5,3,0,1,0,0,0,0,0,792147.6513,5819525.047,13.29962138,52.44763603
7,7010102.0,,7100102.0,2020,8,11,2,3,5,2,0,1,0,0,0,0,0,795236.948,5824953.037,13.34974982,52.49463495
8,8010405.0,,8100418.0,2020,8,9,1,2,0,3,0,1,0,0,0,0,0,801788.6219,5823979.361,13.44508226,52.48232481
9,9041402.0,,9401432.0,2020,8,18,5,3,5,3,0,1,0,0,0,0,0,812111.8979,5820739.936,13.59358343,52.4474932
1,1011202.0,,1100206.0,2020,8,8,3,3,1,5,0,1,0,0,0,0,0,797484.5835,5827851.917,13.38534996,52.51939971
1,1033203.0,,1300836.0,2020,8,7,1,3,1,5,0,1,0,0,0,0,0,797103.3125,5831002.145,13.38256324,52.54784572
2,2050801.0,,2500831.0,2020,8,19,4,3,2,6,0,1,0,0,0,0,0,803276.2322,5827426.742,13.47005997,52.512399
4,4030828.0,,4300624.0,2020,8,2,1,3,1,5,2,1,0,0,0,0,0,793414.0157,5826088.292,13.32397597,52.50579508
1,1011301.0,,1100308.0,2020,8,18,6,3,3,6,0,0,0,1,0,0,0,797341.7853,5828981.284,13.38426138,52.52960105
11,11041128.0,,11401137.0,2020,8,7,6,3,5,3,0,1,0,0,0,0,0,807010.7554,5825767.498,13.52338884,52.4954396
1,1022106.0,,1200522.0,2020,8,7,3,3,5,2,0,1,0,0,0,0,0,794571.7784,5828350.232,13.34298708,52.52544802
9,9020701.0,,9200715.0,2020,8,15,1,3,0,1,0,0,0,0,0,0,0,808649.1825,5819158.731,13.5413346,52.43528811
9,9051702.0,,9501737.0,2020,8,9,6,2,0,7,0,0,0,0,0,0,0,814831.0165,5821208.779,13.63390308,52.4501356
9,9041402.0,,9401432.0,2020,8,7,3,3,2,6,0,1,0,0,0,0,0,812163.5326,5820054.622,13.59370051,52.44132237
6,6010205.0,,6100205.0,2020,8,17,1,2,5,2,0,1,0,0,0,0,0,796295.0903,5819688.349,13.36061466,52.44686806
2,2030302.0,,2300315.0,2020,8,16,1,3,5,3,0,1,0,0,0,0,0,800500.4265,5826004.193,13.42799604,52.50118452
9,9010201.0,,9100202.0,2020,8,18,5,2,2,6,0,1,0,0,0,0,0,803301.8006,5823781.614,13.46711677,52.47971408
12,12214424.0,,12200309.0,2020,8,17,4,3,5,2,0,0,0,0,0,1,0,792557.0759,5832823.007,13.31731531,52.56662954
6,6030610.0,,6300634.0,2020,8,16,4,3,5,3,0,1,0,0,0,0,0,792377.4698,5818483.189,13.30208171,52.43817301
11,11020513.0,,11200512.0,2020,8,14,1,2,5,2,0,1,0,0,0,0,0,804702.3382,5831221.683,13.49448748,52.54561642
3,3040614.0,,3400725.0,2020,8,18,6,3,2,3,0,1,0,0,0,0,0,799801.2379,5835041.925,13.42588241,52.58257741
1,1011203.0,,1100206.0,2020,8,13,1,3,5,3,0,1,0,0,0,0,0,797580.9492,5827219.18,13.38620008,52.51367539
2,2050802.0,,2500833.0,2020,8,20,1,3,1,5,1,1,0,0,0,0,1,802564.8953,5827021.978,13.459242,52.50916615
2,2020206.0,,2200212.0,2020,8,16,1,3,2,7,0,1,0,0,0,0,0,799695.3629,5824637.694,13.41494208,52.48937866
9,9051901.0,,9501941.0,2020,8,13,3,3,5,2,0,1,0,0,0,0,0,812051.1788,5821271.919,13.59318986,52.45229515
6,6010206.0,,6100206.0,2020,8,23,7,3,1,5,2,1,0,0,0,0,0,794462.3799,5819904.491,13.33391699,52.4497958
10,10010308.0,,10100311.0,2020,8,10,1,2,0,1,0,0,0,0,0,0,0,807423.3691,5828642.674,13.53210271,52.52097487
2,2050802.0,,2500833.0,2020,8,23,5,3,0,5,2,1,0,0,0,0,0,802247.9976,5827118.618,13.45467462,52.510208
5,5030832.0,,5300841.0,2020,8,7,7,3,5,3,0,1,0,0,0,0,0,789490.6213,5829420.862,13.26923395,52.53776823
1,1044103.0,,1400942.0,2020,8,12,3,3,3,6,0,0,0,0,0,0,0,794509.8577,5830700.059,13.34415943,52.54654602
9,9020701.0,,9200715.0,2020,8,22,7,3,5,2,2,1,0,0,0,0,0,809401.8975,5818448.646,13.55171481,52.42849916
7,7030303.0,,7300619.0,2020,8,21,7,2,1,5,2,1,0,0,0,0,0,795484.5328,5821301.684,13.35015056,52.46176921
3,3020307.0,,3200309.0,2020,8,7,5,3,5,2,0,0,0,0,0,0,0,800483.5553,5836402.601,13.43715653,52.5943969
1,1011302.0,,1100309.0,2020,8,11,3,3,5,2,0,1,0,0,0,0,0,798599.9377,5828882.401,13.40266445,52.52802699
4,4041343.0,,4400834.0,2020,8,21,7,3,6,4,2,1,1,0,0,0,0,792697.9388,5823101.291,13.31083168,52.47940205
3,3040614.0,,3400722.0,2020,8,8,4,3,1,5,0,1,0,0,0,0,0,798721.1911,5833722.255,13.40880035,52.57134268
7,7070704.0,,7601545.0,2020,8,21,7,3,0,7,1,0,0,0,0,0,0,800234.5747,5813577.252,13.41292417,52.38994159
3,3061131.0,,3601142.0,2020,8,21,6,3,5,2,0,1,0,0,0,0,0,799172.6036,5830743.973,13.41275669,52.54439918
1,1022106.0,,1200522.0,2020,8,12,3,3,5,2,0,1,0,0,0,0,0,793698.7986,5828111.783,13.3299458,52.52378142
2,2050802.0,,2500833.0,2020,8,18,5,3,2,6,0,1,0,0,0,0,0,802107.1424,5827356.016,13.45282093,52.51241383
6,6040703.0,,6400737.0,2020,8,13,7,2,5,2,0,1,0,0,0,0,0,785002.3639,5817560.456,13.19309632,52.43379295
2,2030302.0,,2300316.0,2020,8,18,4,3,0,3,0,0,1,0,0,0,0,801442.557,5826071.161,13.44189408,52.50126515
6,6040810.0,,6400844.0,2020,8,12,7,3,1,5,0,1,0,0,0,0,0,790496.3775,5820926.56,13.27661208,52.46108079
3,3061228.0,,3601245.0,2020,8,18,5,3,5,3,0,1,0,0,0,0,0,800557.9187,5831394.221,13.43371201,52.54946506
6,6030608.0,,6300632.0,2020,8,9,1,3,5,2,0,1,0,0,0,0,0,792245.4005,5816668.741,13.29855864,52.42197711
7,7040403.0,,7400825.0,2020,8,11,7,3,5,2,0,1,0,0,0,0,0,797819.259,5821043.197,13.38418314,52.45818474
2,2040503.0,,2400522.0,2020,8,11,7,3,2,6,0,1,0,0,0,0,0,801615.0534,5828341.677,13.44648522,52.52152071
6,6020303.0,,6200313.0,2020,8,10,7,3,1,5,0,1,0,0,0,0,0,795327.5786,5818001.719,13.34492983,52.43227187
8,8010301.0,,8100311.0,2020,8,17,5,3,5,3,0,0,0,0,0,1,0,800931.0381,5824677.424,13.43312215,52.48905504
6,6010102.0,,6100102.0,2020,8,16,4,3,1,5,0,1,0,0,0,0,0,793549.7953,5820848.815,13.3213572,52.45875216
12,12301205.0,,12500928.0,2020,8,21,7,3,1,5,1,1,0,0,0,0,0,792189.6371,5837545.782,13.3160748,52.6091645
8,8010118.0,,8100104.0,2020,8,17,6,3,5,2,0,1,0,0,0,0,0,800762.8485,5822754.434,13.42891792,52.47191131
1,1011304.0,,1100311.0,2020,8,1,6,3,7,1,2,0,0,0,0,0,1,799728.6046,5827632.152,13.41812558,52.51620114
4,4041134.0,,4400726.0,2020,8,8,7,3,6,4,0,0,1,0,0,0,0,790410.0584,5824753.149,13.27867782,52.49543268
1,1044102.0,,1400939.0,2020,8,9,5,3,3,6,0,1,0,0,0,0,0,794975.2082,5831377.347,13.35160371,52.55236559
7,7010102.0,,7100103.0,2020,8,10,3,3,2,6,0,0,0,0,0,0,0,795974.8742,5825392.651,13.36097819,52.49817606
3,3061228.0,,3601245.0,2020,8,8,7,3,5,3,0,1,0,0,0,0,0,801157.0829,5831114.836,13.44226845,52.54663
7,7030301.0,,7300517.0,2020,8,17,1,3,5,2,0,1,0,0,0,0,0,793928.702,5822505.416,13.32837701,52.47339925
1,1011303.0,,1100310.0,2020,8,13,7,2,3,6,0,0,0,0,0,0,0,799510.329,5828838.142,13.41600445,52.52713088
1,1011102.0,,1100102.0,2020,8,18,7,3,5,3,0,1,0,0,0,0,0,795032.2565,5827214.069,13.34874713,52.51501418
1,1033203.0,,1300836.0,2020,8,11,7,3,5,3,0,1,0,0,0,0,0,796711.1324,5830768.776,13.37658807,52.54596758
1,1022101.0,,1200517.0,2020,8,17,7,3,5,2,0,1,0,0,0,0,0,793291.9392,5829029.887,13.32477602,52.53223081
7,7010102.0,,7100103.0,2020,8,16,6,3,5,2,0,1,0,0,0,0,0,795692.8683,5825441.339,13.35687931,52.49876538
3,3040508.0,,3400618.0,2020,8,10,3,3,5,3,0,1,0,0,0,0,0,796150.4051,5836074.245,13.37308068,52.59383046
6,6040808.0,,6400842.0,2020,8,16,7,2,5,3,0,1,0,0,0,0,0,789975.7448,5820177.295,13.26831978,52.45463994
4,4030725.0,,4300416.0,2020,8,12,5,3,1,5,0,0,0,0,1,0,0,791770.0559,5825955.789,13.29970751,52.50548886
1,1011203.0,,1100206.0,2020,8,10,3,3,5,3,0,1,0,0,0,0,0,798059.2996,5827296.962,13.3932979,52.51411143
4,4041134.0,,4400726.0,2020,8,16,7,3,3,6,0,1,0,0,0,0,0,790447.4259,5824214.959,13.27875751,52.49058787
7,7010101.0,,7100101.0,2020,8,15,7,3,5,2,0,1,0,0,0,0,0,794772.0273,5825692.836,13.34357624,52.50151805
11,11030721.0,,11300725.0,2020,8,15,5,3,0,1,0,0,0,0,0,0,0,805184.9071,5827864.53,13.49849995,52.51525816
9,9051702.0,,9501737.0,2020,8,3,6,3,1,6,2,1,0,0,0,0,0,814738.4239,5821260.086,13.63259341,52.45064867
2,2020203.0,,2200209.0,2020,8,10,4,3,5,2,0,1,0,0,0,0,0,797742.9825,5824596.358,13.38623564,52.49007647
1,1011302.0,,1100310.0,2020,8,23,6,3,5,2,2,1,0,0,0,0,0,799091.0784,5828975.078,13.40996608,52.52858848
11,11020412.0,,11200411.0,2020,8,22,6,3,5,2,2,1,0,0,0,0,0,805702.5275,5831364.957,13.50932298,52.54634021
4,4010101.0,,4100101.0,2020,8,13,6,2,5,2,0,1,0,0,0,0,0,790367.4767,5828753.757,13.28154327,52.53132111
1,1011101.0,,1100101.0,2020,8,18,3,3,2,2,0,1,0,0,0,0,0,795258.295,5826614.149,13.35153622,52.50951404
11,11051330.0,,11501339.0,2020,8,18,5,3,1,5,0,1,0,0,0,0,0,807099.8122,5824386.3,13.52342377,52.48301097
1,1033102.0,,1300733.0,2020,8,18,3,3,1,5,0,1,0,0,0,0,0,797095.5277,5831693.019,13.38306694,52.55404283
1,1011303.0,,1100310.0,2020,8,8,4,3,3,6,0,0,0,0,0,0,0,799197.9381,5828464.724,13.4110774,52.52395528
6,6030504.0,,6300528.0,2020,8,14,4,3,5,3,0,1,0,0,0,0,0,790831.1597,5817467.447,13.27851455,52.42989115
9,9020802.0,,9200819.0,2020,8,7,6,3,0,1,0,0,0,0,0,0,0,810477.23,5820286.494,13.56918674,52.44436027
6,6010208.0,,6100208.0,2020,8,19,3,3,0,5,0,1,0,0,0,0,0,793973.4303,5820791.606,13.32752387,52.4580116
2,2020206.0,,2200213.0,2020,8,12,4,3,6,7,0,0,1,0,0,0,0,800121.64,5824843.215,13.42138656,52.49098666
9,9051702.0,,9501737.0,2020,8,3,6,3,0,1,2,0,0,0,0,0,0,814474.324,5821230.586,13.62869217,52.45053629
2,2020203.0,,2200209.0,2020,8,13,6,3,1,5,0,1,0,0,0,0,0,797506.3829,5824781.662,13.38292668,52.49186651
9,9051801.0,,9501838.0,2020,8,9,5,3,3,7,0,0,0,0,0,0,0,818582.1508,5820447.861,13.68818987,52.44114484
1,1011104.0,,1100104.0,2020,8,13,6,3,5,3,0,1,0,0,0,0,0,796344.4,5825932.505,13.36688611,52.50281482
4,4030415.0,,4300412.0,2020,8,7,6,3,5,2,0,1,0,0,0,0,0,791679.6989,5827501.105,13.29973447,52.51939071
1,1011101.0,,1100101.0,2020,8,12,6,2,5,2,0,1,0,0,0,0,0,795230.6425,5826625.886,13.35114036,52.50963422
6,6040804.0,,6400838.0,2020,8,12,6,2,3,6,0,0,0,0,0,0,0,787189.6326,5818095.53,13.22564154,52.43744631
2,2050802.0,,2500833.0,2020,8,18,4,3,5,2,0,0,0,1,0,0,0,802617.2643,5827008.157,13.45999872,52.50901323
9,9010101.0,,9100101.0,2020,8,11,6,3,0,1,0,0,0,0,0,0,0,801796.5867,5825317.149,13.44641063,52.49431118
1,1033201.0,,1300834.0,2020,8,16,5,3,5,3,0,1,0,0,0,0,0,797484.489,5831065.626,13.38822492,52.54820674
2,2020202.0,,2200208.0,2020,8,11,4,3,0,1,0,0,0,0,0,0,0,797470.7355,5825016.629,13.38261297,52.49399215
1,1011102.0,,1100102.0,2020,8,15,5,3,2,2,0,1,0,0,0,0,0,795427.6606,5827466.739,13.35478142,52.51706513
9,9020802.0,,9200819.0,2020,8,9,6,3,2,6,0,0,0,0,0,0,0,810714.3199,5818927.546,13.57140067,52.43204718
6,6040807.0,,6400841.0,2020,8,18,3,3,5,3,0,1,0,0,0,0,0,789993.6862,5819153.653,13.26769431,52.44545315
7,7040403.0,,7400823.0,2020,8,19,6,3,5,3,0,1,0,0,0,0,0,797318.3839,5822178.262,13.37784433,52.46863217
4,4030726.0,,4500936.0,2020,8,19,6,3,6,7,0,0,1,0,0,0,0,792224.5732,5825336.834,13.30584182,52.49969681
4,4051448.0,,4501045.0,2020,8,11,1,3,5,2,0,1,0,0,0,0,0,793710.6813,5824869.265,13.3272592,52.49470744
4,4030726.0,,4500936.0,2020,8,18,6,3,3,6,0,1,0,0,0,0,0,792242.7055,5825343.363,13.30611391,52.49974563
2,2050801.0,,2500832.0,2020,8,18,6,3,5,2,0,1,0,0,0,0,0,803638.4512,5827391.375,13.47534885,52.51188051
7,7050501.0,,7501029.0,2020,8,16,3,3,2,6,0,1,0,0,0,0,0,797099.8741,5819931.419,13.37263755,52.44861024
5,5030730.0,,5300736.0,2020,8,16,6,3,5,3,0,1,0,0,0,0,0,785973.1138,5829201.678,13.2173249,52.53766039
1,1022201.0,,1200623.0,2020,8,16,3,3,5,2,0,0,0,1,0,0,0,795407.3401,5829565.163,13.35634707,52.53588676
7,7040405.0,,7400927.0,2020,8,15,6,3,3,6,0,0,0,0,1,0,0,798937.8363,5821722.196,13.40120509,52.46366042
6,6020409.0,,6200421.0,2020,8,9,1,3,5,2,0,1,0,0,0,0,0,793459.3213,5817164.666,13.31679403,52.42577333
1,1011202.0,,1100206.0,2020,8,15,6,2,6,4,0,0,1,0,0,0,0,797147.6046,5827760.858,13.38031685,52.51876719
1,1011301.0,,1100308.0,2020,8,15,3,3,3,6,0,0,0,0,0,0,0,797076.4889,5828173.27,13.37964017,52.52250275
3,3050924.0,,3500935.0,2020,8,20,1,3,5,3,1,1,0,0,0,0,0,801533.7974,5831433.268,13.44809617,52.54927574
8,8010214.0,,8100209.0,2020,8,14,4,3,5,2,0,1,0,0,0,0,0,801103.3247,5821988.868,13.43322448,52.46486173
11,11030619.0,,11300620.0,2020,8,15,3,3,5,3,0,1,0,0,0,0,0,804188.9246,5829535.463,13.48539609,52.53079046
12,12103116.0,,12100102.0,2020,8,21,5,3,1,5,1,1,0,0,0,0,0,796011.2137,5833247.778,13.36850754,52.56857004
1,1044103.0,,1400942.0,2020,8,8,5,3,5,2,0,1,0,0,0,0,0,794651.5105,5830518.039,13.34608087,52.54483775
8,8010118.0,,8100104.0,2020,8,17,7,3,1,5,0,1,0,0,0,0,0,800837.6756,5822557.354,13.4298385,52.47010361
1,1011102.0,,1100102.0,2020,8,14,6,3,4,6,0,0,0,0,0,0,0,795140.95,5827071.588,13.35021786,52.51367814
9,9020502.0,,9200511.0,2020,8,21,4,3,0,1,2,0,0,0,0,0,0,806825.9442,5821994.399,13.51720348,52.46172806
12,12214125.0,,12200412.0,2020,8,18,5,2,5,2,0,1,0,0,0,0,0,790817.2396,5834066.979,13.29280978,52.57871379
7,7020203.0,,7200411.0,2020,8,23,5,2,1,5,2,1,0,0,0,0,0,796149.0411,5824146.227,13.36242844,52.48690847
1,1011301.0,,1100308.0,2020,8,9,6,3,5,2,0,1,0,0,0,0,0,797243.9646,5829094.653,13.38292498,52.53067061
9,9051702.0,,9501737.0,2020,8,22,5,3,4,6,2,0,0,0,0,0,0,813934.2084,5821819.902,13.62132435,52.45612757
8,8010301.0,,8100312.0,2020,8,23,4,3,1,1,2,1,0,0,0,0,0,801307.2223,5824649.445,13.43862051,52.48859677
10,10010308.0,,10100311.0,2020,8,18,5,3,5,2,0,1,0,0,0,0,0,806554.8742,5829154.445,13.51981423,52.52605038
1,1033203.0,,1300836.0,2020,8,18,5,3,1,5,0,1,0,0,0,0,0,796935.3569,5831429.733,13.38047597,52.55177013
5,5030730.0,,5300736.0,2020,8,11,5,3,5,2,0,1,0,0,0,0,0,785717.937,5829289.887,13.21364865,52.53858511
1,1022206.0,,1200628.0,2020,8,14,3,3,5,2,0,0,0,0,0,1,0,795702.6545,5828178.234,13.35945474,52.52329403
9,9020502.0,,9200511.0,2020,8,22,5,3,0,1,2,0,0,0,0,0,0,807236.7576,5821825.401,13.52307563,52.45998266
4,4041344.0,,4400835.0,2020,8,13,1,3,5,2,0,1,0,0,0,0,0,793382.9364,5821960.333,13.31988556,52.46880617
8,8010214.0,,8100209.0,2020,8,21,5,3,5,2,2,1,0,0,0,0,0,801111.0517,5822185.343,13.43351516,52.46661854
1,1011301.0,,1100308.0,2020,8,17,4,3,5,7,0,1,0,0,0,0,0,796844.337,5828971.912,13.37694149,52.52978814
4,4051652.0,,4501149.0,2020,8,7,3,3,4,7,0,1,0,0,0,0,1,793686.9179,5824482.071,13.32656887,52.4912492
12,12214125.0,,12200412.0,2020,8,14,4,3,1,5,0,1,0,0,0,0,1,791663.2768,5833650.399,13.30489354,52.57452647
8,8020625.0,,8200730.0,2020,8,19,5,3,5,3,0,1,0,0,0,0,0,801409.4771,5818895.247,13.43492566,52.43696386
7,7040401.0,,7400721.0,2020,8,17,4,3,0,4,0,0,1,0,0,0,0,797813.783,5823058.326,13.38590132,52.47625114
9,9020702.0,,9200716.0,2020,8,19,3,3,0,1,0,0,0,0,0,0,0,808882.2438,5819336.489,13.54491629,52.43674962
5,5010101.0,,5100103.0,2020,8,9,5,3,4,2,0,1,0,0,0,0,0,786049.4819,5831801.131,13.22068711,52.5609263
8,8010404.0,,8100415.0,2020,8,12,2,3,3,6,0,1,0,0,0,0,0,801317.6457,5823816.318,13.43802046,52.4811235
7,7070701.0,,7601442.0,2020,8,15,4,3,5,2,0,1,0,0,0,0,0,799511.826,5815705.235,13.40423763,52.40941196
9,9020802.0,,9200819.0,2020,8,7,6,3,5,3,0,1,0,0,0,0,0,810180.5887,5820400.423,13.56494198,52.44554962
8,8010404.0,,8100415.0,2020,8,14,3,3,2,6,0,1,0,0,0,0,0,801901.8366,5823562.606,13.44636701,52.4785268
1,1011301.0,,1100308.0,2020,8,16,5,3,3,6,0,0,0,1,0,0,0,797295.376,5829035.07,13.38362736,52.53010848
3,3040614.0,,3400725.0,2020,8,7,3,2,0,1,0,0,0,0,0,0,0,800042.742,5835612.298,13.42995252,52.58755665
3,3051021.0,,3501037.0,2020,8,12,5,3,4,7,0,0,0,0,0,1,0,802893.7453,5832266.012,13.46885106,52.55598498
1,1033102.0,,1300733.0,2020,8,15,7,3,3,6,0,1,0,0,0,0,0,797713.0167,5831817.113,13.39225901,52.55481799
12,12214125.0,,12200412.0,2020,8,17,5,2,5,2,0,1,0,0,0,0,0,790703.0054,5834317.984,13.29134883,52.58102505
9,9010401.0,,9100407.0,2020,8,12,3,3,0,2,0,0,0,1,0,0,0,805697.0909,5820386.495,13.49916791,52.44794983
5,5010103.0,,5100105.0,2020,8,14,4,3,1,5,0,1,0,0,0,0,0,784124.9183,5830545.311,13.19129791,52.55067427
1,1011401.0,,1100415.0,2020,8,9,3,3,2,6,0,0,0,0,1,0,0,798237.7494,5829033.752,13.39747708,52.52958191
2,2010104.0,,2100106.0,2020,8,20,3,3,2,2,1,0,0,1,0,0,1,799878.2534,5825706.321,13.41858951,52.49885683
11,11010308.0,,11100307.0,2020,8,15,5,3,5,3,0,1,0,0,0,0,0,805201.2379,5833655.271,13.50405929,52.5671478
6,6040808.0,,6400842.0,2020,8,19,4,3,5,2,0,0,0,0,0,1,0,789614.5037,5819809.854,13.26269979,52.45153723
4,4041343.0,,4400834.0,2020,8,18,3,3,5,3,0,1,0,0,0,0,0,792661.8387,5823065.325,13.31027007,52.47909897
4,4030725.0,,4300416.0,2020,8,7,3,3,5,7,0,1,0,0,0,0,1,791709.6234,5826147.625,13.29898776,52.50724095
8,8041037.0,,8401243.0,2020,8,16,2,3,5,3,0,1,0,0,0,0,0,805585.3809,5818535.169,13.49583664,52.43141961
1,1011401.0,,1100415.0,2020,8,13,4,3,5,3,0,1,0,0,0,0,1,798043.0917,5829410.451,13.3949538,52.53306498
7,7040401.0,,7400721.0,2020,8,18,3,3,5,3,0,1,0,0,0,0,0,797581.7909,5823265.213,13.38268025,52.47823211
11,11030721.0,,11300722.0,2020,8,19,7,3,5,2,1,1,0,0,0,0,1,803792.0754,5827707.433,13.47789414,52.51462771
2,2020202.0,,2200208.0,2020,8,8,3,3,5,2,0,1,0,0,0,0,1,797938.672,5825259.618,13.38970239,52.49591504
1,1011202.0,,1100206.0,2020,8,19,3,3,0,1,0,0,0,0,0,0,0,797655.4918,5828088.742,13.38807328,52.5214293
8,8010508.0,,8100520.0,2020,8,10,5,3,0,1,0,0,0,0,0,0,0,802909.6979,5823527.619,13.46113007,52.47765515
9,9041403.0,,9401433.0,2020,8,8,4,3,5,3,0,1,0,0,0,0,1,812413.9208,5819589.785,13.5969378,52.43701383
1,2010102.0,,2100102.0,2020,8,14,2,3,5,2,0,0,0,0,0,1,0,798033.8835,5826576.655,13.39227946,52.50766867
2,2050801.0,,2500832.0,2020,8,18,4,3,2,6,0,1,0,0,0,0,0,803582.5246,5827259.687,13.47440716,52.51073135
2,2010103.0,,2100105.0,2020,8,17,3,3,0,3,0,1,0,0,0,0,0,799139.9818,5825784.044,13.40781619,52.49995869
9,9051702.0,,9501737.0,2020,8,12,1,3,0,6,0,0,0,0,0,0,0,814560.8107,5820805.253,13.62956015,52.44667517
9,9031101.0,,9301126.0,2020,8,18,6,3,0,1,0,0,0,0,0,0,0,811229.0124,5817688.365,13.57779392,52.4206496
6,6030608.0,,6300632.0,2020,8,12,7,2,1,5,0,1,0,0,0,0,0,791936.0364,5817770.27,13.29498366,52.43201749
2,2040703.0,,2400625.0,2020,8,17,4,3,5,3,0,0,0,0,0,1,1,801743.1943,5826255.026,13.44647623,52.502747
8,8010301.0,,8100311.0,2020,8,17,3,3,1,5,0,1,0,0,0,0,0,800566.0034,5824440.461,13.42754844,52.48713215
11,11051331.0,,11501340.0,2020,8,17,3,2,5,2,0,1,0,0,0,0,0,807501.9581,5824462.4,13.52939727,52.48346668
6,6020303.0,,6200313.0,2020,8,18,7,3,5,2,0,1,0,0,0,0,1,795523.0201,5818638.372,13.34835902,52.43787353
1,1011401.0,,1100415.0,2020,8,13,5,3,0,1,0,0,0,0,0,0,0,798165.7117,5829350.46,13.39670236,52.53246019
9,9020502.0,,9200512.0,2020,8,20,4,3,5,3,2,1,0,0,0,0,1,808551.268,5821644.339,13.54219434,52.45761943
5,5010312.0,,5100314.0,2020,8,10,3,3,5,2,0,1,0,0,0,0,0,784822.5934,5830260.185,13.20131513,52.54775348
6,6010206.0,,6100206.0,2020,8,13,2,3,5,3,0,0,0,0,0,0,0,794530.5608,5820050.813,13.3350464,52.45107078
3,3061228.0,,3601245.0,2020,8,2,3,2,0,1,2,0,0,0,0,0,0,800751.5582,5830929.561,13.43613842,52.54519336
9,9020501.0,,9200510.0,2020,8,17,1,3,5,2,0,1,0,0,0,0,0,805788.7471,5822881.744,13.50279787,52.47026223
5,5010209.0,,5100211.0,2020,8,7,7,3,5,3,0,1,0,0,0,0,1,782805.6886,5830365.257,13.17174001,52.54974643
1,1033101.0,,1300732.0,2020,8,18,5,3,5,2,0,1,0,0,0,0,0,797534.171,5832714.618,13.39043348,52.56296069
3,3061430.0,,3601450.0,2020,8,17,4,3,5,2,0,1,0,0,0,0,1,802341.8775,5829201.585,13.45794683,52.52882551
5,5020625.0,,5200629.0,2020,8,7,3,3,5,2,0,1,0,0,0,0,0,784740.7788,5828586.423,13.19867732,52.53278934
6,6040807.0,,6400841.0,2020,8,16,3,3,5,2,0,1,0,0,0,0,0,789635.7354,5818176.446,13.2615954,52.43688183
8,8010510.0,,8100521.0,2020,8,9,5,3,5,3,0,1,0,0,0,0,0,802482.7468,5822558.281,13.45398375,52.46920355
7,7070705.0,,7601546.0,2020,8,15,3,3,5,3,0,1,0,0,0,0,0,799240.9713,5812651.586,13.39754052,52.38218763
3,3061227.0,,3601244.0,2020,8,15,4,3,5,3,0,1,0,0,0,0,0,800084.9816,5831671.348,13.42700854,52.55220976
9,9020601.0,,9200613.0,2020,8,15,3,2,5,3,0,0,0,0,0,1,0,806529.2338,5821688.688,13.51256921,52.45915468
4,4051653.0,,4501152.0,2020,8,16,1,3,5,3,0,1,0,0,0,0,0,793975.7444,5824708.48,13.3310104,52.49312338
5,5010313.0,,5100315.0,2020,8,6,6,3,5,3,0,1,0,0,0,0,0,785007.8758,5829784.277,13.20363178,52.54338962
9,9010101.0,,9100101.0,2020,8,15,3,3,5,3,0,0,0,0,0,0,0,802287.2507,5825476.553,13.45376058,52.49546842
3,3030715.0,,3300516.0,2020,8,13,2,3,5,2,0,1,0,0,0,0,0,801176.9306,5833197.268,13.44444965,52.56528399
6,6040810.0,,6400844.0,2020,8,10,1,3,3,6,0,1,0,0,0,0,0,791603.5629,5821168.612,13.29307365,52.46266109
2,2040502.0,,2400521.0,2020,8,8,6,3,5,2,0,1,0,0,0,0,0,800475.1565,5828227.223,13.42963185,52.52112415
7,7010104.0,,7100205.0,2020,8,22,3,3,5,3,2,1,0,0,0,0,1,796371.9703,5825279.303,13.36670981,52.4969445
10,10010308.0,,10100311.0,2020,8,20,7,3,0,7,0,0,0,0,0,0,0,806566.9413,5828124.233,13.51904206,52.51681064
4,4061757.0,,4200207.0,2020,8,17,5,3,2,6,0,1,0,0,0,0,0,789038.1726,5823756.746,13.25766193,52.48722784
3,3061126.0,,3601141.0,2020,8,8,3,3,5,3,0,0,0,0,0,1,0,798986.5369,5831812.357,13.410983,52.55407775
5,5010314.0,,5100316.0,2020,8,13,2,1,5,3,0,1,0,0,0,0,0,784768.2125,5828813.619,13.19927533,52.53481205
1,1033201.0,,1300834.0,2020,8,20,2,3,5,3,2,1,0,0,0,0,0,797832.3954,5830453.633,13.39279177,52.54253093
2,2040502.0,,2400521.0,2020,8,9,2,2,0,2,0,0,0,0,0,1,0,801229.3802,5827982.867,13.44049317,52.51851783
11,11030618.0,,11300618.0,2020,8,12,6,3,5,2,0,1,0,0,0,0,0,802416.9404,5828957.586,13.45882805,52.52659694
1,1011306.0,,1100313.0,2020,8,12,3,3,5,2,0,1,0,0,0,0,0,799978.7042,5826931.803,13.42116893,52.50978613
1,1011303.0,,1100310.0,2020,8,15,5,3,6,4,0,0,1,0,0,0,0,798735.1917,5828278.009,13.40410934,52.52253538
1,1011306.0,,1100313.0,2020,8,15,3,3,5,2,0,1,0,0,0,0,0,799979.5426,5826934.105,13.42118332,52.50980631
1,1044103.0,,1400942.0,2020,8,19,2,3,5,7,0,0,0,0,0,0,0,794992.8444,5830745.686,13.35130192,52.54669371
2,2020203.0,,2200208.0,2020,8,7,2,3,5,2,0,0,0,0,0,1,0,797833.7006,5824901.972,13.38784098,52.49276645
8,8010301.0,,8100312.0,2020,8,18,7,3,5,3,0,0,0,0,0,1,1,801485.9008,5823929.422,13.44059284,52.48204442
2,2020204.0,,2200210.0,2020,8,8,5,3,0,1,0,0,0,0,0,0,0,798680.2689,5825139.559,13.40048616,52.49443354
8,8010405.0,,8100418.0,2020,8,17,4,3,5,3,0,1,0,0,0,0,0,801646.7267,5823973.267,13.44299358,52.48234859
2,2040703.0,,2400625.0,2020,8,10,2,3,3,2,0,0,0,0,1,0,0,801758.4156,5826260.242,13.44670452,52.50278534
2,2010102.0,,2100102.0,2020,8,14,3,3,2,7,0,0,0,0,0,1,0,798133.5868,5826221.381,13.39342599,52.50442961