district,LOR,street,LOR_2021,year,month,hour,weekday,category,accident_kind,accident_type,light_condition,car,pedestrian,motorcycle,goods_vehicle,others,road_condition,LINREFX,LINREFY,XGCSWGS84,YGCSWGS84
9,9010302.0,,9100306.0,2020,8,14,2,3,6,7,0,0,1,0,0,0,0,804465.8459,5820815.45,13.48149808,52.45248148
6,6040702.0,,6400736.0,2020,8,19,4,2,0,1,0,0,0,0,0,0,0,787243.6093,5816409.58,13.22498517,52.422302
1,1044103.0,,1400942.0,2020,8,7,2,3,3,6,0,1,0,0,0,0,0,795499.6189,5830758.637,13.35876515,52.54653517
4,4010102.0,,4100101.0,2020,8,19,6,3,5,2,0,1,0,0,0,0,0,793340.975,5829718.481,13.32610463,52.53837732
4,4041343.0,,4400834.0,2020,8,18,4,3,1,5,0,1,0,0,0,0,1,792640.4026,5823027.448,13.30992209,52.4787709
4,4051653.0,,4501152.0,2020,8,18,3,3,5,3,0,1,0,0,0,0,0,794045.2478,5824716.824,13.33203855,52.49316074
3,3030405.0,,3300411.0,2020,8,12,5,3,1,5,0,1,0,0,0,0,0,804286.4465,5838615.851,13.49516047,52.6121186
11,11020514.0,,11200513.0,2020,8,13,2,3,6,4,0,0,1,0,0,0,0,803777.7743,5830345.512,13.48009402,52.53827992
2,2040502.0,,2400521.0,2020,8,22,2,2,0,1,2,0,0,0,0,0,0,800852.1108,5828500.036,13.43541763,52.52336159
12,12231102.0,,12400720.0,2020,8,13,6,3,5,3,0,1,0,0,0,0,0,789633.6795,5840165.344,13.28072921,52.63401665
1,1044101.0,,1400937.0,2020,8,8,3,3,0,6,0,0,0,0,0,0,0,794132.9761,5831115.251,13.33898533,52.55047154
1,1011301.0,,1100308.0,2020,8,21,7,3,1,5,2,1,0,0,0,0,0,796489.7901,5829268.101,13.37199445,52.53263612
2,2050601.0,,2500726.0,2020,8,4,3,3,0,7,2,0,0,0,0,0,0,801889.0324,5828995.177,13.45110426,52.52722643
9,9020501.0,,9200510.0,2020,8,14,4,3,5,2,0,1,0,0,0,0,1,806495.3764,5822093.356,13.512444,52.46280045
10,10040933.0,,10400941.0,2020,8,7,4,3,5,3,0,1,0,0,0,0,0,813364.349,5824972.295,13.61592602,52.48470337
4,4031032.0,,4500937.0,2020,8,19,5,3,5,2,0,1,0,0,0,0,0,790963.1023,5824811.796,13.28685242,52.4956639
3,3061131.0,,3601142.0,2020,8,16,3,3,5,3,0,0,0,0,0,0,0,798622.993,5830284.361,13.40426292,52.54058094
9,9010301.0,,9100305.0,2020,8,20,2,2,5,2,0,1,0,0,0,0,0,804919.5786,5822560.403,13.48974827,52.46786799
2,2010103.0,,2100104.0,2020,8,7,2,3,5,7,0,0,0,1,0,0,0,799352.1739,5826347.721,13.4114395,52.50489487
1,1033102.0,,1300733.0,2020,8,20,2,3,5,3,0,1,0,0,0,0,0,797140.7804,5831820.871,13.38384687,52.55516418
2,2030302.0,,2300316.0,2020,8,3,1,3,0,1,2,0,0,0,0,0,0,801444.8121,5826053.151,13.4419109,52.50110248
8,8040933.0,,8401139.0,2020,8,7,6,3,3,6,2,1,0,0,0,0,0,803658.2115,5818666.804,13.46769713,52.43367255
9,9010401.0,,9100407.0,2020,8,15,3,3,5,3,0,0,0,0,0,1,0,806287.5686,5820688.09,13.50810575,52.45032239
2,2030302.0,,2300315.0,2020,8,15,6,2,6,7,0,0,1,0,0,0,0,800565.4961,5825807.871,13.42877458,52.49938899
3,3020209.0,,3200205.0,2020,8,16,5,2,0,1,0,0,0,0,0,0,0,797209.3606,5835569.146,13.38821468,52.58872526
4,4031032.0,,4500937.0,2020,8,12,5,3,5,2,0,1,0,0,0,1,0,790954.8291,5824832.261,13.28674877,52.49585178
3,3040513.0,,3400620.0,2020,8,19,2,3,5,3,0,1,0,0,0,0,0,797582.5342,5834108.096,13.39239506,52.57542493
1,1033102.0,,1300733.0,2020,8,9,2,3,5,3,0,0,0,0,0,1,0,797182.8116,5831917.668,13.38455166,52.55600891
4,4020205.0,,4200203.0,2020,8,14,5,3,2,3,0,1,0,0,0,0,0,787516.4634,5827572.109,13.2386082,52.52223836
2,2010101.0,,2100101.0,2020,8,18,2,3,2,6,0,0,0,0,0,0,0,797821.831,5825881.719,13.38854267,52.50155521
1,1044201.0,,1401045.0,2020,8,15,3,3,5,2,0,1,0,0,0,0,0,796875.2685,5831904.783,13.38001716,52.55606115
6,6030608.0,,6300632.0,2020,8,20,3,2,5,2,0,1,0,0,0,0,1,791643.5643,5817287.739,13.29027306,52.42784756
1,1044202.0,,1401046.0,2020,8,13,3,3,0,3,0,0,0,1,0,0,0,794632.2846,5829875.933,13.3452287,52.53909214
2,2030301.0,,2300314.0,2020,8,20,6,3,1,5,0,1,0,0,0,0,0,799855.7344,5825832.987,13.41837281,52.50000457
4,4051447.0,,4501045.0,2020,8,15,5,3,5,2,0,1,0,0,0,0,0,793453.5954,5824717.406,13.32334949,52.49348436
4,4041134.0,,4400726.0,2020,8,16,2,3,5,3,0,1,0,0,0,0,0,790975.4463,5823877.832,13.28621811,52.48728431
1,1011402.0,,1100416.0,2020,8,20,4,3,4,6,1,0,0,0,0,1,0,798145.869,5829869.18,13.39687602,52.53712066
3,3061430.0,,3601450.0,2020,8,15,2,2,5,2,0,1,0,0,0,0,0,802416.5128,5829233.442,13.45907266,52.52906964
4,4041241.0,,4400832.0,2020,8,18,2,3,6,7,0,0,1,0,0,0,0,791710.3598,5822435.525,13.29574881,52.47396193
2,2010102.0,,2100102.0,2020,8,9,4,3,1,5,0,1,0,0,0,0,0,797976.207,5826112.49,13.39101672,52.50353951
2,2030301.0,,2300314.0,2020,8,9,3,3,0,5,0,1,0,0,0,0,1,800007.0759,5826251.058,13.42097226,52.50366873
11,11040925.0,,11400927.0,2020,8,20,3,3,5,2,1,1,0,0,0,0,1,803712.3109,5826290.498,13.47542954,52.50197252
1,1011203.0,,1100206.0,2020,8,17,4,3,3,6,0,0,0,0,0,1,0,797771.9066,5827377.796,13.38914767,52.51499298
11,11030619.0,,11300620.0,2020,8,17,2,3,5,2,0,0,0,0,0,1,0,804143.6974,5829830.759,13.4850016,52.5334623
7,7010101.0,,7100101.0,2020,8,13,3,3,2,6,0,0,0,0,0,0,0,794975.6587,5824931.314,13.34589302,52.49458149
11,11051330.0,,11501339.0,2020,8,18,6,3,5,3,0,1,0,0,0,0,0,807014.6389,5824836.035,13.52258766,52.48708948
6,6030503.0,,6300527.0,2020,8,8,4,2,5,2,0,1,0,0,0,0,0,789850.1555,5817834.798,13.26444459,52.43370524
9,9020801.0,,9200818.0,2020,8,19,5,3,5,3,0,1,0,0,0,0,0,810487.9937,5820331.081,13.56938603,52.44475373
4,4051652.0,,4501149.0,2020,8,9,3,3,0,5,0,1,0,0,0,0,1,793442.2486,5824124.272,13.3226605,52.48817325
4,4030620.0,,4300619.0,2020,8,15,4,3,5,2,0,1,0,0,0,0,1,792281.652,5827244.921,13.30835572,52.51677178
7,7070704.0,,7601545.0,2020,8,16,4,3,0,7,0,0,0,0,0,1,1,800702.4172,5814149.511,13.42029189,52.39481451
10,10010207.0,,10100210.0,2020,8,7,2,3,0,5,0,1,0,0,0,0,0,808699.4641,5831521.905,13.55352472,52.54605696
1,1011401.0,,1100415.0,2020,8,14,4,3,5,3,0,0,0,0,0,1,1,798322.2235,5829380.341,13.39902968,52.53264238
8,8041035.0,,8401241.0,2020,8,7,4,3,5,3,0,1,0,0,0,0,0,804095.7259,5819272.427,13.47466386,52.43885763
1,1022204.0,,1200626.0,2020,8,18,5,2,6,4,0,0,1,0,0,0,0,794741.3963,5828317.449,13.34545095,52.52506247
1,1011204.0,,1100207.0,2020,8,15,4,3,0,2,0,1,0,0,0,0,0,798619.3457,5826919.159,13.40118735,52.51041861
11,11051332.0,,11501341.0,2020,8,12,1,3,5,3,0,0,0,0,0,0,0,807113.439,5823679.572,13.52297289,52.47666948
10,10010308.0,,10100311.0,2020,8,7,6,3,4,6,0,0,0,0,0,0,0,806511.8311,5829272.191,13.51929028,52.52712983
6,6030504.0,,6300528.0,2020,8,16,4,2,3,6,0,0,0,0,0,0,1,789924.5044,5816390.079,13.26428279,52.42071338
2,2040701.0,,2400521.0,2020,8,8,3,3,5,2,0,1,0,0,0,0,0,800718.0758,5827873.806,13.43288187,52.51782248
3,3030711.0,,3300514.0,2020,8,8,6,3,0,2,0,1,0,0,0,0,0,800859.7738,5836035.662,13.4423606,52.59090003
3,3071536.0,,3701554.0,2020,8,16,5,3,5,2,0,1,0,0,0,0,0,799003.3261,5830076.088,13.40966682,52.53850553
2,2040703.0,,2500834.0,2020,8,13,4,3,6,4,0,0,1,0,0,0,1,801947.4102,5826800.343,13.44997024,52.50752175
1,1011101.0,,1100101.0,2020,8,16,3,3,6,7,0,0,1,0,0,0,1,794599.8452,5826086.352,13.34139516,52.50513866
9,9051801.0,,9501838.0,2020,8,15,3,3,5,3,0,1,0,0,0,0,0,820195.3148,5819623.495,13.71105238,52.43281658
6,6020411.0,,6200423.0,2020,8,20,7,3,1,5,0,1,0,0,0,0,1,793741.9227,5815705.194,13.31965708,52.4125379
7,7040406.0,,7400928.0,2020,8,9,3,3,5,2,0,1,0,0,0,0,0,800302.4465,5821982.72,13.42146559,52.46524738
4,4030725.0,,4300416.0,2020,8,20,2,3,5,2,2,1,0,0,0,0,0,791990.9182,5825974.098,13.30296836,52.50553484
9,9030901.0,,9300920.0,2020,8,15,2,3,5,3,0,1,0,0,0,0,0,807728.2238,5817906.894,13.52667809,52.42458775
8,8010404.0,,8100417.0,2020,8,12,6,3,5,2,0,1,0,0,0,0,0,802575.4395,5823075.612,13.45581336,52.47378908
1,1011402.0,,1100416.0,2020,8,17,3,3,1,1,0,1,0,0,0,0,0,798527.3567,5829148.968,13.40183708,52.53045615
9,9010101.0,,9100101.0,2020,8,20,3,3,0,3,2,1,0,0,0,0,1,802632.6974,5824457.519,13.45790803,52.48614341
8,8010214.0,,8100209.0,2020,8,10,4,3,5,3,0,1,0,0,0,0,1,801716.7173,5822139.085,13.44236199,52.46586981
2,2040702.0,,2400624.0,2020,8,19,4,3,2,6,0,1,0,0,0,0,0,801846.8964,5827409.648,13.44904633,52.51303861
11,11030618.0,,11300617.0,2020,8,8,2,3,1,5,0,1,0,0,0,0,0,802850.7205,5829223.064,13.4654444,52.52873558
1,1011306.0,,1100313.0,2020,8,19,7,3,5,2,0,1,0,0,0,0,0,799981.4599,5826939.37,13.42121623,52.50985244
1,1011302.0,,1100309.0,2020,8,10,6,3,6,4,0,0,1,0,0,0,0,798557.4094,5828955.019,13.40210462,52.5287012
12,12231101.0,,12400723.0,2020,8,12,3,2,6,7,0,0,1,0,0,0,0,792536.563,5838099.037,13.32167275,52.61393753
3,3071536.0,,3701554.0,2020,8,8,3,3,1,5,0,1,0,0,0,0,0,798940.3868,5829963.831,13.40864059,52.53753384
11,11041128.0,,11401137.0,2020,8,18,4,3,1,5,0,1,0,0,0,0,0,806780.8049,5825680.645,13.51993231,52.4947905
6,6040701.0,,6400735.0,2020,8,8,2,3,6,7,0,0,1,0,0,0,0,782959.4938,5815961.005,13.16177377,52.42051201
7,7050501.0,,7501029.0,2020,8,13,6,2,5,3,0,1,0,0,0,0,0,797464.5125,5820309.898,13.37832426,52.45180465
2,2050801.0,,2500831.0,2020,8,13,7,3,1,5,0,1,0,0,0,0,1,803089.4908,5827070.865,13.46699257,52.50931313
1,1033202.0,,1300835.0,2020,8,19,5,2,5,2,0,0,0,0,0,1,0,797763.3542,5829744.547,13.39114127,52.53621262
4,4031032.0,,4500938.0,2020,8,13,3,3,1,5,0,1,0,0,0,0,0,791579.7398,5824953.318,13.2960337,52.49660355
5,5010314.0,,5100316.0,2020,8,19,6,3,0,3,0,1,0,0,0,0,0,784664.5474,5828832.959,13.19776768,52.53503961
1,1044203.0,,1401049.0,2020,8,9,4,3,5,2,0,1,0,0,0,0,0,795901.4223,5831965.393,13.36574874,52.55713445
8,8010303.0,,8100314.0,2020,8,16,7,3,0,1,0,0,0,0,0,0,0,800340.7004,5824370.922,13.42417766,52.48663284
2,2040701.0,,2400521.0,2020,8,18,4,3,5,2,0,1,0,0,0,0,1,800718.0341,5827873.451,13.43288093,52.51781931
2,2040703.0,,2400625.0,2020,8,13,2,2,5,7,0,1,0,0,0,0,0,801379.0281,5827330.105,13.44210073,52.51258436
8,8030831.0,,8301036.0,2020,8,16,4,3,5,3,0,0,0,1,0,0,0,803726.9247,5818020.182,13.46811746,52.42783876
1,1044203.0,,1401048.0,2020,8,11,2,3,5,2,0,0,0,0,0,1,0,795436.1307,5831605.226,13.35858485,52.5541585
8,8020625.0,,8200730.0,2020,8,12,3,2,1,5,0,1,0,0,0,0,1,801593.1752,5817570.011,13.43642456,52.42498408
3,3050919.0,,3500932.0,2020,8,14,6,3,5,2,0,1,0,0,0,0,0,802060.9939,5832765.662,13.45705995,52.56092579
11,11030721.0,,11300722.0,2020,8,13,4,3,5,2,0,1,0,0,0,0,1,804296.7046,5828423.976,13.48596299,52.52076851
12,12214422.0,,12200310.0,2020,8,13,3,3,5,2,0,1,0,0,0,0,0,792082.3606,5832942.522,13.31043666,52.56795586
7,7020203.0,,7200409.0,2020,8,17,5,3,2,6,0,1,0,0,0,0,0,795877.7252,5824525.385,13.35878102,52.49045442
3,3040614.0,,3400722.0,2020,8,7,3,3,5,3,0,1,0,0,0,0,0,798625.6157,5834002.492,13.40764665,52.57390702
2,2020201.0,,2200207.0,2020,8,8,5,3,5,3,0,0,0,0,0,1,0,796853.912,5825717.016,13.37417835,52.50060623
2,2040703.0,,2400625.0,2020,8,17,4,3,5,2,0,1,0,0,0,0,1,801760.37,5826241.668,13.44671639,52.50261777
6,6040701.0,,6400735.0,2020,8,7,4,3,1,5,0,1,0,0,0,0,0,784459.7181,5816436.354,13.18417958,52.42399637
9,9010201.0,,9100202.0,2020,8,19,7,3,0,1,0,1,0,0,0,0,1,802659.44,5824418.436,13.45826517,52.48577828
6,6030610.0,,6300634.0,2020,8,20,5,2,5,2,0,1,0,0,0,0,0,792938.3686,5817767.351,13.30968227,52.43145548
7,7010102.0,,7100103.0,2020,8,19,2,3,0,1,0,1,0,0,0,0,0,795628.0831,5825458.625,13.35594308,52.49895543
2,2050802.0,,2500834.0,2020,8,12,4,3,0,1,0,0,0,0,0,0,0,802016.1414,5826918.386,13.45108694,52.50854173
1,1044201.0,,1401044.0,2020,8,11,6,3,5,3,0,1,0,0,0,0,0,796390.6699,5831047.948,13.37212526,52.5486445
2,2020205.0,,2200211.0,2020,8,13,3,3,6,4,0,0,1,0,0,0,0,797974.9612,5824569.193,13.38961788,52.48970639
2,2030302.0,,2300315.0,2020,8,15,1,3,6,7,0,0,1,0,0,0,0,800518.941,5825801.115,13.42808473,52.49935408
1,1044202.0,,1401046.0,2020,8,6,6,3,2,3,0,0,0,0,0,0,0,795013.4754,5829926.179,13.3508775,52.53933632
1,1011302.0,,1100309.0,2020,8,12,3,3,0,1,0,0,0,0,0,0,0,798645.2673,5828480.101,13.40296935,52.5243961
1,1011105.0,,1100102.0,2020,8,9,2,3,1,5,0,1,0,0,0,0,0,796871.3898,5826454.275,13.37509242,52.50720549
6,6010102.0,,6100102.0,2020,8,20,4,2,5,3,0,1,0,0,0,0,0,793632.2618,5820606.645,13.32235445,52.45653689
11,11041128.0,,11401136.0,2020,8,11,2,3,5,2,0,1,0,0,0,0,0,806067.9979,5825800.327,13.50957556,52.49626329
11,11030619.0,,11300620.0,2020,8,18,7,3,5,2,0,1,0,0,0,0,1,804143.8597,5829829.688,13.485003,52.53345262
1,1011302.0,,1100309.0,2020,8,18,3,3,3,6,0,0,0,1,0,0,0,798359.4889,5828351.573,13.39865427,52.52340048
12,12231102.0,,12400721.0,2020,8,8,5,3,5,3,0,1,0,0,0,0,0,790582.6722,5840578.209,13.29507547,52.63721092
12,12301203.0,,12500930.0,2020,8,7,4,3,5,3,0,1,0,0,0,0,1,793575.1179,5834653.738,13.33391303,52.58249284
2,2040701.0,,2400623.0,2020,8,17,2,3,5,2,0,1,0,0,0,0,1,801149.5544,5827308.871,13.43871027,52.51252077
12,12304314.0,,12500824.0,2020,8,20,3,3,0,1,1,0,0,0,0,0,1,791247.704,5836415.154,13.30120889,52.59953431
3,3061126.0,,3601141.0,2020,8,15,5,3,5,2,0,1,0,0,0,0,0,798974.7439,5831466.456,13.41049809,52.55098375
4,4051655.0,,4501153.0,2020,8,9,4,3,5,2,0,1,0,0,0,0,1,794044.1842,5823929.828,13.33132848,52.48610628
1,1033102.0,,1300733.0,2020,8,11,2,2,5,2,0,1,0,0,0,0,0,797662.7642,5831882.283,13.39157842,52.55542962
1,1011303.0,,1100310.0,2020,8,12,3,2,5,2,0,0,0,0,1,0,0,799508.3239,5828833.768,13.41597105,52.52709278
4,4051448.0,,4501045.0,2020,8,19,6,2,5,5,0,1,0,0,0,0,0,793491.7345,5825162.713,13.32430198,52.49745586
11,11020514.0,,11200513.0,2020,8,15,5,2,5,3,0,1,0,0,0,0,0,803849.036,5830393.556,13.48118542,52.53867079
11,11051229.0,,11501238.0,2020,8,17,3,3,5,3,0,1,0,0,0,0,0,803713.6535,5826226.37,13.47539078,52.50139701
7,7030301.0,,7300516.0,2020,8,7,3,3,5,2,0,1,0,0,0,0,1,793955.9989,5822152.572,13.32846681,52.47022147
8,8020727.0,,8200832.0,2020,8,11,5,3,1,5,0,1,0,0,0,0,0,801581.1653,5816657.267,13.43542578,52.41680945
2,2030302.0,,2300315.0,2020,8,15,4,3,5,3,0,0,0,0,0,0,1,800732.8495,5825794.752,13.43122064,52.49917921
4,4051448.0,,4501045.0,2020,8,13,4,3,6,4,0,0,1,0,0,0,1,794196.299,5825375.986,13.33483916,52.49898838
2,2010103.0,,2100104.0,2020,8,16,3,3,5,3,0,1,0,0,0,0,0,799281.8806,5826219.607,13.41029179,52.50378507
1,1011202.0,,1100206.0,2020,9,1,1,3,2,6,2,0,0,0,0,0,0,797203.5432,5827484.707,13.38089214,52.51626133
10,10010308.0,,10100311.0,2020,9,5,3,3,0,1,2,0,0,0,0,0,1,806553.2371,5829118.198,13.51975676,52.52572644
11,11030618.0,,11300617.0,2020,9,22,4,3,5,3,2,1,0,0,0,0,1,802944.0252,5829203.173,13.46679749,52.52850547
2,2020204.0,,2200210.0,2020,8,7,2,3,5,3,0,1,0,0,0,0,0,799031.6087,5825053.357,13.4055685,52.49346849
1,1011102.0,,1100102.0,2020,8,7,2,3,0,1,0,0,0,0,0,0,1,794814.5755,5827364.276,13.34568165,52.51647839
2,2040701.0,,2400623.0,2020,9,19,5,3,5,3,0,1,0,0,0,0,0,800394.531,5827835.821,13.42809369,52.51766032
3,3051017.0,,3501037.0,2020,9,22,5,3,5,7,2,1,0,0,0,0,1,802715.8876,5832480.9,13.46643161,52.55800986
9,9051901.0,,9501939.0,2020,9,13,5,3,5,2,0,1,0,0,0,0,0,809947.6481,5821593.092,13.56263231,52.45637012
4,4030725.0,,4300416.0,2020,9,13,3,3,5,2,0,1,0,0,0,0,0,791287.65,5826062.477,13.29271352,52.50670308
2,2050601.0,,2500726.0,2020,9,11,6,3,5,2,0,1,0,0,0,0,1,802196.5283,5828340.829,13.45502856,52.52119118
2,2030302.0,,2300315.0,2020,8,9,2,2,5,2,0,1,0,0,0,0,0,800404.6315,5825784.513,13.42639089,52.4992682
4,4041241.0,,4400832.0,2020,9,12,1,3,5,2,0,1,0,0,0,0,0,791920.9452,5822368.16,13.29878147,52.4732455
3,3071536.0,,3701554.0,2020,9,8,5,3,5,2,0,1,0,0,0,0,0,799149.0055,5829205.595,13.41102486,52.53062293
2,2050801.0,,2500830.0,2020,9,17,3,3,0,1,0,0,0,0,0,0,0,802633.1616,5827374.727,13.46056555,52.51228995
1,1011305.0,,1100312.0,2020,8,9,2,3,5,2,0,1,0,0,0,0,0,799122.964,5827125.423,13.40877143,52.51199155
6,6020409.0,,6200421.0,2020,9,7,4,3,0,1,0,0,0,0,0,0,1,793932.8572,5818179.23,13.32463002,52.4346144
9,9052001.0,,9502043.0,2020,8,9,2,2,0,3,0,0,0,0,0,0,0,811082.308,5821943.168,13.57960358,52.45886275
4,4031032.0,,4500938.0,2020,9,9,4,3,5,2,0,1,0,0,0,0,0,791835.0526,5824801.629,13.29965099,52.49510721
3,3061227.0,,3601244.0,2020,9,14,3,3,8,1,0,0,0,0,0,0,0,799942.5707,5831023.117,13.42432892,52.54647791
4,4031032.0,,4500938.0,2020,9,9,6,3,3,6,0,1,0,0,0,0,1,791366.9952,5824937.306,13.29289475,52.49657362
4,4030930.0,,4501041.0,2020,8,8,2,3,0,2,0,1,0,0,0,0,1,792968.5859,5825899.004,13.31726546,52.50433754
1,1011401.0,,1100415.0,2020,9,16,5,3,5,5,0,1,0,0,0,0,0,797601.5694,5829106.347,13.38819161,52.53058032
1,1011301.0,,1100308.0,2020,9,18,4,2,0,2,0,0,0,0,0,1,0,797261.9482,5829089.624,13.38318481,52.53061573
9,9020601.0,,9200613.0,2020,9,15,7,3,5,3,0,1,0,0,0,0,0,807018.0203,5821144.326,13.51924006,52.4540016
10,10030724.0,,10300731.0,2020,8,17,1,2,5,2,1,1,0,0,0,0,1,809640.2109,5830264.388,13.56618167,52.53425382
3,3061131.0,,3601142.0,2020,9,10,3,2,5,2,0,0,0,0,0,1,0,799134.5428,5830601.149,13.41206849,52.54313988
3,3040818.0,,3400830.0,2020,8,16,1,3,0,6,0,1,0,0,0,0,1,800024.989,5833422.236,13.42770927,52.56793646
8,8010118.0,,8100104.0,2020,8,14,1,3,2,7,0,1,0,0,0,0,0,800856.8496,5822507.58,13.43007503,52.4696469
1,1011301.0,,1100308.0,2020,9,15,5,3,6,7,0,0,1,0,0,0,0,797234.915,5829075.459,13.3827748,52.5305035
8,2030401.0,,2300418.0,2020,9,10,1,3,0,2,0,0,0,1,0,0,0,801063.7066,5824939.82,13.43530725,52.49133382
4,4030828.0,,4300624.0,2020,9,16,3,3,0,2,0,1,0,0,0,0,0,792982.7097,5826101.721,13.31765135,52.50614724
3,3061131.0,,3601142.0,2020,9,21,6,3,6,4,2,0,1,0,0,0,0,798733.4138,5830327.241,13.40592479,52.54090477
1,1011305.0,,1100312.0,2020,9,18,2,3,5,7,0,1,0,0,0,0,0,799398.0892,5826415.8,13.41217518,52.5054799
4,4030827.0,,4300623.0,2020,9,15,5,3,5,2,0,1,0,0,0,0,0,792409.5783,5826099.685,13.30922937,52.50643647
7,7040404.0,,7400826.0,2020,8,11,1,3,2,6,0,1,0,0,0,0,0,796524.5132,5820116.103,13.36436019,52.45057814
4,4030623.0,,4300622.0,2020,9,8,3,3,5,2,0,1,0,0,0,0,0,793793.571,5826923.171,13.33028897,52.51307508
9,9051701.0,,9501736.0,2020,9,15,5,3,2,3,0,1,0,0,0,0,0,813340.8406,5821571.779,13.61238752,52.45424458
4,4030725.0,,4300416.0,2020,9,8,3,3,2,6,0,1,0,0,0,0,0,791697.8321,5826093.218,13.29876685,52.50675952
5,5030731.0,,5300737.0,2020,9,12,2,3,0,7,0,0,0,0,0,0,0,787927.7416,5829369.272,13.24620982,52.53813372
3,3061227.0,,3601243.0,2020,9,7,5,3,0,1,1,0,0,0,0,0,1,799633.8357,5831184.669,13.41993539,52.54809584
3,3071638.0,,3701659.0,2020,9,7,3,3,1,5,0,1,0,0,0,0,0,800089.3067,5829191.874,13.42483258,52.52998312
3,3040513.0,,3400620.0,2020,9,14,6,3,5,3,0,0,0,1,0,0,0,796623.9078,5833992.791,13.37818732,52.5749147
8,8010404.0,,8100415.0,2020,8,10,7,2,1,5,0,0,0,0,0,1,0,801595.4178,5823688.817,13.44198301,52.47982735
1,1022207.0,,1200629.0,2020,9,19,2,3,5,2,1,1,0,0,0,0,0,794554.1374,5827501.754,13.3419764,52.51785152
2,2020203.0,,2200209.0,2020,9,21,5,3,5,2,2,1,0,0,0,0,1,797128.4435,5823991.87,13.37667229,52.48499269
2,2040701.0,,2400623.0,2020,9,13,5,3,5,3,0,0,0,0,0,0,0,800738.1401,5826927.775,13.43232172,52.50933189
3,3061227.0,,3601243.0,2020,9,20,3,3,5,3,1,1,0,0,0,0,0,799825.7259,5831539.074,13.42307681,52.55116692
4,4041344.0,,4400835.0,2020,8,14,7,3,1,5,0,1,0,0,0,0,0,792756.3588,5821812.311,13.31055809,52.46781532
3,3061429.0,,3601449.0,2020,9,12,6,2,0,7,0,0,0,0,0,0,0,801812.394,5830749.892,13.45157145,52.54299638
8,8041037.0,,8401243.0,2020,8,10,7,3,1,5,0,1,0,0,0,0,0,805464.123,5817310.032,13.49293983,52.42050685
1,1011101.0,,1100101.0,2020,9,13,1,3,5,2,0,1,0,0,0,0,0,795258.8706,5826611.376,13.35154221,52.50948887
2,2020203.0,,2200209.0,2020,9,10,5,3,1,5,0,1,0,0,0,0,0,797519.9286,5824878.769,13.38321231,52.49272958
6,6040808.0,,6400842.0,2020,9,19,3,3,2,7,0,1,0,0,0,0,0,789609.02,5819803.107,13.26261347,52.45147964
3,3020210.0,,3200207.0,2020,9,12,4,3,5,3,0,1,0,0,0,0,0,798691.1781,5835206.041,13.40969569,52.58465898
1,1033201.0,,1300834.0,2020,9,18,3,3,5,3,0,1,0,0,0,0,0,797708.8146,5830691.106,13.3911877,52.54472711
8,8010117.0,,8100103.0,2020,8,22,7,3,1,5,2,1,0,0,0,0,0,800651.8427,5823038.087,13.42754425,52.47451491
5,5020625.0,,5200629.0,2020,9,9,6,3,5,2,0,1,0,0,0,0,1,783587.8426,5828663.592,13.18179172,52.53408237
2,2020204.0,,2200210.0,2020,9,19,4,3,5,2,1,1,0,0,0,0,1,798533.1731,5824752.46,13.39797907,52.49104417
3,3061131.0,,3601142.0,2020,9,16,3,3,5,3,0,1,0,0,0,0,0,798655.1687,5830296.985,13.40474729,52.54067646
1,1011401.0,,1100415.0,2020,9,12,1,2,5,2,0,0,0,0,0,1,0,797577.5369,5829216.439,13.38793692,52.53158028
9,9051901.0,,9501939.0,2020,9,9,4,3,0,7,0,0,0,0,0,0,0,810919.0712,5821547.142,13.57684005,52.45540663
1,1011103.0,,1100103.0,2020,8,18,2,2,1,5,2,1,0,0,0,0,0,796004.326,5826119.87,13.36205719,52.50467898
2,2020206.0,,2200212.0,2020,8,20,7,3,1,5,2,1,0,0,0,0,0,799733.4852,5824734.363,13.41558881,52.49022423
5,5010314.0,,5100316.0,2020,8,19,7,3,5,3,0,1,0,0,0,0,0,784887.8891,5829215.604,13.20137959,52.53835368
6,6030608.0,,6300632.0,2020,9,10,4,3,1,5,0,1,0,0,0,0,0,792471.0993,5817218.265,13.30234869,52.42678298
7,7040401.0,,7400720.0,2020,9,19,1,2,5,2,0,1,0,0,0,0,0,797301.5927,5822603.114,13.37797648,52.47244968
1,1011105.0,,1100102.0,2020,8,12,2,3,5,2,0,1,0,0,0,0,0,796635.4551,5826670.495,13.37181906,52.50927202
2,2020204.0,,2200210.0,2020,8,19,7,3,4,6,0,0,0,0,0,0,0,798692.6663,5825136.977,13.40066591,52.49440361
9,9051901.0,,9501941.0,2020,9,18,2,3,5,2,0,1,0,0,0,0,0,812045.3155,5821381.18,13.59320595,52.45327763
4,4051655.0,,4501153.0,2020,9,22,5,2,5,3,2,1,0,0,0,0,1,794192.953,5823102.399,13.3327829,52.47860866
1,1011202.0,,1100206.0,2020,8,18,7,3,4,6,0,0,0,0,0,1,0,798276.8712,5827905.954,13.39704054,52.5194513
6,6010103.0,,6100103.0,2020,9,14,7,3,5,2,0,1,0,0,0,0,0,793421.779,5821329.897,13.31990138,52.46313366
1,1011301.0,,1100308.0,2020,9,9,4,3,0,5,0,1,0,0,0,0,0,797003.4262,5828602.256,13.37894959,52.52638793
4,4051445.0,,4500939.0,2020,9,16,6,3,5,2,0,1,0,0,0,0,0,791824.4937,5824300.365,13.29905684,52.49061909
1,1033101.0,,1300730.0,2020,8,17,7,2,1,5,0,1,0,0,0,0,0,796329.4935,5832078.838,13.37214584,52.5579186
8,8010211.0,,8100206.0,2020,8,16,2,3,0,7,0,0,0,0,0,0,0,800361.8526,5824195.737,13.42433037,52.48505094
11,11051331.0,,11501340.0,2020,9,15,5,3,5,3,0,1,0,0,0,0,0,807255.3736,5824237.265,13.52557,52.48158779
6,6030501.0,,6300524.0,2020,8,16,7,2,0,1,0,0,0,0,0,0,0,788635.208,5816426.076,13.24540718,52.42171766
3,3071536.0,,3701554.0,2020,9,15,4,3,0,1,0,0,0,0,0,0,1,799042.0526,5830146.781,13.41029973,52.53911793
2,2050602.0,,2500729.0,2020,8,8,2,3,5,2,0,0,0,0,0,1,0,803233.352,5827613.395,13.46960012,52.51409578
8,8040933.0,,8401139.0,2020,8,16,7,3,5,2,0,1,0,0,0,0,0,803903.8853,5818643.573,13.47127865,52.43332791
1,1022206.0,,1200628.0,2020,8,20,6,3,1,5,1,1,0,0,0,0,0,795958.6108,5828339.572,13.36335992,52.52460141
6,6020306.0,,6200317.0,2020,9,19,5,3,5,2,1,1,0,0,0,0,0,796782.0836,5817859.749,13.36613555,52.43021205
11,11040926.0,,11400928.0,2020,8,21,6,3,0,7,2,0,0,0,0,0,0,804459.0281,5826344.957,13.48644617,52.50204451