district,LOR,street,LOR_2021,year,month,hour,weekday,category,accident_kind,accident_type,light_condition,car,pedestrian,motorcycle,goods_vehicle,others,road_condition,LINREFX,LINREFY,XGCSWGS84,YGCSWGS84
7,7050504.0,,7501032.0,2020,9,15,1,3,1,5,0,1,0,0,0,0,0,799790.5383,5820466.614,13.41259145,52.45193876
11,11041128.0,,11401137.0,2020,8,14,6,3,5,3,0,0,0,0,0,1,0,806428.7773,5825623.828,13.51471098,52.49447903
7,7060604.0,,7601340.0,2020,9,16,1,2,1,5,0,1,0,0,0,0,0,796376.6078,5815708.433,13.3582835,52.41114687
1,1044101.0,,1400938.0,2020,9,13,5,3,5,3,0,1,0,0,0,0,0,794320.7991,5831319.09,13.3419281,52.55219737
11,11020514.0,,11200513.0,2020,8,20,2,3,2,7,2,1,0,0,0,0,1,804475.5859,5830488.004,13.49048155,52.53916759
3,3071639.0,,3701660.0,2020,9,12,6,3,1,5,0,0,0,0,0,1,1,800806.0359,5829557.436,13.4356972,52.5328647
6,6020305.0,,6200315.0,2020,8,8,6,2,5,3,0,1,0,0,0,0,0,795461.0458,5817838.003,13.34674263,52.43073218
12,12103218.0,,12100205.0,2020,8,8,6,3,5,2,0,1,0,0,0,0,0,795582.2286,5834570.624,13.36337583,52.58066113
2,2040701.0,,2400623.0,2020,9,9,5,3,5,3,0,1,0,0,0,0,0,800698.0388,5827817.524,13.4325366,52.51732905
3,3061227.0,,3601244.0,2020,9,14,3,3,1,5,0,1,0,0,0,0,0,800067.9217,5831707.658,13.42679049,52.55254461
11,11010205.0,,11100204.0,2020,9,12,4,3,0,7,0,0,0,0,0,0,0,805927.6504,5833734.574,13.51481644,52.56745082
8,8010303.0,,8100314.0,2020,8,19,2,3,5,2,0,1,0,0,0,0,0,800364.5754,5824341.612,13.4245018,52.48635698
5,5030731.0,,5300737.0,2020,9,7,6,3,5,2,0,0,0,0,0,1,1,787989.1669,5829745.507,13.2474391,52.54147436
4,4030930.0,,4501041.0,2020,9,13,4,3,0,2,0,0,0,0,0,0,1,792956.9019,5825543.17,13.31678075,52.50115389
6,6020304.0,,6200314.0,2020,9,17,5,3,6,7,0,0,1,0,0,0,0,795030.0722,5818104.967,13.34065759,52.43335797
11,11020514.0,,11200513.0,2020,8,17,6,2,6,4,0,0,1,0,0,0,0,804460.6258,5830471.01,13.49024608,52.53902364
2,2010103.0,,2100105.0,2020,9,10,1,2,5,3,0,1,0,0,0,0,0,798830.4411,5825606.763,13.40311069,52.4985392
9,9010401.0,,9100407.0,2020,9,15,4,3,5,3,0,1,0,0,0,0,1,805764.4098,5819108.385,13.49898595,52.43645706
4,4030725.0,,4300416.0,2020,8,18,2,3,2,6,0,1,0,0,0,0,0,791500.3995,5825700.872,13.29552263,52.50334769
1,1044201.0,,1401045.0,2020,8,17,6,3,5,2,0,1,0,0,0,0,0,796461.8194,5831926.967,13.37395639,52.55648523
4,4030930.0,,4501041.0,2020,9,12,3,3,3,6,0,1,0,0,0,0,0,793230.7726,5825404.542,13.32068177,52.49976404
4,4030519.0,,4300518.0,2020,9,7,3,3,5,3,0,1,0,0,0,0,0,792093.2608,5827960.802,13.30621591,52.52329042
2,2050801.0,,2500832.0,2020,9,8,5,3,3,6,0,1,0,0,0,0,1,803648.0065,5827400.643,13.47549768,52.51195826
11,11040926.0,,11400929.0,2020,8,16,6,3,1,5,0,1,0,0,0,0,0,804688.8849,5826325.918,13.48980458,52.50174558
9,9020701.0,,9200715.0,2020,9,18,1,3,2,6,0,1,0,0,0,0,0,807291.3136,5818301.742,13.52063561,52.42837203
7,7020203.0,,7200409.0,2020,9,9,2,3,5,3,0,0,0,0,0,0,0,795625.7665,5824168.751,13.35476452,52.48739398
9,9030901.0,,9300920.0,2020,8,15,6,3,1,5,0,1,0,0,0,0,0,809031.8525,5817149.36,13.54508945,52.41706408
7,7010102.0,,7100103.0,2020,9,18,4,2,2,6,0,1,0,0,0,0,1,795692.4951,5825469.599,13.35689892,52.49901891
8,8020727.0,,8200832.0,2020,9,13,3,3,5,2,0,1,0,0,0,0,0,800985.7685,5817121.239,13.42711486,52.42129598
4,4051448.0,,4501045.0,2020,8,14,6,3,5,2,0,1,0,0,0,0,0,794345.8797,5825262.294,13.33693583,52.49788854
3,3050924.0,,3500935.0,2020,9,14,6,3,4,6,0,1,0,0,0,0,0,801384.8782,5831287.023,13.44577384,52.54804735
1,1011203.0,,1100206.0,2020,9,18,2,3,5,3,0,1,0,0,0,0,0,797752.8708,5827446.692,13.38892963,52.51562095
2,2020204.0,,2200210.0,2020,8,14,6,3,5,2,0,1,0,0,0,0,0,798022.2547,5824881.359,13.39059156,52.49247877
12,12214527.0,,12200515.0,2020,9,15,5,3,5,2,0,1,0,0,0,0,0,789906.9135,5835688.688,13.28083204,52.59373812
12,12214527.0,,12200515.0,2020,8,17,2,2,0,1,0,0,0,0,0,0,1,790638.435,5834420.836,13.29048874,52.5819816
9,9020502.0,,9200512.0,2020,9,20,4,2,5,7,2,1,0,0,0,0,0,809388.9909,5821483.175,13.55433491,52.45570156
6,6020304.0,,6200314.0,2020,8,17,2,3,5,3,0,1,0,0,0,0,0,795206.1296,5818159.403,13.34328784,52.43375098
8,8010214.0,,8100209.0,2020,8,13,6,3,5,3,0,1,0,0,0,0,0,802071.5243,5821975.432,13.44742082,52.46420692
7,7030301.0,,7300517.0,2020,8,13,6,3,1,5,0,1,0,0,0,0,0,794310.7582,5822133.13,13.33365723,52.46985617
3,3040614.0,,3400721.0,2020,9,18,3,3,1,5,0,1,0,0,0,0,0,798347.9124,5832989.803,13.40265006,52.56498205
11,11030721.0,,11300725.0,2020,8,17,2,3,0,4,0,0,1,0,0,0,1,805656.7413,5828184.007,13.50572504,52.51785722
8,8010301.0,,8100312.0,2020,8,11,6,3,1,5,0,1,0,0,0,0,0,801352.6666,5824182.281,13.4388654,52.48438439
1,1011202.0,,1100206.0,2020,8,11,6,3,5,2,0,1,0,0,0,0,0,798049.6331,5827987.913,13.39377486,52.52031021
10,10020412.0,,10200417.0,2020,9,16,1,3,5,3,0,1,0,0,0,0,0,811209.7827,5831793.538,13.59067945,52.54706308
10,10030724.0,,10300731.0,2020,8,17,2,3,5,2,0,1,0,0,0,0,1,809084.08,5829215.133,13.55703334,52.52516636
1,1011401.0,,1100415.0,2020,9,20,7,3,1,5,2,1,0,0,0,0,0,798475.6385,5829094.315,13.40102786,52.52999458
1,1011301.0,,1100308.0,2020,8,7,5,3,0,5,0,0,0,0,0,1,0,797114.1113,5829009.763,13.38094048,52.52998047
1,1011303.0,,1100310.0,2020,9,11,6,3,1,5,0,0,0,0,0,1,1,798802.0908,5828233.955,13.40505285,52.52210384
8,8020619.0,,8200623.0,2020,8,12,5,3,5,2,0,1,0,0,0,0,1,802702.7411,5820777.207,13.45559736,52.45311786
1,1011103.0,,1100103.0,2020,8,18,5,3,5,2,0,1,0,0,0,0,0,795247.5102,5826041.816,13.35087016,52.50438934
4,4020208.0,,4200206.0,2020,9,12,1,2,5,3,0,1,0,0,0,0,0,786933.1021,5825764.397,13.22847484,52.50633832
2,2020204.0,,2200210.0,2020,9,8,5,3,5,3,0,1,0,0,0,0,0,798947.2057,5825237.276,13.40449403,52.4951633
10,10010311.0,,10100316.0,2020,9,18,5,3,5,2,0,1,0,0,0,0,0,810190.6069,5831660.753,13.5755737,52.54645435
11,11020412.0,,11200411.0,2020,9,12,7,3,0,2,0,1,0,0,0,0,1,804853.2076,5831718.252,13.49716123,52.54998249
8,8010508.0,,8100520.0,2020,9,8,4,3,0,2,0,1,0,0,0,0,0,803208.3949,5822725.478,13.4647855,52.47029988
3,3071536.0,,3701554.0,2020,8,16,2,3,1,5,0,1,0,0,0,0,0,798985.8269,5830044.877,13.40938149,52.53823537
6,6030608.0,,6300632.0,2020,8,19,5,3,5,3,0,1,0,0,0,0,0,790976.4666,5817443.504,13.2806249,52.42959923
1,1022106.0,,1200522.0,2020,9,18,3,3,3,7,0,0,0,0,0,0,0,794027.8998,5828242.357,13.33489804,52.52477457
6,6040804.0,,6400838.0,2020,9,11,2,2,3,6,0,0,0,0,0,0,0,787922.5256,5818466.518,13.23671279,52.44038713
7,7010101.0,,7100101.0,2020,8,19,5,2,5,2,0,1,0,0,0,0,0,794482.8013,5824874.446,13.33860409,52.49433784
7,7040405.0,,7400927.0,2020,8,15,2,3,5,2,0,0,0,0,0,1,0,798925.572,5821223.18,13.40057821,52.45919409
2,2050801.0,,2500831.0,2020,8,15,5,3,0,1,0,0,0,0,0,0,0,802954.3606,5827086.481,13.46502177,52.50952814
1,1011203.0,,1100206.0,2020,8,11,5,3,0,2,0,0,0,0,0,0,0,797699.8516,5827039.386,13.38778622,52.51199887
1,2010101.0,,2100101.0,2020,9,20,3,3,5,3,1,1,0,0,0,0,0,797045.0527,5826532.024,13.37771301,52.5078079
4,4030725.0,,4300416.0,2020,9,6,6,3,5,3,1,0,0,1,0,0,1,791876.3218,5826453.086,13.30170476,52.50989021
11,11010205.0,,11100204.0,2020,8,16,5,3,0,2,0,1,0,0,0,0,0,806852.6363,5832683.239,13.52744872,52.55750818
3,3061332.0,,3601346.0,2020,9,0,2,2,1,5,2,1,0,0,0,0,0,799544.6381,5831029.439,13.41848387,52.54675351
8,8020622.0,,8200726.0,2020,9,15,5,3,5,2,0,1,0,0,0,0,0,801586.6002,5820162.861,13.43866738,52.44822823
1,1011303.0,,1100310.0,2020,8,14,2,3,5,2,0,0,0,0,1,0,0,799496.7332,5828788.317,13.41575977,52.52669175
1,1011306.0,,1100313.0,2020,9,19,3,3,5,2,1,0,0,0,0,0,0,799523.8781,5826694.191,13.4142734,52.50790621
10,10020413.0,,10200418.0,2020,8,16,5,2,6,6,0,0,1,0,0,0,0,811522.2375,5831530.454,13.59502566,52.54452696
4,4030623.0,,4300622.0,2020,8,16,5,3,5,7,0,0,0,1,0,0,0,792906.7064,5826965.523,13.31729494,52.51393174
1,1011204.0,,1100207.0,2020,9,16,6,3,5,2,0,1,0,0,0,0,0,798893.2785,5827354.624,13.40560284,52.51417192
7,7040401.0,,7400720.0,2020,8,16,5,3,5,2,0,0,0,1,0,0,0,797765.031,5823656.347,13.38571966,52.48163831
12,12231101.0,,12400722.0,2020,9,7,5,3,5,3,0,1,0,0,0,0,0,791560.9806,5838308.071,13.30748899,52.6163357
1,1033201.0,,1300834.0,2020,8,16,5,3,0,2,0,1,0,0,0,0,0,798447.5524,5830182.053,13.40159182,52.53976
9,9010301.0,,9100304.0,2020,9,10,6,3,5,2,0,1,0,0,0,0,0,804670.0527,5822166.408,13.48572668,52.46447593
2,2020203.0,,2200209.0,2020,8,7,5,3,5,2,0,1,0,0,0,0,0,797478.5292,5824554.602,13.38231493,52.48984635
1,1022205.0,,1200627.0,2020,9,12,2,3,5,2,0,1,0,0,0,0,0,795483.4301,5828417.929,13.35644591,52.52556154
2,2020202.0,,2200208.0,2020,8,12,2,3,5,7,0,1,0,0,0,0,0,797457.4088,5825350.348,13.38271524,52.49699083
7,7040406.0,,7400928.0,2020,8,0,5,3,2,2,2,1,0,0,0,0,1,800302.0124,5821985.974,13.42146215,52.46527678
12,12301204.0,,12500927.0,2020,9,1,7,3,3,6,2,1,0,0,0,0,0,792716.6413,5836930.827,13.32329144,52.60336825
11,11020411.0,,11200410.0,2020,9,15,4,3,4,6,0,0,0,0,0,0,0,806134.3778,5832015.607,13.51627137,52.55192897
3,3040512.0,,3400619.0,2020,8,14,5,3,1,5,0,1,0,0,0,0,0,795576.5705,5835066.248,13.3637346,52.58510698
4,4030931.0,,4501042.0,2020,9,16,2,3,5,3,0,1,0,0,0,0,0,793919.6434,5825518.39,13.33090111,52.50041404
1,1022207.0,,1200629.0,2020,9,20,5,3,5,2,2,1,0,0,0,0,0,794393.3803,5827610.607,13.33971042,52.51891412
3,3020209.0,,3200205.0,2020,9,13,5,3,5,2,0,1,0,0,0,0,0,797874.6333,5836022.591,13.39841355,52.59242586
5,5030832.0,,5300839.0,2020,8,14,5,3,5,3,0,1,0,0,0,0,0,789000.648,5829788.258,13.26234944,52.54132209
10,10040829.0,,10400836.0,2020,9,9,4,2,5,2,0,1,0,0,0,0,0,811232.08,5827786.675,13.58725653,52.51114364
8,8020726.0,,8200831.0,2020,8,10,2,3,5,3,0,1,0,0,0,0,0,799592.9374,5816418.432,13.40606481,52.41576049
1,1011401.0,,1100415.0,2020,9,22,7,3,5,2,2,0,0,1,0,0,0,798234.4931,5829042.013,13.39743663,52.52965774
8,8041037.0,,8401243.0,2020,8,10,2,3,5,5,0,1,0,0,0,0,0,806586.5664,5817657.397,13.50971225,52.42299248
5,5010101.0,,5100101.0,2020,8,13,5,3,0,1,0,0,0,0,0,0,0,784056.4221,5832420.351,13.19189537,52.56752168
12,12231101.0,,12400723.0,2020,9,12,6,3,0,3,0,0,0,1,0,0,1,791421.331,5838754.708,13.30582574,52.62041454
7,7030301.0,,7300517.0,2020,9,9,5,3,5,3,0,1,0,0,0,0,0,794210.3321,5822753.262,13.33273003,52.47546945
1,1011306.0,,1100313.0,2020,8,10,2,3,1,5,0,1,0,0,0,0,0,800172.0717,5826858.347,13.42394336,52.50902135
4,4030725.0,,4300416.0,2020,9,12,7,3,2,6,0,1,0,0,0,0,1,791796.9908,5825874.61,13.30003207,52.5047467
9,9030901.0,,9300920.0,2020,9,8,4,3,0,1,0,0,0,0,0,0,1,808742.4717,5817407.91,13.54108642,52.41954453
4,4020310.0,,4200308.0,2020,8,8,5,3,5,2,0,1,0,0,0,0,0,789791.1122,5827395.278,13.27188644,52.51944888
8,8020727.0,,8200832.0,2020,8,7,5,3,5,2,0,0,0,0,1,0,0,800306.7508,5816730.757,13.41680919,52.41816889
12,12231101.0,,12400722.0,2020,9,13,2,3,5,3,0,1,0,0,0,0,0,791307.3389,5838640.03,13.30404562,52.61944762
4,4041342.0,,4400833.0,2020,9,17,5,3,6,4,0,0,1,0,0,0,0,792197.3821,5822341.427,13.30281636,52.47285804
1,1011302.0,,1100309.0,2020,8,5,5,3,5,2,2,1,0,0,0,0,0,798930.2817,5828390.939,13.40707771,52.52344071
1,1011202.0,,1100206.0,2020,9,11,1,2,5,2,0,1,0,0,0,0,0,797864.2622,5827633.13,13.39073323,52.51723131
1,1011202.0,,1100206.0,2020,9,12,3,3,5,3,0,1,0,0,0,0,0,797379.483,5827721.383,13.38368886,52.51828695
4,4031032.0,,4500937.0,2020,8,18,4,3,3,6,0,1,0,0,0,0,0,791287.866,5825003.313,13.29179017,52.49720761
8,8041037.0,,8401243.0,2020,9,18,3,3,3,6,0,0,0,0,0,1,0,805607.2917,5818661.021,13.49627294,52.43253533
1,1011401.0,,1100415.0,2020,8,9,4,3,5,2,0,1,0,0,0,0,0,798120.3268,5829344.407,13.39602983,52.53243075
2,2050602.0,,2500727.0,2020,8,11,4,3,5,2,0,1,0,0,0,0,0,802599.3722,5827777.659,13.46043556,52.51592014
3,3020307.0,,3200310.0,2020,9,13,2,3,5,2,0,1,0,0,0,0,0,799547.4122,5837797.44,13.42463969,52.60741556
6,6020303.0,,6200313.0,2020,9,8,5,3,5,2,0,0,0,0,0,1,1,795509.1247,5818340.199,13.34789161,52.4352081
1,1033102.0,,1300733.0,2020,8,16,4,3,5,2,0,1,0,0,0,0,1,797013.6704,5831489.619,13.38168117,52.55226423
3,3050925.0,,3500936.0,2020,9,18,1,3,1,5,0,1,0,0,0,0,0,802764.9265,5831624.364,13.46637163,52.55030566
8,8030830.0,,8300935.0,2020,8,21,4,3,2,6,2,1,0,0,0,0,1,802669.1261,5818084.621,13.45266564,52.42900253
9,9010201.0,,9100202.0,2020,9,11,4,3,5,2,0,1,0,0,0,0,1,802662.1358,5824422.247,13.45830821,52.48581095
2,2030301.0,,2300314.0,2020,9,14,5,2,1,5,0,0,0,0,0,1,0,799856.0833,5825998.924,13.41852735,52.50149175
6,6020303.0,,6200313.0,2020,9,17,1,3,5,2,0,1,0,0,0,0,0,795349.7342,5818442.672,13.34564432,52.4362128
1,3071536.0,,3701554.0,2020,9,14,7,3,3,6,0,1,0,0,0,0,0,798939.3892,5829623.342,13.40831965,52.53448241
3,3030406.0,,3300413.0,2020,9,15,4,3,3,6,0,1,0,0,0,0,0,802911.1195,5837599.097,13.47397993,52.60377406
7,7020202.0,,7200308.0,2020,9,14,6,3,5,2,0,1,0,0,0,0,0,794980.925,5823818.858,13.34498562,52.48460621
9,9051901.0,,9501939.0,2020,9,16,4,3,4,6,0,0,0,0,0,0,0,809678.2605,5821383.648,13.55848615,52.45464581
1,1011305.0,,1100312.0,2020,9,8,2,2,5,2,0,0,0,0,1,0,0,799648.8558,5827040.005,13.41642065,52.51093728
11,11010206.0,,11100205.0,2020,9,16,4,3,5,3,0,0,0,1,0,0,0,805881.6143,5834145.813,13.51451857,52.57116228
4,4031032.0,,4500937.0,2020,9,18,3,3,2,6,0,1,0,0,0,0,0,790975.0926,5824822.844,13.28703819,52.49575655
8,8020727.0,,8200832.0,2020,9,12,3,3,1,5,0,1,0,0,0,0,0,801507.8609,5817671.192,13.43526487,52.42593802
12,12214424.0,,12200309.0,2020,9,9,6,3,5,2,0,1,0,0,0,0,0,793492.3133,5832428.305,13.33072481,52.56258789
3,3071537.0,,3701556.0,2020,9,7,6,3,6,7,0,0,1,0,0,0,0,799570.1358,5829303.191,13.41730243,52.53126645
9,9020802.0,,9200819.0,2020,9,14,4,3,3,6,0,0,0,0,0,0,0,810605.6218,5820304.053,13.57108603,52.44444472
2,2040701.0,,2400623.0,2020,9,18,2,3,1,5,0,1,0,0,0,0,0,800383.0133,5827143.923,13.42729987,52.51146496
11,11041128.0,,11401136.0,2020,9,12,5,3,1,5,0,1,0,0,0,0,0,806038.9869,5826401.274,13.50970173,52.50166546
7,7030303.0,,7300619.0,2020,9,21,4,2,5,3,2,1,0,0,0,0,0,796050.3748,5822865.708,13.35984255,52.47548319
4,4030931.0,,4501042.0,2020,9,13,4,3,0,2,0,1,0,0,0,0,0,793988.5591,5826151.233,13.33247219,52.50605002
11,11020514.0,,11200513.0,2020,9,13,2,3,0,2,0,1,0,0,0,0,0,804370.7764,5830843.358,13.48926649,52.54241101
6,6040701.0,,6400735.0,2020,9,14,7,2,5,3,0,1,0,0,0,0,0,783928.7795,5815910.226,13.17594591,52.41955465
1,1011204.0,,1100207.0,2020,9,15,2,3,0,3,0,0,0,1,0,0,0,798916.6567,5827328.54,13.40592289,52.5139253
3,3071639.0,,3701660.0,2020,9,11,4,3,0,7,0,0,0,0,0,0,0,800128.2524,5828992.342,13.42522485,52.52817321
3,3071536.0,,3701554.0,2020,9,7,6,3,5,2,0,1,0,0,0,0,0,799148.5499,5829204.984,13.41101761,52.5306177
6,6030503.0,,6300526.0,2020,9,18,7,2,5,3,0,1,0,0,0,0,0,789262.3862,5818040.434,13.25600084,52.43586001
1,1011105.0,,1100102.0,2020,9,11,4,3,2,2,0,0,0,0,0,1,0,795699.0743,5826298.223,13.35773141,52.50644328
5,5030730.0,,5300735.0,2020,9,13,7,3,5,3,0,1,0,0,0,0,0,787007.8691,5830796.817,13.23391788,52.55141774
3,3020209.0,,3200205.0,2020,9,5,6,3,5,3,2,1,0,0,0,0,0,798140.3049,5835471.459,13.40182787,52.58734022
8,8041038.0,,8401244.0,2020,9,7,2,3,5,3,0,0,0,0,0,1,0,805759.7655,5816788.609,13.49679738,52.41566845
7,7030303.0,,7300619.0,2020,9,9,2,3,0,1,0,0,0,0,0,0,0,795369.1943,5820978.263,13.34817167,52.4589323
2,2020206.0,,2200213.0,2020,9,11,5,2,1,5,0,1,0,0,0,0,0,799464.5833,5824930.863,13.41181679,52.49213314
2,2030401.0,,2300418.0,2020,9,13,1,3,5,3,0,1,0,0,0,0,0,801613.1096,5825284.262,13.4436865,52.49411783
11,11030617.0,,11300616.0,2020,9,17,3,2,0,1,0,0,0,0,0,0,0,803129.2822,5829953.661,13.47020435,52.53512894
9,9020802.0,,9200819.0,2020,9,16,6,3,5,2,0,1,0,0,0,0,0,810528.7228,5820028.523,13.5697022,52.44201918
1,1044203.0,,1401049.0,2020,9,14,6,3,0,2,0,1,0,0,0,0,0,795899.65,5831965.086,13.3657224,52.55713266
8,8010302.0,,8100313.0,2020,9,15,1,3,1,5,0,1,0,0,0,0,0,801798.9377,5824371.184,13.44558844,52.48583108
5,5010101.0,,5100101.0,2020,9,17,6,3,0,1,1,0,0,0,0,0,0,785143.7829,5833946.451,13.20920728,52.58063592
1,1011101.0,,1100101.0,2020,9,11,1,3,0,1,0,0,0,0,0,0,0,795299.6652,5826465.751,13.35201237,52.50816137
1,1033202.0,,1300835.0,2020,9,18,3,3,5,3,0,1,0,0,0,0,0,796983.6063,5830179.319,13.38006741,52.54053532
9,9020501.0,,9200510.0,2020,9,16,2,3,1,5,0,1,0,0,0,0,0,806203.1133,5822531.828,13.50855787,52.46689405
8,8020620.0,,8200624.0,2020,9,16,5,2,0,7,0,0,0,0,0,0,1,800585.5167,5821182.39,13.42489914,52.45791803
2,2010101.0,,2100101.0,2020,9,8,4,3,0,1,0,0,0,0,0,0,0,797670.476,5825860.996,13.38630096,52.50145203
11,11051331.0,,11501340.0,2020,9,6,4,3,5,2,0,1,0,0,0,0,0,807248.8056,5824233.235,13.52546987,52.48155537
1,1011302.0,,1100309.0,2020,9,20,7,3,2,2,1,1,0,0,0,0,0,797997.355,5828902.547,13.39382623,52.52853729
10,10010309.0,,10100312.0,2020,9,15,2,3,0,2,0,0,0,0,0,1,0,807934.6064,5829198.18,13.54012811,52.52566483
1,1011301.0,,1100308.0,2020,9,12,6,3,5,7,0,1,0,0,0,0,0,797099.2189,5828837.981,13.38056808,52.52844875
3,3050923.0,,3500934.0,2020,9,14,2,3,5,3,0,1,0,0,0,0,0,800901.401,5832107.389,13.43940874,52.55566765
3,3020307.0,,3200310.0,2020,9,14,5,3,5,2,0,1,0,0,0,0,0,799851.3909,5837898.307,13.4292066,52.60815207
7,7030301.0,,7300516.0,2020,9,18,5,3,1,5,0,1,0,0,0,0,0,794160.6886,5821892.047,13.33124179,52.4677758
2,2020203.0,,2200209.0,2020,9,19,1,3,5,3,0,0,0,0,0,1,0,797495.0454,5824704.249,13.38269106,52.49117876
4,4030930.0,,4501041.0,2020,9,18,7,3,5,2,0,1,0,0,0,0,0,793283.7827,5825642.066,13.32166963,52.50186486
4,4030931.0,,4501042.0,2020,9,10,5,3,1,5,0,1,0,0,0,0,0,794360.1056,5826062.626,13.33785224,52.50505537
2,2030302.0,,2300316.0,2020,9,21,2,3,1,5,2,1,0,0,0,0,0,800534.0884,5826653.374,13.42907641,52.50698481
2,2040502.0,,2400521.0,2020,9,11,6,3,5,2,0,1,0,0,0,0,0,800482.2319,5828442.679,13.42993047,52.52305143
5,5040936.0,,5400943.0,2020,9,8,2,3,5,3,0,1,0,0,0,0,0,780413.3213,5820867.227,13.12854814,52.46581653
11,11030720.0,,11300721.0,2020,9,12,3,3,5,2,0,1,0,0,0,0,0,805674.8649,5830065.756,13.50772105,52.53471192
1,1011302.0,,1100309.0,2020,9,15,1,2,0,6,0,1,0,0,0,0,0,798511.7916,5828735.195,13.4012368,52.52675576
12,12231102.0,,12400720.0,2020,9,12,3,3,1,5,0,0,0,0,0,1,0,789706.9759,5840692.215,13.28227126,52.63870088
1,1011201.0,,1100205.0,2020,9,12,3,3,2,6,0,0,0,0,0,0,0,797206.6383,5827476.675,13.38093044,52.51618765
3,3030716.0,,3300517.0,2020,9,9,2,3,5,3,0,1,0,0,0,0,0,802495.2689,5833853.234,13.4644384,52.57043241
2,2010103.0,,2100104.0,2020,9,19,3,3,1,5,0,1,0,0,0,0,0,799275.0391,5826110.794,13.41009349,52.50281347
3,3071537.0,,3701555.0,2020,9,17,2,2,5,2,0,1,0,0,0,0,0,799714.8286,5830083.633,13.42013288,52.53818231
4,4030518.0,,4300517.0,2020,9,23,6,3,5,3,2,1,0,0,0,0,0,791822.2237,5828728.439,13.30290608,52.53031726
3,3040513.0,,3400620.0,2020,9,11,3,3,3,2,0,1,0,0,0,0,0,797006.0565,5833768.398,13.38360893,52.57269488
5,5020417.0,,5200420.0,2020,9,14,2,3,5,3,0,1,0,0,0,0,0,782300.9137,5828520.038,13.16274727,52.53346334
2,2010101.0,,2100101.0,2020,9,20,2,2,1,5,2,1,0,0,0,0,0,797775.2557,5826013.961,13.38797681,52.50276601
1,1011302.0,,1100309.0,2020,9,9,6,3,0,1,0,0,0,0,0,0,0,799035.5535,5828948.727,13.40912632,52.52838274
7,7020203.0,,7200409.0,2020,9,10,3,3,2,7,0,1,0,0,0,0,0,795536.2083,5824321.393,13.35358477,52.48881079
5,5020625.0,,5200629.0,2020,9,9,1,3,5,3,0,0,0,0,0,0,0,784405.3489,5828666.688,13.19381429,52.53368414
2,2040701.0,,2400521.0,2020,9,9,5,3,5,2,0,1,0,0,0,0,0,800426.4326,5827978.038,13.42869085,52.51891748
5,5040934.0,,5400942.0,2020,9,18,6,3,0,2,0,1,0,0,0,0,0,783972.6157,5823295.044,13.18286856,52.48574664
11,11030721.0,,11300724.0,2020,9,8,5,3,5,3,0,1,0,0,0,0,0,804656.1673,5827828.604,13.49069934,52.51523176
2,2040701.0,,2400521.0,2020,9,17,5,3,5,2,0,1,0,0,0,0,0,800426.785,5827979.952,13.42869775,52.51893444
3,3071536.0,,3701554.0,2020,9,9,3,3,5,2,0,1,0,0,0,0,0,799150.6733,5829207.831,13.41105138,52.53064206
9,9020701.0,,9200715.0,2020,9,15,7,2,4,6,0,0,0,0,0,0,0,809422.2344,5818407.304,13.55197472,52.42811715
9,9041501.0,,9401534.0,2020,9,15,5,3,5,3,0,1,0,0,0,0,0,810884.7756,5820660.768,13.57551195,52.44748283
1,1022206.0,,1200628.0,2020,9,9,5,3,6,4,0,0,1,0,0,0,0,796458.2156,5828234.71,13.37060892,52.52339
1,1011203.0,,1100206.0,2020,9,9,3,3,2,6,0,1,0,0,0,0,0,797610.207,5827024.814,13.38645613,52.51191717
1,1011304.0,,1100311.0,2020,9,15,7,3,2,1,0,0,0,0,0,0,0,799920.1231,5827786.647,13.42107879,52.51748065
4,4030931.0,,4501042.0,2020,9,8,5,3,5,7,0,1,0,0,0,0,0,794536.5419,5825955.801,13.3403497,52.50400254
1,1011305.0,,1100312.0,2020,9,10,6,2,3,6,0,1,0,0,0,0,0,799495.1755,5827072.79,13.41419241,52.51131554
5,5010209.0,,5100211.0,2020,9,17,5,3,2,6,0,1,0,0,0,0,0,783189.5158,5829264.876,13.17644739,52.53968075
4,4030519.0,,4300518.0,2020,9,14,7,3,5,2,0,1,0,0,0,0,0,792061.5836,5828220.647,13.30597854,52.52563684
1,1044101.0,,1400938.0,2020,9,8,3,3,6,6,0,0,1,0,0,0,0,794414.0658,5831432.771,13.34340052,52.55316603
8,8010117.0,,8100102.0,2020,9,10,6,3,3,6,0,1,0,0,0,0,0,800556.1204,5823312.061,13.42638607,52.47702332
9,9020701.0,,9200715.0,2020,9,8,2,3,5,2,0,1,0,0,0,0,0,809065.709,5818189.187,13.54654619,52.4263639
9,9051702.0,,9501737.0,2020,9,18,3,3,5,2,0,1,0,0,0,0,0,814202.9957,5820801.79,13.62430937,52.44684986
9,9020802.0,,9200819.0,2020,9,16,6,3,5,2,0,1,0,0,0,0,0,810528.8394,5820028.233,13.56970364,52.44201651
11,11030721.0,,11300722.0,2020,9,3,6,3,0,1,2,0,0,0,0,0,0,803859.69,5828653.103,13.47975122,52.52306578
4,4030620.0,,4300619.0,2020,9,20,3,3,6,4,1,0,1,0,0,0,0,792204.8161,5827279.404,13.30725689,52.51712209
1,1022106.0,,1200522.0,2020,9,10,2,3,5,3,0,1,0,0,0,0,0,793716.7358,5827978.824,13.330092,52.52257986
10,10010308.0,,10100311.0,2020,9,16,5,2,5,2,0,1,0,0,0,0,0,806638.4438,5830254.048,13.52205644,52.53585818
6,6010206.0,,6100206.0,2020,9,18,3,3,5,3,0,0,0,0,0,0,0,794543.5176,5820078.438,13.33526087,52.45131144
1,1011202.0,,1100206.0,2020,9,21,6,3,0,2,2,0,0,1,0,0,0,797159.4558,5827691.73,13.38042925,52.51814108
1,1011306.0,,1100313.0,2020,9,16,2,3,5,3,0,1,0,0,0,0,0,800136.5654,5826608.462,13.42319646,52.50680107
1,1011306.0,,1100313.0,2020,9,17,3,3,3,6,0,0,0,0,0,0,0,800457.0658,5826700.18,13.42798723,52.50744677
9,9031101.0,,9301126.0,2020,9,23,7,2,5,2,2,1,0,0,0,0,0,811026.7651,5818095.103,13.57520752,52.42440961
9,9041501.0,,9401534.0,2020,9,13,6,3,2,7,0,0,0,0,0,1,0,810869.036,5820577.155,13.5752033,52.44674247
1,1011203.0,,1100206.0,2020,9,15,2,3,2,2,0,1,0,0,0,0,0,797623.8441,5827017.473,13.38664992,52.51184393
5,5020629.0,,5200634.0,2020,9,15,5,3,0,2,0,1,0,0,0,0,0,785026.9061,5826295.745,13.20092095,52.51210163
11,11010204.0,,11100203.0,2020,9,16,5,3,5,2,0,1,0,0,0,0,0,807659.0128,5833601.567,13.54015721,52.56528317