district,LOR,street,LOR_2021,year,month,hour,weekday,category,accident_kind,accident_type,light_condition,car,pedestrian,motorcycle,goods_vehicle,others,road_condition,LINREFX,LINREFY,XGCSWGS84,YGCSWGS84
1,1033203.0,,1300836.0,2020,9,11,6,3,5,7,0,1,0,0,0,0,0,796477.8264,5829934.637,13.37241321,52.53861743
4,4041137.0,,4400727.0,2020,9,7,2,3,1,7,0,1,0,0,0,0,0,791054.7357,5823104.674,13.28670746,52.48031065
4,4020313.0,,4200311.0,2020,9,10,5,3,5,2,0,1,0,0,0,0,0,790547.4984,5826245.578,13.28199884,52.50873928
1,1022104.0,,1200519.0,2020,9,18,4,3,2,7,0,1,0,0,0,0,0,794051.3818,5828506.478,13.33547673,52.52712959
4,4030931.0,,4501042.0,2020,9,15,1,3,5,2,0,1,0,0,0,0,0,793513.671,5825454.99,13.32488177,52.50006419
9,9010402.0,,9100408.0,2020,9,10,7,3,5,2,0,1,0,0,0,0,0,806547.5413,5820533.222,13.51177717,52.44878869
1,1011203.0,,1100206.0,2020,9,14,6,3,5,3,0,1,0,0,0,0,0,797955.7641,5827073.144,13.39157629,52.51216174
9,9020701.0,,9200715.0,2020,9,16,3,3,5,2,0,1,0,0,0,0,0,808646.0962,5819162.261,13.5412926,52.43532149
6,6010102.0,,6100102.0,2020,9,11,5,3,5,2,0,1,0,0,0,0,0,793719.7304,5821044.283,13.32402307,52.46041316
6,6040804.0,,6400838.0,2020,9,13,1,3,6,4,0,0,1,0,0,0,0,787881.6834,5818431.788,13.23608367,52.44009725
9,9031101.0,,9301126.0,2020,9,10,6,3,5,3,0,1,0,0,0,0,0,809926.8464,5817936.476,13.55893645,52.42361208
4,4051655.0,,4501153.0,2020,9,17,2,3,5,3,0,1,0,0,0,0,0,794175.0647,5823695.419,13.33304352,52.48393442
1,1011201.0,,1100205.0,2020,9,18,2,3,4,6,0,0,0,0,0,1,0,797036.2603,5826584.322,13.37763051,52.50828148
2,2030302.0,,2300316.0,2020,9,16,2,3,1,5,0,1,0,0,0,0,0,801208.396,5826230.583,13.43859906,52.50282339
4,4020312.0,,4200308.0,2020,9,11,1,2,0,7,0,0,0,0,0,0,0,789504.3701,5826850.618,13.26719829,52.51471819
2,2040502.0,,2400521.0,2020,9,17,2,3,5,2,0,1,0,0,0,0,0,800452.7714,5828446.372,13.42950089,52.52310078
5,5020627.0,,5200632.0,2020,9,15,5,3,0,1,0,0,0,0,0,0,0,786010.7426,5828010.45,13.21685317,52.52696036
11,11020513.0,,11200512.0,2020,9,17,2,3,5,3,0,1,0,0,0,0,0,802855.2519,5831366.383,13.46746443,52.54794322
4,4051655.0,,4501153.0,2020,9,17,2,3,5,2,0,1,0,0,0,0,0,794195.1827,5823597.966,13.33325292,52.48304997
2,2020206.0,,2200212.0,2020,9,12,6,3,5,2,0,1,0,0,0,0,0,799053.9226,5824540.248,13.40543568,52.48885695
12,12304314.0,,12500824.0,2020,9,14,2,3,0,1,0,1,0,0,0,0,0,791225.9719,5836406.959,13.30088172,52.59947248
3,3061441.0,,3601453.0,2020,9,15,5,2,6,4,0,0,1,0,0,0,0,802797.2302,5828556.418,13.46405129,52.52279025
1,1011201.0,,1100205.0,2020,9,18,4,3,5,2,0,0,0,0,0,1,0,797471.2828,5826798.656,13.38421291,52.50996571
2,2030301.0,,2300314.0,2020,9,13,1,3,3,6,0,0,0,0,0,0,0,800066.2288,5825737.671,13.42137854,52.49903451
3,3061332.0,,3601348.0,2020,9,0,5,3,1,5,2,1,0,0,0,0,1,800071.9377,5830662.968,13.42590562,52.54317855
7,7020204.0,,7200412.0,2020,9,14,6,3,6,7,0,0,1,0,0,0,0,796282.2389,5823066.118,13.36342444,52.47715397
3,3061131.0,,3601142.0,2020,9,12,5,3,1,5,0,1,0,0,0,0,0,798271.6772,5830918.717,13.39966771,52.54645947
11,11010103.0,,11100102.0,2020,9,14,1,3,8,1,0,0,0,0,0,0,0,808822.0443,5834759.49,13.55833937,52.57500162
2,2050802.0,,2500833.0,2020,9,19,4,3,0,1,1,1,0,0,0,0,0,802082.435,5827156.891,13.45227722,52.51064275
1,1011402.0,,1100416.0,2020,9,18,4,3,0,5,0,1,0,0,0,0,0,798687.7835,5829709.019,13.40469826,52.53538832
12,12301203.0,,12500930.0,2020,9,17,1,3,5,2,0,1,0,0,0,0,0,792852.7766,5835169.965,13.32373872,52.58750981
6,6020409.0,,6200421.0,2020,9,17,7,3,3,6,0,1,0,0,0,0,0,793967.4001,5818667.819,13.32556636,52.43897587
1,1011303.0,,1100310.0,2020,9,23,7,3,8,1,2,0,0,0,0,0,0,799669.4659,5828684.918,13.41820512,52.52567002
12,12302108.0,,12601134.0,2020,9,19,7,3,0,1,2,1,0,0,0,0,0,794498.6087,5837093.98,13.34967321,52.60386845
4,4030725.0,,4300416.0,2020,9,18,7,3,5,3,0,0,0,0,0,0,0,791801.6283,5826227.191,13.30040925,52.50790505
2,2030301.0,,2300314.0,2020,9,17,7,3,2,6,0,1,0,0,0,0,0,799837.6443,5826006.077,13.41826295,52.50156599
2,2020206.0,,2200212.0,2020,9,15,7,3,5,2,0,1,0,0,0,0,0,799202.4999,5824556.83,13.40763226,52.48892418
12,12214424.0,,12200309.0,2020,9,14,7,3,1,5,0,1,0,0,0,0,0,793055.0831,5832668.487,13.32450525,52.5649765
1,1011301.0,,1100308.0,2020,9,13,7,3,6,4,0,0,1,0,0,0,0,797258.5542,5829077.757,13.38312431,52.5305112
12,12214527.0,,12200515.0,2020,9,13,1,3,2,7,0,0,0,0,0,0,0,790079.8668,5835439.32,13.28315975,52.59141033
3,3020209.0,,3200206.0,2020,9,7,2,3,0,6,0,0,0,0,0,1,0,798399.5079,5834843.9,13.40507743,52.58157298
1,1011305.0,,1100312.0,2020,9,8,4,2,6,4,0,0,1,0,0,0,0,799692.9794,5827222.891,13.41723356,52.51255233
3,3071537.0,,3701555.0,2020,9,11,7,2,5,2,0,1,0,0,0,0,0,799438.7802,5829881.592,13.41589287,52.53652308
1,1011203.0,,1100206.0,2020,9,13,2,3,2,6,0,1,0,0,0,0,0,797907.6448,5827352.871,13.39111974,52.51469544
2,2030401.0,,2300417.0,2020,9,10,7,3,5,3,0,1,0,0,0,0,0,800514.3283,5825454.974,13.42770468,52.49625403
2,2020206.0,,2200212.0,2020,9,8,4,3,5,3,0,1,0,0,0,0,0,800002.3084,5824456.916,13.41928649,52.48758968
6,6020303.0,,6200313.0,2020,9,7,4,2,5,2,0,1,0,0,0,0,0,795261.7739,5818610.587,13.34450247,52.43776555
6,6020302.0,,6200312.0,2020,9,8,6,3,1,5,0,1,0,0,0,0,0,794498.1546,5818724.443,13.33340178,52.43919794
4,4030417.0,,4300414.0,2020,9,18,2,3,5,2,0,1,0,0,0,0,0,791560.601,5826638.467,13.29722826,52.51172096
6,6010206.0,,6100206.0,2020,9,16,6,3,5,3,0,1,0,0,0,0,0,794708.6997,5819447.966,13.33712832,52.44557056
3,3061227.0,,3601243.0,2020,9,20,6,2,0,1,2,0,0,0,0,0,0,799899.839,5831649.926,13.42426672,52.55211971
1,1011306.0,,1100313.0,2020,9,18,6,3,6,4,1,0,1,0,0,0,0,799829.0156,5826710.083,13.4187702,52.50788105
7,7010104.0,,7100206.0,2020,9,6,4,3,5,3,0,1,0,0,0,0,0,796687.4261,5824813.833,13.37092847,52.49260063
3,3050923.0,,3500934.0,2020,9,10,6,2,5,2,0,1,0,0,0,0,0,800865.9041,5832081.588,13.43886336,52.555456
6,6040701.0,,6400735.0,2020,9,12,2,2,0,1,0,0,0,0,0,0,0,784469.5691,5816444.886,13.18433132,52.42406775
9,9031001.0,,9301025.0,2020,9,8,6,3,5,3,0,1,0,0,0,0,0,811100.2448,5815584.178,13.57395122,52.4018658
12,12214125.0,,12200412.0,2020,9,14,4,3,5,3,0,0,0,0,0,0,0,791367.9729,5833104.119,13.30006829,52.56978739
2,2030302.0,,2300315.0,2020,9,8,6,3,5,3,0,1,0,0,0,0,0,800406.5505,5825796.367,13.42642976,52.4993734
9,9010301.0,,9100304.0,2020,9,7,6,3,0,1,0,0,0,0,0,0,0,805271.7738,5821767.587,13.49419163,52.46056565
2,2010102.0,,2100102.0,2020,9,15,4,2,5,3,0,1,0,0,0,0,0,798172.9624,5826505.271,13.39425865,52.50695281
7,7050502.0,,7501133.0,2020,9,16,2,3,5,2,0,1,0,0,0,0,0,797908.0012,5818346.543,13.38308078,52.43396372
5,5020625.0,,5200629.0,2020,9,17,6,3,5,2,0,1,0,0,0,0,0,784547.2773,5828171.044,13.19547677,52.5291661
4,4051655.0,,4501153.0,2020,9,13,4,3,5,2,0,0,0,0,0,0,0,793973.8018,5823482.467,13.32990043,52.4821338
10,10010206.0,,10100208.0,2020,9,22,6,3,5,3,2,1,0,0,0,0,0,809229.5592,5831989.624,13.56175255,52.54994788
4,4030929.0,,4501040.0,2020,9,18,6,3,0,5,0,0,0,0,0,1,0,792399.0649,5825388.59,13.30845045,52.50006732
5,5020627.0,,5200632.0,2020,9,7,6,2,5,3,0,1,0,0,0,0,0,785389.765,5828128.521,13.20782588,52.52834441
3,3071537.0,,3701556.0,2020,9,0,6,2,0,1,2,0,0,0,0,0,0,799426.0652,5829598.222,13.41545066,52.5339901
4,4030930.0,,4501041.0,2020,9,14,4,3,3,6,0,1,0,0,0,0,0,793454.0619,5825696.041,13.32421857,52.50225717
3,3040818.0,,3400831.0,2020,9,12,4,2,5,2,0,1,0,0,0,0,0,799936.4721,5833849.273,13.42679336,52.57181288
7,7020203.0,,7200409.0,2020,9,13,6,3,1,5,0,1,0,0,0,1,0,795258.402,5824373.958,13.34955176,52.48943232
2,2010104.0,,2100106.0,2020,9,20,2,3,5,3,1,1,0,0,0,0,0,799876.7949,5825693.123,13.4185562,52.49873933
2,2020204.0,,2200210.0,2020,9,13,6,3,5,3,0,0,0,0,0,0,0,799098.126,5825231.967,13.40670568,52.49503303
11,11051330.0,,11501339.0,2020,9,12,4,2,5,3,0,1,0,0,0,0,0,807202.367,5825558.852,13.52601003,52.49346188
12,12224230.0,,12400617.0,2020,9,13,6,2,5,2,0,1,0,0,0,0,0,785488.6813,5837375.181,13.21723959,52.61119603
1,1044202.0,,1401047.0,2020,9,12,6,3,5,3,0,1,0,0,0,0,0,795998.6798,5830328.759,13.36572026,52.54241081
10,10030724.0,,10300731.0,2020,9,11,4,3,5,3,0,1,0,0,0,0,0,809057.3282,5828645.656,13.55611112,52.52007803
1,1011101.0,,1100101.0,2020,9,15,1,2,5,2,0,1,0,0,0,0,0,795228.9698,5826625.405,13.35111536,52.50963081
8,8010508.0,,8100520.0,2020,9,17,2,3,5,2,0,1,0,0,0,0,0,803101.3654,5822772.0,13.46325693,52.47077625
1,1011202.0,,1100206.0,2020,9,11,6,3,5,2,0,1,0,0,0,0,0,797204.6251,5827496.907,13.38091894,52.5163701
1,1011303.0,,1100310.0,2020,9,11,6,3,5,2,0,0,0,0,0,1,0,798529.4561,5828076.219,13.40090489,52.52083929
1,1011304.0,,1100311.0,2020,9,6,4,3,5,2,0,1,0,0,0,0,0,799729.4944,5827572.796,13.41808519,52.51566861
2,2020203.0,,2200209.0,2020,9,6,2,3,5,2,2,1,0,0,0,0,0,797749.362,5824034.295,13.38582718,52.48503473
3,3061131.0,,3601142.0,2020,9,12,2,3,0,1,0,0,0,0,0,0,0,799147.0974,5830837.782,13.41246617,52.54525403
6,6010101.0,,6100101.0,2020,9,16,2,2,1,5,0,1,0,0,0,0,0,793037.0803,5820886.982,13.31386626,52.45936948
4,4030620.0,,4300619.0,2020,9,15,6,3,5,3,0,1,0,0,0,0,0,792644.064,5827100.655,13.31355449,52.51528413
5,5020419.0,,5200423.0,2020,9,15,6,3,5,3,0,1,0,0,0,0,0,782092.225,5828083.644,13.15930846,52.52965849
3,3040513.0,,3400620.0,2020,9,15,6,2,0,6,0,0,0,0,0,1,0,796879.6621,5833869.769,13.38184012,52.5736725
9,9010401.0,,9100407.0,2020,9,16,6,3,2,6,0,1,0,0,0,0,0,805791.7149,5820326.251,13.50050075,52.44735697
3,3071633.0,,3701657.0,2020,9,15,2,3,5,3,0,1,0,0,0,0,0,800095.1718,5830649.938,13.42623543,52.54304896
1,1022204.0,,1200626.0,2020,9,23,2,3,5,2,2,0,0,1,0,0,0,795119.2012,5828264.658,13.35095673,52.52438487
1,1033102.0,,1300733.0,2020,9,16,6,3,3,6,0,0,0,0,0,1,0,797275.8104,5831286.659,13.38535436,52.55030194
1,1011203.0,,1100206.0,2020,9,16,6,3,1,5,0,1,0,0,0,0,0,797911.2291,5827329.687,13.39115165,52.51448566
9,9020702.0,,9200716.0,2020,9,16,4,3,5,2,0,1,0,0,0,0,0,808889.3994,5819346.141,13.54503014,52.43683208
2,2020206.0,,2200213.0,2020,9,17,6,3,5,2,0,0,0,1,0,0,0,799976.2563,5825340.495,13.41969942,52.49552391
1,1011204.0,,1100207.0,2020,9,16,4,3,0,2,0,1,0,0,0,0,0,798161.4688,5826612.329,13.39418569,52.50791873
11,11030618.0,,11300619.0,2020,9,17,6,3,5,2,0,1,0,0,0,0,0,803838.9394,5828668.486,13.47946036,52.52321522
1,1011302.0,,1100309.0,2020,9,14,2,2,6,4,0,0,1,0,0,0,0,798483.1778,5828386.619,13.4005034,52.52364693
9,9051901.0,,9501941.0,2020,9,9,2,2,5,3,0,1,0,0,0,0,0,811402.3366,5821151.15,13.58355995,52.45158286
1,1022104.0,,1200520.0,2020,9,14,6,3,3,6,0,1,0,0,0,0,0,794138.1367,5828450.849,13.33670265,52.52658411
11,11030618.0,,11300618.0,2020,9,15,4,3,5,2,0,1,0,0,0,0,0,802435.018,5828903.872,13.45904486,52.52610547
12,12214424.0,,12200309.0,2020,9,12,1,3,5,2,0,1,0,0,0,0,0,792501.2723,5832841.275,13.31651046,52.5668233
4,4031032.0,,4500937.0,2020,9,19,6,3,5,3,0,1,0,0,0,0,0,790949.7785,5824836.539,13.28667832,52.49589282
3,3020209.0,,3200206.0,2020,9,14,3,3,6,7,0,0,1,0,0,0,0,797832.292,5834663.828,13.39656902,52.58026967
11,11051330.0,,11501339.0,2020,9,18,6,3,5,3,0,1,0,0,0,0,0,806803.155,5824850.89,13.51949653,52.48734149
1,1011104.0,,1100104.0,2020,9,19,2,3,5,3,1,0,0,1,0,0,0,796144.8085,5825693.635,13.3637418,52.50078193
4,4041344.0,,4400835.0,2020,9,8,6,3,0,3,0,0,0,0,0,0,0,793379.1757,5821960.219,13.31983026,52.46880718
1,1011301.0,,1100308.0,2020,9,18,6,3,5,3,0,1,0,0,0,0,0,797086.4375,5828041.863,13.379669,52.52131941
1,1011204.0,,1100207.0,2020,9,18,6,3,0,3,0,1,0,0,0,0,0,798934.3054,5826945.196,13.40583785,52.51047949
12,12301205.0,,12500928.0,2020,9,13,3,3,2,6,0,1,0,0,0,0,0,791844.9957,5836935.205,13.31046117,52.60387609
4,4051653.0,,4501152.0,2020,9,1,1,2,9,1,2,0,0,0,0,0,0,794002.5932,5824284.559,13.33103068,52.48930867
5,5040937.0,,5400944.0,2020,9,17,6,2,1,5,0,1,0,0,0,0,0,781599.8234,5819447.751,13.1447701,52.45247824
9,9020802.0,,9200819.0,2020,9,12,2,3,2,6,0,1,0,0,0,0,0,810477.1108,5820285.917,13.56918446,52.44435517
4,4030621.0,,4300620.0,2020,9,9,2,3,5,2,0,1,0,0,0,0,0,794161.8034,5827014.911,13.33578065,52.51369902
11,11030824.0,,11300826.0,2020,9,9,5,3,0,6,0,0,0,0,0,1,0,804183.4561,5826807.334,13.48282131,52.50634232
4,4010102.0,,4100101.0,2020,9,12,5,3,5,3,0,1,0,0,0,0,0,792286.5859,5830601.649,13.31137982,52.54686119
10,10030724.0,,10300731.0,2020,9,15,5,3,3,6,0,1,0,0,0,0,0,808739.0251,5828071.176,13.55090172,52.51510996
2,2010103.0,,2100105.0,2020,9,15,5,3,5,3,0,1,0,0,0,0,0,799593.8873,5825830.063,13.41452431,52.50012217
3,3040614.0,,3400725.0,2020,9,17,5,3,5,3,0,1,0,0,0,0,0,799987.6062,5835268.633,13.42882999,52.58450672
8,8010303.0,,8100314.0,2020,9,19,5,3,5,2,1,0,0,0,0,1,0,800330.5769,5824358.16,13.42401752,52.48652401
9,9020701.0,,9200715.0,2020,9,10,3,3,0,2,0,1,0,0,0,0,0,808879.869,5818933.662,13.5445093,52.43314083
9,9041301.0,,9401329.0,2020,9,23,1,2,8,1,2,0,0,0,0,0,0,816520.508,5818015.393,13.65565803,52.42054554
11,11020514.0,,11200513.0,2020,9,7,3,3,1,6,0,1,0,0,0,0,0,804458.753,5830468.882,13.49021661,52.53900561
9,9052001.0,,9502043.0,2020,9,7,2,2,5,3,0,1,0,0,0,0,0,809220.4642,5823021.359,13.55328761,52.46958191
2,2040703.0,,2400625.0,2020,9,7,3,3,5,3,0,1,0,0,0,0,0,801267.1424,5827424.411,13.44054237,52.51349144
2,2050801.0,,2500832.0,2020,9,19,5,3,5,2,1,1,0,0,0,0,0,803425.201,5826919.534,13.47178602,52.50777016
11,11010204.0,,11100203.0,2020,9,18,5,3,5,2,0,1,0,0,0,0,0,807653.2067,5833600.018,13.54007038,52.56527258
3,3061126.0,,3601141.0,2020,9,18,5,3,1,6,0,1,0,0,0,0,0,799228.66,5831605.741,13.41435733,52.55209279
1,1044201.0,,1401044.0,2020,9,16,5,3,5,2,0,1,0,0,0,0,0,796212.9261,5830763.884,13.36925825,52.54619484
11,11030618.0,,11300619.0,2020,9,7,3,3,3,6,0,0,0,0,0,0,0,803810.1199,5828901.051,13.47924934,52.52531568
7,7040403.0,,7400823.0,2020,9,14,2,3,5,3,0,1,0,0,0,0,0,797024.2781,5820719.642,13.37222948,52.45571701
8,8010117.0,,8100103.0,2020,9,17,5,3,5,3,0,1,0,0,0,0,0,800693.8258,5822933.47,13.4280662,52.47355407
7,7020201.0,,7200307.0,2020,9,17,5,3,6,4,0,0,1,0,0,0,0,794648.8607,5824160.883,13.34041202,52.48785156
6,6040810.0,,6400844.0,2020,9,7,3,3,5,2,0,1,0,0,0,0,0,792465.2897,5821578.701,13.30608077,52.46587695
2,2010104.0,,2100106.0,2020,9,16,5,3,2,6,0,1,0,0,0,0,0,799689.4761,5825369.05,13.41551347,52.4959374
4,4041344.0,,4400835.0,2020,9,11,5,3,0,6,0,1,0,0,0,0,0,792982.4962,5822441.397,13.31442998,52.47333369
2,2040701.0,,2400623.0,2020,9,23,3,3,5,2,2,1,0,0,0,0,0,800283.4995,5827631.39,13.42627778,52.51588907
2,2020204.0,,2200210.0,2020,9,11,5,3,5,2,0,0,0,0,0,1,0,798843.6167,5825105.536,13.40285454,52.49403916
1,1022201.0,,1200623.0,2020,9,23,3,3,5,2,2,1,0,0,0,0,0,795045.0707,5829159.458,13.35066131,52.53244618
2,2020203.0,,2200208.0,2020,9,11,5,3,5,3,0,1,0,0,0,0,0,797805.869,5824909.476,13.38743896,52.4928489
2,2050802.0,,2500833.0,2020,9,21,2,3,2,7,2,1,0,0,0,0,0,802689.3395,5827317.61,13.46133889,52.51174685
1,1033201.0,,1300834.0,2020,9,7,2,3,0,2,0,1,0,0,0,0,0,798368.4737,5830148.158,13.40039885,52.53949949
1,1044103.0,,1400942.0,2020,9,10,5,3,2,3,0,1,0,0,0,0,0,794748.8297,5830932.544,13.34787969,52.54850083
6,6040810.0,,6400844.0,2020,9,10,5,2,5,2,0,1,0,0,0,0,0,790239.077,5820060.834,13.272083,52.45345607
1,1011103.0,,1100103.0,2020,9,12,2,3,6,4,0,0,1,0,0,0,0,795660.3844,5826101.591,13.3569884,52.50470161
7,7010102.0,,7100103.0,2020,9,8,5,3,1,5,0,1,0,0,0,0,0,795983.3966,5825361.511,13.36107569,52.4978923
3,3061228.0,,3601245.0,2020,9,18,3,3,6,4,0,0,1,0,0,0,0,800903.3989,5831251.059,13.43866207,52.54799116
4,4051445.0,,4500939.0,2020,9,14,5,3,5,2,0,1,0,0,0,0,0,792193.1386,5824636.028,13.30476531,52.49343104
6,6020410.0,,6200422.0,2020,9,20,3,3,2,6,2,1,0,0,0,0,0,794562.7535,5816348.219,13.33225643,52.4178613
1,1044203.0,,1401048.0,2020,9,14,3,3,2,6,0,0,0,0,0,0,0,795455.171,5831614.756,13.35887335,52.5542336
7,7070701.0,,7601442.0,2020,9,7,3,3,5,3,0,1,0,0,0,0,0,799341.48,5816110.466,13.40210311,52.41313752
1,1011104.0,,1100104.0,2020,9,6,3,3,5,7,1,1,0,0,0,0,0,796628.214,5826074.055,13.37118123,52.50392947
12,12103218.0,,12100205.0,2020,9,13,5,2,5,2,0,0,0,0,1,0,0,795445.0475,5834157.816,13.36098923,52.57703522
1,1011204.0,,1100207.0,2020,9,8,5,3,3,2,0,0,0,1,0,0,0,798004.605,5826788.132,13.39203867,52.50958029
4,4051655.0,,4501153.0,2020,9,7,5,3,2,6,0,1,0,0,0,0,0,794209.2735,5823382.494,13.33326966,52.48111078
4,4020311.0,,4200310.0,2020,9,7,3,3,5,2,0,1,0,0,0,0,0,789269.1,5826827.304,13.26372065,52.51463401
9,9010101.0,,9100101.0,2020,9,0,3,2,8,1,2,0,0,0,0,0,0,802360.697,5825651.579,13.45499802,52.49699649
1,1033202.0,,1300835.0,2020,9,15,4,3,0,3,0,0,0,0,0,1,0,797414.5464,5830005.253,13.3862471,52.53874
11,11041128.0,,11401135.0,2020,9,10,4,2,6,7,0,0,1,0,0,0,0,806064.4504,5825785.712,13.50951004,52.4961343
1,1011203.0,,1100206.0,2020,9,8,3,3,1,5,0,0,0,0,0,1,0,797755.0524,5827486.961,13.38899772,52.51598071
2,2040701.0,,2400623.0,2020,9,7,3,3,5,2,0,1,0,0,0,0,0,800557.9546,5827589.121,13.43027202,52.51535903
5,5030833.0,,5300840.0,2020,9,8,4,3,6,7,0,0,1,0,0,0,0,789366.0673,5828810.91,13.26687156,52.53236604
12,12231102.0,,12400721.0,2020,9,20,4,2,7,7,0,0,0,0,0,0,0,790577.5118,5841163.65,13.29551446,52.64246198
8,8010212.0,,8100207.0,2020,9,22,4,3,0,1,2,0,0,0,0,0,0,801327.367,5823499.685,13.43787704,52.47828009
4,4030725.0,,4300416.0,2020,9,8,3,3,5,3,0,1,0,0,0,0,0,791768.4073,5826432.773,13.30010137,52.50976583
12,12214424.0,,12200309.0,2020,9,22,4,2,5,2,2,1,0,0,0,0,0,793420.7817,5832488.261,13.3297256,52.56316391
11,11051331.0,,11501340.0,2020,9,7,2,3,5,2,0,1,0,0,0,0,0,807248.7127,5824230.248,13.52546575,52.48152865
1,1011302.0,,1100309.0,2020,9,21,4,3,1,5,2,1,0,0,0,0,0,798967.6916,5829007.272,13.4081816,52.52894472
1,3071537.0,,3701556.0,2020,9,16,1,3,1,5,0,1,0,0,0,0,0,799501.0962,5828869.941,13.41589741,52.52742098
4,4030931.0,,4501042.0,2020,9,20,4,3,1,5,2,1,0,0,0,0,0,794451.382,5825878.556,13.33903036,52.50335605
4,4051652.0,,4501149.0,2020,9,20,4,3,5,3,2,1,0,0,0,0,0,793447.9674,5824501.629,13.32307679,52.49155304
11,11040926.0,,11400931.0,2020,9,8,3,3,5,2,0,1,0,0,0,0,0,806622.746,5827345.255,13.51914416,52.50979792
4,4030931.0,,4501042.0,2020,9,17,2,3,5,2,0,1,0,0,0,0,0,794395.0694,5826083.269,13.33838414,52.50522156
12,12214424.0,,12200309.0,2020,9,5,6,3,5,2,2,1,0,0,0,0,1,793419.1364,5832489.631,13.32970261,52.56317708
3,3040614.0,,3400722.0,2020,9,14,4,2,6,4,0,0,1,0,0,0,0,798539.4324,5834207.425,13.40656321,52.57579121
1,1011301.0,,1100308.0,2020,9,19,5,3,2,6,2,1,0,0,0,0,0,797574.486,5828582.512,13.3873247,52.52589957
7,7040401.0,,7400721.0,2020,9,7,3,3,5,3,0,1,0,0,0,0,0,797229.6738,5822948.951,13.37722897,52.47558889
3,3040508.0,,3400618.0,2020,9,10,4,3,0,2,0,1,0,0,0,0,0,795859.8255,5836451.51,13.36914047,52.59737037
9,9041301.0,,9401329.0,2020,9,17,2,3,1,5,0,1,0,0,0,0,0,812310.5462,5818693.815,13.59458518,52.42904375
1,1033102.0,,1300733.0,2020,9,17,3,3,1,5,0,1,0,0,0,0,0,797149.8584,5831377.031,13.38358312,52.55118074
3,3050925.0,,3500936.0,2020,9,8,5,3,2,7,0,1,0,0,0,0,0,802216.3919,5831192.826,13.45791361,52.54674243
11,11051330.0,,11501339.0,2020,9,14,5,2,0,7,0,0,0,0,1,0,0,807279.893,5825409.015,13.52701016,52.49207539
11,11030721.0,,11300722.0,2020,9,12,3,3,5,3,0,1,0,0,0,0,0,803420.1866,5828617.507,13.4732607,52.52299149
1,1044102.0,,1400940.0,2020,9,17,4,3,5,3,0,1,0,0,0,0,0,795227.9446,5832194.671,13.35604741,52.55955525
6,6010206.0,,6100206.0,2020,9,9,4,3,5,2,0,1,0,0,0,0,0,794797.0979,5819831.151,13.33876334,52.44895796
3,3020209.0,,3200205.0,2020,9,17,5,3,5,3,0,1,0,0,0,0,0,798212.6143,5835271.073,13.40271169,52.58550442
9,9052001.0,,9502043.0,2020,9,20,6,3,3,6,2,1,0,0,0,0,0,809293.7324,5822753.749,13.55411473,52.46714216
2,2040503.0,,2400522.0,2020,9,9,3,3,1,5,0,1,0,0,0,0,0,801402.602,5828748.859,13.44373245,52.5252878
2,2030401.0,,2300417.0,2020,9,18,4,3,5,2,0,1,0,0,0,0,0,799994.2811,5825445.364,13.42005857,52.49645399
12,12214424.0,,12200309.0,2020,9,13,4,2,1,5,0,1,0,0,0,0,0,793045.6452,5832671.639,13.32436919,52.56500984
3,3050923.0,,3500934.0,2020,9,8,4,3,5,3,0,1,0,0,0,0,0,801094.7633,5831490.419,13.44169272,52.55003083
1,1011402.0,,1100416.0,2020,9,14,2,3,1,5,0,1,0,0,0,0,0,798789.3291,5829846.347,13.40631439,52.5365636
4,4051549.0,,4501146.0,2020,9,8,4,3,1,5,0,1,0,0,0,0,0,793265.7158,5823660.341,13.31965984,52.48410913
9,9020501.0,,9200510.0,2020,9,14,5,3,5,2,0,1,0,0,0,0,0,806227.787,5822178.22,13.50859548,52.46371106
6,6010204.0,,6100204.0,2020,9,10,3,3,1,5,0,1,0,0,0,0,0,795533.5785,5820184.487,13.34988147,52.45172776
2,2010103.0,,2100104.0,2020,9,8,3,3,0,2,0,1,0,0,0,0,0,799292.2753,5826221.538,13.41044621,52.50379668
3,3040614.0,,3400725.0,2020,9,8,4,3,4,6,0,0,0,0,0,0,0,800016.795,5835478.679,13.42944969,52.5863733
2,2050602.0,,2500727.0,2020,9,12,4,3,5,7,0,1,0,0,0,0,0,802619.9407,5827843.051,13.46079722,52.51649484
3,3030716.0,,3300517.0,2020,9,8,4,3,1,3,0,1,0,0,0,0,0,802999.0704,5833924.767,13.47191461,52.57079334
10,10040931.0,,10400938.0,2020,9,12,5,3,5,3,0,1,0,0,0,0,0,814055.3406,5829451.753,13.63029337,52.52444613
1,1011105.0,,1100102.0,2020,9,18,6,3,5,2,0,1,0,0,0,0,1,796590.6414,5826877.131,13.37134482,52.51114867
3,3071536.0,,3701554.0,2020,9,7,3,3,5,2,0,1,0,0,0,0,0,799231.7504,5829269.193,13.41229827,52.53114757
2,2020202.0,,2200208.0,2020,9,8,4,3,5,2,0,1,0,0,0,0,0,797880.96,5825062.838,13.38867884,52.49418264
1,1033203.0,,1300836.0,2020,9,12,7,3,5,3,0,1,0,0,0,0,1,796938.9701,5830135.464,13.37937199,52.54016654
7,7010102.0,,7100102.0,2020,9,23,3,2,6,4,2,0,1,0,0,0,0,795405.1645,5825477.439,13.35268547,52.4992448
7,7020204.0,,7200414.0,2020,9,7,4,3,3,6,0,1,0,0,0,0,0,796316.4478,5823953.831,13.36471561,52.48509298
2,2010102.0,,2100102.0,2020,9,14,6,3,1,5,0,1,0,0,0,0,1,798199.6744,5826509.654,13.39465498,52.5069775
1,1011301.0,,1100308.0,2020,9,9,2,3,2,6,0,1,0,0,0,0,0,797200.52,5828330.11,13.38160304,52.52384105
1,1011102.0,,1100102.0,2020,9,17,5,3,5,7,0,1,0,0,0,0,0,796575.7636,5827815.637,13.37196275,52.51956951
11,11041128.0,,11401137.0,2020,9,10,2,2,5,3,0,1,0,0,0,0,0,806475.5405,5826861.951,13.51653696,52.50554915
7,7030303.0,,7300619.0,2020,9,7,3,3,0,2,0,0,0,0,0,1,0,796045.133,5822843.27,13.35974568,52.47528489
3,3050923.0,,3500934.0,2020,9,18,2,3,1,5,0,0,0,0,0,1,0,800376.1354,5831892.913,13.43149029,52.55403521
1,1022206.0,,1200628.0,2020,9,7,3,3,2,6,1,0,0,0,0,1,0,795730.5487,5828205.178,13.35988864,52.52352043
4,4041344.0,,4400835.0,2020,9,11,3,2,0,7,0,0,0,0,0,0,0,793027.416,5822301.638,13.31496666,52.47205669
2,2020204.0,,2200210.0,2020,9,9,3,3,5,2,0,1,0,0,0,0,0,798795.163,5824940.355,13.40199482,52.49258507
12,12103219.0,,12100204.0,2020,9,9,6,3,5,2,0,0,0,0,0,1,1,794902.632,5832456.384,13.3514951,52.56207756