district,LOR,street,LOR_2021,year,month,hour,weekday,category,accident_kind,accident_type,light_condition,car,pedestrian,motorcycle,goods_vehicle,others,road_condition,LINREFX,LINREFY,XGCSWGS84,YGCSWGS84
9,9020502.0,,9200511.0,2020,9,7,4,3,5,2,0,1,0,0,0,0,0,807092.5428,5821909.18,13.52103678,52.46081456
8,8020619.0,,8200623.0,2020,9,14,3,3,5,2,0,1,0,0,0,0,0,802459.6221,5820696.802,13.45195771,52.45253175
7,7010104.0,,7100205.0,2020,9,17,5,3,6,6,0,0,1,0,0,0,0,796434.5079,5824890.716,13.36728254,52.49342721
8,8010405.0,,8100418.0,2020,9,16,1,3,3,6,0,1,0,0,0,0,0,802024.0004,5823524.476,13.4481258,52.47811749
11,11051332.0,,11501341.0,2020,9,16,3,3,2,3,0,0,0,1,0,0,0,807033.3977,5823511.691,13.52164353,52.47520989
4,4030929.0,,4501040.0,2020,9,8,4,3,5,3,0,0,0,1,0,0,0,792623.202,5825440.018,13.31178811,52.50040821
6,6040810.0,,6400844.0,2020,9,16,3,2,5,2,0,1,0,0,0,0,0,791324.5694,5820636.738,13.28851453,52.45804163
10,10040933.0,,10400941.0,2020,9,15,6,2,0,3,0,1,0,0,0,0,1,813215.6679,5825960.118,13.614672,52.4936406
8,8010118.0,,8100104.0,2020,9,8,3,3,5,3,0,1,0,0,0,0,0,800940.5664,5822309.571,13.43112515,52.46782598
4,4030725.0,,4300416.0,2020,9,5,6,3,5,3,2,1,0,0,0,0,1,792000.0176,5825973.405,13.30310144,52.50552375
1,1011401.0,,1100415.0,2020,9,7,6,3,0,1,0,0,0,0,0,0,1,798321.7044,5829357.373,13.39900144,52.53243679
5,5010101.0,,5100101.0,2020,9,13,4,3,5,3,0,1,0,0,0,0,0,784419.6446,5831933.211,13.19682226,52.56296434
1,1022106.0,,1200522.0,2020,9,15,2,3,6,7,0,0,1,0,0,0,0,794117.6342,5828026.193,13.33602572,52.52278839
1,1022106.0,,1200522.0,2020,9,23,7,3,5,2,2,1,0,0,0,0,1,794325.1072,5828366.234,13.33937581,52.52572468
4,4030827.0,,4300623.0,2020,9,15,2,3,5,2,0,1,0,0,0,0,0,792737.4079,5826109.662,13.31405449,52.50635011
4,4020310.0,,4200308.0,2020,9,14,3,2,0,7,0,0,0,0,0,0,0,789764.06,5828387.115,13.27235307,52.52835523
6,6010205.0,,6100205.0,2020,9,13,4,3,5,3,0,1,0,0,0,0,0,794861.7744,5820057.668,13.33991223,52.45095368
11,11030720.0,,11300721.0,2020,9,19,2,2,5,3,1,1,0,0,0,0,0,804919.0367,5829941.614,13.49649848,52.53402266
1,1011304.0,,1100311.0,2020,9,9,5,3,5,2,0,1,0,0,0,0,0,799727.6864,5827760.913,13.41822809,52.51735578
1,1011302.0,,1100309.0,2020,9,21,3,3,3,6,2,1,0,0,0,0,0,798501.4051,5829050.291,13.40136704,52.52958586
3,3061429.0,,3601449.0,2020,9,13,3,2,5,3,0,0,0,0,0,1,0,801385.2666,5830663.486,13.44521378,52.54245834
12,12231102.0,,12400721.0,2020,9,16,2,3,5,3,0,1,0,0,0,0,0,789977.6078,5840997.963,13.28652783,52.64129739
7,7070704.0,,7601545.0,2020,9,7,5,3,5,2,0,1,0,0,0,0,0,800188.8986,5813819.919,13.41247231,52.39214181
11,11051331.0,,11501340.0,2020,9,9,3,3,3,6,0,1,0,0,0,0,0,807240.3422,5824294.855,13.52540242,52.48211237
1,1011203.0,,1100206.0,2020,9,14,3,2,5,3,0,1,0,0,0,0,0,797623.9441,5827016.838,13.38665082,52.51183818
6,6040703.0,,6400737.0,2020,9,10,2,3,5,2,0,1,0,0,0,0,0,787136.364,5817205.235,13.22409543,52.42949203
3,3040614.0,,3400722.0,2020,9,13,4,3,1,5,0,1,0,0,0,0,0,798706.9779,5833761.133,13.40862627,52.57169896
9,9051901.0,,9501941.0,2020,9,13,3,3,5,2,0,1,0,0,0,0,0,812068.9428,5821345.521,13.5935192,52.45294458
8,8010510.0,,8100521.0,2020,9,17,5,3,0,4,0,0,1,0,0,0,0,803774.3052,5821639.833,13.47210285,52.46025504
8,8010406.0,,8100419.0,2020,9,17,1,2,1,5,0,1,0,0,0,0,0,802489.9415,5824178.873,13.45555922,52.48372501
1,1022207.0,,1200629.0,2020,9,11,3,3,1,5,0,1,0,0,0,0,0,794876.4652,5827729.678,13.34691496,52.5197205
2,2020203.0,,2200209.0,2020,9,12,5,2,5,2,0,1,0,0,0,0,0,797769.074,5824598.133,13.38662037,52.49007815
6,6030502.0,,6300525.0,2020,9,7,2,3,6,4,0,0,1,0,0,0,0,790294.663,5814805.472,13.26833649,52.40631058
7,7050504.0,,7501032.0,2020,9,13,4,3,5,3,0,1,0,0,0,0,0,799457.38,5819622.312,13.40694662,52.44455332
8,8010406.0,,8100419.0,2020,9,12,3,3,5,3,0,1,0,0,0,0,0,802401.6289,5824055.553,13.45415082,52.4826686
10,10020622.0,,10200629.0,2020,9,7,4,3,2,2,0,1,0,0,0,0,0,811161.7352,5828836.341,13.5872049,52.52059019
12,12214527.0,,12200515.0,2020,9,11,3,2,5,2,0,1,0,0,0,0,0,789872.7656,5835744.253,13.28037797,52.59425446
9,9020802.0,,9200819.0,2020,9,16,3,3,5,3,0,1,0,0,0,0,0,810080.2812,5820403.604,13.56347379,52.44563502
7,7010104.0,,7100205.0,2020,9,8,3,3,4,6,0,0,0,0,0,0,0,796006.246,5824977.127,13.36106973,52.49443423
1,1022206.0,,1200628.0,2020,9,11,3,3,5,2,0,1,0,0,0,0,0,795541.0657,5828196.544,13.35709624,52.52354578
4,4030623.0,,4300622.0,2020,9,6,6,3,5,2,2,0,0,0,0,1,1,792918.8034,5826768.788,13.31729952,52.51216158
6,6030503.0,,6300526.0,2020,9,16,5,3,2,2,0,1,0,0,0,0,0,789511.6218,5817491.477,13.25918156,52.4308065
2,2050801.0,,2500830.0,2020,9,16,4,2,5,2,0,1,0,0,0,0,0,802440.0239,5827414.984,13.4577648,52.51275789
3,3061126.0,,3601141.0,2020,9,18,6,2,9,1,1,0,0,0,0,0,0,798738.3434,5831821.012,13.40734094,52.55429152
6,6040807.0,,6400841.0,2020,9,7,3,3,5,3,0,1,0,0,0,0,0,789690.834,5818445.97,13.26263727,52.43926905
5,5010314.0,,5100316.0,2020,9,5,2,3,6,7,2,0,1,0,0,0,1,783629.3493,5829144.805,13.18281273,52.53837541
2,2040703.0,,2400625.0,2020,9,9,4,3,5,2,0,0,0,1,0,0,0,801289.4047,5827406.16,13.44085291,52.51331556
6,6010103.0,,6100103.0,2020,9,14,5,3,1,5,0,1,0,0,0,0,0,793509.7471,5821453.721,13.32130139,52.46419645
6,6020411.0,,6200423.0,2020,9,10,3,3,0,1,0,0,0,0,0,0,0,794979.052,5815659.076,13.33775272,52.41145924
2,2050802.0,,2500834.0,2020,9,10,6,3,5,2,0,1,0,0,0,0,1,802554.365,5826728.542,13.45882062,52.50654194
8,8041040.0,,8401246.0,2020,9,15,2,3,5,3,0,1,0,0,0,0,0,806346.9537,5816438.908,13.50508414,52.41220595
7,7050503.0,,7501031.0,2020,9,9,3,3,5,2,0,0,0,0,0,1,0,799460.597,5820510.623,13.40779014,52.45251408
1,1011201.0,,1100205.0,2020,9,6,5,3,5,3,1,1,0,0,0,0,0,796943.4811,5826780.757,13.37644274,52.51009282
1,1022105.0,,1200521.0,2020,9,17,3,3,6,4,0,0,1,0,0,0,0,793714.8374,5828473.368,13.3305009,52.5270142
12,12214125.0,,12200414.0,2020,9,16,4,3,5,2,0,1,0,0,0,0,0,791915.579,5831506.331,13.30671947,52.55517033
1,1022106.0,,1200522.0,2020,9,13,5,2,6,7,0,0,1,0,0,0,0,794167.5161,5827734.254,13.33650062,52.52014442
4,4030620.0,,4300619.0,2020,9,17,3,3,0,7,0,1,0,0,0,0,0,792818.2372,5827186.363,13.31618931,52.51595899
2,2020204.0,,2200210.0,2020,9,12,6,3,5,2,0,0,0,0,0,0,1,798791.1637,5824943.946,13.40193931,52.49261944
7,7050501.0,,7501029.0,2020,9,18,3,3,3,6,0,1,0,0,0,0,0,797340.283,5819407.411,13.37569826,52.44378231
6,6040808.0,,6400842.0,2020,9,8,2,3,5,3,0,1,0,0,0,0,0,790549.6362,5821755.378,13.27811538,52.46848298
2,2010101.0,,2100101.0,2020,9,17,3,3,5,2,0,1,0,0,0,0,0,797753.7872,5826069.549,13.38771116,52.50327601
7,7020203.0,,7200409.0,2020,9,17,5,3,5,3,0,0,0,0,0,0,0,795183.7428,5823919.643,13.34805298,52.48540007
2,2020204.0,,2200210.0,2020,9,10,3,3,0,5,0,1,0,0,0,0,0,798880.5548,5824656.108,13.40299386,52.48999042
8,8010303.0,,8100314.0,2020,9,13,7,3,2,6,0,1,0,0,0,0,1,801284.5159,5823824.847,13.4375418,52.48121823
3,3050920.0,,3500933.0,2020,9,19,3,2,5,3,2,0,0,1,0,0,0,802285.5158,5832336.119,13.45997075,52.55695127
9,9020802.0,,9200819.0,2020,9,17,3,3,5,2,0,0,0,1,0,0,0,810038.2416,5819410.397,13.56193585,52.43675796
1,1011201.0,,1100205.0,2020,9,8,6,3,5,3,0,1,0,0,0,0,1,796943.2094,5826780.714,13.37643871,52.51009258
4,4051654.0,,4501150.0,2020,9,7,2,3,6,4,0,0,1,0,0,0,1,793898.8,5823936.79,13.32919973,52.48624698
3,3020210.0,,3200207.0,2020,9,7,4,3,5,3,0,1,0,0,0,0,0,798435.2936,5835602.139,13.40628687,52.58834981
11,11020412.0,,11200411.0,2020,9,14,1,2,5,3,0,1,0,0,0,0,0,805842.3369,5831853.577,13.5118283,52.55064087
1,1022204.0,,1200626.0,2020,9,15,3,3,5,2,0,1,0,0,0,0,0,794535.1211,5828207.398,13.3423218,52.52418741
4,4010103.0,,4100102.0,2020,9,15,4,3,5,3,0,1,0,0,0,0,0,791833.8128,5829752.349,13.30397554,52.53949017
1,1011304.0,,1100311.0,2020,9,13,6,3,1,5,0,1,0,0,0,0,1,799853.3017,5827762.574,13.42007527,52.51730162
1,1044203.0,,1401049.0,2020,9,11,4,3,5,2,0,0,0,0,0,1,0,795899.0484,5831964.981,13.36571346,52.55713205
7,7020202.0,,7200308.0,2020,9,15,5,3,4,5,0,1,0,0,0,0,0,795393.7988,5823283.168,13.35057346,52.47958092
1,1011201.0,,1100205.0,2020,9,7,6,2,5,2,0,1,0,0,0,0,1,796967.9432,5827045.819,13.37703864,52.5124555
4,4030623.0,,4300622.0,2020,9,13,4,3,3,6,0,1,0,0,0,0,0,793701.0381,5826078.522,13.32818403,52.50555305
6,6040810.0,,6400844.0,2020,9,16,3,3,2,6,0,0,0,0,0,1,0,791318.738,5820656.29,13.28844601,52.45822003
7,7010102.0,,7100103.0,2020,9,8,4,3,3,5,0,1,0,0,0,0,0,795720.6795,5824969.957,13.35686933,52.49452475
11,11010205.0,,11100204.0,2020,9,18,5,3,5,3,0,1,0,0,0,0,0,806580.6788,5833458.008,13.52416549,52.56460487
8,8020726.0,,8200831.0,2020,9,16,3,3,5,2,0,1,0,0,0,0,0,799653.3787,5816431.802,13.40696283,52.41584725
1,1022104.0,,1200520.0,2020,9,8,3,3,0,6,0,0,0,0,0,0,0,794545.2085,5829059.209,13.34322467,52.53181786
1,1011204.0,,1100207.0,2020,9,16,3,3,0,3,0,1,0,0,0,0,0,798559.8744,5826813.386,13.40021877,52.50950305
2,2020203.0,,2200208.0,2020,9,14,3,3,5,2,0,1,0,0,0,0,0,797833.5347,5824902.021,13.38783859,52.49276699
2,2010104.0,,2100106.0,2020,9,14,6,3,3,6,0,0,0,0,0,0,1,799442.4498,5825663.528,13.41215034,52.49871256
2,2050801.0,,2500830.0,2020,9,12,5,3,0,1,0,1,0,0,0,0,0,802318.0611,5827476.536,13.45602898,52.51337719
4,4030623.0,,4300622.0,2020,9,18,5,3,3,6,0,1,0,0,0,0,0,793533.7353,5826475.852,13.32607653,52.50920497
8,8020727.0,,8200832.0,2020,9,13,1,3,0,5,0,0,0,0,0,1,0,801096.5155,5817106.222,13.42872502,52.42110045
8,8041037.0,,8401243.0,2020,9,17,3,3,1,5,0,1,0,0,0,0,0,805443.446,5817253.36,13.49258499,52.42001046
4,4030827.0,,4300623.0,2020,9,2,4,3,5,3,2,1,0,0,0,0,0,792725.1237,5826087.538,13.31385456,52.50615836
6,6030609.0,,6300633.0,2020,9,10,1,3,5,3,0,1,0,0,0,0,0,793274.6101,5818923.121,13.31562781,52.44163655
2,2030302.0,,2300316.0,2020,9,15,3,3,5,3,0,0,0,0,0,0,0,801612.494,5826024.495,13.44434773,52.50075298
4,4030519.0,,4300518.0,2020,9,8,3,3,5,2,0,0,0,0,1,0,0,792078.1448,5828573.632,13.30653204,52.52879239
1,1011105.0,,1100102.0,2020,9,18,1,3,5,2,1,1,0,0,0,0,1,796643.2152,5826640.567,13.37190639,52.50899952
9,9010101.0,,9100101.0,2020,9,16,3,3,5,2,0,1,0,0,0,0,0,802535.475,5824559.968,13.4565736,52.48711554
4,4020314.0,,4200311.0,2020,9,9,6,3,5,2,0,0,0,0,1,0,1,790024.888,5825236.71,13.27344124,52.49997271
1,1011202.0,,1100206.0,2020,9,21,4,2,2,2,2,0,0,0,0,0,0,797160.435,5827685.961,13.38043848,52.51808883
4,4051446.0,,4501043.0,2020,9,12,5,3,5,3,0,1,0,0,0,0,0,792875.3777,5824762.128,13.3148964,52.49419585
8,8020622.0,,8200726.0,2020,9,15,3,3,5,3,0,1,0,0,0,0,0,801245.4448,5819770.981,13.43330933,52.44490376
1,1033202.0,,1300835.0,2020,9,15,4,3,2,7,0,1,0,0,0,0,0,797261.8859,5829749.466,13.38377402,52.53653046
5,5030832.0,,5300841.0,2020,9,20,2,3,0,7,2,0,0,0,0,0,0,789667.618,5829233.852,13.2716733,52.53599761
4,4030415.0,,4300412.0,2020,9,17,3,3,1,5,0,1,0,0,0,0,0,790653.1259,5827350.37,13.28451582,52.51858751
1,1044101.0,,1400938.0,2020,9,13,6,3,5,2,0,1,0,0,0,0,1,794402.8698,5830548.728,13.3424521,52.54524727
4,4030931.0,,4501042.0,2020,9,18,2,3,1,5,1,1,0,0,0,0,0,794108.7338,5825965.223,13.33407337,52.50431777
3,3050923.0,,3500934.0,2020,9,7,3,3,0,7,0,0,1,0,0,0,0,801185.5494,5831980.644,13.44347229,52.55437456
11,11040926.0,,11400929.0,2020,10,16,4,3,0,1,0,0,0,0,0,0,1,804787.4252,5826285.917,13.49121518,52.50133204
3,3010101.0,,3100101.0,2020,10,17,3,3,5,2,1,1,0,0,0,0,0,801022.5187,5842286.518,13.45044528,52.64683587
9,9010402.0,,9100409.0,2020,10,20,6,2,0,1,2,0,0,0,0,0,0,806783.4516,5820227.156,13.51495655,52.44591331
3,3071536.0,,3701554.0,2020,10,13,3,3,5,7,0,1,0,0,0,0,0,799104.0843,5830031.888,13.41110822,52.53805404
3,3051021.0,,3501037.0,2020,10,15,6,3,5,3,0,1,0,0,0,0,0,803049.2221,5832687.663,13.47152233,52.55967763
12,12103218.0,,12100205.0,2020,10,14,6,3,5,3,0,1,0,0,0,0,0,794848.796,5833266.14,13.3514229,52.5693655
4,4020311.0,,4200309.0,2020,10,14,7,2,2,6,0,0,0,1,0,0,0,788976.5591,5827064.178,13.2596274,52.51691273
8,8020620.0,,8200624.0,2020,10,13,3,3,5,3,0,1,0,0,0,0,0,801169.2593,5820609.163,13.43294746,52.45245865
1,1011204.0,,1100207.0,2020,10,8,6,3,5,2,0,1,0,0,0,0,0,798311.6691,5826965.845,13.39670904,52.51100544
4,4030726.0,,4500936.0,2020,10,18,3,3,1,5,1,1,0,0,0,0,0,792147.7729,5825671.927,13.30500765,52.50274197
11,11010103.0,,11100102.0,2020,10,10,6,3,5,2,0,1,0,0,0,0,0,808724.6645,5834238.674,13.55642211,52.5703895
10,10010308.0,,10100311.0,2020,10,6,3,3,0,2,0,1,0,0,0,0,0,806486.7774,5829658.538,13.51927827,52.53060642
12,12103116.0,,12100102.0,2020,10,8,4,3,1,5,0,1,0,0,0,0,0,796566.7264,5833575.267,13.37697259,52.57120324
8,8010302.0,,8100313.0,2020,10,16,4,3,3,6,0,1,0,0,0,0,1,801954.6418,5824578.349,13.44806218,52.48760183
7,7030301.0,,7300517.0,2020,10,14,6,3,5,3,0,1,0,0,0,0,0,793895.8907,5822922.224,13.32826263,52.47715341
1,1033102.0,,1300733.0,2020,10,20,6,3,1,5,2,1,0,0,0,0,0,797263.5387,5831297.294,13.38518342,52.55040397
6,6020301.0,,6200311.0,2020,10,18,5,2,5,3,2,1,0,0,0,0,1,796305.2932,5818282.923,13.35951828,52.43426394
9,9052001.0,,9502042.0,2020,10,17,3,3,0,1,0,0,0,0,0,0,1,811714.3999,5822076.993,13.5890015,52.45970189
3,3050925.0,,3500936.0,2020,10,14,6,3,5,2,0,1,0,0,0,0,0,802266.1648,5831575.458,13.45899364,52.55014431
7,7010101.0,,7100101.0,2020,10,17,4,3,2,6,0,1,0,0,0,0,1,794647.3341,5825769.274,13.3418122,52.50227062
8,8010407.0,,8100418.0,2020,10,6,3,3,4,2,0,0,0,0,0,1,0,802488.8869,5823679.178,13.45509038,52.47924681
3,3040614.0,,3400722.0,2020,10,13,6,3,0,3,0,1,0,0,0,0,0,798695.1071,5833810.087,13.40849572,52.57214427
3,3020209.0,,3200205.0,2020,10,15,4,3,2,6,0,1,0,0,0,0,0,797073.2092,5834935.995,13.3856432,52.58312425
1,1022201.0,,1200623.0,2020,10,20,6,3,2,7,2,1,0,0,0,0,0,795567.6946,5829436.485,13.35858993,52.53464634
11,11030720.0,,11300721.0,2020,10,13,6,3,5,3,0,1,0,0,0,0,0,804613.2639,5829088.578,13.49122286,52.52654828
3,3061227.0,,3601244.0,2020,10,17,3,3,3,6,0,1,0,0,0,0,0,800125.6647,5830972.847,13.42697548,52.54592649
4,4051551.0,,4501148.0,2020,10,17,7,3,5,2,1,1,0,0,0,0,0,792818.8514,5823222.637,13.31271356,52.48042507
4,4030725.0,,4300416.0,2020,10,16,3,3,4,2,1,1,0,0,0,0,0,791481.7679,5825983.491,13.29549635,52.5058913
11,11051332.0,,11501341.0,2020,10,16,6,3,0,7,0,0,0,0,0,0,0,805870.245,5824434.561,13.50541809,52.48413362
6,6040810.0,,6400844.0,2020,10,8,4,3,3,6,0,1,0,0,0,0,0,791597.0166,5821685.832,13.29342951,52.46730146
1,1044103.0,,1400942.0,2020,10,15,3,3,5,3,0,1,0,0,0,0,0,794653.1342,5830528.323,13.34611386,52.54492906
2,2020202.0,,2200208.0,2020,10,23,2,3,5,3,2,0,0,0,0,0,0,797906.7645,5825273.399,13.3892461,52.49605599
1,1044101.0,,1400937.0,2020,10,8,4,3,5,7,0,1,0,0,0,0,1,793181.3962,5831957.273,13.32573504,52.55853285
2,2010104.0,,2100106.0,2020,10,14,7,3,3,6,0,0,0,0,0,0,0,798919.8533,5825586.935,13.40440611,52.49831249
7,7020203.0,,7200409.0,2020,10,7,5,3,0,7,0,1,0,0,0,0,0,795024.562,5823837.371,13.34564276,52.48474859
1,1022106.0,,1200522.0,2020,10,0,2,3,5,2,2,1,0,0,0,0,0,794572.0165,5828351.917,13.34299207,52.525463
4,4020310.0,,4200308.0,2020,10,11,6,3,5,2,0,1,0,0,0,0,0,790330.0525,5827542.665,13.27993568,52.52048354
2,2030301.0,,2300314.0,2020,10,9,4,3,5,2,0,1,0,0,0,0,0,799725.4778,5826049.584,13.41665462,52.50201758
1,1033102.0,,1300733.0,2020,10,18,2,3,5,2,1,1,0,0,0,0,1,797571.8762,5831890.295,13.39024897,52.55555111
7,7010103.0,,7100204.0,2020,10,21,5,3,5,3,2,0,0,0,0,0,0,795498.9485,5824721.773,13.35339267,52.49242007
2,2020204.0,,2200210.0,2020,10,15,7,3,5,3,0,1,0,0,0,0,0,798324.1612,5825388.793,13.39547957,52.49686236
3,3050925.0,,3500936.0,2020,10,17,5,3,5,3,0,1,0,0,0,0,0,802756.1285,5831731.77,13.4663402,52.5512732
2,2040701.0,,2400521.0,2020,10,16,2,3,5,2,0,0,0,0,0,1,1,800718.1279,5827874.25,13.43288304,52.51782642
4,4030417.0,,4300414.0,2020,10,15,4,3,1,5,0,1,0,0,0,0,0,791532.2283,5826907.267,13.29704685,52.51414589
6,6040806.0,,6400840.0,2020,10,17,1,3,1,1,0,1,0,0,0,0,0,789480.2487,5819073.196,13.26009129,52.4450039
2,2030402.0,,2300419.0,2020,10,17,5,3,1,5,0,1,0,0,0,0,0,801592.9916,5825659.605,13.44373088,52.4974932
9,9041402.0,,9401432.0,2020,10,9,5,1,5,2,0,0,0,0,1,0,0,812132.8645,5820049.421,13.59324592,52.44129326
8,8030831.0,,8301036.0,2020,10,8,2,3,5,2,0,0,0,0,0,1,0,803727.8755,5817997.424,13.46811074,52.42763426
2,2040702.0,,2400624.0,2020,10,9,3,3,1,5,0,1,0,0,0,0,0,801460.4985,5827607.622,13.44354902,52.51502676
8,8010404.0,,8100415.0,2020,10,22,7,3,5,3,2,1,0,0,0,0,0,801397.0552,5823746.531,13.43912316,52.48045416
7,7020204.0,,7200412.0,2020,10,15,2,3,0,7,0,0,0,0,0,0,1,796051.1974,5823250.873,13.36019656,52.47893543
1,1011105.0,,1100102.0,2020,10,19,3,3,5,2,2,1,0,0,0,0,1,796641.944,5826645.407,13.37189203,52.5090436
1,1011302.0,,1100309.0,2020,10,7,3,3,2,6,0,1,0,0,0,0,0,798241.8966,5829023.231,13.3975286,52.52948533
2,2010102.0,,2100102.0,2020,10,11,1,3,5,3,0,1,0,0,0,0,0,798334.1359,5825630.643,13.39584269,52.49902478
1,1011105.0,,1100102.0,2020,10,16,1,3,5,2,0,1,0,0,0,0,0,796642.9584,5826641.545,13.37190349,52.50900843
9,9041402.0,,9401432.0,2020,10,14,2,3,0,5,0,1,0,0,0,0,0,812409.6656,5820094.696,13.59734733,52.44154094
1,1011201.0,,1100205.0,2020,10,9,3,3,5,2,0,1,0,0,0,0,0,796952.6725,5826777.071,13.37657449,52.51005478
7,7020203.0,,7200409.0,2020,10,15,5,3,5,2,0,1,0,0,0,0,0,795238.1583,5824306.362,13.34919459,52.48883732
6,6010102.0,,6100102.0,2020,10,13,4,2,0,1,0,0,0,0,0,0,1,793742.8526,5820572.327,13.32394715,52.45616981
3,3020203.0,,3200204.0,2020,10,14,5,3,5,2,0,1,0,0,0,0,0,798057.6299,5837198.756,13.40216569,52.60286816
7,7020201.0,,7200307.0,2020,10,16,2,3,5,2,0,1,0,0,0,0,1,794964.1236,5824294.122,13.34515952,52.48887572
11,11020514.0,,11200513.0,2020,10,20,1,3,0,1,2,0,0,0,0,0,0,804561.6342,5830770.984,13.49200577,52.54165571
1,1044203.0,,1401049.0,2020,10,2,7,3,5,2,2,1,0,0,0,0,0,795901.0195,5831965.323,13.36574275,52.55713404
1,1033203.0,,1300836.0,2020,10,12,4,3,5,2,0,1,0,0,0,0,1,796653.7509,5831082.747,13.37602481,52.54881322
11,11041128.0,,11401137.0,2020,10,14,5,3,5,3,0,1,0,0,0,0,0,806411.7212,5825657.698,13.51449169,52.49479216
3,3061228.0,,3601245.0,2020,10,8,4,2,5,2,0,1,0,0,0,0,0,800318.9481,5831543.434,13.43033322,52.55093429
3,3040818.0,,3400826.0,2020,10,17,7,2,0,7,0,0,0,0,0,0,0,798733.2217,5832862.329,13.40820292,52.56362816
11,11020514.0,,11200513.0,2020,10,19,2,3,1,5,2,1,0,0,0,0,1,804530.4624,5830788.115,13.49156325,52.54182667
6,6010101.0,,6100101.0,2020,10,11,5,2,0,1,0,0,0,0,0,0,0,792477.797,5820808.465,13.3055894,52.4589652
7,7070701.0,,7601442.0,2020,10,11,4,3,5,2,0,0,0,0,1,0,0,798709.7237,5816024.209,13.39276523,52.41270943
1,3071536.0,,3701556.0,2020,10,16,2,3,5,3,1,1,0,0,0,0,1,799080.2823,5829017.503,13.40984557,52.52897467
10,10010102.0,,10100104.0,2020,10,12,5,3,5,3,0,1,0,0,0,0,0,810027.5514,5833616.144,13.57500293,52.56407029
4,4051655.0,,4501153.0,2020,10,15,5,3,5,2,0,1,0,0,0,0,0,794169.4052,5823922.268,13.33316061,52.48597105
4,4041344.0,,4400835.0,2020,10,15,2,3,5,2,0,1,0,0,0,0,0,793348.71,5822268.657,13.31965426,52.47158859
8,8010301.0,,8100312.0,2020,10,10,5,3,5,2,0,0,0,0,0,0,0,801696.5742,5824226.696,13.44395475,52.48459258
12,12304314.0,,12500824.0,2020,10,20,4,3,1,5,2,1,0,0,0,0,1,791336.8619,5835534.813,13.30174707,52.59159456
4,4030827.0,,4300623.0,2020,10,16,2,2,0,6,0,1,0,0,0,0,1,792414.1302,5826160.884,13.30935001,52.50698267
9,9051701.0,,9501736.0,2020,10,7,5,3,5,3,1,1,0,0,0,0,1,813013.5901,5821425.301,13.60745002,52.45311944
3,3040614.0,,3400721.0,2020,10,15,4,3,0,3,0,1,0,0,0,0,1,798056.7735,5833451.59,13.39878248,52.56928078
11,11051229.0,,11501238.0,2020,10,9,4,2,5,2,0,0,0,0,1,0,0,803700.4456,5826249.524,13.47521791,52.50161188
6,6030503.0,,6300526.0,2020,10,12,2,3,5,3,0,1,0,0,0,0,0,789359.0968,5817800.744,13.25721204,52.43365993
2,2010102.0,,2100103.0,2020,10,9,3,2,5,2,0,0,0,0,1,0,0,798684.189,5826450.105,13.40171911,52.50617868
1,1022101.0,,1200517.0,2020,10,9,5,3,1,5,0,1,0,0,0,0,0,793178.8858,5828287.489,13.32245946,52.52563637
2,2030302.0,,2300315.0,2020,10,19,3,3,5,2,2,1,0,0,0,0,1,800404.2607,5825784.459,13.42638539,52.49926792
11,11040926.0,,11400931.0,2020,10,9,5,3,0,7,0,0,0,0,0,1,0,805844.6058,5827143.516,13.50752883,52.50842667
2,2010102.0,,2100102.0,2020,10,17,6,3,3,6,0,1,0,0,0,0,0,798217.3689,5825851.751,13.39432566,52.50107056
2,2020205.0,,2200211.0,2020,10,18,1,3,0,1,1,0,0,0,0,0,0,797862.5906,5824587.576,13.3879842,52.4899325
10,10040933.0,,10400941.0,2020,10,18,2,3,4,5,1,1,0,0,0,0,1,813563.6148,5826217.777,13.62002278,52.49574972
1,1011201.0,,1100205.0,2020,10,19,5,2,5,2,2,1,0,0,0,0,0,797573.1612,5826520.109,13.38546063,52.5074133
2,2010102.0,,2100102.0,2020,10,18,7,3,5,2,1,1,0,0,0,0,0,798328.5879,5825628.209,13.39575902,52.499006
4,4020312.0,,4200308.0,2020,10,18,5,2,5,3,1,1,0,0,0,0,0,789629.9155,5827415.461,13.26953494,52.51971546
1,1011201.0,,1100207.0,2020,10,12,4,3,5,3,0,1,0,0,0,0,1,797895.4469,5826569.784,13.39023961,52.50768269
1,1022206.0,,1200628.0,2020,10,8,5,3,1,5,0,1,0,0,0,0,0,796013.021,5828138.104,13.36398025,52.5227659
9,9020701.0,,9200715.0,2020,10,6,4,3,5,3,1,1,0,0,0,0,0,808194.6179,5819624.748,13.53509874,52.43972091
12,12103115.0,,12100103.0,2020,10,14,4,2,0,2,0,0,0,0,1,0,1,795474.9155,5833411.749,13.36076391,52.57033124
7,7040404.0,,7400826.0,2020,10,17,2,3,1,7,0,1,0,0,0,0,0,797241.8325,5820415.09,13.37515068,52.45286872
2,2050802.0,,2500834.0,2020,10,18,5,3,5,3,0,1,0,0,0,0,0,802013.2525,5826919.051,13.45104511,52.50854929
3,3040614.0,,3400721.0,2020,10,7,5,3,5,3,0,0,0,0,0,0,0,798244.3848,5833440.135,13.40153211,52.56907534
12,12214424.0,,12200309.0,2020,10,7,5,3,5,2,0,1,0,0,0,0,0,793116.6017,5832638.118,13.32538341,52.56467115
10,10010310.0,,10100315.0,2020,10,9,4,2,5,2,0,1,0,0,0,0,0,809758.3033,5831511.142,13.56907939,52.54535956
6,6020302.0,,6200312.0,2020,10,11,2,3,5,3,0,1,0,0,0,0,0,794324.9003,5819194.119,13.331274,52.44350166
12,12103115.0,,12100103.0,2020,9,19,4,3,1,5,1,1,0,0,0,0,0,795368.6421,5833926.313,13.35965874,52.5750015
1,1044202.0,,1401046.0,2020,9,13,4,3,5,2,0,1,0,0,0,0,0,794899.575,5830225.226,13.34946839,52.5420787
2,2030301.0,,2300417.0,2020,10,19,7,3,0,7,2,0,0,0,0,0,0,800005.0133,5825464.854,13.42023374,52.49662279
9,9010401.0,,9100407.0,2020,10,18,5,3,5,2,2,1,0,0,0,0,1,806322.9286,5820936.523,13.50885229,52.45252914
2,2030401.0,,2300418.0,2020,10,9,2,3,5,3,0,0,0,0,0,0,0,801290.4725,5825361.52,13.43901844,52.49498849
4,4041136.0,,4400728.0,2020,9,14,4,3,3,6,0,1,0,0,0,0,0,790225.4,5822870.735,13.27432619,52.47865474
6,6030504.0,,6300528.0,2020,10,11,7,3,5,2,0,1,0,0,0,0,0,790624.7585,5816339.785,13.27450753,52.41989104
4,4030621.0,,4300620.0,2020,9,7,4,3,0,2,0,1,0,0,0,0,0,794162.0126,5827015.687,13.33578441,52.51370586