district,LOR,street,LOR_2021,year,month,hour,weekday,category,accident_kind,accident_type,light_condition,car,pedestrian,motorcycle,goods_vehicle,others,road_condition,LINREFX,LINREFY,XGCSWGS84,YGCSWGS84
7,7040405.0,,7400927.0,2020,11,8,2,3,6,7,0,0,1,0,0,0,1,799657.0247,5820978.675,13.41109209,52.45660188
3,3061228.0,,3601245.0,2020,11,8,6,3,5,2,0,0,0,0,1,0,0,800292.8817,5831595.851,13.42999734,52.55141849
7,7020203.0,,7200409.0,2020,11,12,3,3,1,5,0,1,0,0,0,0,0,795574.4458,5824148.945,13.35399334,52.48724423
1,1011101.0,,1100101.0,2020,11,15,4,3,5,2,0,1,0,0,0,0,0,795230.7448,5826625.915,13.35114189,52.50963442
12,12231101.0,,12400723.0,2020,11,18,1,3,0,7,2,0,0,0,0,0,0,791866.2495,5838585.327,13.31222979,52.6186573
1,1022104.0,,1200520.0,2020,11,22,3,3,5,3,2,1,0,0,0,0,0,794595.1924,5828438.912,13.34340976,52.52623033
4,4051551.0,,4501148.0,2020,11,8,4,3,6,4,0,0,1,0,0,0,0,792748.6095,5823284.958,13.31173693,52.48102142
11,11030618.0,,11300617.0,2020,11,15,2,3,6,4,0,0,1,0,0,0,1,803775.2063,5829027.405,13.47885173,52.52646761
2,2050802.0,,2500833.0,2020,11,17,3,3,1,5,2,1,0,0,0,0,0,802672.0828,5826987.819,13.46078548,52.50880053
4,4030827.0,,4300623.0,2020,11,9,4,3,1,5,0,1,0,0,0,0,0,792116.1734,5826473.391,13.3052467,52.50994385
6,6010209.0,,6100209.0,2020,11,14,1,3,2,2,0,1,0,0,0,0,0,794443.9499,5821519.275,13.33507067,52.4642815
3,3051022.0,,3501038.0,2020,11,12,5,3,5,3,0,1,0,0,0,0,0,803398.7186,5831665.205,13.47572763,52.55031908
5,5010209.0,,5100211.0,2020,11,8,6,3,0,1,0,0,0,0,0,0,0,783178.1308,5829268.922,13.17628342,52.53972294
2,2020203.0,,2200209.0,2020,11,14,4,3,1,5,0,1,0,0,0,0,0,797358.8918,5824532.138,13.38053804,52.48971016
9,9041402.0,,9401432.0,2020,11,15,3,3,0,7,0,0,1,0,0,0,1,812136.8362,5820291.882,13.59353063,52.44346378
6,6040804.0,,6400838.0,2020,11,18,6,3,0,6,2,0,0,0,0,1,0,786674.129,5818445.475,13.21837905,52.44085434
2,2030401.0,,2300417.0,2020,11,10,2,3,5,3,0,1,0,0,0,0,1,800302.9054,5825567.053,13.42470077,52.49737502
2,2030302.0,,2300315.0,2020,11,21,7,3,3,6,2,0,0,0,0,1,0,801131.0766,5825937.919,13.43719876,52.50024285
3,3020209.0,,3200205.0,2020,11,16,6,3,5,2,2,1,0,0,0,0,0,797439.9837,5835029.513,13.39112449,52.58376213
3,3051021.0,,3501037.0,2020,11,8,5,2,4,6,0,0,0,0,0,0,0,802851.7448,5832486.707,13.4684348,52.55798637
1,1011301.0,,1100308.0,2020,11,8,3,3,5,2,0,1,0,0,0,0,0,797258.5116,5829087.889,13.38313275,52.53060205
10,10010309.0,,10100312.0,2020,11,14,6,3,5,2,0,1,0,0,0,0,0,807934.6081,5829198.157,13.54012811,52.52566462
8,8010211.0,,8100206.0,2020,11,11,5,3,6,4,0,0,1,0,0,0,0,800607.4078,5823772.282,13.42755384,52.48112023
12,12214125.0,,12200412.0,2020,11,17,3,3,5,2,2,0,0,0,0,0,0,790738.3327,5834245.456,13.29180512,52.58035598
7,7030302.0,,7300618.0,2020,10,0,7,3,0,1,2,0,0,0,0,0,1,794963.8901,5822421.948,13.34349983,52.47209299
9,9020702.0,,9200716.0,2020,11,7,3,3,3,6,1,0,0,0,0,1,1,808959.9381,5819390.074,13.54610511,52.43718597
7,7020202.0,,7200308.0,2020,11,15,5,3,6,4,0,0,1,0,0,0,0,794650.3211,5823662.818,13.33999318,52.48338592
9,9051901.0,,9501939.0,2020,11,14,6,3,4,6,0,0,0,0,0,0,0,810784.325,5821279.708,13.57461452,52.45308663
11,11040926.0,,11400930.0,2020,11,9,3,3,2,2,0,1,0,0,0,0,0,806140.8728,5826705.713,13.51147792,52.50433678
1,1022101.0,,1200517.0,2020,11,19,4,3,5,2,2,1,0,0,0,0,0,793530.9685,5829122.921,13.32837189,52.53293613
11,11041128.0,,11401135.0,2020,11,11,2,3,5,3,0,1,0,0,0,0,1,806076.9117,5825257.178,13.50920747,52.49139041
4,4030620.0,,4300619.0,2020,11,10,6,3,5,2,0,1,0,0,0,0,1,792542.8955,5827127.512,13.31209148,52.51557918
5,5010314.0,,5100316.0,2020,10,12,7,3,4,6,0,0,0,0,0,1,1,784540.5632,5829079.209,13.19615554,52.53731223
8,8041036.0,,8401242.0,2020,11,12,3,3,5,3,0,1,0,0,0,0,0,805150.8209,5817151.825,13.48820269,52.41926367
10,10020415.0,,10200422.0,2020,11,22,6,2,5,2,2,1,0,0,0,0,0,812100.7084,5831520.825,13.60351929,52.54410964
9,9031001.0,,9301025.0,2020,11,8,5,3,0,7,0,0,0,0,0,0,0,811179.3499,5815153.184,13.57470992,52.39795843
9,9020802.0,,9200819.0,2020,11,6,2,3,0,7,2,1,0,0,0,0,1,810369.3453,5820351.915,13.56766528,52.44500779
2,2040503.0,,2400522.0,2020,11,14,4,3,2,6,0,0,0,0,0,0,0,801335.4887,5828710.741,13.44271166,52.52498324
1,1022206.0,,1200628.0,2020,11,13,3,3,5,7,0,1,0,0,0,0,0,795562.0929,5827763.362,13.35702034,52.51965127
3,3030406.0,,3300412.0,2020,11,14,6,3,5,3,0,1,0,0,0,0,0,803156.894,5839362.958,13.47921409,52.61944576
2,2040502.0,,2400521.0,2020,10,13,7,2,5,3,0,0,0,0,0,0,1,801051.0736,5828170.331,13.43804294,52.52029657
2,2040502.0,,2400521.0,2020,11,16,5,2,5,2,2,0,0,0,0,0,0,800711.4263,5828461.888,13.4333158,52.52309726
9,9051801.0,,9501838.0,2020,11,14,3,3,1,5,0,1,0,0,0,0,0,819949.2831,5819886.579,13.70769752,52.43531774
1,1011401.0,,1100415.0,2020,10,13,7,3,0,1,0,0,0,0,0,0,1,798322.3812,5829356.219,13.39901035,52.53242608
11,11041128.0,,11401137.0,2020,11,15,3,3,5,2,1,1,0,0,0,0,0,807104.8187,5825756.325,13.52475974,52.49528656
7,7050501.0,,7501030.0,2020,11,13,2,3,5,3,0,1,0,0,0,0,1,797555.4379,5820289.027,13.37963974,52.45156808
1,1022204.0,,1200626.0,2020,11,13,5,3,0,2,0,0,0,1,0,0,0,794999.4754,5828142.247,13.34908855,52.52335233
1,1011202.0,,1100206.0,2020,11,18,5,3,6,6,2,0,1,0,0,0,0,797657.476,5828076.985,13.38809192,52.52132283
6,6040703.0,,6400737.0,2020,11,17,2,3,5,2,1,1,0,0,0,0,0,787125.1253,5817227.445,13.22394966,52.42969706
3,3061227.0,,3601243.0,2020,11,7,4,3,5,3,0,1,0,0,0,0,0,799495.1759,5831784.713,13.41843783,52.55355051
1,1044203.0,,1401049.0,2020,11,23,7,3,1,5,2,1,0,0,0,0,0,796024.868,5831419.676,13.36707768,52.55217556
1,1011204.0,,1100207.0,2020,11,18,6,3,2,3,2,1,0,0,0,0,0,798610.0686,5827019.871,13.40114142,52.51132644
1,1011201.0,,1100205.0,2020,11,14,1,3,5,2,0,1,0,0,0,0,0,797473.2907,5826793.496,13.3842378,52.50991836
5,5020523.0,,5200528.0,2020,11,15,5,2,0,7,1,0,0,0,0,0,1,782688.4077,5826946.325,13.1671068,52.51915202
2,2030302.0,,2300316.0,2020,11,16,3,3,5,2,2,0,0,0,0,1,0,800745.5064,5826524.66,13.43206575,52.50571461
8,8030831.0,,8301036.0,2020,11,8,6,3,6,4,0,0,1,0,0,0,0,803943.4219,5817486.676,13.47080707,52.42293677
9,9020501.0,,9200510.0,2020,11,8,3,3,5,3,0,1,0,0,0,0,1,806409.5667,5822969.801,13.51198967,52.47070359
1,1022104.0,,1200520.0,2020,11,11,7,3,5,3,0,1,0,0,0,0,1,794265.3822,5829147.225,13.33918927,52.53275801
7,7040405.0,,7400927.0,2020,11,15,2,3,6,4,1,0,1,0,0,0,0,798063.6156,5821156.775,13.38787026,52.45906963
4,4061757.0,,4200207.0,2020,11,0,6,2,0,1,2,0,0,0,0,0,1,786611.8475,5825097.286,13.2231803,52.50052604
12,12214527.0,,12200515.0,2020,11,9,2,3,5,2,0,1,0,0,0,0,1,790052.8199,5835750.166,13.28303382,52.59421146
8,8010301.0,,8100312.0,2020,11,8,3,3,2,6,0,1,0,0,0,0,0,800931.2402,5824258.328,13.43274672,52.48529845
12,12231101.0,,12400723.0,2020,10,10,7,3,5,2,0,1,0,0,0,0,1,791294.4005,5838938.781,13.30411822,52.62213275
9,9052001.0,,9502043.0,2020,11,13,7,2,6,4,0,0,1,0,0,0,0,811079.3141,5821963.111,13.57957824,52.45904318
6,6010102.0,,6100102.0,2020,11,7,3,3,2,7,0,1,0,0,0,0,0,793525.6116,5820668.346,13.32084362,52.45714731
7,7030301.0,,7300517.0,2020,11,13,6,3,6,4,0,0,1,0,0,0,0,793924.7114,5822863.812,13.32863428,52.47661426
2,2020206.0,,2200212.0,2020,11,9,3,3,1,5,0,1,0,0,0,0,0,799975.7446,5824460.819,13.41889996,52.48763926
2,2030301.0,,2300314.0,2020,11,16,5,3,3,6,1,0,0,0,0,1,0,799900.6668,5825954.297,13.41914199,52.50106723
2,2030302.0,,2300316.0,2020,11,9,3,3,2,6,0,0,1,0,0,0,0,801207.378,5825943.315,13.43832428,52.50024911
2,2050802.0,,2500833.0,2020,10,11,7,3,1,5,0,1,0,0,0,0,1,802335.4568,5827096.149,13.45593899,52.50995815
1,1022202.0,,1200624.0,2020,11,9,6,3,5,2,0,1,0,0,0,0,0,795668.9128,5829732.336,13.36034106,52.53724347
5,5010314.0,,5100316.0,2020,11,22,3,3,5,3,2,1,0,0,0,0,0,784114.6908,5829010.29,13.18983449,52.53691651
2,2020205.0,,2200211.0,2020,11,21,6,3,5,2,2,1,0,0,0,0,0,798209.7274,5824528.841,13.39302919,52.4892165
9,9020801.0,,9200818.0,2020,11,11,1,3,2,2,0,1,0,0,0,0,0,810027.5129,5820461.506,13.5627536,52.44618384
2,2030302.0,,2300315.0,2020,11,14,5,3,5,2,0,1,0,0,0,0,0,800161.0194,5825745.484,13.42277777,52.49905241
4,4030930.0,,4501041.0,2020,10,14,6,3,5,3,0,1,0,0,0,0,1,792839.9369,5825507.006,13.31503076,52.50089247
1,1022202.0,,1200624.0,2020,11,7,6,3,5,2,1,1,0,0,0,0,1,796306.51,5828921.539,13.36899146,52.5296292
2,2040703.0,,2400624.0,2020,11,7,4,3,5,3,0,1,0,0,0,0,0,801911.462,5826830.771,13.44946978,52.50781437
7,7030301.0,,7300516.0,2020,11,19,7,3,0,2,0,1,0,0,0,0,0,793968.2994,5821696.291,13.32824536,52.46612449
4,4041136.0,,4400728.0,2020,11,12,5,3,0,2,0,1,0,0,0,0,0,790650.9165,5822759.32,13.28047694,52.47742959
10,10030725.0,,10300732.0,2020,11,15,3,3,5,3,0,1,0,0,0,0,1,810193.8554,5830016.96,13.57408698,52.53172171
9,9020802.0,,9200819.0,2020,11,14,4,2,5,2,0,1,0,0,0,0,0,809754.7756,5820507.73,13.55879631,52.44675266
2,2050602.0,,2500727.0,2020,10,16,6,3,2,6,0,1,0,0,0,0,1,802398.0692,5828296.074,13.45794925,52.52067832
3,3071638.0,,3701659.0,2020,11,12,2,3,1,5,0,1,0,0,0,0,1,800022.997,5829225.611,13.42388845,52.53032201
1,1011301.0,,1100308.0,2020,11,10,4,2,0,1,0,0,0,0,0,0,0,797569.8286,5828609.327,13.38728024,52.52614246
8,8010404.0,,8100416.0,2020,11,13,1,3,1,5,0,1,0,0,0,0,0,801994.0594,5823255.271,13.4474425,52.47572113
11,11010204.0,,11100203.0,2020,11,13,7,3,5,2,0,1,0,0,0,0,0,807658.8993,5833601.622,13.54015559,52.56528373
7,7010102.0,,7100103.0,2020,11,8,3,2,5,2,0,1,0,0,0,0,0,795703.6927,5825456.199,13.3570515,52.49889272
12,12231101.0,,12400723.0,2020,11,14,6,3,5,2,0,0,0,0,0,1,0,791291.6076,5838942.303,13.30408018,52.62216582
9,9031101.0,,9301126.0,2020,11,11,7,3,5,2,0,1,0,0,0,0,0,811059.3926,5818027.49,13.57562295,52.42378513
2,2030401.0,,2300418.0,2020,12,17,3,3,6,4,2,0,1,0,0,0,0,801220.1432,5825239.391,13.43787521,52.49393264
1,1011204.0,,1100207.0,2020,11,9,3,3,0,3,0,0,0,0,0,1,0,798716.3268,5827633.228,13.40325311,52.51676615
2,2030401.0,,2300417.0,2020,11,22,5,3,5,2,2,0,0,0,0,1,1,800793.0025,5825600.019,13.43192824,52.49740061
11,11030721.0,,11300723.0,2020,11,10,6,1,5,2,0,0,0,0,1,0,0,805214.5375,5828280.242,13.4993166,52.51896737
10,10040830.0,,10400837.0,2020,11,17,4,3,5,3,2,1,0,0,0,0,0,810633.4664,5825773.068,13.57658588,52.49343992
11,11010205.0,,11100204.0,2020,11,16,6,3,5,3,0,1,0,0,0,0,0,806479.5095,5833512.201,13.52272767,52.56514751
2,2010101.0,,2100101.0,2020,11,12,3,3,0,1,0,0,0,0,0,0,0,797855.8184,5825656.09,13.3888401,52.49951416
6,6020301.0,,6200311.0,2020,11,17,6,3,5,2,2,1,0,0,0,0,0,796240.3474,5818599.616,13.35884638,52.43713804
2,2040503.0,,2400522.0,2020,11,9,6,3,0,5,0,1,0,0,0,0,1,801526.8533,5828166.89,13.44503076,52.52000286
8,8010214.0,,8100209.0,2020,12,13,3,3,1,5,0,0,0,0,0,1,0,801329.7421,5822241.278,13.43677515,52.46699934
2,2030402.0,,2300419.0,2020,11,20,6,3,2,6,2,1,0,0,0,0,0,801661.5129,5825888.871,13.44494483,52.49951028
2,2020205.0,,2200211.0,2020,11,14,6,3,2,7,0,1,0,0,0,0,0,798315.5987,5824235.84,13.39432157,52.48653226
1,1011305.0,,1100312.0,2020,12,17,4,3,5,3,2,1,0,0,0,0,0,799716.8129,5827369.286,13.41771556,52.51385144
11,11030720.0,,11300721.0,2020,11,16,7,3,5,3,1,1,0,0,0,0,0,804919.8596,5829936.705,13.49650607,52.5339782
2,2010104.0,,2100106.0,2020,11,18,2,3,5,2,2,1,0,0,0,0,0,799071.5607,5825597.855,13.40664405,52.49832726
1,1011101.0,,1100101.0,2020,11,8,2,3,0,1,1,0,0,0,0,0,0,795297.8858,5826475.136,13.35199455,52.50824647
2,2030302.0,,2300315.0,2020,11,10,5,3,5,2,0,1,0,0,0,0,0,800733.2592,5825793.497,13.43122552,52.49916773
3,3061227.0,,3601243.0,2020,11,15,5,3,0,1,0,0,0,0,0,0,1,799908.3915,5831670.147,13.42441075,52.55229626
1,1044201.0,,1401045.0,2020,11,8,2,3,5,3,0,0,0,0,0,1,0,796689.4155,5831951.824,13.37732588,52.5565841
7,7040403.0,,7400823.0,2020,11,16,3,3,3,6,1,1,0,0,0,0,0,797248.7492,5820826.507,13.3756184,52.45655292
11,11040926.0,,11400929.0,2020,11,11,2,3,6,4,0,0,1,0,0,0,0,804498.605,5826389.248,13.48706792,52.50241939
2,2020203.0,,2200209.0,2020,11,13,2,3,5,2,0,1,0,0,0,0,0,797134.6422,5823996.751,13.37676766,52.48503307
2,2040703.0,,2500834.0,2020,11,14,6,2,0,1,0,0,0,0,0,0,0,801947.143,5826800.445,13.44996641,52.50752281
2,2020204.0,,2200210.0,2020,11,8,5,3,0,1,0,0,0,0,0,0,1,798285.3749,5825307.432,13.39483706,52.49615426
3,3050919.0,,3500932.0,2020,11,12,2,3,5,3,0,1,0,0,0,0,0,801098.424,5832288.577,13.44247042,52.55718276
3,3050923.0,,3500934.0,2020,11,7,5,3,5,2,0,1,0,0,0,0,0,800865.9041,5832081.588,13.43886336,52.555456
3,3061228.0,,3601245.0,2020,11,18,5,3,6,7,2,0,1,0,0,0,1,800161.8719,5830969.038,13.42750438,52.54587241
1,2010101.0,,2100101.0,2020,11,9,3,3,5,3,0,1,0,0,0,0,0,797046.0361,5826535.42,13.37773049,52.50783781
12,12214424.0,,12200309.0,2020,11,16,6,3,6,4,0,0,1,0,0,0,0,792934.6166,5832707.816,13.3227678,52.5653939
4,4031032.0,,4500937.0,2020,11,8,5,3,2,6,0,1,0,0,0,0,0,791919.3699,5825240.586,13.30127416,52.49899731
8,8010301.0,,8100311.0,2020,11,17,5,3,3,6,2,0,0,0,1,0,1,800649.693,5824382.732,13.42872518,52.48656862
3,3061227.0,,3601244.0,2020,11,8,5,3,0,1,0,0,0,0,0,0,0,800095.6173,5831667.356,13.42716132,52.55216812
7,7020202.0,,7200308.0,2020,12,16,3,3,1,5,2,1,0,0,0,0,0,794705.3978,5823894.186,13.34100644,52.48543027
3,3061131.0,,3601142.0,2020,11,19,2,3,5,2,2,1,0,0,0,0,0,799177.295,5831110.598,13.41315591,52.54768283
3,3020307.0,,3200309.0,2020,11,16,5,3,3,6,2,0,0,0,1,0,1,800453.5686,5836206.85,13.4365376,52.59265893
5,5030731.0,,5300737.0,2020,11,16,2,3,5,2,0,1,0,0,0,0,0,788038.3619,5829390.392,13.24785463,52.53826461
5,5020626.0,,5200631.0,2020,11,10,2,3,5,3,0,1,0,0,0,0,0,784791.3835,5827280.035,13.19830236,52.52104983
4,4030929.0,,4501040.0,2020,12,14,3,3,1,5,0,1,0,0,0,0,0,792309.1841,5825488.441,13.30721779,52.50101061
5,5010206.0,,5100208.0,2020,11,16,5,3,0,1,2,0,0,0,0,0,1,781543.9514,5830704.018,13.15346835,52.55343756
1,1033102.0,,1300733.0,2020,11,15,5,3,6,4,1,0,1,0,0,0,1,797206.9518,5831346.679,13.38439552,52.55087752
2,2050801.0,,2500832.0,2020,11,19,2,3,4,7,2,1,0,0,0,0,0,803470.8953,5827004.26,13.47253446,52.50850413
4,4020208.0,,4200206.0,2020,11,14,7,3,0,1,0,0,0,0,0,0,0,788690.9895,5825899.491,13.25442026,52.50662213
1,1011305.0,,1100312.0,2020,11,8,5,3,1,5,0,1,0,0,0,0,1,799336.0029,5827188.014,13.4119576,52.51243572
2,2020204.0,,2200210.0,2020,11,16,2,3,1,5,1,1,0,0,0,0,1,798840.9268,5824897.862,13.40262876,52.49217912
1,1011303.0,,1100310.0,2020,11,12,5,2,0,4,0,0,1,0,0,0,0,799668.5666,5828538.103,13.4180596,52.52435455
6,6030610.0,,6300634.0,2020,11,9,2,3,6,4,0,0,1,0,0,0,0,791973.9474,5819001.599,13.29661529,52.44303612
10,10020413.0,,10200418.0,2020,11,16,6,3,5,3,2,1,0,0,0,0,0,811457.0513,5831514.957,13.59405298,52.54442535
2,2030402.0,,2300419.0,2020,11,9,2,3,5,3,0,0,0,0,0,0,0,801064.576,5825685.49,13.43599387,52.49801696
1,1011402.0,,1100416.0,2020,11,8,4,2,0,1,0,0,0,0,0,0,0,798413.8939,5829421.805,13.40041434,52.53296388
8,8010301.0,,8100312.0,2020,11,12,7,3,0,5,0,1,0,0,0,0,0,801197.0894,5824083.96,13.4364924,52.48358895
1,1011101.0,,1100101.0,2020,11,13,5,3,0,7,0,0,0,0,0,0,0,794854.4344,5826264.373,13.34529288,52.50659698
4,4031032.0,,4500938.0,2020,11,19,4,3,5,2,2,1,0,0,0,0,0,792202.2339,5825203.669,13.30539684,52.49851497
1,1011103.0,,1100103.0,2020,11,7,4,3,2,2,1,1,0,0,0,0,0,795330.6946,5826165.885,13.35220221,52.5054565
9,9051901.0,,9501941.0,2020,11,15,4,3,5,2,0,1,0,0,0,0,0,812064.2322,5821298.345,13.59340602,52.45252451
1,1011306.0,,1100313.0,2020,11,11,4,3,5,3,0,1,0,0,0,0,0,800491.8381,5826850.49,13.42863371,52.50877489
3,3071536.0,,3701554.0,2020,11,8,3,3,3,6,0,0,0,0,0,0,0,799210.2137,5829290.699,13.41200108,52.53135216
2,2020203.0,,2200208.0,2020,11,20,6,3,5,2,2,1,0,0,0,0,0,797837.2824,5824927.789,13.38791666,52.49299591
4,4041135.0,,4400729.0,2020,11,15,2,2,0,7,1,0,0,0,0,0,0,790551.7897,5822376.473,13.27868796,52.47405006
4,4030620.0,,4300619.0,2020,11,12,4,3,2,3,0,1,0,0,0,0,0,792004.8915,5827399.099,13.30442399,52.51830221
5,5010314.0,,5100317.0,2020,11,12,4,3,3,6,0,1,0,0,0,0,0,785326.9637,5828636.923,13.20733902,52.53293557
4,4030415.0,,4300412.0,2020,11,11,4,3,6,7,0,0,1,0,0,0,0,790958.5432,5827409.056,13.2890556,52.51895075
11,11030721.0,,11300722.0,2020,11,8,2,3,5,2,0,1,0,0,0,0,0,803791.3998,5827705.822,13.47788274,52.51461365
2,2020206.0,,2200213.0,2020,11,10,4,3,5,3,0,1,0,0,0,0,0,799510.5895,5824913.598,13.41247686,52.49195314
8,8010404.0,,8100417.0,2020,11,14,4,3,5,2,0,1,0,0,0,0,0,802576.2331,5823077.835,13.45582703,52.47380857
2,2030302.0,,2300315.0,2020,11,17,4,3,5,2,2,1,0,0,0,0,1,800669.3193,5825803.889,13.43029583,52.49929611
4,4030417.0,,4300414.0,2020,11,14,7,3,5,2,0,1,0,0,0,0,0,790945.2785,5826751.364,13.28828553,52.51306164
1,1011202.0,,1100206.0,2020,11,22,4,3,5,2,2,1,0,0,0,0,0,797204.0024,5827496.82,13.38090971,52.51636966
3,3061228.0,,3601245.0,2020,11,6,2,3,5,2,1,1,0,0,0,0,1,800560.7142,5831407.008,13.43376469,52.54957813
4,4030828.0,,4300624.0,2020,11,18,4,3,0,1,2,0,0,0,0,0,0,793177.0268,5826080.611,13.32048754,52.50585362
12,12231102.0,,12400721.0,2020,12,13,3,3,5,3,0,1,0,0,0,0,0,790577.9353,5840571.307,13.29499959,52.63715157
3,3061434.0,,3601451.0,2020,11,18,4,3,6,7,2,0,1,0,0,0,0,801601.3904,5829978.415,13.44776919,52.53619844
1,1011301.0,,1100308.0,2020,11,10,2,3,2,6,0,1,0,0,0,0,0,796460.2835,5829331.877,13.37161761,52.53322385
3,3040614.0,,3400721.0,2020,11,7,4,3,5,3,0,1,0,0,0,0,1,797589.3776,5833292.353,13.39176374,52.56810915
6,6030504.0,,6300528.0,2020,11,17,4,3,5,3,2,1,0,0,0,0,0,790523.8112,5817554.19,13.27408207,52.43083213
5,5030832.0,,5300839.0,2020,12,13,3,3,5,7,0,1,0,0,0,0,0,788869.9414,5830065.644,13.26066871,52.54387824
8,8010303.0,,8100314.0,2020,11,17,1,3,5,2,2,1,0,0,0,0,1,800672.6865,5824170.173,13.42887105,52.48465072
11,11020514.0,,11200513.0,2020,11,15,4,3,1,5,0,1,0,0,0,0,0,804839.3515,5831052.746,13.49634669,52.54402569
8,8010510.0,,8100521.0,2020,11,14,4,3,1,5,0,1,0,0,0,0,0,802712.6113,5822559.319,13.45735827,52.46908554
12,12103219.0,,12100204.0,2020,11,15,6,3,4,6,0,1,0,0,0,0,0,795725.4108,5832398.788,13.36354623,52.56111502
8,8010118.0,,8100105.0,2020,11,10,2,3,3,6,0,1,0,0,0,0,0,801077.6546,5821977.93,13.4328379,52.46477784
4,4030519.0,,4300518.0,2020,11,19,3,1,3,6,2,1,0,0,0,0,1,792110.8292,5827689.526,13.30623586,52.52084908
1,1033101.0,,1300730.0,2020,11,17,3,3,4,6,2,0,0,0,0,0,1,796426.9843,5831989.217,13.37349966,52.55706219
2,2010102.0,,2100102.0,2020,11,18,2,3,1,5,2,1,0,0,0,0,1,798277.9974,5825703.381,13.39508329,52.49970748
3,3061228.0,,3601245.0,2020,11,14,1,3,5,2,0,1,0,0,0,0,0,800290.2212,5831597.361,13.42995959,52.55143349
6,6010102.0,,6100102.0,2020,11,19,3,3,5,2,2,1,0,0,0,0,1,793288.65,5821101.007,13.31774631,52.4611532
1,1011304.0,,1100311.0,2020,11,17,1,3,5,2,2,1,0,0,0,0,1,799726.1547,5827767.82,13.41821181,52.51741853
2,2050802.0,,2500834.0,2020,11,2,7,2,1,5,2,1,0,0,0,0,0,802175.7635,5826881.881,13.45339858,52.50812615
3,3040614.0,,3400721.0,2020,11,16,3,3,5,2,0,1,0,0,0,0,1,798011.2496,5833239.189,13.39792196,52.56740182
10,10010310.0,,10100313.0,2020,11,7,3,3,5,2,0,1,0,0,0,0,0,808511.228,5831160.344,13.55042184,52.54292336
12,12214125.0,,12200412.0,2020,11,21,5,3,0,5,2,1,0,0,0,0,0,789840.3085,5833535.384,13.27796814,52.57446928
12,12231101.0,,12400723.0,2020,11,7,2,2,5,3,0,0,0,1,0,0,0,792114.7896,5838097.585,13.3154598,52.61415138
6,6030608.0,,6300632.0,2020,11,15,1,3,5,3,0,1,0,0,0,0,0,792507.3793,5817731.607,13.30332976,52.43136567
9,9051701.0,,9501736.0,2020,11,12,3,3,5,3,0,1,0,0,0,0,1,812213.8786,5821374.257,13.595672,52.45311934
2,2010103.0,,2100105.0,2020,11,11,3,3,5,3,0,1,0,0,0,0,1,798901.2341,5825747.484,13.40427673,52.49976179
2,2020205.0,,2200211.0,2020,11,9,5,3,5,3,0,1,0,0,0,0,0,798641.3171,5824517.847,13.39935689,52.48888202
10,10010309.0,,10100312.0,2020,11,17,3,2,4,6,2,1,0,0,0,0,0,808287.8833,5829241.839,13.54535943,52.52585645
6,6020304.0,,6200314.0,2020,11,14,5,3,0,5,0,0,0,0,0,1,0,794547.0751,5817693.709,13.33321126,52.42993152
8,8010405.0,,8100418.0,2020,11,10,3,3,1,5,0,1,0,0,0,0,0,802024.506,5823525.113,13.44813379,52.47812292
4,4020313.0,,4200311.0,2020,11,15,4,3,5,3,0,0,0,0,0,1,0,790739.8531,5826718.102,13.28523788,52.51287298
1,1011202.0,,1100206.0,2020,11,15,7,3,0,1,0,0,0,0,0,0,0,797154.9588,5827718.0,13.38038663,52.51837901
1,1022204.0,,1200626.0,2020,11,10,3,3,5,2,0,0,0,0,0,1,0,794549.3086,5828209.8,13.34253244,52.52420128
11,11030618.0,,11300617.0,2020,11,8,6,3,5,2,0,1,0,0,0,0,0,803074.5716,5829522.598,13.46900717,52.53129584
1,1022101.0,,1200517.0,2020,11,8,3,3,5,2,0,1,0,0,0,0,0,793528.5779,5828175.151,13.32749998,52.52444115
12,12103116.0,,12100102.0,2020,11,8,3,3,5,3,0,1,0,0,0,0,0,796595.5051,5833590.238,13.37740937,52.57132176
1,1011306.0,,1100313.0,2020,11,8,4,3,7,7,0,0,0,0,0,0,0,800106.4789,5826882.849,13.42300188,52.50927706
6,6030501.0,,6300524.0,2020,11,16,3,3,5,2,1,1,0,0,0,0,1,788539.5441,5816879.857,13.24439571,52.42583655
12,12301203.0,,12500930.0,2020,11,16,7,3,5,2,1,1,0,0,0,0,0,793930.2742,5835301.5,13.33971428,52.58810779
8,8010303.0,,8100314.0,2020,11,18,2,3,1,5,2,1,0,0,0,0,0,801400.5954,5823861.162,13.43927876,52.48147968
12,12214126.0,,12200413.0,2020,11,14,7,3,1,5,0,1,0,0,0,0,0,790718.2228,5834012.478,13.29130484,52.57827811
3,3050923.0,,3500934.0,2020,11,11,2,2,5,2,0,1,0,0,0,0,0,800324.457,5831637.07,13.43049892,52.55177053
2,2030302.0,,2300315.0,2020,11,13,2,3,5,3,0,1,0,0,0,0,0,800678.7425,5825793.301,13.43042467,52.49919601
4,4030623.0,,4300622.0,2020,11,10,2,3,1,5,0,1,0,0,0,0,1,793377.954,5826610.595,13.32390651,52.51049669
2,2020206.0,,2200212.0,2020,11,14,2,3,1,5,0,0,0,0,0,1,0,799529.28,5824527.611,13.41240438,52.48848308
7,7060601.0,,7601236.0,2020,11,18,2,3,5,3,2,0,0,0,0,1,1,797070.4747,5817409.257,13.3699647,52.42601726
1,1011201.0,,1100205.0,2020,11,13,3,3,5,2,0,1,0,0,0,0,0,796974.3106,5826707.178,13.37683002,52.50941648
6,6040805.0,,6400839.0,2020,11,14,2,3,5,3,0,1,0,0,0,0,0,788459.1307,5818048.514,13.24422454,52.43635669
2,2050801.0,,2500831.0,2020,11,16,2,3,4,2,1,1,0,0,0,0,0,802755.335,5827479.256,13.46245544,52.51315904
2,2040701.0,,2400623.0,2020,11,17,4,3,5,2,2,1,0,0,0,0,0,800602.4265,5827107.933,13.43049076,52.51102151
10,10020517.0,,10200524.0,2020,11,7,3,2,5,3,2,1,0,0,0,0,0,813275.2877,5830405.167,13.61973158,52.53343832
2,2030301.0,,2300417.0,2020,11,12,6,3,2,6,0,1,0,0,0,1,0,799974.0996,5825683.732,13.41997685,52.49860168
7,7020202.0,,7200308.0,2020,11,15,2,3,2,6,1,1,0,0,0,0,0,794638.4882,5823468.021,13.33964727,52.48164606
11,11051229.0,,11501238.0,2020,11,15,2,3,5,2,0,0,0,0,0,1,0,805346.5977,5824619.425,13.49790003,52.48608354