district,LOR,street,LOR_2021,year,month,hour,weekday,category,accident_kind,accident_type,light_condition,car,pedestrian,motorcycle,goods_vehicle,others,road_condition,LINREFX,LINREFY,XGCSWGS84,YGCSWGS84
5,5010339.0,,5100317.0,2020,11,8,4,3,5,3,0,1,0,0,0,0,0,788000.9017,5827876.631,13.24599229,52.52471288
1,1033201.0,,1300834.0,2020,11,23,2,2,0,1,2,0,0,0,0,0,1,798522.026,5830231.044,13.40273067,52.54015835
3,3020307.0,,3200310.0,2020,11,14,2,3,5,3,0,1,0,0,0,0,0,799543.5762,5837777.265,13.42456496,52.60723685
7,7040401.0,,7400721.0,2020,12,16,3,2,1,5,2,1,0,0,0,0,0,797430.757,5822909.032,13.38014528,52.4751216
3,3010102.0,,3100103.0,2020,11,7,2,3,5,3,0,0,0,0,0,1,0,804398.4259,5841003.461,13.49900722,52.63345436
4,4030931.0,,4501042.0,2020,11,12,2,3,5,2,0,1,0,0,0,0,0,794484.3102,5825863.175,13.33950048,52.50320039
1,1044202.0,,1401046.0,2020,11,11,2,3,0,2,0,1,0,0,0,0,1,794896.2574,5830252.521,13.34944384,52.54232518
8,8010404.0,,8100416.0,2020,11,17,6,3,5,3,2,1,0,0,0,0,0,801646.2976,5823294.793,13.44237352,52.47626754
12,12214527.0,,12200515.0,2020,11,7,2,3,0,2,0,1,0,0,0,0,1,789909.3148,5835708.268,13.28088453,52.59391237
10,10010102.0,,10100104.0,2020,11,9,6,2,5,2,0,1,0,0,0,0,0,809959.617,5834672.817,13.5749913,52.57357826
3,3061131.0,,3601142.0,2020,11,14,5,3,0,3,0,1,0,0,0,0,1,798709.4419,5830318.213,13.40556425,52.54083699
2,2030302.0,,2300315.0,2020,11,18,2,3,5,3,1,1,0,0,0,0,0,800798.9208,5825809.963,13.43220476,52.49927913
9,9020802.0,,9200819.0,2020,11,9,2,3,4,7,0,0,0,0,0,0,1,810546.9927,5819985.91,13.56993054,52.44162692
12,12224230.0,,12400618.0,2020,11,6,2,3,0,6,2,1,0,0,0,0,1,786237.4201,5838978.131,13.22965461,52.62517349
4,4020311.0,,4200310.0,2020,11,7,6,3,5,7,1,1,0,0,0,0,0,790012.1943,5826400.965,13.27426897,52.51041719
4,4030415.0,,4300412.0,2020,11,9,6,3,5,3,0,1,0,0,0,0,1,790673.7924,5827899.213,13.28529918,52.52349687
4,4030725.0,,4300416.0,2020,11,7,5,3,5,3,2,1,0,0,0,0,0,791578.8933,5826514.22,13.29738819,52.51059732
1,1011204.0,,1100207.0,2020,11,8,2,3,1,5,0,1,0,0,0,0,1,798553.3231,5826825.067,13.400133,52.50961134
9,9020802.0,,9200819.0,2020,11,12,4,3,5,2,0,1,0,0,0,0,0,809965.2336,5820291.139,13.56168212,52.44469236
3,3061126.0,,3601141.0,2020,11,8,6,3,2,2,0,1,0,0,0,0,0,798989.5708,5831775.206,13.41099415,52.55374308
12,12103219.0,,12100204.0,2020,11,10,2,3,5,2,0,1,0,0,0,0,0,795593.6213,5833150.9,13.36227785,52.56792854
1,1011301.0,,1100308.0,2020,11,8,4,3,1,5,0,1,0,0,0,0,0,797056.1155,5828298.526,13.37945265,52.52363663
5,5010101.0,,5100101.0,2020,11,10,7,3,5,3,0,1,0,0,0,0,1,782942.2679,5834314.412,13.17711761,52.58508443
2,2050801.0,,2500830.0,2020,11,9,2,3,0,1,0,1,0,0,0,0,1,802333.3509,5827469.091,13.45624684,52.51330199
10,10040933.0,,10400941.0,2020,11,10,2,3,5,3,0,1,0,0,0,0,0,812388.4041,5823984.047,13.60067471,52.47640667
3,3061131.0,,3601142.0,2020,11,14,1,3,5,2,0,1,0,0,0,0,0,799164.7771,5831007.126,13.41287864,52.54676224
1,1011402.0,,1100416.0,2020,11,10,2,3,0,3,0,1,0,0,0,0,1,798678.2677,5829460.13,13.40433472,52.5331626
4,4030828.0,,4300624.0,2020,11,7,6,3,5,2,0,1,0,0,0,0,1,793140.7029,5826081.816,13.31995496,52.50588393
3,3040614.0,,3400721.0,2020,11,13,3,3,5,2,0,1,0,0,0,0,0,797786.5495,5832951.454,13.39435825,52.56494563
1,1011201.0,,1100205.0,2020,11,12,3,2,6,4,0,0,1,0,0,0,0,796957.239,5826782.865,13.37664674,52.51010423
4,4051654.0,,4501150.0,2020,11,8,4,2,5,3,0,1,0,0,0,0,0,793455.728,5823833.612,13.32260252,52.48556035
2,2050802.0,,2500833.0,2020,11,16,1,3,0,6,0,1,0,0,0,0,0,802273.6416,5827112.389,13.45504568,52.51013797
9,9010301.0,,9100305.0,2020,12,15,3,3,5,2,1,1,0,0,0,0,0,804919.2886,5822560.631,13.48974422,52.46787019
2,2050802.0,,2500834.0,2020,11,16,1,3,5,2,1,1,0,0,0,0,0,802551.4834,5826716.091,13.45876698,52.50643194
2,2030302.0,,2300316.0,2020,11,16,5,3,5,3,0,1,0,0,0,0,1,800619.5358,5826270.125,13.42998554,52.50350255
11,11030619.0,,11300620.0,2020,11,6,2,3,0,2,1,1,0,0,0,0,0,803849.341,5829048.351,13.47996028,52.52661402
7,7030301.0,,7300516.0,2020,12,11,7,3,5,2,0,1,0,0,0,0,0,794134.1176,5821850.507,13.33081515,52.46741772
1,1033203.0,,1300836.0,2020,12,17,5,3,5,2,2,1,0,0,0,0,1,796936.277,5830145.192,13.37934109,52.5402552
3,3061429.0,,3601449.0,2020,12,19,3,2,5,3,2,0,0,0,0,1,0,801415.2368,5830908.423,13.44587662,52.54463715
2,2020204.0,,2200210.0,2020,12,16,3,3,5,3,2,1,0,0,0,0,0,798174.2536,5824851.443,13.39279696,52.4921276
6,6020407.0,,6200419.0,2020,12,10,7,2,5,3,0,1,0,0,0,0,0,793559.2202,5815872.203,13.31712508,52.41413311
1,1011301.0,,1100308.0,2020,12,19,3,3,0,3,2,0,0,0,0,1,0,796927.8682,5828127.073,13.37741485,52.52216959
2,2020204.0,,2200210.0,2020,12,9,6,3,5,2,0,1,0,0,0,0,1,798490.2884,5825225.182,13.39777283,52.49530497
2,2040701.0,,2400521.0,2020,12,7,5,3,5,3,1,1,0,0,0,0,0,800426.3893,5827977.804,13.42869,52.5189154
6,6030504.0,,6300528.0,2020,12,9,6,3,5,2,0,1,0,0,0,0,1,790738.7156,5817061.529,13.27680581,52.42630113
11,11010103.0,,11100102.0,2020,12,19,5,3,3,6,2,0,0,0,0,1,0,807285.097,5834173.783,13.53518815,52.57062249
2,2020203.0,,2200209.0,2020,12,20,3,3,5,2,2,0,0,0,0,1,0,797769.8498,5824017.133,13.38611267,52.48486973
9,9041301.0,,9401329.0,2020,12,6,2,3,5,2,1,1,0,0,0,0,1,811680.4759,5819984.371,13.58655123,52.44096833
3,3051017.0,,3501037.0,2020,12,15,3,3,5,3,0,1,0,0,0,0,0,802304.1932,5833113.476,13.46095353,52.56390824
4,4031032.0,,4500938.0,2020,12,9,7,3,0,1,0,0,0,0,0,0,1,791841.6038,5824799.334,13.29974521,52.49508314
10,10020517.0,,10200524.0,2020,12,11,2,3,6,4,0,0,1,0,0,0,1,812587.6753,5830348.828,13.60957439,52.53332821
9,9020802.0,,9200819.0,2020,12,13,7,3,5,3,0,0,0,0,0,0,0,810503.6516,5820302.454,13.56958907,52.4444883
8,8010405.0,,8100418.0,2020,12,19,6,3,5,2,2,1,0,0,0,0,0,802117.8523,5823636.846,13.4496053,52.47907276
1,1011401.0,,1100415.0,2020,12,8,4,3,0,1,1,0,0,0,0,0,1,798290.3341,5829368.487,13.39855031,52.53255359
6,6020411.0,,6200423.0,2020,12,11,5,2,5,2,0,0,0,0,1,0,0,793381.2312,5816238.302,13.31483653,52.41751055
6,6010206.0,,6100206.0,2020,12,7,2,2,0,5,2,1,0,0,0,0,0,794468.1453,5819917.131,13.33401273,52.44990601
10,10040829.0,,10400836.0,2020,12,12,7,3,0,1,0,0,0,0,0,0,2,811214.5808,5827849.339,13.5870581,52.51171518
5,5010208.0,,5100210.0,2020,12,13,7,3,1,5,0,1,0,0,0,0,0,783670.5067,5829737.655,13.18392417,52.54366957
11,11051229.0,,11501238.0,2020,12,17,2,3,5,2,2,1,0,0,0,0,0,804096.9728,5825993.993,13.48080827,52.49910081
1,1011304.0,,1100311.0,2020,12,22,2,3,5,3,2,1,0,0,0,0,1,800053.4083,5828096.684,13.4233168,52.52018631
3,3020307.0,,3200308.0,2020,12,18,7,3,0,1,2,0,0,0,0,0,0,800189.9488,5836569.31,13.43298616,52.59605327
4,4030930.0,,4501041.0,2020,12,12,7,3,1,5,0,1,0,0,0,0,0,793362.8876,5825685.531,13.32286996,52.50221198
2,2040701.0,,2400623.0,2020,12,20,6,3,2,6,2,0,0,0,0,1,0,800588.4846,5827035.375,13.43022042,52.51037883
6,6040810.0,,6400844.0,2020,12,10,2,3,5,3,0,1,0,0,0,0,1,791192.0493,5820067.468,13.28607321,52.45300871
8,8010117.0,,8100102.0,2020,12,12,3,3,5,2,0,1,0,0,0,0,0,800477.5149,5823615.375,13.42550548,52.47978529
8,8030830.0,,8300935.0,2020,12,18,2,3,0,1,2,0,0,0,0,0,1,803182.1678,5817604.116,13.45975282,52.42441168
8,8020621.0,,8200729.0,2020,12,10,7,3,0,1,0,0,0,0,0,0,2,799827.6151,5818966.827,13.41178954,52.43847492
3,3040818.0,,3400828.0,2020,12,14,2,3,5,3,0,1,0,0,0,0,1,799809.9676,5832097.331,13.42334924,52.55617941
1,1011303.0,,1100310.0,2020,12,18,5,3,4,2,2,1,0,0,0,0,1,799046.5195,5828346.145,13.4087456,52.52297546
2,2050602.0,,2500728.0,2020,12,10,5,3,1,5,0,1,0,0,0,0,0,802914.5919,5827958.151,13.46523102,52.51736289
9,9030901.0,,9300920.0,2020,12,22,6,3,5,3,2,1,0,0,0,0,0,808079.2043,5816930.249,13.53092431,52.41563739
2,2030301.0,,2300314.0,2020,12,11,3,3,5,2,0,1,0,0,0,0,0,799912.0863,5825985.317,13.41933766,52.501339
4,4030726.0,,4500936.0,2020,12,20,2,3,1,5,2,1,0,0,0,0,0,791726.7549,5825433.959,13.29861415,52.50083388
2,2020206.0,,2200213.0,2020,12,20,7,3,1,5,2,1,0,0,0,0,0,799971.0113,5825356.681,13.41963697,52.49567188
3,3071639.0,,3701660.0,2020,12,7,2,3,5,2,0,1,0,0,0,0,1,800902.5054,5829193.263,13.43678548,52.52954731
12,12301203.0,,12500926.0,2020,12,16,2,3,5,2,2,1,0,0,0,0,1,793864.4207,5835438.706,13.33886672,52.58937333
9,9020702.0,,9200717.0,2020,12,16,3,3,1,5,2,1,0,0,0,0,0,809160.3202,5819527.817,13.54917088,52.43830719
1,1022202.0,,1200624.0,2020,12,11,4,3,5,2,0,1,0,0,0,0,1,795668.9128,5829732.336,13.36034106,52.53724347
3,3061126.0,,3601141.0,2020,12,8,6,3,5,2,0,1,0,0,0,0,0,799034.1173,5831781.111,13.41165455,52.55377155
6,6030610.0,,6300634.0,2020,12,12,2,3,5,2,0,1,0,0,0,0,1,792774.4331,5817967.696,13.3074533,52.43333931
4,4051654.0,,4501150.0,2020,12,12,4,3,5,2,0,1,0,0,0,0,0,793662.0519,5823955.197,13.32573939,52.48653938
12,12301203.0,,12500926.0,2020,12,11,2,3,5,7,0,1,0,0,0,0,0,793711.6268,5836142.619,13.33724197,52.59576593
1,1011305.0,,1100312.0,2020,12,13,1,3,0,6,0,0,0,0,0,0,0,799625.8642,5826984.24,13.41603267,52.51045006
7,7010102.0,,7100103.0,2020,12,9,6,3,1,5,0,1,0,0,0,0,0,795980.6512,5825362.249,13.36103602,52.49790041
1,1033203.0,,1300836.0,2020,12,14,7,3,5,3,0,1,0,0,0,0,0,797151.346,5831087.228,13.38334566,52.5485822
4,4041238.0,,4400830.0,2020,12,13,5,3,1,5,0,1,0,0,0,0,0,791315.0361,5822611.404,13.29009861,52.47574968
4,4030930.0,,4501041.0,2020,12,14,3,3,5,3,0,1,0,0,0,0,0,793125.7418,5825377.038,13.31911473,52.49957391
9,9030903.0,,9300923.0,2020,12,7,4,3,5,3,0,1,0,0,0,0,1,808346.0944,5816141.467,13.53410962,52.40841793
8,8010301.0,,8100311.0,2020,12,20,7,3,1,5,2,1,0,0,0,0,0,800821.8873,5824463.426,13.43132628,52.48719706
7,7010101.0,,7100101.0,2020,12,17,6,2,6,4,2,0,1,0,0,0,1,794588.4831,5825231.64,13.34047213,52.49748284
7,7040404.0,,7400826.0,2020,12,15,2,2,5,3,1,1,0,0,0,0,0,797023.7127,5820688.658,13.37219363,52.45543957
8,8010301.0,,8100312.0,2020,12,6,4,3,2,1,2,1,0,0,0,0,0,801392.4233,5824153.896,13.43942343,52.48410803
12,12302211.0,,12601031.0,2020,12,16,5,3,3,2,2,1,0,0,0,0,0,792923.5514,5837077.225,13.32646749,52.60456917
8,8010404.0,,8100415.0,2020,12,10,2,3,1,5,0,1,0,0,0,0,1,801581.2799,5823669.151,13.44175767,52.47965889
1,1011402.0,,1100416.0,2020,12,15,6,3,0,1,1,0,0,0,0,0,1,798385.1966,5829408.824,13.39998087,52.53286323
11,11020515.0,,11200514.0,2020,12,10,2,3,3,6,0,1,0,0,0,0,0,804935.085,5830510.357,13.4972562,52.539111
8,8010407.0,,8100418.0,2020,12,22,1,2,0,1,2,0,0,0,0,0,1,802516.3301,5823715.913,13.45552657,52.47956086
4,4041239.0,,4400830.0,2020,12,13,4,3,2,7,0,1,0,0,0,0,1,791981.1795,5823186.044,13.30038187,52.48054555
8,8020728.0,,8200833.0,2020,12,14,6,3,5,2,0,1,0,0,0,0,0,801974.6198,5817595.356,13.44204018,52.42500088
4,4030417.0,,4300414.0,2020,12,19,1,3,5,3,2,1,0,0,0,0,1,791546.4074,5826647.012,13.29702719,52.51180515
4,4041238.0,,4400830.0,2020,12,8,5,3,5,3,0,1,0,0,0,0,0,790858.7237,5822868.778,13.28362355,52.47830025
1,1033101.0,,1300732.0,2020,12,19,2,3,5,3,2,1,0,0,0,0,0,797630.7917,5832828.469,13.39195679,52.56392841
6,6030609.0,,6300633.0,2020,12,15,3,3,5,3,1,0,0,0,0,0,0,792938.4195,5818918.669,13.31069197,52.44177683
3,3061228.0,,3601245.0,2020,12,14,6,3,5,2,0,1,0,0,0,0,0,800610.1021,5831414.561,13.43449771,52.54961858
1,1022206.0,,1200628.0,2020,12,17,4,3,6,4,1,0,1,0,0,0,1,795984.8706,5828354.936,13.36375952,52.52472488
1,1044202.0,,1401046.0,2020,12,9,5,3,5,2,0,1,0,0,0,0,0,794627.9474,5829879.046,13.3451677,52.53912239
2,2030401.0,,2300418.0,2020,12,15,4,3,2,7,0,1,0,0,0,1,1,801181.1811,5825164.658,13.43723549,52.49328429
6,6040806.0,,6400840.0,2020,12,15,5,3,0,1,1,0,0,0,0,0,0,788634.6553,5819426.065,13.24798932,52.44861461
6,6030503.0,,6300526.0,2020,12,8,7,3,5,2,0,1,0,0,0,0,2,789572.0141,5817322.544,13.25992107,52.42925998
3,3061228.0,,3601245.0,2020,12,8,2,3,3,6,1,1,0,0,0,0,1,800742.8633,5831270.759,13.43631955,52.54825638
1,1011305.0,,1100312.0,2020,12,9,6,3,0,1,0,0,0,0,0,0,0,799088.0996,5827106.051,13.40824181,52.51183702
1,1022206.0,,1200628.0,2020,12,8,2,3,5,3,0,1,0,0,0,0,1,795930.2484,5828131.792,13.3627582,52.52275425
7,7070706.0,,7601547.0,2020,12,17,3,2,5,2,2,0,0,0,1,0,0,800037.685,5813263.096,13.40975836,52.38723344
2,2050801.0,,2500830.0,2020,12,19,6,3,1,5,2,1,0,0,0,0,0,802266.0573,5827501.856,13.45528798,52.51363296
8,8010404.0,,8100415.0,2020,12,13,5,3,5,2,0,1,0,0,0,0,0,801232.6592,5823674.336,13.43664452,52.47989777
5,5010102.0,,5100102.0,2020,12,13,3,3,1,5,0,0,0,0,0,1,0,784871.4172,5832006.585,13.20353201,52.56338601
12,12304313.0,,12500825.0,2020,12,11,2,3,5,2,0,1,0,0,0,0,0,791492.8815,5834327.328,13.30298146,52.58068623
9,9010202.0,,9100203.0,2020,12,10,7,3,5,2,0,1,0,0,0,0,1,803786.9804,5823280.015,13.47378207,52.47494868
5,5010101.0,,5100104.0,2020,12,14,5,3,5,3,0,1,0,0,0,0,1,785202.1999,5831175.805,13.20768471,52.55576419
2,2050801.0,,2500830.0,2020,12,17,2,3,0,3,2,0,0,0,0,0,1,802395.0763,5827439.037,13.45712634,52.51299839
5,5040936.0,,5400943.0,2020,12,11,2,3,5,3,0,1,0,0,0,0,1,779934.8827,5821661.565,13.1221904,52.47318469
8,8010301.0,,8100311.0,2020,12,16,3,3,3,6,1,1,0,0,0,0,0,800644.2133,5824401.182,13.42866136,52.48673702
2,2010102.0,,2100102.0,2020,12,17,5,3,1,5,2,1,0,0,0,0,1,797930.9439,5826403.24,13.39061203,52.50617045
1,1044201.0,,1401045.0,2020,12,10,5,3,6,7,0,0,0,0,0,1,0,796599.2162,5831923.893,13.37597435,52.55638286
2,2040703.0,,2400625.0,2020,12,22,5,2,0,7,2,0,0,0,0,0,0,801750.2213,5826253.013,13.44657761,52.50272507
8,8010301.0,,8100312.0,2020,12,18,4,3,1,5,2,1,0,0,0,0,0,801418.2089,5823907.098,13.43957887,52.48188169
12,12301206.0,,12500929.0,2020,12,10,2,3,1,5,0,1,0,0,0,0,1,794312.7101,5838368.403,13.34806968,52.61539322
1,1011301.0,,1100308.0,2020,12,6,3,3,5,3,2,1,0,0,0,0,1,797630.1443,5828308.092,13.38789709,52.52340934
1,1011302.0,,1100309.0,2020,12,13,2,3,5,3,0,0,0,0,0,1,0,798484.3209,5828745.495,13.40084232,52.52686314
11,11040926.0,,11400929.0,2020,12,15,6,3,5,7,2,1,0,0,0,0,0,805176.6047,5827185.744,13.49775556,52.50917921
7,7050505.0,,7501134.0,2020,12,10,4,3,0,1,0,0,0,0,0,0,1,798294.8533,5818963.953,13.38930531,52.43928731
5,5010209.0,,5100211.0,2020,12,13,4,3,5,3,0,1,0,0,0,0,0,783232.6591,5830278.517,13.17794618,52.54874685
9,9010401.0,,9100407.0,2020,12,16,3,3,5,2,2,1,0,0,0,0,0,805506.0928,5821509.932,13.49739394,52.45812546
8,8010404.0,,8100417.0,2020,12,19,5,3,1,5,2,1,0,0,0,0,0,801702.4767,5822657.468,13.44262172,52.47052404
1,1011102.0,,1100102.0,2020,12,20,7,3,5,2,2,1,0,0,0,0,0,795194.321,5827245.996,13.35115678,52.51521269
7,7030303.0,,7300619.0,2020,12,12,2,3,5,2,0,0,0,0,0,1,1,795386.8151,5820977.945,13.34842997,52.45891993
5,5010101.0,,5100103.0,2020,12,16,5,3,5,3,1,1,0,0,0,0,0,785294.0743,5832415.933,13.21010244,52.56683483
2,2020205.0,,2200211.0,2020,12,15,5,2,1,5,1,1,0,0,0,0,0,798071.7617,5824552.629,13.39102453,52.48950507
2,2040703.0,,2400625.0,2020,12,12,6,2,3,6,0,0,0,0,0,1,1,801326.5598,5827374.63,13.44137022,52.51301243
3,3040818.0,,3400829.0,2020,12,14,5,3,2,6,0,1,0,0,0,0,0,799288.7309,5832571.483,13.41611142,52.56071612
4,4051448.0,,4501045.0,2020,12,14,3,3,5,2,1,1,0,0,0,0,0,793474.2492,5824849.149,13.32376889,52.49465429
2,2020203.0,,2200209.0,2020,12,10,4,3,0,1,0,0,0,0,0,0,1,796908.0912,5824306.218,13.37371683,52.48793037
11,11020515.0,,11200514.0,2020,12,12,1,3,5,2,0,0,0,0,0,1,0,803330.6599,5830082.101,13.47328143,52.53616808
9,9020701.0,,9200715.0,2020,12,15,2,3,5,2,1,1,0,0,0,0,0,809324.3752,5818521.814,13.55064593,52.42919872
12,12301204.0,,12500927.0,2020,12,10,5,3,5,3,0,0,0,0,0,1,0,792989.6972,5835646.741,13.32617565,52.59171011
4,4030724.0,,4300415.0,2020,12,17,5,3,0,7,2,1,0,0,0,0,0,790677.0462,5825976.313,13.28366715,52.50625629
1,1033201.0,,1300834.0,2020,12,12,5,3,5,2,0,1,0,0,0,0,0,797702.3072,5830685.507,13.39108701,52.54468047
7,7040405.0,,7400927.0,2020,12,12,5,2,5,2,0,0,0,0,1,0,0,798999.5141,5821688.881,13.4020804,52.46332805
1,1011303.0,,1100310.0,2020,12,14,6,3,1,5,0,1,0,0,0,0,0,799059.5819,5828477.148,13.40905535,52.52414255
3,3071633.0,,3701657.0,2020,12,14,3,3,0,1,0,0,0,0,0,0,0,800111.0026,5830642.181,13.42646116,52.54297072
7,7040403.0,,7400824.0,2020,12,8,5,3,1,5,0,1,0,0,0,0,0,797421.2151,5821376.037,13.3786387,52.46138508
5,5020627.0,,5200632.0,2020,12,9,7,3,0,7,0,0,0,0,0,0,2,785967.8654,5827981.213,13.21619771,52.52672072
1,1011203.0,,1100206.0,2020,12,17,3,3,5,2,2,1,0,0,0,0,0,797774.4993,5827360.366,13.38917016,52.51483533
1,1011204.0,,1100207.0,2020,12,17,4,2,5,3,1,1,0,0,0,0,0,798084.7542,5827089.182,13.39348577,52.51223504
3,3040818.0,,3400830.0,2020,12,11,4,3,1,5,0,1,0,0,0,0,1,799176.2641,5833211.959,13.41503479,52.56651876
7,7060604.0,,7601339.0,2020,12,12,5,3,5,3,0,1,0,0,0,0,0,795649.3546,5816052.469,13.3479264,52.4146242
6,6020303.0,,6200313.0,2020,12,13,1,3,5,2,0,0,0,0,0,1,0,795367.089,5818451.713,13.34590686,52.43628448
9,11051332.0,,11501341.0,2020,12,7,5,3,5,3,0,1,0,0,0,0,0,806095.7342,5823425.66,13.50780221,52.47496511
2,2010103.0,,2100104.0,2020,12,12,6,3,0,1,0,0,0,0,0,0,0,799382.328,5826176.774,13.41172873,52.50334603
8,8010303.0,,8100314.0,2020,12,15,7,3,2,7,0,1,0,0,0,1,0,800665.6235,5824349.31,13.42892893,52.48626028
4,4051655.0,,4501153.0,2020,12,18,4,3,5,2,2,1,0,0,0,0,0,793922.8437,5823115.454,13.32882866,52.47887113
1,1011401.0,,1100415.0,2020,12,17,5,3,1,5,2,1,0,0,0,0,1,798250.5221,5829362.096,13.3979594,52.53251808
10,10040933.0,,10400941.0,2020,12,7,4,3,5,3,0,1,0,0,0,0,0,813013.9905,5826282.433,13.61201393,52.49664457
9,9051702.0,,9501737.0,2020,12,13,7,3,0,1,0,0,0,0,0,0,1,814192.5001,5820825.924,13.62417814,52.44707216
1,1011303.0,,1100310.0,2020,12,13,5,3,5,2,0,1,0,0,0,0,0,799461.8408,5828801.812,13.41525913,52.52683188
7,7020202.0,,7200308.0,2020,12,22,5,3,5,3,2,1,0,0,0,0,0,794931.754,5823924.024,13.34435666,52.48557552
3,3010102.0,,3100102.0,2020,12,12,7,2,5,2,0,1,0,0,0,0,1,805482.5842,5840992.987,13.51496736,52.63275178
12,12224230.0,,12400619.0,2020,12,18,4,3,2,2,2,1,0,0,0,0,0,787085.5622,5837212.123,13.24061715,52.60889301
8,8010303.0,,8100314.0,2020,12,11,4,3,5,2,0,1,0,0,0,0,0,800362.0902,5824329.109,13.42445404,52.48624628
2,2030302.0,,2300315.0,2020,12,9,4,3,5,3,0,0,0,1,0,0,1,800427.2514,5825787.811,13.42672608,52.49928531
5,5020627.0,,5200632.0,2020,12,17,7,3,5,2,2,0,0,0,0,1,0,785661.2618,5828039.288,13.21174045,52.52740216
4,4051653.0,,4501152.0,2020,12,15,5,3,5,2,1,1,0,0,0,0,0,793975.216,5824716.009,13.33100928,52.49319115
7,7020201.0,,7200307.0,2020,12,15,6,3,5,3,1,1,0,0,0,0,0,794938.5393,5824465.559,13.34493555,52.49042637
1,1011102.0,,1100102.0,2020,12,17,4,3,5,2,2,1,0,0,0,0,0,796575.9464,5827796.889,13.37194872,52.51940137
2,2020202.0,,2200208.0,2020,12,19,4,3,0,2,2,1,0,0,0,0,0,797795.9821,5825296.093,13.38763937,52.49631987
1,1011204.0,,1100207.0,2020,12,19,5,3,5,2,2,1,0,0,0,0,0,798616.7825,5826998.242,13.40122065,52.51112889
9,9030903.0,,9300923.0,2020,12,18,3,3,0,3,2,1,0,0,0,0,0,808511.952,5815228.26,13.53569903,52.4001402
2,2040503.0,,2400522.0,2020,12,0,3,2,0,1,2,0,0,0,0,0,0,801461.3745,5828783.111,13.44462718,52.52556231
3,3061228.0,,3601245.0,2020,12,15,4,2,5,2,1,1,0,0,0,0,1,800615.0303,5831415.04,13.43457061,52.54962015
6,6020305.0,,6200315.0,2020,12,6,4,3,5,2,2,0,0,0,0,0,0,795500.4556,5817584.375,13.34709649,52.42843727
4,4020208.0,,4200206.0,2020,12,12,1,2,0,1,0,0,0,0,0,0,0,788917.1573,5826085.154,13.25790443,52.50816693
3,3040614.0,,3400723.0,2020,12,11,1,3,1,5,0,1,0,0,0,0,0,798809.4545,5833196.655,13.40962533,52.56658304
9,9031202.0,,9301228.0,2020,12,14,3,2,5,2,0,1,0,0,0,0,1,815996.6953,5813251.822,13.64348804,52.3781629
9,9020501.0,,9200510.0,2020,12,11,7,2,5,3,0,1,0,0,0,0,0,806764.1912,5823073.38,13.51728927,52.47143288
4,4041343.0,,4400834.0,2020,12,8,3,3,0,1,0,0,0,0,0,0,1,792744.4945,5823121.994,13.31153342,52.47956269
9,9020501.0,,9200510.0,2020,12,11,5,3,2,6,0,1,0,0,0,0,1,806453.6447,5822230.835,13.5119579,52.46405599
7,7020201.0,,7200307.0,2020,12,8,3,2,0,1,0,0,0,0,0,0,1,794643.761,5824206.043,13.34037706,52.48825915
2,2020206.0,,2200213.0,2020,12,18,2,3,2,3,2,1,0,0,0,0,1,799458.8188,5825113.187,13.41189601,52.49377058
4,4030725.0,,4300416.0,2020,12,9,4,3,1,5,0,1,0,0,0,0,0,791472.1311,5825768.337,13.2951664,52.50396761
8,8010301.0,,8100312.0,2020,12,17,2,3,2,7,2,1,0,0,0,0,1,800809.9786,5824318.934,13.43102102,52.4859085
9,9020501.0,,9200510.0,2020,12,14,4,3,5,3,0,1,0,0,0,0,0,806408.9744,5822969.563,13.51198076,52.47070179
6,6020306.0,,6200317.0,2020,12,8,3,3,0,1,0,0,0,0,0,0,2,795501.9004,5816531.304,13.34618746,52.41899631
4,4030519.0,,4300518.0,2020,12,16,4,3,5,3,2,1,0,0,0,0,1,792655.7978,5828265.291,13.3147516,52.5257184
11,11041128.0,,11401135.0,2020,12,9,3,2,0,1,0,0,0,0,0,0,2,805526.1532,5825987.617,13.50179065,52.49824545
12,12214424.0,,12200309.0,2020,12,17,4,3,0,7,2,0,0,0,0,0,1,793567.4892,5832349.22,13.33176068,52.56183841
2,2020203.0,,2200207.0,2020,12,17,4,3,1,5,2,1,0,0,0,0,1,797249.348,5824832.5,13.37919736,52.49246224
9,9052001.0,,9502042.0,2020,12,9,3,3,1,1,0,1,0,0,0,0,2,811638.7711,5822308.428,13.58810804,52.461819
6,6010101.0,,6100101.0,2020,12,8,3,3,0,1,0,0,0,0,0,0,2,793375.724,5820359.478,13.31837262,52.45445887
5,5010313.0,,5100315.0,2020,12,11,4,2,5,2,0,1,0,0,0,0,0,784285.3293,5830350.934,13.19349093,52.54884779
3,3040614.0,,3400724.0,2020,12,11,4,3,0,3,0,0,0,1,0,0,0,799629.7976,5834276.921,13.42266821,52.57581491
6,6010102.0,,6100102.0,2020,12,19,4,3,5,3,2,1,0,0,0,0,1,793425.588,5820368.851,13.31911257,52.45451613
9,9041601.0,,9401635.0,2020,12,10,2,3,3,6,0,1,0,0,0,0,1,816999.1231,5817100.618,13.66180627,52.41207166
3,3030711.0,,3300514.0,2020,12,8,3,3,5,2,0,1,0,0,0,0,1,801363.9553,5836890.258,13.45055834,52.5982806
1,1044201.0,,1401045.0,2020,12,9,4,3,3,6,0,0,0,0,0,0,0,796617.6077,5831922.593,13.37624367,52.55636119
4,4020311.0,,4200310.0,2020,12,14,3,3,5,2,0,1,0,0,0,0,0,789455.2251,5826669.203,13.26631828,52.51311784
1,1011305.0,,1100312.0,2020,12,16,4,3,5,3,2,1,0,0,0,0,1,798854.8129,5826652.628,13.40440734,52.50790059
10,10040830.0,,10400837.0,2020,12,13,2,3,0,1,0,0,0,0,0,0,0,810592.7372,5825381.067,13.57562252,52.48995017
1,1033203.0,,1300836.0,2020,12,11,4,2,5,3,0,1,0,0,0,0,1,796933.117,5830174.072,13.37932044,52.5405158
6,6030503.0,,6300527.0,2020,12,17,4,3,5,2,2,0,0,0,0,1,0,790367.8814,5818263.246,13.27241086,52.43727181
1,1011202.0,,1100206.0,2020,12,22,5,3,1,5,2,0,0,0,0,1,1,797834.2306,5827734.085,13.39038233,52.51815265
4,4030930.0,,4501041.0,2020,12,11,3,3,2,6,0,1,0,0,0,0,1,793305.2281,5825667.39,13.32200696,52.50208035
3,3030406.0,,3300413.0,2020,12,9,5,3,5,2,0,1,0,0,0,0,1,803228.7908,5838050.196,13.47906961,52.60763999
3,3051021.0,,3501038.0,2020,12,13,5,3,5,3,0,1,0,0,0,0,0,803555.86,5832303.912,13.47862205,52.55595603